Demo_Task,Fiscal_Period,Txn_ID,Entity,Posting_Date,Account_Code,P_L_Section,P_L_Line_Item,Category,Cost_Center,Cost_Center_Name,Vendor_or_Customer,Invoice_Number,PO_Number,Amount_AUD,Input_or_Calculated,Close_Readiness_Flag,Anomaly_Flag,Approval_Required,Source_File_Target
IBM BOB 1 - Group P&L,2026-06,TXN004209,PNG01,2026-06-22,4100,Other income / expense,Interest income,Non-Operating Revenue,ACT,Australian Capital Territory,Salesforce,BOB-PL-0001,PO-PL-9578,127291.16,Input,Ready,None,No,Raw_GL_Export_With_CostCenters_Mar2026_IBMBOB_Enhanced.csv
IBM BOB 1 - Group P&L,2026-06,TXN004210,FJI01,2026-06-29,5120,Other operating expenses,Office supplies,Facilities,VIC,Victoria Operations,Deloitte,BOB-PL-0002,PO-PL-9542,81860.13,Input,Pending review,None,Yes,Raw_GL_Export_With_CostCenters_Mar2026_IBMBOB_Enhanced.csv
IBM BOB 1 - Group P&L,2026-06,TXN004211,PNG01,2026-06-11,4000,Revenue,Product sales,Operating Revenue,NSW,New South Wales Operations,LinkedIn,BOB-PL-0003,PO-PL-6277,158316.45,Input,Pending review,None,No,Raw_GL_Export_With_CostCenters_Mar2026_IBMBOB_Enhanced.csv
IBM BOB 1 - Group P&L,2026-06,TXN004212,PNG01,2026-06-04,5100,Other operating expenses,Office rent,Facilities,TAS,Tasmania Operations,Officeworks,BOB-PL-0004,PO-PL-6867,76501.64,Input,Ready,High variance,No,Raw_GL_Export_With_CostCenters_Mar2026_IBMBOB_Enhanced.csv
IBM BOB 1 - Group P&L,2026-06,TXN004213,FJI01,2026-06-04,5000,General and administrative,Salaries and wages,Personnel,NSW,New South Wales Operations,Officeworks,BOB-PL-0005,PO-PL-5270,185387.51,Input,Pending review,None,No,Raw_GL_Export_With_CostCenters_Mar2026_IBMBOB_Enhanced.csv
IBM BOB 1 - Group P&L,2026-06,TXN004214,PNG01,2026-06-03,5920,Other income / expense,FX Loss,Finance,TAS,Tasmania Operations,Qantas Commercial,BOB-PL-0006,PO-PL-9921,192200.91,Input,Ready,None,No,Raw_GL_Export_With_CostCenters_Mar2026_IBMBOB_Enhanced.csv
IBM BOB 1 - Group P&L,2026-06,TXN004215,AUS01,2026-06-06,5110,Other operating expenses,Utilities,Facilities,MKT,Marketing & Sales,Microsoft,BOB-PL-0007,PO-PL-3452,98544.5,Input,Ready,None,No,Raw_GL_Export_With_CostCenters_Mar2026_IBMBOB_Enhanced.csv
IBM BOB 1 - Group P&L,2026-06,TXN004216,AUS01,2026-06-19,2210,Tax provision,Income tax payable,Current Liabilities,QLD,Queensland Operations,Energy Australia,BOB-PL-0008,PO-PL-4412,38167.78,Input,Pending review,None,Yes,Raw_GL_Export_With_CostCenters_Mar2026_IBMBOB_Enhanced.csv
IBM BOB 1 - Group P&L,2026-06,TXN004217,PNG01,2026-06-12,6030,Cost of revenue,Manufacturing overhead,COGS,WA,Western Australia Operations,AWS,BOB-PL-0009,PO-PL-4864,44975.69,Input,Ready,None,No,Raw_GL_Export_With_CostCenters_Mar2026_IBMBOB_Enhanced.csv
IBM BOB 1 - Group P&L,2026-06,TXN004218,AUS01,2026-06-07,4010,Revenue,Service revenue,Operating Revenue,OPS,Operations & Logistics,Officeworks,BOB-PL-0010,PO-PL-8283,383996.53,Input,Ready,None,No,Raw_GL_Export_With_CostCenters_Mar2026_IBMBOB_Enhanced.csv
IBM BOB 1 - Group P&L,2026-06,TXN004219,AUS01,2026-06-12,5000,General and administrative,Salaries and wages,Personnel,QLD,Queensland Operations,AWS,BOB-PL-0011,PO-PL-1257,124755.66,Input,Ready,None,No,Raw_GL_Export_With_CostCenters_Mar2026_IBMBOB_Enhanced.csv
IBM BOB 1 - Group P&L,2026-06,TXN004220,FJI01,2026-06-01,5200,Research and development,Software licenses,IT,MKT,Marketing & Sales,Salesforce,BOB-PL-0012,PO-PL-4049,46821.13,Input,Pending review,None,No,Raw_GL_Export_With_CostCenters_Mar2026_IBMBOB_Enhanced.csv
IBM BOB 1 - Group P&L,2026-06,TXN004221,FJI01,2026-06-21,5700,Research and development,Training,Development,FIN,Finance & Accounting,AWS,BOB-PL-0013,PO-PL-7358,74428.99,Input,Ready,None,No,Raw_GL_Export_With_CostCenters_Mar2026_IBMBOB_Enhanced.csv
IBM BOB 1 - Group P&L,2026-06,TXN004222,FJI01,2026-06-20,4020,Revenue,Subscription revenue,Operating Revenue,TAS,Tasmania Operations,LinkedIn,BOB-PL-0014,PO-PL-2381,167092.92,Input,Pending review,None,No,Raw_GL_Export_With_CostCenters_Mar2026_IBMBOB_Enhanced.csv
IBM BOB 1 - Group P&L,2026-06,TXN004223,PNG01,2026-06-01,5300,General and administrative,Professional services,External,VIC,Victoria Operations,Google Ads,BOB-PL-0015,PO-PL-3713,103197.09,Input,Pending review,None,No,Raw_GL_Export_With_CostCenters_Mar2026_IBMBOB_Enhanced.csv
IBM BOB 1 - Group P&L,2026-06,TXN004224,AUS01,2026-06-07,5300,General and administrative,Professional services,External,MKT,Marketing & Sales,Google Ads,BOB-PL-0016,PO-PL-5943,135478.99,Input,Ready,None,No,Raw_GL_Export_With_CostCenters_Mar2026_IBMBOB_Enhanced.csv
IBM BOB 1 - Group P&L,2026-06,TXN004225,AUS01,2026-06-23,5010,General and administrative,Employee benefits,Personnel,WA,Western Australia Operations,QBE Insurance,BOB-PL-0017,PO-PL-6185,76155.13,Input,Ready,None,Yes,Raw_GL_Export_With_CostCenters_Mar2026_IBMBOB_Enhanced.csv
IBM BOB 1 - Group P&L,2026-06,TXN004226,FJI01,2026-06-18,5510,Sales and marketing,Advertising,Sales,SA,South Australia Operations,AWS,BOB-PL-0018,PO-PL-1434,195454.51,Input,Ready,None,No,Raw_GL_Export_With_CostCenters_Mar2026_IBMBOB_Enhanced.csv
IBM BOB 1 - Group P&L,2026-06,TXN004227,NZL01,2026-06-28,5510,Sales and marketing,Advertising,Sales,ACT,Australian Capital Territory,Energy Australia,BOB-PL-0019,PO-PL-8767,41942.84,Input,Ready,High variance,No,Raw_GL_Export_With_CostCenters_Mar2026_IBMBOB_Enhanced.csv
IBM BOB 1 - Group P&L,2026-06,TXN004228,PNG01,2026-06-05,2210,Tax provision,Income tax payable,Current Liabilities,R&D,Research & Development,Snowflake,BOB-PL-0020,PO-PL-1532,138296.73,Input,Ready,None,No,Raw_GL_Export_With_CostCenters_Mar2026_IBMBOB_Enhanced.csv
IBM BOB 1 - Group P&L,2026-06,TXN004229,PNG01,2026-06-09,2210,Tax provision,Income tax payable,Current Liabilities,QLD,Queensland Operations,Google Ads,BOB-PL-0021,PO-PL-9675,182543.17,Input,Ready,None,No,Raw_GL_Export_With_CostCenters_Mar2026_IBMBOB_Enhanced.csv
IBM BOB 1 - Group P&L,2026-06,TXN004230,AUS01,2026-06-24,5100,Other operating expenses,Office rent,Facilities,CORP,Corporate Head Office,Snowflake,BOB-PL-0022,PO-PL-5123,47278.49,Input,Pending review,None,No,Raw_GL_Export_With_CostCenters_Mar2026_IBMBOB_Enhanced.csv
IBM BOB 1 - Group P&L,2026-06,TXN004231,NZL01,2026-06-07,6010,Cost of revenue,Direct materials,COGS,QLD,Queensland Operations,AWS,BOB-PL-0023,PO-PL-1348,82345.71,Input,Ready,None,No,Raw_GL_Export_With_CostCenters_Mar2026_IBMBOB_Enhanced.csv
IBM BOB 1 - Group P&L,2026-06,TXN004232,FJI01,2026-06-04,4020,Revenue,Subscription revenue,Operating Revenue,NSW,New South Wales Operations,Oracle,BOB-PL-0024,PO-PL-1069,324619.24,Input,Ready,None,No,Raw_GL_Export_With_CostCenters_Mar2026_IBMBOB_Enhanced.csv
IBM BOB 1 - Group P&L,2026-06,TXN004233,AUS01,2026-06-23,4020,Revenue,Subscription revenue,Operating Revenue,OPS,Operations & Logistics,Oracle,BOB-PL-0025,PO-PL-5776,326690.33,Input,Pending review,None,Yes,Raw_GL_Export_With_CostCenters_Mar2026_IBMBOB_Enhanced.csv
IBM BOB 1 - Group P&L,2026-06,TXN004234,PNG01,2026-06-18,5910,Other income / expense,Interest expense,Finance,WA,Western Australia Operations,LinkedIn,BOB-PL-0026,PO-PL-3327,43659.59,Input,Ready,None,Yes,Raw_GL_Export_With_CostCenters_Mar2026_IBMBOB_Enhanced.csv
IBM BOB 1 - Group P&L,2026-06,TXN004235,FJI01,2026-06-18,4020,Revenue,Subscription revenue,Operating Revenue,FIN,Finance & Accounting,Microsoft,BOB-PL-0027,PO-PL-7796,217749.63,Input,Ready,None,Yes,Raw_GL_Export_With_CostCenters_Mar2026_IBMBOB_Enhanced.csv
IBM BOB 1 - Group P&L,2026-06,TXN004236,PNG01,2026-06-11,5210,Research and development,Cloud services,IT,R&D,Research & Development,Salesforce,BOB-PL-0028,PO-PL-1556,29359.94,Input,Ready,High variance,No,Raw_GL_Export_With_CostCenters_Mar2026_IBMBOB_Enhanced.csv
IBM BOB 1 - Group P&L,2026-06,TXN004237,NZL01,2026-06-31,5510,Sales and marketing,Advertising,Sales,TAS,Tasmania Operations,Qantas Commercial,BOB-PL-0029,PO-PL-5641,54004.43,Input,Ready,None,No,Raw_GL_Export_With_CostCenters_Mar2026_IBMBOB_Enhanced.csv
IBM BOB 1 - Group P&L,2026-06,TXN004238,FJI01,2026-06-15,5500,Sales and marketing,Campaign spend,Sales,HR,Human Resources,Google Ads,BOB-PL-0030,PO-PL-2779,138518.71,Input,Pending review,None,Yes,Raw_GL_Export_With_CostCenters_Mar2026_IBMBOB_Enhanced.csv
IBM BOB 1 - Group P&L,2026-06,TXN004239,PNG01,2026-06-24,4020,Revenue,Subscription revenue,Operating Revenue,OPS,Operations & Logistics,Officeworks,BOB-PL-0031,PO-PL-4753,236516.92,Input,Ready,None,Yes,Raw_GL_Export_With_CostCenters_Mar2026_IBMBOB_Enhanced.csv
IBM BOB 1 - Group P&L,2026-06,TXN004240,AUS01,2026-06-03,5300,General and administrative,Professional services,External,CORP,Corporate Head Office,QBE Insurance,BOB-PL-0032,PO-PL-1904,18858.6,Input,Ready,None,No,Raw_GL_Export_With_CostCenters_Mar2026_IBMBOB_Enhanced.csv
IBM BOB 1 - Group P&L,2026-06,TXN004241,PNG01,2026-06-23,5010,General and administrative,Employee benefits,Personnel,WA,Western Australia Operations,Google Ads,BOB-PL-0033,PO-PL-3241,179403.9,Input,Ready,High variance,No,Raw_GL_Export_With_CostCenters_Mar2026_IBMBOB_Enhanced.csv
IBM BOB 1 - Group P&L,2026-06,TXN004242,NZL01,2026-06-13,5000,General and administrative,Salaries and wages,Personnel,FIN,Finance & Accounting,SAP Australia,BOB-PL-0034,PO-PL-1396,183984.15,Input,Pending review,None,No,Raw_GL_Export_With_CostCenters_Mar2026_IBMBOB_Enhanced.csv
IBM BOB 1 - Group P&L,2026-06,TXN004243,PNG01,2026-06-05,5510,Sales and marketing,Advertising,Sales,VIC,Victoria Operations,Salesforce,BOB-PL-0035,PO-PL-2559,93737.48,Input,Pending review,High variance,No,Raw_GL_Export_With_CostCenters_Mar2026_IBMBOB_Enhanced.csv
IBM BOB 1 - Group P&L,2026-06,TXN004244,PNG01,2026-06-02,2210,Tax provision,Income tax payable,Current Liabilities,CORP,Corporate Head Office,Energy Australia,BOB-PL-0036,PO-PL-7639,198789.25,Input,Pending review,None,Yes,Raw_GL_Export_With_CostCenters_Mar2026_IBMBOB_Enhanced.csv
IBM BOB 1 - Group P&L,2026-06,TXN004245,AUS01,2026-06-04,5000,General and administrative,Salaries and wages,Personnel,ACT,Australian Capital Territory,Microsoft,BOB-PL-0037,PO-PL-4043,45984.24,Input,Ready,None,Yes,Raw_GL_Export_With_CostCenters_Mar2026_IBMBOB_Enhanced.csv
IBM BOB 1 - Group P&L,2026-06,TXN004246,NZL01,2026-06-22,5300,General and administrative,Professional services,External,QLD,Queensland Operations,Oracle,BOB-PL-0038,PO-PL-8612,133437.38,Input,Ready,None,No,Raw_GL_Export_With_CostCenters_Mar2026_IBMBOB_Enhanced.csv
IBM BOB 1 - Group P&L,2026-06,TXN004247,PNG01,2026-06-24,6030,Cost of revenue,Manufacturing overhead,COGS,FIN,Finance & Accounting,Google Ads,BOB-PL-0039,PO-PL-1693,51201.85,Input,Ready,None,No,Raw_GL_Export_With_CostCenters_Mar2026_IBMBOB_Enhanced.csv
IBM BOB 1 - Group P&L,2026-06,TXN004248,FJI01,2026-06-31,4000,Revenue,Product sales,Operating Revenue,R&D,Research & Development,AWS,BOB-PL-0040,PO-PL-8589,456136.65,Input,Pending review,High variance,No,Raw_GL_Export_With_CostCenters_Mar2026_IBMBOB_Enhanced.csv
IBM BOB 1 - Group P&L,2026-06,TXN004249,AUS01,2026-06-08,5100,Other operating expenses,Office rent,Facilities,VIC,Victoria Operations,QBE Insurance,BOB-PL-0041,PO-PL-9944,27105.05,Input,Ready,None,Yes,Raw_GL_Export_With_CostCenters_Mar2026_IBMBOB_Enhanced.csv
IBM BOB 1 - Group P&L,2026-06,TXN004250,AUS01,2026-06-13,5320,General and administrative,Audit fees,External,QLD,Queensland Operations,Microsoft,BOB-PL-0042,PO-PL-6623,169551.94,Input,Ready,High variance,No,Raw_GL_Export_With_CostCenters_Mar2026_IBMBOB_Enhanced.csv
IBM BOB 1 - Group P&L,2026-06,TXN004251,NZL01,2026-06-05,6020,Cost of revenue,Direct labor,COGS,QLD,Queensland Operations,Officeworks,BOB-PL-0043,PO-PL-6919,36265.62,Input,Ready,None,No,Raw_GL_Export_With_CostCenters_Mar2026_IBMBOB_Enhanced.csv
IBM BOB 1 - Group P&L,2026-06,TXN004252,FJI01,2026-06-17,5500,Sales and marketing,Campaign spend,Sales,FIN,Finance & Accounting,Qantas Commercial,BOB-PL-0044,PO-PL-6419,190700.1,Input,Ready,None,No,Raw_GL_Export_With_CostCenters_Mar2026_IBMBOB_Enhanced.csv
IBM BOB 1 - Group P&L,2026-06,TXN004253,AUS01,2026-06-26,5200,Research and development,Software licenses,IT,SA,South Australia Operations,Google Ads,BOB-PL-0045,PO-PL-4272,53965.37,Input,Ready,None,Yes,Raw_GL_Export_With_CostCenters_Mar2026_IBMBOB_Enhanced.csv
IBM BOB 1 - Group P&L,2026-06,TXN004254,FJI01,2026-06-24,4100,Other income / expense,Interest income,Non-Operating Revenue,VIC,Victoria Operations,Qantas Commercial,BOB-PL-0046,PO-PL-9655,169552.89,Input,Pending review,None,Yes,Raw_GL_Export_With_CostCenters_Mar2026_IBMBOB_Enhanced.csv
IBM BOB 1 - Group P&L,2026-06,TXN004255,NZL01,2026-06-08,2210,Tax provision,Income tax payable,Current Liabilities,CORP,Corporate Head Office,QBE Insurance,BOB-PL-0047,PO-PL-6469,91648.28,Input,Ready,High variance,No,Raw_GL_Export_With_CostCenters_Mar2026_IBMBOB_Enhanced.csv
IBM BOB 1 - Group P&L,2026-06,TXN004256,PNG01,2026-06-05,5920,Other income / expense,FX Loss,Finance,WA,Western Australia Operations,Snowflake,BOB-PL-0048,PO-PL-9733,113230.69,Input,Pending review,High variance,No,Raw_GL_Export_With_CostCenters_Mar2026_IBMBOB_Enhanced.csv
IBM BOB 1 - Group P&L,2026-06,TXN004257,PNG01,2026-06-23,5520,Sales and marketing,Events,Sales,WA,Western Australia Operations,Salesforce,BOB-PL-0049,PO-PL-3085,67746.44,Input,Ready,None,No,Raw_GL_Export_With_CostCenters_Mar2026_IBMBOB_Enhanced.csv
IBM BOB 1 - Group P&L,2026-06,TXN004258,AUS01,2026-06-25,5510,Sales and marketing,Advertising,Sales,SA,South Australia Operations,Oracle,BOB-PL-0050,PO-PL-6272,67480.97,Input,Pending review,High variance,No,Raw_GL_Export_With_CostCenters_Mar2026_IBMBOB_Enhanced.csv
IBM BOB 1 - Group P&L,2026-06,TXN004259,NZL01,2026-06-17,5500,Sales and marketing,Campaign spend,Sales,NSW,New South Wales Operations,SAP Australia,BOB-PL-0051,PO-PL-5850,29174.13,Input,Ready,None,Yes,Raw_GL_Export_With_CostCenters_Mar2026_IBMBOB_Enhanced.csv
IBM BOB 1 - Group P&L,2026-06,TXN004260,AUS01,2026-06-30,6010,Cost of revenue,Direct materials,COGS,IT,Information Technology,Melbourne Airport,BOB-PL-0052,PO-PL-5292,132808.15,Input,Ready,None,No,Raw_GL_Export_With_CostCenters_Mar2026_IBMBOB_Enhanced.csv
IBM BOB 1 - Group P&L,2026-06,TXN004261,PNG01,2026-06-22,4100,Other income / expense,Interest income,Non-Operating Revenue,OPS,Operations & Logistics,Officeworks,BOB-PL-0053,PO-PL-7565,139807.71,Input,Pending review,None,No,Raw_GL_Export_With_CostCenters_Mar2026_IBMBOB_Enhanced.csv
IBM BOB 1 - Group P&L,2026-06,TXN004262,NZL01,2026-06-21,5210,Research and development,Cloud services,IT,QLD,Queensland Operations,IBM Australia,BOB-PL-0054,PO-PL-4860,3469.84,Input,Ready,High variance,No,Raw_GL_Export_With_CostCenters_Mar2026_IBMBOB_Enhanced.csv
IBM BOB 1 - Group P&L,2026-06,TXN004263,FJI01,2026-06-04,5320,General and administrative,Audit fees,External,FIN,Finance & Accounting,Melbourne Airport,BOB-PL-0055,PO-PL-3883,148979.25,Input,Pending review,None,No,Raw_GL_Export_With_CostCenters_Mar2026_IBMBOB_Enhanced.csv
IBM BOB 1 - Group P&L,2026-06,TXN004264,PNG01,2026-06-04,2210,Tax provision,Income tax payable,Current Liabilities,VIC,Victoria Operations,AWS,BOB-PL-0056,PO-PL-3504,130874.88,Input,Ready,None,No,Raw_GL_Export_With_CostCenters_Mar2026_IBMBOB_Enhanced.csv
IBM BOB 1 - Group P&L,2026-06,TXN004265,AUS01,2026-06-18,5200,Research and development,Software licenses,IT,HR,Human Resources,Snowflake,BOB-PL-0057,PO-PL-7028,39507.38,Input,Pending review,None,No,Raw_GL_Export_With_CostCenters_Mar2026_IBMBOB_Enhanced.csv
IBM BOB 1 - Group P&L,2026-06,TXN004266,PNG01,2026-06-28,5520,Sales and marketing,Events,Sales,R&D,Research & Development,Salesforce,BOB-PL-0058,PO-PL-7632,11934.97,Input,Ready,None,Yes,Raw_GL_Export_With_CostCenters_Mar2026_IBMBOB_Enhanced.csv
IBM BOB 1 - Group P&L,2026-06,TXN004267,NZL01,2026-06-02,5000,General and administrative,Salaries and wages,Personnel,OPS,Operations & Logistics,Officeworks,BOB-PL-0059,PO-PL-1122,130147.75,Input,Ready,High variance,No,Raw_GL_Export_With_CostCenters_Mar2026_IBMBOB_Enhanced.csv
IBM BOB 1 - Group P&L,2026-06,TXN004268,PNG01,2026-06-08,5510,Sales and marketing,Advertising,Sales,TAS,Tasmania Operations,SAP Australia,BOB-PL-0060,PO-PL-2249,130588.58,Input,Pending review,High variance,No,Raw_GL_Export_With_CostCenters_Mar2026_IBMBOB_Enhanced.csv
IBM BOB 1 - Group P&L,2026-06,TXN004269,PNG01,2026-06-23,6020,Cost of revenue,Direct labor,COGS,ACT,Australian Capital Territory,Snowflake,BOB-PL-0061,PO-PL-4122,23543.73,Input,Ready,None,No,Raw_GL_Export_With_CostCenters_Mar2026_IBMBOB_Enhanced.csv
IBM BOB 1 - Group P&L,2026-06,TXN004270,PNG01,2026-06-10,6000,Cost of revenue,Cost of goods sold,COGS,NSW,New South Wales Operations,Salesforce,BOB-PL-0062,PO-PL-9178,125423.18,Input,Ready,None,No,Raw_GL_Export_With_CostCenters_Mar2026_IBMBOB_Enhanced.csv
IBM BOB 1 - Group P&L,2026-06,TXN004271,PNG01,2026-06-15,2210,Tax provision,Income tax payable,Current Liabilities,SA,South Australia Operations,Energy Australia,BOB-PL-0063,PO-PL-3309,85683.76,Input,Ready,High variance,Yes,Raw_GL_Export_With_CostCenters_Mar2026_IBMBOB_Enhanced.csv
IBM BOB 1 - Group P&L,2026-06,TXN004272,FJI01,2026-06-26,5010,General and administrative,Employee benefits,Personnel,WA,Western Australia Operations,Energy Australia,BOB-PL-0064,PO-PL-9776,103010.31,Input,Ready,None,No,Raw_GL_Export_With_CostCenters_Mar2026_IBMBOB_Enhanced.csv
IBM BOB 1 - Group P&L,2026-06,TXN004273,AUS01,2026-06-05,5910,Other income / expense,Interest expense,Finance,FIN,Finance & Accounting,Google Ads,BOB-PL-0065,PO-PL-8137,173171.92,Input,Ready,None,Yes,Raw_GL_Export_With_CostCenters_Mar2026_IBMBOB_Enhanced.csv
IBM BOB 1 - Group P&L,2026-06,TXN004274,PNG01,2026-06-11,4010,Revenue,Service revenue,Operating Revenue,OPS,Operations & Logistics,Officeworks,BOB-PL-0066,PO-PL-6915,202848.76,Input,Ready,None,No,Raw_GL_Export_With_CostCenters_Mar2026_IBMBOB_Enhanced.csv
IBM BOB 1 - Group P&L,2026-06,TXN004275,PNG01,2026-06-12,6030,Cost of revenue,Manufacturing overhead,COGS,SA,South Australia Operations,Salesforce,BOB-PL-0067,PO-PL-6292,81716.5,Input,Ready,None,No,Raw_GL_Export_With_CostCenters_Mar2026_IBMBOB_Enhanced.csv
IBM BOB 1 - Group P&L,2026-06,TXN004276,NZL01,2026-06-09,6000,Cost of revenue,Cost of goods sold,COGS,OPS,Operations & Logistics,IBM Australia,BOB-PL-0068,PO-PL-5563,30549.36,Input,Pending review,None,No,Raw_GL_Export_With_CostCenters_Mar2026_IBMBOB_Enhanced.csv
IBM BOB 1 - Group P&L,2026-06,TXN004277,AUS01,2026-06-16,4020,Revenue,Subscription revenue,Operating Revenue,R&D,Research & Development,SAP Australia,BOB-PL-0069,PO-PL-9881,267436.68,Input,Ready,None,No,Raw_GL_Export_With_CostCenters_Mar2026_IBMBOB_Enhanced.csv
IBM BOB 1 - Group P&L,2026-06,TXN004278,NZL01,2026-06-19,5510,Sales and marketing,Advertising,Sales,ACT,Australian Capital Territory,QBE Insurance,BOB-PL-0070,PO-PL-7471,122291.18,Input,Ready,None,Yes,Raw_GL_Export_With_CostCenters_Mar2026_IBMBOB_Enhanced.csv
IBM BOB 1 - Group P&L,2026-06,TXN004279,NZL01,2026-06-24,2210,Tax provision,Income tax payable,Current Liabilities,QLD,Queensland Operations,Deloitte,BOB-PL-0071,PO-PL-8144,174603.55,Input,Ready,High variance,No,Raw_GL_Export_With_CostCenters_Mar2026_IBMBOB_Enhanced.csv
IBM BOB 1 - Group P&L,2026-06,TXN004280,AUS01,2026-06-07,4010,Revenue,Service revenue,Operating Revenue,HR,Human Resources,LinkedIn,BOB-PL-0072,PO-PL-2254,344920.3,Input,Pending review,None,No,Raw_GL_Export_With_CostCenters_Mar2026_IBMBOB_Enhanced.csv
IBM BOB 1 - Group P&L,2026-06,TXN004281,NZL01,2026-06-21,5120,Other operating expenses,Office supplies,Facilities,SA,South Australia Operations,IBM Australia,BOB-PL-0073,PO-PL-7225,92700.17,Input,Pending review,None,Yes,Raw_GL_Export_With_CostCenters_Mar2026_IBMBOB_Enhanced.csv
IBM BOB 1 - Group P&L,2026-06,TXN004282,AUS01,2026-06-08,6010,Cost of revenue,Direct materials,COGS,CORP,Corporate Head Office,Snowflake,BOB-PL-0074,PO-PL-3757,81778.14,Input,Ready,None,Yes,Raw_GL_Export_With_CostCenters_Mar2026_IBMBOB_Enhanced.csv
IBM BOB 1 - Group P&L,2026-06,TXN004283,FJI01,2026-06-06,5510,Sales and marketing,Advertising,Sales,VIC,Victoria Operations,Oracle,BOB-PL-0075,PO-PL-6741,123719.04,Input,Pending review,None,No,Raw_GL_Export_With_CostCenters_Mar2026_IBMBOB_Enhanced.csv
IBM BOB 1 - Group P&L,2026-06,TXN004284,FJI01,2026-06-16,5910,Other income / expense,Interest expense,Finance,IT,Information Technology,Google Ads,BOB-PL-0076,PO-PL-1174,167025.95,Input,Ready,None,Yes,Raw_GL_Export_With_CostCenters_Mar2026_IBMBOB_Enhanced.csv
IBM BOB 1 - Group P&L,2026-06,TXN004285,PNG01,2026-06-12,2210,Tax provision,Income tax payable,Current Liabilities,QLD,Queensland Operations,Deloitte,BOB-PL-0077,PO-PL-6969,114592.36,Input,Ready,None,No,Raw_GL_Export_With_CostCenters_Mar2026_IBMBOB_Enhanced.csv
IBM BOB 1 - Group P&L,2026-06,TXN004286,FJI01,2026-06-22,5010,General and administrative,Employee benefits,Personnel,HR,Human Resources,QBE Insurance,BOB-PL-0078,PO-PL-8056,26452.97,Input,Pending review,None,Yes,Raw_GL_Export_With_CostCenters_Mar2026_IBMBOB_Enhanced.csv
IBM BOB 1 - Group P&L,2026-06,TXN004287,NZL01,2026-06-11,5510,Sales and marketing,Advertising,Sales,R&D,Research & Development,Snowflake,BOB-PL-0079,PO-PL-2258,106609.53,Input,Ready,None,No,Raw_GL_Export_With_CostCenters_Mar2026_IBMBOB_Enhanced.csv
IBM BOB 1 - Group P&L,2026-06,TXN004288,FJI01,2026-06-30,5100,Other operating expenses,Office rent,Facilities,OPS,Operations & Logistics,Deloitte,BOB-PL-0080,PO-PL-2237,73072.22,Input,Ready,None,No,Raw_GL_Export_With_CostCenters_Mar2026_IBMBOB_Enhanced.csv
IBM BOB 1 - Group P&L,2026-06,TXN004289,FJI01,2026-06-08,2210,Tax provision,Income tax payable,Current Liabilities,HR,Human Resources,Salesforce,BOB-PL-0081,PO-PL-9532,150372.57,Input,Ready,None,Yes,Raw_GL_Export_With_CostCenters_Mar2026_IBMBOB_Enhanced.csv
IBM BOB 1 - Group P&L,2026-06,TXN004290,AUS01,2026-06-27,4000,Revenue,Product sales,Operating Revenue,WA,Western Australia Operations,LinkedIn,BOB-PL-0082,PO-PL-3218,497554.53,Input,Pending review,None,No,Raw_GL_Export_With_CostCenters_Mar2026_IBMBOB_Enhanced.csv
IBM BOB 1 - Group P&L,2026-06,TXN004291,NZL01,2026-06-24,2210,Tax provision,Income tax payable,Current Liabilities,CORP,Corporate Head Office,QBE Insurance,BOB-PL-0083,PO-PL-1420,137907.28,Input,Ready,None,Yes,Raw_GL_Export_With_CostCenters_Mar2026_IBMBOB_Enhanced.csv
IBM BOB 1 - Group P&L,2026-06,TXN004292,FJI01,2026-06-26,5920,Other income / expense,FX Loss,Finance,IT,Information Technology,Google Ads,BOB-PL-0084,PO-PL-5534,130157.61,Input,Ready,None,No,Raw_GL_Export_With_CostCenters_Mar2026_IBMBOB_Enhanced.csv
IBM BOB 1 - Group P&L,2026-06,TXN004293,NZL01,2026-06-01,2210,Tax provision,Income tax payable,Current Liabilities,TAS,Tasmania Operations,Salesforce,BOB-PL-0085,PO-PL-7087,82144.34,Input,Ready,None,No,Raw_GL_Export_With_CostCenters_Mar2026_IBMBOB_Enhanced.csv
IBM BOB 1 - Group P&L,2026-06,TXN004294,NZL01,2026-06-06,5500,Sales and marketing,Campaign spend,Sales,MKT,Marketing & Sales,QBE Insurance,BOB-PL-0086,PO-PL-6448,123824.45,Input,Ready,High variance,No,Raw_GL_Export_With_CostCenters_Mar2026_IBMBOB_Enhanced.csv
IBM BOB 1 - Group P&L,2026-06,TXN004295,NZL01,2026-06-30,5520,Sales and marketing,Events,Sales,NSW,New South Wales Operations,Google Ads,BOB-PL-0087,PO-PL-2465,21893.12,Input,Ready,None,Yes,Raw_GL_Export_With_CostCenters_Mar2026_IBMBOB_Enhanced.csv
IBM BOB 1 - Group P&L,2026-06,TXN004296,AUS01,2026-06-09,5700,Research and development,Training,Development,SA,South Australia Operations,Qantas Commercial,BOB-PL-0088,PO-PL-1841,158589.49,Input,Pending review,High variance,No,Raw_GL_Export_With_CostCenters_Mar2026_IBMBOB_Enhanced.csv
IBM BOB 1 - Group P&L,2026-06,TXN004297,AUS01,2026-06-16,5910,Other income / expense,Interest expense,Finance,HR,Human Resources,AWS,BOB-PL-0089,PO-PL-9940,183446.71,Input,Ready,High variance,No,Raw_GL_Export_With_CostCenters_Mar2026_IBMBOB_Enhanced.csv
IBM BOB 1 - Group P&L,2026-06,TXN004298,NZL01,2026-06-23,6000,Cost of revenue,Cost of goods sold,COGS,CORP,Corporate Head Office,QBE Insurance,BOB-PL-0090,PO-PL-5876,89694.41,Input,Pending review,High variance,No,Raw_GL_Export_With_CostCenters_Mar2026_IBMBOB_Enhanced.csv
IBM BOB 1 - Group P&L,2026-06,TXN004299,PNG01,2026-06-23,4000,Revenue,Product sales,Operating Revenue,TAS,Tasmania Operations,Snowflake,BOB-PL-0091,PO-PL-7149,480837.55,Input,Pending review,None,No,Raw_GL_Export_With_CostCenters_Mar2026_IBMBOB_Enhanced.csv
IBM BOB 1 - Group P&L,2026-06,TXN004300,NZL01,2026-06-11,5200,Research and development,Software licenses,IT,SA,South Australia Operations,Salesforce,BOB-PL-0092,PO-PL-4361,168138.56,Input,Ready,None,No,Raw_GL_Export_With_CostCenters_Mar2026_IBMBOB_Enhanced.csv
IBM BOB 1 - Group P&L,2026-06,TXN004301,PNG01,2026-06-11,5210,Research and development,Cloud services,IT,FIN,Finance & Accounting,SAP Australia,BOB-PL-0093,PO-PL-7812,44596.52,Input,Ready,None,No,Raw_GL_Export_With_CostCenters_Mar2026_IBMBOB_Enhanced.csv
IBM BOB 1 - Group P&L,2026-06,TXN004302,AUS01,2026-06-16,2210,Tax provision,Income tax payable,Current Liabilities,NSW,New South Wales Operations,QBE Insurance,BOB-PL-0094,PO-PL-7878,46266.03,Input,Ready,None,Yes,Raw_GL_Export_With_CostCenters_Mar2026_IBMBOB_Enhanced.csv
IBM BOB 1 - Group P&L,2026-06,TXN004303,NZL01,2026-06-25,5510,Sales and marketing,Advertising,Sales,CORP,Corporate Head Office,AWS,BOB-PL-0095,PO-PL-4516,116334.76,Input,Ready,None,No,Raw_GL_Export_With_CostCenters_Mar2026_IBMBOB_Enhanced.csv
IBM BOB 1 - Group P&L,2026-06,TXN004304,FJI01,2026-06-13,5120,Other operating expenses,Office supplies,Facilities,NSW,New South Wales Operations,Qantas Commercial,BOB-PL-0096,PO-PL-5300,101065.94,Input,Ready,None,No,Raw_GL_Export_With_CostCenters_Mar2026_IBMBOB_Enhanced.csv
IBM BOB 1 - Group P&L,2026-06,TXN004305,FJI01,2026-06-05,5210,Research and development,Cloud services,IT,R&D,Research & Development,QBE Insurance,BOB-PL-0097,PO-PL-6394,196301.76,Input,Ready,None,No,Raw_GL_Export_With_CostCenters_Mar2026_IBMBOB_Enhanced.csv
IBM BOB 1 - Group P&L,2026-06,TXN004306,AUS01,2026-06-31,5920,Other income / expense,FX Loss,Finance,WA,Western Australia Operations,Oracle,BOB-PL-0098,PO-PL-3663,48619.14,Input,Ready,None,No,Raw_GL_Export_With_CostCenters_Mar2026_IBMBOB_Enhanced.csv
IBM BOB 1 - Group P&L,2026-06,TXN004307,FJI01,2026-06-22,4010,Revenue,Service revenue,Operating Revenue,NSW,New South Wales Operations,AWS,BOB-PL-0099,PO-PL-6531,344396.3,Input,Ready,None,No,Raw_GL_Export_With_CostCenters_Mar2026_IBMBOB_Enhanced.csv
IBM BOB 1 - Group P&L,2026-06,TXN004308,FJI01,2026-06-16,5920,Other income / expense,FX Loss,Finance,OPS,Operations & Logistics,Salesforce,BOB-PL-0100,PO-PL-6331,97834.84,Input,Pending review,None,No,Raw_GL_Export_With_CostCenters_Mar2026_IBMBOB_Enhanced.csv
IBM BOB 1 - Group P&L,2026-06,TXN004309,NZL01,2026-06-11,6010,Cost of revenue,Direct materials,COGS,QLD,Queensland Operations,Energy Australia,BOB-PL-0101,PO-PL-4287,95027.19,Input,Ready,High variance,No,Raw_GL_Export_With_CostCenters_Mar2026_IBMBOB_Enhanced.csv
IBM BOB 1 - Group P&L,2026-06,TXN004310,NZL01,2026-06-15,5510,Sales and marketing,Advertising,Sales,VIC,Victoria Operations,Salesforce,BOB-PL-0102,PO-PL-9785,111800.7,Input,Ready,None,No,Raw_GL_Export_With_CostCenters_Mar2026_IBMBOB_Enhanced.csv
IBM BOB 1 - Group P&L,2026-06,TXN004311,FJI01,2026-06-03,5010,General and administrative,Employee benefits,Personnel,MKT,Marketing & Sales,AWS,BOB-PL-0103,PO-PL-1264,181019.65,Input,Pending review,High variance,No,Raw_GL_Export_With_CostCenters_Mar2026_IBMBOB_Enhanced.csv
IBM BOB 1 - Group P&L,2026-06,TXN004312,NZL01,2026-06-04,6000,Cost of revenue,Cost of goods sold,COGS,NSW,New South Wales Operations,Energy Australia,BOB-PL-0104,PO-PL-3246,146488.79,Input,Ready,None,No,Raw_GL_Export_With_CostCenters_Mar2026_IBMBOB_Enhanced.csv
IBM BOB 1 - Group P&L,2026-06,TXN004313,AUS01,2026-06-31,5000,General and administrative,Salaries and wages,Personnel,VIC,Victoria Operations,QBE Insurance,BOB-PL-0105,PO-PL-8117,52518.3,Input,Ready,None,No,Raw_GL_Export_With_CostCenters_Mar2026_IBMBOB_Enhanced.csv
IBM BOB 1 - Group P&L,2026-06,TXN004314,NZL01,2026-06-27,6030,Cost of revenue,Manufacturing overhead,COGS,R&D,Research & Development,Qantas Commercial,BOB-PL-0106,PO-PL-6218,62676.67,Input,Ready,None,No,Raw_GL_Export_With_CostCenters_Mar2026_IBMBOB_Enhanced.csv
IBM BOB 1 - Group P&L,2026-06,TXN004315,PNG01,2026-06-24,5010,General and administrative,Employee benefits,Personnel,R&D,Research & Development,Energy Australia,BOB-PL-0107,PO-PL-7310,112006.62,Input,Ready,High variance,Yes,Raw_GL_Export_With_CostCenters_Mar2026_IBMBOB_Enhanced.csv
IBM BOB 1 - Group P&L,2026-06,TXN004316,FJI01,2026-06-21,5000,General and administrative,Salaries and wages,Personnel,ACT,Australian Capital Territory,Qantas Commercial,BOB-PL-0108,PO-PL-1359,72231.39,Input,Ready,None,No,Raw_GL_Export_With_CostCenters_Mar2026_IBMBOB_Enhanced.csv
IBM BOB 1 - Group P&L,2026-06,TXN004317,FJI01,2026-06-15,5110,Other operating expenses,Utilities,Facilities,TAS,Tasmania Operations,Snowflake,BOB-PL-0109,PO-PL-3225,139162.85,Input,Pending review,None,No,Raw_GL_Export_With_CostCenters_Mar2026_IBMBOB_Enhanced.csv
IBM BOB 1 - Group P&L,2026-06,TXN004318,AUS01,2026-06-19,5110,Other operating expenses,Utilities,Facilities,SA,South Australia Operations,Melbourne Airport,BOB-PL-0110,PO-PL-1059,146678.41,Input,Ready,None,No,Raw_GL_Export_With_CostCenters_Mar2026_IBMBOB_Enhanced.csv
IBM BOB 1 - Group P&L,2026-06,TXN004319,AUS01,2026-06-24,5000,General and administrative,Salaries and wages,Personnel,HR,Human Resources,LinkedIn,BOB-PL-0111,PO-PL-9985,89958.12,Input,Ready,High variance,No,Raw_GL_Export_With_CostCenters_Mar2026_IBMBOB_Enhanced.csv
IBM BOB 1 - Group P&L,2026-06,TXN004320,PNG01,2026-06-25,5920,Other income / expense,FX Loss,Finance,ACT,Australian Capital Territory,LinkedIn,BOB-PL-0112,PO-PL-5451,6538.08,Input,Ready,None,No,Raw_GL_Export_With_CostCenters_Mar2026_IBMBOB_Enhanced.csv
IBM BOB 1 - Group P&L,2026-06,TXN004321,AUS01,2026-06-28,5200,Research and development,Software licenses,IT,FIN,Finance & Accounting,SAP Australia,BOB-PL-0113,PO-PL-1471,138045.95,Input,Ready,None,No,Raw_GL_Export_With_CostCenters_Mar2026_IBMBOB_Enhanced.csv
IBM BOB 1 - Group P&L,2026-06,TXN004322,PNG01,2026-06-16,2210,Tax provision,Income tax payable,Current Liabilities,HR,Human Resources,AWS,BOB-PL-0114,PO-PL-4492,120578.56,Input,Ready,None,Yes,Raw_GL_Export_With_CostCenters_Mar2026_IBMBOB_Enhanced.csv
IBM BOB 1 - Group P&L,2026-06,TXN004323,PNG01,2026-06-14,4000,Revenue,Product sales,Operating Revenue,MKT,Marketing & Sales,IBM Australia,BOB-PL-0115,PO-PL-5694,81977.96,Input,Ready,None,No,Raw_GL_Export_With_CostCenters_Mar2026_IBMBOB_Enhanced.csv
IBM BOB 1 - Group P&L,2026-06,TXN004324,AUS01,2026-06-20,4100,Other income / expense,Interest income,Non-Operating Revenue,SA,South Australia Operations,Snowflake,BOB-PL-0116,PO-PL-4208,81700.04,Input,Ready,None,No,Raw_GL_Export_With_CostCenters_Mar2026_IBMBOB_Enhanced.csv
IBM BOB 1 - Group P&L,2026-06,TXN004325,PNG01,2026-06-16,4000,Revenue,Product sales,Operating Revenue,FIN,Finance & Accounting,Salesforce,BOB-PL-0117,PO-PL-9385,270998.72,Input,Pending review,None,No,Raw_GL_Export_With_CostCenters_Mar2026_IBMBOB_Enhanced.csv
IBM BOB 1 - Group P&L,2026-06,TXN004326,PNG01,2026-06-08,4020,Revenue,Subscription revenue,Operating Revenue,NSW,New South Wales Operations,Officeworks,BOB-PL-0118,PO-PL-9483,480375.7,Input,Pending review,None,Yes,Raw_GL_Export_With_CostCenters_Mar2026_IBMBOB_Enhanced.csv
IBM BOB 1 - Group P&L,2026-06,TXN004327,FJI01,2026-06-22,5200,Research and development,Software licenses,IT,VIC,Victoria Operations,IBM Australia,BOB-PL-0119,PO-PL-1583,25874.73,Input,Ready,None,No,Raw_GL_Export_With_CostCenters_Mar2026_IBMBOB_Enhanced.csv
IBM BOB 1 - Group P&L,2026-06,TXN004328,PNG01,2026-06-21,5510,Sales and marketing,Advertising,Sales,OPS,Operations & Logistics,AWS,BOB-PL-0120,PO-PL-3256,117425.75,Input,Ready,High variance,No,Raw_GL_Export_With_CostCenters_Mar2026_IBMBOB_Enhanced.csv
IBM BOB 1 - Group P&L,2026-06,TXN004329,FJI01,2026-06-10,5500,Sales and marketing,Campaign spend,Sales,SA,South Australia Operations,Qantas Commercial,BOB-PL-0121,PO-PL-8834,199317.34,Input,Pending review,None,No,Raw_GL_Export_With_CostCenters_Mar2026_IBMBOB_Enhanced.csv
IBM BOB 1 - Group P&L,2026-06,TXN004330,NZL01,2026-06-15,5110,Other operating expenses,Utilities,Facilities,CORP,Corporate Head Office,Oracle,BOB-PL-0122,PO-PL-9173,25662.48,Input,Ready,None,No,Raw_GL_Export_With_CostCenters_Mar2026_IBMBOB_Enhanced.csv
IBM BOB 1 - Group P&L,2026-06,TXN004331,FJI01,2026-06-23,6000,Cost of revenue,Cost of goods sold,COGS,FIN,Finance & Accounting,LinkedIn,BOB-PL-0123,PO-PL-8126,37022.18,Input,Pending review,None,No,Raw_GL_Export_With_CostCenters_Mar2026_IBMBOB_Enhanced.csv
IBM BOB 1 - Group P&L,2026-06,TXN004332,PNG01,2026-06-01,6000,Cost of revenue,Cost of goods sold,COGS,QLD,Queensland Operations,Qantas Commercial,BOB-PL-0124,PO-PL-3185,83578.38,Input,Ready,None,No,Raw_GL_Export_With_CostCenters_Mar2026_IBMBOB_Enhanced.csv
IBM BOB 1 - Group P&L,2026-06,TXN004333,FJI01,2026-06-27,2210,Tax provision,Income tax payable,Current Liabilities,TAS,Tasmania Operations,Melbourne Airport,BOB-PL-0125,PO-PL-3811,75216.12,Input,Ready,None,No,Raw_GL_Export_With_CostCenters_Mar2026_IBMBOB_Enhanced.csv
IBM BOB 1 - Group P&L,2026-06,TXN004334,FJI01,2026-06-18,2210,Tax provision,Income tax payable,Current Liabilities,WA,Western Australia Operations,Melbourne Airport,BOB-PL-0126,PO-PL-3948,149112.99,Input,Pending review,None,Yes,Raw_GL_Export_With_CostCenters_Mar2026_IBMBOB_Enhanced.csv
IBM BOB 1 - Group P&L,2026-06,TXN004335,PNG01,2026-06-14,2210,Tax provision,Income tax payable,Current Liabilities,SA,South Australia Operations,Snowflake,BOB-PL-0127,PO-PL-1303,108023.07,Input,Ready,None,No,Raw_GL_Export_With_CostCenters_Mar2026_IBMBOB_Enhanced.csv
IBM BOB 1 - Group P&L,2026-06,TXN004336,PNG01,2026-06-14,5510,Sales and marketing,Advertising,Sales,WA,Western Australia Operations,Google Ads,BOB-PL-0128,PO-PL-2955,41113.52,Input,Ready,None,No,Raw_GL_Export_With_CostCenters_Mar2026_IBMBOB_Enhanced.csv
IBM BOB 1 - Group P&L,2026-06,TXN004337,PNG01,2026-06-05,5210,Research and development,Cloud services,IT,FIN,Finance & Accounting,IBM Australia,BOB-PL-0129,PO-PL-2962,107543.3,Input,Ready,None,No,Raw_GL_Export_With_CostCenters_Mar2026_IBMBOB_Enhanced.csv
IBM BOB 1 - Group P&L,2026-06,TXN004338,NZL01,2026-06-06,5300,General and administrative,Professional services,External,WA,Western Australia Operations,LinkedIn,BOB-PL-0130,PO-PL-4550,77439.7,Input,Ready,High variance,No,Raw_GL_Export_With_CostCenters_Mar2026_IBMBOB_Enhanced.csv
IBM BOB 1 - Group P&L,2026-06,TXN004339,FJI01,2026-06-15,6030,Cost of revenue,Manufacturing overhead,COGS,WA,Western Australia Operations,SAP Australia,BOB-PL-0131,PO-PL-7885,94766.74,Input,Ready,None,No,Raw_GL_Export_With_CostCenters_Mar2026_IBMBOB_Enhanced.csv
IBM BOB 1 - Group P&L,2026-06,TXN004340,NZL01,2026-06-20,5000,General and administrative,Salaries and wages,Personnel,HR,Human Resources,SAP Australia,BOB-PL-0132,PO-PL-6287,96490.46,Input,Ready,None,No,Raw_GL_Export_With_CostCenters_Mar2026_IBMBOB_Enhanced.csv
IBM BOB 1 - Group P&L,2026-06,TXN004341,AUS01,2026-06-02,2210,Tax provision,Income tax payable,Current Liabilities,NT,Northern Territory Operations,QBE Insurance,BOB-PL-0133,PO-PL-6380,70201.23,Input,Ready,None,No,Raw_GL_Export_With_CostCenters_Mar2026_IBMBOB_Enhanced.csv
IBM BOB 1 - Group P&L,2026-06,TXN004342,FJI01,2026-06-24,5010,General and administrative,Employee benefits,Personnel,IT,Information Technology,Google Ads,BOB-PL-0134,PO-PL-9186,169344.15,Input,Pending review,None,No,Raw_GL_Export_With_CostCenters_Mar2026_IBMBOB_Enhanced.csv
IBM BOB 1 - Group P&L,2026-06,TXN004343,AUS01,2026-06-03,5120,Other operating expenses,Office supplies,Facilities,SA,South Australia Operations,Oracle,BOB-PL-0135,PO-PL-7604,33061.15,Input,Ready,High variance,Yes,Raw_GL_Export_With_CostCenters_Mar2026_IBMBOB_Enhanced.csv
IBM BOB 1 - Group P&L,2026-06,TXN004344,NZL01,2026-06-13,5210,Research and development,Cloud services,IT,IT,Information Technology,Snowflake,BOB-PL-0136,PO-PL-3777,25570.03,Input,Ready,None,No,Raw_GL_Export_With_CostCenters_Mar2026_IBMBOB_Enhanced.csv
IBM BOB 1 - Group P&L,2026-06,TXN004345,PNG01,2026-06-15,2210,Tax provision,Income tax payable,Current Liabilities,FIN,Finance & Accounting,Oracle,BOB-PL-0137,PO-PL-3516,65019.44,Input,Ready,None,No,Raw_GL_Export_With_CostCenters_Mar2026_IBMBOB_Enhanced.csv
IBM BOB 1 - Group P&L,2026-06,TXN004346,PNG01,2026-06-12,5100,Other operating expenses,Office rent,Facilities,TAS,Tasmania Operations,SAP Australia,BOB-PL-0138,PO-PL-3744,163714.79,Input,Ready,None,No,Raw_GL_Export_With_CostCenters_Mar2026_IBMBOB_Enhanced.csv
IBM BOB 1 - Group P&L,2026-06,TXN004347,AUS01,2026-06-08,5010,General and administrative,Employee benefits,Personnel,MKT,Marketing & Sales,Deloitte,BOB-PL-0139,PO-PL-7199,189846.42,Input,Ready,None,No,Raw_GL_Export_With_CostCenters_Mar2026_IBMBOB_Enhanced.csv
IBM BOB 1 - Group P&L,2026-06,TXN004348,PNG01,2026-06-08,4020,Revenue,Subscription revenue,Operating Revenue,WA,Western Australia Operations,Qantas Commercial,BOB-PL-0140,PO-PL-5894,298628.81,Input,Pending review,None,No,Raw_GL_Export_With_CostCenters_Mar2026_IBMBOB_Enhanced.csv
IBM BOB 1 - Group P&L,2026-06,TXN004349,NZL01,2026-06-07,5500,Sales and marketing,Campaign spend,Sales,OPS,Operations & Logistics,Deloitte,BOB-PL-0141,PO-PL-3282,181058.35,Input,Pending review,None,No,Raw_GL_Export_With_CostCenters_Mar2026_IBMBOB_Enhanced.csv
IBM BOB 1 - Group P&L,2026-06,TXN004350,FJI01,2026-06-24,6030,Cost of revenue,Manufacturing overhead,COGS,OPS,Operations & Logistics,Microsoft,BOB-PL-0142,PO-PL-4230,104027.06,Input,Ready,High variance,No,Raw_GL_Export_With_CostCenters_Mar2026_IBMBOB_Enhanced.csv
IBM BOB 1 - Group P&L,2026-06,TXN004351,AUS01,2026-06-16,5500,Sales and marketing,Campaign spend,Sales,SA,South Australia Operations,Energy Australia,BOB-PL-0143,PO-PL-6967,38445.9,Input,Ready,None,No,Raw_GL_Export_With_CostCenters_Mar2026_IBMBOB_Enhanced.csv
IBM BOB 1 - Group P&L,2026-06,TXN004352,NZL01,2026-06-29,5000,General and administrative,Salaries and wages,Personnel,ACT,Australian Capital Territory,Salesforce,BOB-PL-0144,PO-PL-3922,115867.35,Input,Ready,None,No,Raw_GL_Export_With_CostCenters_Mar2026_IBMBOB_Enhanced.csv
IBM BOB 1 - Group P&L,2026-06,TXN004353,PNG01,2026-06-05,2210,Tax provision,Income tax payable,Current Liabilities,NT,Northern Territory Operations,SAP Australia,BOB-PL-0145,PO-PL-1271,23074.13,Input,Ready,None,No,Raw_GL_Export_With_CostCenters_Mar2026_IBMBOB_Enhanced.csv
IBM BOB 1 - Group P&L,2026-06,TXN004354,NZL01,2026-06-31,4100,Other income / expense,Interest income,Non-Operating Revenue,R&D,Research & Development,LinkedIn,BOB-PL-0146,PO-PL-1052,346553.58,Input,Pending review,None,No,Raw_GL_Export_With_CostCenters_Mar2026_IBMBOB_Enhanced.csv
IBM BOB 1 - Group P&L,2026-06,TXN004355,PNG01,2026-06-15,6030,Cost of revenue,Manufacturing overhead,COGS,NSW,New South Wales Operations,Microsoft,BOB-PL-0147,PO-PL-9613,69021.27,Input,Ready,None,No,Raw_GL_Export_With_CostCenters_Mar2026_IBMBOB_Enhanced.csv
IBM BOB 1 - Group P&L,2026-06,TXN004356,AUS01,2026-06-15,5100,Other operating expenses,Office rent,Facilities,NSW,New South Wales Operations,SAP Australia,BOB-PL-0148,PO-PL-3611,49467.61,Input,Ready,None,No,Raw_GL_Export_With_CostCenters_Mar2026_IBMBOB_Enhanced.csv
IBM BOB 1 - Group P&L,2026-06,TXN004357,PNG01,2026-06-22,4010,Revenue,Service revenue,Operating Revenue,TAS,Tasmania Operations,Officeworks,BOB-PL-0149,PO-PL-3623,117746.91,Input,Pending review,None,No,Raw_GL_Export_With_CostCenters_Mar2026_IBMBOB_Enhanced.csv
IBM BOB 1 - Group P&L,2026-06,TXN004358,FJI01,2026-06-30,2210,Tax provision,Income tax payable,Current Liabilities,FIN,Finance & Accounting,Melbourne Airport,BOB-PL-0150,PO-PL-4492,163610.93,Input,Pending review,High variance,Yes,Raw_GL_Export_With_CostCenters_Mar2026_IBMBOB_Enhanced.csv
IBM BOB 1 - Group P&L,2026-06,TXN004359,FJI01,2026-06-28,5920,Other income / expense,FX Loss,Finance,CORP,Corporate Head Office,Melbourne Airport,BOB-PL-0151,PO-PL-8102,30094.17,Input,Ready,None,No,Raw_GL_Export_With_CostCenters_Mar2026_IBMBOB_Enhanced.csv
IBM BOB 1 - Group P&L,2026-06,TXN004360,PNG01,2026-06-26,5210,Research and development,Cloud services,IT,SA,South Australia Operations,Microsoft,BOB-PL-0152,PO-PL-7638,153522.15,Input,Ready,None,No,Raw_GL_Export_With_CostCenters_Mar2026_IBMBOB_Enhanced.csv
IBM BOB 1 - Group P&L,2026-06,TXN004361,PNG01,2026-06-25,6030,Cost of revenue,Manufacturing overhead,COGS,ACT,Australian Capital Territory,QBE Insurance,BOB-PL-0153,PO-PL-6639,83362.15,Input,Pending review,High variance,No,Raw_GL_Export_With_CostCenters_Mar2026_IBMBOB_Enhanced.csv
IBM BOB 1 - Group P&L,2026-06,TXN004362,AUS01,2026-06-05,6010,Cost of revenue,Direct materials,COGS,QLD,Queensland Operations,Energy Australia,BOB-PL-0154,PO-PL-1343,119913.2,Input,Ready,High variance,Yes,Raw_GL_Export_With_CostCenters_Mar2026_IBMBOB_Enhanced.csv
IBM BOB 1 - Group P&L,2026-06,TXN004363,PNG01,2026-06-12,5300,General and administrative,Professional services,External,R&D,Research & Development,Qantas Commercial,BOB-PL-0155,PO-PL-6101,146958.88,Input,Ready,High variance,No,Raw_GL_Export_With_CostCenters_Mar2026_IBMBOB_Enhanced.csv
IBM BOB 1 - Group P&L,2026-06,TXN004364,NZL01,2026-06-14,2210,Tax provision,Income tax payable,Current Liabilities,QLD,Queensland Operations,Energy Australia,BOB-PL-0156,PO-PL-1161,150586.24,Input,Ready,None,No,Raw_GL_Export_With_CostCenters_Mar2026_IBMBOB_Enhanced.csv
IBM BOB 1 - Group P&L,2026-06,TXN004365,FJI01,2026-06-21,5910,Other income / expense,Interest expense,Finance,ACT,Australian Capital Territory,SAP Australia,BOB-PL-0157,PO-PL-4041,119199.64,Input,Ready,None,No,Raw_GL_Export_With_CostCenters_Mar2026_IBMBOB_Enhanced.csv
IBM BOB 1 - Group P&L,2026-06,TXN004366,FJI01,2026-06-01,5520,Sales and marketing,Events,Sales,NT,Northern Territory Operations,Energy Australia,BOB-PL-0158,PO-PL-1658,119312.54,Input,Pending review,None,No,Raw_GL_Export_With_CostCenters_Mar2026_IBMBOB_Enhanced.csv
IBM BOB 1 - Group P&L,2026-06,TXN004367,NZL01,2026-06-09,5510,Sales and marketing,Advertising,Sales,OPS,Operations & Logistics,Google Ads,BOB-PL-0159,PO-PL-3875,179420.15,Input,Ready,High variance,No,Raw_GL_Export_With_CostCenters_Mar2026_IBMBOB_Enhanced.csv
IBM BOB 1 - Group P&L,2026-06,TXN004368,FJI01,2026-06-27,2210,Tax provision,Income tax payable,Current Liabilities,VIC,Victoria Operations,Microsoft,BOB-PL-0160,PO-PL-9371,183417.11,Input,Ready,None,No,Raw_GL_Export_With_CostCenters_Mar2026_IBMBOB_Enhanced.csv
IBM BOB 1 - Group P&L,2026-06,TXN004369,FJI01,2026-06-29,5110,Other operating expenses,Utilities,Facilities,NSW,New South Wales Operations,Google Ads,BOB-PL-0161,PO-PL-9898,128585.07,Input,Ready,High variance,No,Raw_GL_Export_With_CostCenters_Mar2026_IBMBOB_Enhanced.csv
IBM BOB 1 - Group P&L,2026-06,TXN004370,NZL01,2026-06-14,2210,Tax provision,Income tax payable,Current Liabilities,NSW,New South Wales Operations,LinkedIn,BOB-PL-0162,PO-PL-7963,72434.96,Input,Ready,None,No,Raw_GL_Export_With_CostCenters_Mar2026_IBMBOB_Enhanced.csv
IBM BOB 1 - Group P&L,2026-06,TXN004371,AUS01,2026-06-30,2210,Tax provision,Income tax payable,Current Liabilities,ACT,Australian Capital Territory,Oracle,BOB-PL-0163,PO-PL-4829,48476.59,Input,Ready,None,Yes,Raw_GL_Export_With_CostCenters_Mar2026_IBMBOB_Enhanced.csv
IBM BOB 1 - Group P&L,2026-06,TXN004372,PNG01,2026-06-19,5000,General and administrative,Salaries and wages,Personnel,SA,South Australia Operations,SAP Australia,BOB-PL-0164,PO-PL-6448,198796.2,Input,Ready,None,No,Raw_GL_Export_With_CostCenters_Mar2026_IBMBOB_Enhanced.csv
IBM BOB 1 - Group P&L,2026-06,TXN004373,PNG01,2026-06-31,5520,Sales and marketing,Events,Sales,NT,Northern Territory Operations,Officeworks,BOB-PL-0165,PO-PL-8970,161495.2,Input,Pending review,None,Yes,Raw_GL_Export_With_CostCenters_Mar2026_IBMBOB_Enhanced.csv
IBM BOB 1 - Group P&L,2026-06,TXN004374,FJI01,2026-06-03,5300,General and administrative,Professional services,External,SA,South Australia Operations,Qantas Commercial,BOB-PL-0166,PO-PL-6637,107789.39,Input,Ready,None,No,Raw_GL_Export_With_CostCenters_Mar2026_IBMBOB_Enhanced.csv
IBM BOB 1 - Group P&L,2026-06,TXN004375,FJI01,2026-06-29,5320,General and administrative,Audit fees,External,R&D,Research & Development,Energy Australia,BOB-PL-0167,PO-PL-6803,22256.18,Input,Ready,None,No,Raw_GL_Export_With_CostCenters_Mar2026_IBMBOB_Enhanced.csv
IBM BOB 1 - Group P&L,2026-06,TXN004376,AUS01,2026-06-23,6020,Cost of revenue,Direct labor,COGS,NSW,New South Wales Operations,Deloitte,BOB-PL-0168,PO-PL-3036,45333.1,Input,Ready,High variance,No,Raw_GL_Export_With_CostCenters_Mar2026_IBMBOB_Enhanced.csv
IBM BOB 1 - Group P&L,2026-06,TXN004377,FJI01,2026-06-29,5110,Other operating expenses,Utilities,Facilities,R&D,Research & Development,Google Ads,BOB-PL-0169,PO-PL-8179,69536.61,Input,Ready,High variance,No,Raw_GL_Export_With_CostCenters_Mar2026_IBMBOB_Enhanced.csv
IBM BOB 1 - Group P&L,2026-06,TXN004378,NZL01,2026-06-27,2210,Tax provision,Income tax payable,Current Liabilities,TAS,Tasmania Operations,Energy Australia,BOB-PL-0170,PO-PL-9285,77567.08,Input,Pending review,None,Yes,Raw_GL_Export_With_CostCenters_Mar2026_IBMBOB_Enhanced.csv
IBM BOB 1 - Group P&L,2026-06,TXN004379,NZL01,2026-06-22,5520,Sales and marketing,Events,Sales,NT,Northern Territory Operations,Snowflake,BOB-PL-0171,PO-PL-6222,68810.89,Input,Pending review,High variance,No,Raw_GL_Export_With_CostCenters_Mar2026_IBMBOB_Enhanced.csv
IBM BOB 1 - Group P&L,2026-06,TXN004380,AUS01,2026-06-18,5000,General and administrative,Salaries and wages,Personnel,CORP,Corporate Head Office,Melbourne Airport,BOB-PL-0172,PO-PL-4854,113555.41,Input,Ready,None,No,Raw_GL_Export_With_CostCenters_Mar2026_IBMBOB_Enhanced.csv
IBM BOB 1 - Group P&L,2026-06,TXN004381,AUS01,2026-06-21,5120,Other operating expenses,Office supplies,Facilities,R&D,Research & Development,IBM Australia,BOB-PL-0173,PO-PL-2522,30499.84,Input,Ready,None,No,Raw_GL_Export_With_CostCenters_Mar2026_IBMBOB_Enhanced.csv
IBM BOB 1 - Group P&L,2026-06,TXN004382,AUS01,2026-06-16,5100,Other operating expenses,Office rent,Facilities,QLD,Queensland Operations,Officeworks,BOB-PL-0174,PO-PL-9902,95722.61,Input,Ready,None,No,Raw_GL_Export_With_CostCenters_Mar2026_IBMBOB_Enhanced.csv
IBM BOB 1 - Group P&L,2026-06,TXN004383,PNG01,2026-06-15,5120,Other operating expenses,Office supplies,Facilities,TAS,Tasmania Operations,Microsoft,BOB-PL-0175,PO-PL-4480,31460.45,Input,Ready,None,Yes,Raw_GL_Export_With_CostCenters_Mar2026_IBMBOB_Enhanced.csv
IBM BOB 1 - Group P&L,2026-06,TXN004384,AUS01,2026-06-04,5520,Sales and marketing,Events,Sales,NSW,New South Wales Operations,Deloitte,BOB-PL-0176,PO-PL-8490,177657.39,Input,Ready,None,No,Raw_GL_Export_With_CostCenters_Mar2026_IBMBOB_Enhanced.csv
IBM BOB 1 - Group P&L,2026-06,TXN004385,NZL01,2026-06-18,5700,Research and development,Training,Development,CORP,Corporate Head Office,Microsoft,BOB-PL-0177,PO-PL-1307,192676.18,Input,Pending review,None,No,Raw_GL_Export_With_CostCenters_Mar2026_IBMBOB_Enhanced.csv
IBM BOB 1 - Group P&L,2026-06,TXN004386,AUS01,2026-06-26,5300,General and administrative,Professional services,External,NSW,New South Wales Operations,Google Ads,BOB-PL-0178,PO-PL-9105,187752.91,Input,Ready,None,No,Raw_GL_Export_With_CostCenters_Mar2026_IBMBOB_Enhanced.csv
IBM BOB 1 - Group P&L,2026-06,TXN004387,FJI01,2026-06-24,5200,Research and development,Software licenses,IT,FIN,Finance & Accounting,AWS,BOB-PL-0179,PO-PL-2198,100919.46,Input,Pending review,High variance,No,Raw_GL_Export_With_CostCenters_Mar2026_IBMBOB_Enhanced.csv
IBM BOB 1 - Group P&L,2026-06,TXN004388,NZL01,2026-06-23,4000,Revenue,Product sales,Operating Revenue,VIC,Victoria Operations,Google Ads,BOB-PL-0180,PO-PL-1352,333285.31,Input,Pending review,None,No,Raw_GL_Export_With_CostCenters_Mar2026_IBMBOB_Enhanced.csv
IBM BOB 1 - Group P&L,2026-06,TXN004389,FJI01,2026-06-07,2210,Tax provision,Income tax payable,Current Liabilities,SA,South Australia Operations,LinkedIn,BOB-PL-0181,PO-PL-3973,156273.99,Input,Pending review,None,No,Raw_GL_Export_With_CostCenters_Mar2026_IBMBOB_Enhanced.csv
IBM BOB 1 - Group P&L,2026-06,TXN004390,FJI01,2026-06-22,4010,Revenue,Service revenue,Operating Revenue,FIN,Finance & Accounting,Microsoft,BOB-PL-0182,PO-PL-8182,133997.16,Input,Ready,None,No,Raw_GL_Export_With_CostCenters_Mar2026_IBMBOB_Enhanced.csv
IBM BOB 1 - Group P&L,2026-06,TXN004391,FJI01,2026-06-05,4010,Revenue,Service revenue,Operating Revenue,MKT,Marketing & Sales,Salesforce,BOB-PL-0183,PO-PL-6586,342316.31,Input,Ready,None,No,Raw_GL_Export_With_CostCenters_Mar2026_IBMBOB_Enhanced.csv
IBM BOB 1 - Group P&L,2026-06,TXN004392,FJI01,2026-06-04,2210,Tax provision,Income tax payable,Current Liabilities,VIC,Victoria Operations,Deloitte,BOB-PL-0184,PO-PL-5825,140612.62,Input,Ready,High variance,No,Raw_GL_Export_With_CostCenters_Mar2026_IBMBOB_Enhanced.csv
IBM BOB 1 - Group P&L,2026-06,TXN004393,PNG01,2026-06-22,5320,General and administrative,Audit fees,External,NSW,New South Wales Operations,Oracle,BOB-PL-0185,PO-PL-7332,196850.94,Input,Ready,None,No,Raw_GL_Export_With_CostCenters_Mar2026_IBMBOB_Enhanced.csv
IBM BOB 1 - Group P&L,2026-06,TXN004394,NZL01,2026-06-15,4010,Revenue,Service revenue,Operating Revenue,MKT,Marketing & Sales,Energy Australia,BOB-PL-0186,PO-PL-8176,146046.03,Input,Ready,High variance,No,Raw_GL_Export_With_CostCenters_Mar2026_IBMBOB_Enhanced.csv
IBM BOB 1 - Group P&L,2026-06,TXN004395,FJI01,2026-06-21,5700,Research and development,Training,Development,VIC,Victoria Operations,SAP Australia,BOB-PL-0187,PO-PL-8525,18204.02,Input,Ready,High variance,No,Raw_GL_Export_With_CostCenters_Mar2026_IBMBOB_Enhanced.csv
IBM BOB 1 - Group P&L,2026-06,TXN004396,FJI01,2026-06-01,5700,Research and development,Training,Development,NT,Northern Territory Operations,Officeworks,BOB-PL-0188,PO-PL-7784,123845.31,Input,Ready,None,Yes,Raw_GL_Export_With_CostCenters_Mar2026_IBMBOB_Enhanced.csv
IBM BOB 1 - Group P&L,2026-06,TXN004397,AUS01,2026-06-16,5010,General and administrative,Employee benefits,Personnel,IT,Information Technology,Qantas Commercial,BOB-PL-0189,PO-PL-4868,112253.44,Input,Ready,High variance,No,Raw_GL_Export_With_CostCenters_Mar2026_IBMBOB_Enhanced.csv
IBM BOB 1 - Group P&L,2026-06,TXN004398,FJI01,2026-06-29,4100,Other income / expense,Interest income,Non-Operating Revenue,ACT,Australian Capital Territory,Energy Australia,BOB-PL-0190,PO-PL-6582,89829.36,Input,Pending review,None,No,Raw_GL_Export_With_CostCenters_Mar2026_IBMBOB_Enhanced.csv
IBM BOB 1 - Group P&L,2026-06,TXN004399,NZL01,2026-06-12,5920,Other income / expense,FX Loss,Finance,OPS,Operations & Logistics,QBE Insurance,BOB-PL-0191,PO-PL-9457,152240.5,Input,Ready,None,No,Raw_GL_Export_With_CostCenters_Mar2026_IBMBOB_Enhanced.csv
IBM BOB 1 - Group P&L,2026-06,TXN004400,PNG01,2026-06-15,6030,Cost of revenue,Manufacturing overhead,COGS,R&D,Research & Development,QBE Insurance,BOB-PL-0192,PO-PL-9003,91736.46,Input,Ready,None,No,Raw_GL_Export_With_CostCenters_Mar2026_IBMBOB_Enhanced.csv
IBM BOB 1 - Group P&L,2026-06,TXN004401,AUS01,2026-06-06,5500,Sales and marketing,Campaign spend,Sales,SA,South Australia Operations,Microsoft,BOB-PL-0193,PO-PL-3836,107615.64,Input,Ready,None,No,Raw_GL_Export_With_CostCenters_Mar2026_IBMBOB_Enhanced.csv
IBM BOB 1 - Group P&L,2026-06,TXN004402,PNG01,2026-06-15,5000,General and administrative,Salaries and wages,Personnel,CORP,Corporate Head Office,SAP Australia,BOB-PL-0194,PO-PL-5715,136434.59,Input,Ready,High variance,No,Raw_GL_Export_With_CostCenters_Mar2026_IBMBOB_Enhanced.csv
IBM BOB 1 - Group P&L,2026-06,TXN004403,NZL01,2026-06-01,5120,Other operating expenses,Office supplies,Facilities,ACT,Australian Capital Territory,Snowflake,BOB-PL-0195,PO-PL-6786,16837.35,Input,Pending review,None,No,Raw_GL_Export_With_CostCenters_Mar2026_IBMBOB_Enhanced.csv
IBM BOB 1 - Group P&L,2026-06,TXN004404,NZL01,2026-06-27,5520,Sales and marketing,Events,Sales,R&D,Research & Development,Snowflake,BOB-PL-0196,PO-PL-7157,148394.78,Input,Ready,None,No,Raw_GL_Export_With_CostCenters_Mar2026_IBMBOB_Enhanced.csv
IBM BOB 1 - Group P&L,2026-06,TXN004405,FJI01,2026-06-06,5120,Other operating expenses,Office supplies,Facilities,WA,Western Australia Operations,AWS,BOB-PL-0197,PO-PL-6684,82422.41,Input,Ready,High variance,No,Raw_GL_Export_With_CostCenters_Mar2026_IBMBOB_Enhanced.csv
IBM BOB 1 - Group P&L,2026-06,TXN004406,NZL01,2026-06-31,4020,Revenue,Subscription revenue,Operating Revenue,R&D,Research & Development,Melbourne Airport,BOB-PL-0198,PO-PL-9125,453491.84,Input,Ready,None,Yes,Raw_GL_Export_With_CostCenters_Mar2026_IBMBOB_Enhanced.csv
IBM BOB 1 - Group P&L,2026-06,TXN004407,AUS01,2026-06-03,5010,General and administrative,Employee benefits,Personnel,ACT,Australian Capital Territory,AWS,BOB-PL-0199,PO-PL-2519,45982.05,Input,Ready,None,No,Raw_GL_Export_With_CostCenters_Mar2026_IBMBOB_Enhanced.csv
IBM BOB 1 - Group P&L,2026-06,TXN004408,FJI01,2026-06-23,5500,Sales and marketing,Campaign spend,Sales,R&D,Research & Development,Qantas Commercial,BOB-PL-0200,PO-PL-9332,92165.92,Input,Ready,None,No,Raw_GL_Export_With_CostCenters_Mar2026_IBMBOB_Enhanced.csv
IBM BOB 1 - Group P&L,2026-06,TXN004409,NZL01,2026-06-24,2210,Tax provision,Income tax payable,Current Liabilities,NSW,New South Wales Operations,Energy Australia,BOB-PL-0201,PO-PL-4229,44067.33,Input,Pending review,None,No,Raw_GL_Export_With_CostCenters_Mar2026_IBMBOB_Enhanced.csv
IBM BOB 1 - Group P&L,2026-06,TXN004410,FJI01,2026-06-23,2210,Tax provision,Income tax payable,Current Liabilities,WA,Western Australia Operations,Salesforce,BOB-PL-0202,PO-PL-9422,115525.62,Input,Ready,None,Yes,Raw_GL_Export_With_CostCenters_Mar2026_IBMBOB_Enhanced.csv
IBM BOB 1 - Group P&L,2026-06,TXN004411,AUS01,2026-06-04,5300,General and administrative,Professional services,External,NT,Northern Territory Operations,Oracle,BOB-PL-0203,PO-PL-8180,55680.03,Input,Pending review,High variance,No,Raw_GL_Export_With_CostCenters_Mar2026_IBMBOB_Enhanced.csv
IBM BOB 1 - Group P&L,2026-06,TXN004412,PNG01,2026-06-22,5320,General and administrative,Audit fees,External,QLD,Queensland Operations,IBM Australia,BOB-PL-0204,PO-PL-5418,58613.7,Input,Ready,None,No,Raw_GL_Export_With_CostCenters_Mar2026_IBMBOB_Enhanced.csv
IBM BOB 1 - Group P&L,2026-06,TXN004413,AUS01,2026-06-14,2210,Tax provision,Income tax payable,Current Liabilities,VIC,Victoria Operations,Officeworks,BOB-PL-0205,PO-PL-8439,132937.98,Input,Ready,None,Yes,Raw_GL_Export_With_CostCenters_Mar2026_IBMBOB_Enhanced.csv
IBM BOB 1 - Group P&L,2026-06,TXN004414,PNG01,2026-06-06,4020,Revenue,Subscription revenue,Operating Revenue,QLD,Queensland Operations,Deloitte,BOB-PL-0206,PO-PL-4362,247242.87,Input,Pending review,High variance,No,Raw_GL_Export_With_CostCenters_Mar2026_IBMBOB_Enhanced.csv
IBM BOB 1 - Group P&L,2026-06,TXN004415,PNG01,2026-06-07,5100,Other operating expenses,Office rent,Facilities,SA,South Australia Operations,Deloitte,BOB-PL-0207,PO-PL-9501,158766.32,Input,Ready,None,No,Raw_GL_Export_With_CostCenters_Mar2026_IBMBOB_Enhanced.csv
IBM BOB 1 - Group P&L,2026-06,TXN004416,AUS01,2026-06-18,5910,Other income / expense,Interest expense,Finance,OPS,Operations & Logistics,Qantas Commercial,BOB-PL-0208,PO-PL-3941,12716.39,Input,Ready,High variance,No,Raw_GL_Export_With_CostCenters_Mar2026_IBMBOB_Enhanced.csv
IBM BOB 1 - Group P&L,2026-06,TXN004417,PNG01,2026-06-11,2210,Tax provision,Income tax payable,Current Liabilities,HR,Human Resources,Melbourne Airport,BOB-PL-0209,PO-PL-1035,102720.06,Input,Ready,None,Yes,Raw_GL_Export_With_CostCenters_Mar2026_IBMBOB_Enhanced.csv
IBM BOB 1 - Group P&L,2026-06,TXN004418,PNG01,2026-06-08,6020,Cost of revenue,Direct labor,COGS,WA,Western Australia Operations,Salesforce,BOB-PL-0210,PO-PL-9875,87645.09,Input,Ready,High variance,No,Raw_GL_Export_With_CostCenters_Mar2026_IBMBOB_Enhanced.csv
IBM BOB 1 - Group P&L,2026-06,TXN004419,FJI01,2026-06-03,2210,Tax provision,Income tax payable,Current Liabilities,SA,South Australia Operations,SAP Australia,BOB-PL-0211,PO-PL-8153,157858.53,Input,Ready,High variance,No,Raw_GL_Export_With_CostCenters_Mar2026_IBMBOB_Enhanced.csv
IBM BOB 1 - Group P&L,2026-06,TXN004420,AUS01,2026-06-12,6010,Cost of revenue,Direct materials,COGS,MKT,Marketing & Sales,Snowflake,BOB-PL-0212,PO-PL-8977,77372.19,Input,Ready,None,No,Raw_GL_Export_With_CostCenters_Mar2026_IBMBOB_Enhanced.csv
IBM BOB 1 - Group P&L,2026-06,TXN004421,AUS01,2026-06-05,6010,Cost of revenue,Direct materials,COGS,R&D,Research & Development,Oracle,BOB-PL-0213,PO-PL-2511,125128.2,Input,Pending review,None,Yes,Raw_GL_Export_With_CostCenters_Mar2026_IBMBOB_Enhanced.csv
IBM BOB 1 - Group P&L,2026-06,TXN004422,AUS01,2026-06-14,5210,Research and development,Cloud services,IT,SA,South Australia Operations,LinkedIn,BOB-PL-0214,PO-PL-3288,44851.48,Input,Pending review,High variance,Yes,Raw_GL_Export_With_CostCenters_Mar2026_IBMBOB_Enhanced.csv
IBM BOB 1 - Group P&L,2026-06,TXN004423,FJI01,2026-06-31,5520,Sales and marketing,Events,Sales,VIC,Victoria Operations,Qantas Commercial,BOB-PL-0215,PO-PL-2500,8648.16,Input,Ready,None,No,Raw_GL_Export_With_CostCenters_Mar2026_IBMBOB_Enhanced.csv
IBM BOB 1 - Group P&L,2026-06,TXN004424,FJI01,2026-06-06,6010,Cost of revenue,Direct materials,COGS,OPS,Operations & Logistics,Energy Australia,BOB-PL-0216,PO-PL-6621,146856.81,Input,Ready,High variance,No,Raw_GL_Export_With_CostCenters_Mar2026_IBMBOB_Enhanced.csv
IBM BOB 1 - Group P&L,2026-06,TXN004425,PNG01,2026-06-14,5100,Other operating expenses,Office rent,Facilities,TAS,Tasmania Operations,Oracle,BOB-PL-0217,PO-PL-3410,122038.45,Input,Ready,None,No,Raw_GL_Export_With_CostCenters_Mar2026_IBMBOB_Enhanced.csv
IBM BOB 1 - Group P&L,2026-06,TXN004426,AUS01,2026-06-06,5300,General and administrative,Professional services,External,ACT,Australian Capital Territory,Snowflake,BOB-PL-0218,PO-PL-6079,112099.91,Input,Ready,None,No,Raw_GL_Export_With_CostCenters_Mar2026_IBMBOB_Enhanced.csv
IBM BOB 1 - Group P&L,2026-06,TXN004427,AUS01,2026-06-24,4020,Revenue,Subscription revenue,Operating Revenue,NSW,New South Wales Operations,SAP Australia,BOB-PL-0219,PO-PL-3573,455786.05,Input,Ready,None,No,Raw_GL_Export_With_CostCenters_Mar2026_IBMBOB_Enhanced.csv
IBM BOB 1 - Group P&L,2026-06,TXN004428,NZL01,2026-06-22,6010,Cost of revenue,Direct materials,COGS,QLD,Queensland Operations,Snowflake,BOB-PL-0220,PO-PL-2892,62029.57,Input,Ready,None,Yes,Raw_GL_Export_With_CostCenters_Mar2026_IBMBOB_Enhanced.csv
IBM BOB 1 - Group P&L,2026-06,TXN004429,FJI01,2026-06-07,5920,Other income / expense,FX Loss,Finance,WA,Western Australia Operations,Microsoft,BOB-PL-0221,PO-PL-2761,77987.83,Input,Pending review,None,No,Raw_GL_Export_With_CostCenters_Mar2026_IBMBOB_Enhanced.csv
IBM BOB 1 - Group P&L,2026-06,TXN004430,PNG01,2026-06-20,5210,Research and development,Cloud services,IT,FIN,Finance & Accounting,QBE Insurance,BOB-PL-0222,PO-PL-4962,33804.97,Input,Ready,High variance,No,Raw_GL_Export_With_CostCenters_Mar2026_IBMBOB_Enhanced.csv
IBM BOB 1 - Group P&L,2026-06,TXN004431,PNG01,2026-06-18,6000,Cost of revenue,Cost of goods sold,COGS,MKT,Marketing & Sales,QBE Insurance,BOB-PL-0223,PO-PL-6320,98886.04,Input,Ready,High variance,No,Raw_GL_Export_With_CostCenters_Mar2026_IBMBOB_Enhanced.csv
IBM BOB 1 - Group P&L,2026-06,TXN004432,PNG01,2026-06-04,4020,Revenue,Subscription revenue,Operating Revenue,SA,South Australia Operations,AWS,BOB-PL-0224,PO-PL-1027,266229.66,Input,Ready,High variance,Yes,Raw_GL_Export_With_CostCenters_Mar2026_IBMBOB_Enhanced.csv
IBM BOB 1 - Group P&L,2026-06,TXN004433,FJI01,2026-06-08,5910,Other income / expense,Interest expense,Finance,NT,Northern Territory Operations,Melbourne Airport,BOB-PL-0225,PO-PL-7522,194364.69,Input,Pending review,High variance,No,Raw_GL_Export_With_CostCenters_Mar2026_IBMBOB_Enhanced.csv
IBM BOB 1 - Group P&L,2026-06,TXN004434,NZL01,2026-06-04,5100,Other operating expenses,Office rent,Facilities,ACT,Australian Capital Territory,Deloitte,BOB-PL-0226,PO-PL-8385,83018.86,Input,Ready,None,No,Raw_GL_Export_With_CostCenters_Mar2026_IBMBOB_Enhanced.csv
IBM BOB 1 - Group P&L,2026-06,TXN004435,NZL01,2026-06-11,5510,Sales and marketing,Advertising,Sales,TAS,Tasmania Operations,Melbourne Airport,BOB-PL-0227,PO-PL-9791,191073.75,Input,Ready,None,Yes,Raw_GL_Export_With_CostCenters_Mar2026_IBMBOB_Enhanced.csv
IBM BOB 1 - Group P&L,2026-06,TXN004436,FJI01,2026-06-02,5910,Other income / expense,Interest expense,Finance,QLD,Queensland Operations,Snowflake,BOB-PL-0228,PO-PL-7872,135137.51,Input,Pending review,None,Yes,Raw_GL_Export_With_CostCenters_Mar2026_IBMBOB_Enhanced.csv
IBM BOB 1 - Group P&L,2026-06,TXN004437,AUS01,2026-06-25,5010,General and administrative,Employee benefits,Personnel,FIN,Finance & Accounting,Energy Australia,BOB-PL-0229,PO-PL-9444,152883.01,Input,Pending review,High variance,No,Raw_GL_Export_With_CostCenters_Mar2026_IBMBOB_Enhanced.csv
IBM BOB 1 - Group P&L,2026-06,TXN004438,FJI01,2026-06-27,5000,General and administrative,Salaries and wages,Personnel,HR,Human Resources,Google Ads,BOB-PL-0230,PO-PL-5781,59993.12,Input,Ready,None,No,Raw_GL_Export_With_CostCenters_Mar2026_IBMBOB_Enhanced.csv
IBM BOB 1 - Group P&L,2026-06,TXN004439,FJI01,2026-06-02,5500,Sales and marketing,Campaign spend,Sales,NT,Northern Territory Operations,Microsoft,BOB-PL-0231,PO-PL-6931,93858.04,Input,Ready,None,Yes,Raw_GL_Export_With_CostCenters_Mar2026_IBMBOB_Enhanced.csv
IBM BOB 1 - Group P&L,2026-06,TXN004440,FJI01,2026-06-21,5000,General and administrative,Salaries and wages,Personnel,QLD,Queensland Operations,IBM Australia,BOB-PL-0232,PO-PL-8939,31387.15,Input,Pending review,None,No,Raw_GL_Export_With_CostCenters_Mar2026_IBMBOB_Enhanced.csv
IBM BOB 1 - Group P&L,2026-06,TXN004441,AUS01,2026-06-12,5210,Research and development,Cloud services,IT,NT,Northern Territory Operations,SAP Australia,BOB-PL-0233,PO-PL-5636,168605.22,Input,Ready,None,No,Raw_GL_Export_With_CostCenters_Mar2026_IBMBOB_Enhanced.csv
IBM BOB 1 - Group P&L,2026-06,TXN004442,AUS01,2026-06-06,6020,Cost of revenue,Direct labor,COGS,MKT,Marketing & Sales,SAP Australia,BOB-PL-0234,PO-PL-5690,111613.37,Input,Ready,None,No,Raw_GL_Export_With_CostCenters_Mar2026_IBMBOB_Enhanced.csv
IBM BOB 1 - Group P&L,2026-06,TXN004443,AUS01,2026-06-05,4020,Revenue,Subscription revenue,Operating Revenue,MKT,Marketing & Sales,Officeworks,BOB-PL-0235,PO-PL-3632,324603.38,Input,Pending review,None,No,Raw_GL_Export_With_CostCenters_Mar2026_IBMBOB_Enhanced.csv
IBM BOB 1 - Group P&L,2026-06,TXN004444,AUS01,2026-06-04,4010,Revenue,Service revenue,Operating Revenue,IT,Information Technology,AWS,BOB-PL-0236,PO-PL-3532,81342.57,Input,Pending review,None,No,Raw_GL_Export_With_CostCenters_Mar2026_IBMBOB_Enhanced.csv
IBM BOB 1 - Group P&L,2026-06,TXN004445,FJI01,2026-06-24,5210,Research and development,Cloud services,IT,R&D,Research & Development,Qantas Commercial,BOB-PL-0237,PO-PL-7289,27534.81,Input,Ready,None,Yes,Raw_GL_Export_With_CostCenters_Mar2026_IBMBOB_Enhanced.csv
IBM BOB 1 - Group P&L,2026-06,TXN004446,AUS01,2026-06-12,5320,General and administrative,Audit fees,External,NT,Northern Territory Operations,Officeworks,BOB-PL-0238,PO-PL-6648,12368.11,Input,Ready,None,No,Raw_GL_Export_With_CostCenters_Mar2026_IBMBOB_Enhanced.csv
IBM BOB 1 - Group P&L,2026-06,TXN004447,FJI01,2026-06-30,5920,Other income / expense,FX Loss,Finance,TAS,Tasmania Operations,AWS,BOB-PL-0239,PO-PL-7844,172828.99,Input,Pending review,High variance,No,Raw_GL_Export_With_CostCenters_Mar2026_IBMBOB_Enhanced.csv
IBM BOB 1 - Group P&L,2026-06,TXN004448,AUS01,2026-06-10,5000,General and administrative,Salaries and wages,Personnel,HR,Human Resources,QBE Insurance,BOB-PL-0240,PO-PL-5514,159792.54,Input,Ready,None,Yes,Raw_GL_Export_With_CostCenters_Mar2026_IBMBOB_Enhanced.csv
IBM BOB 1 - Group P&L,2026-06,TXN004449,AUS01,2026-06-10,2210,Tax provision,Income tax payable,Current Liabilities,OPS,Operations & Logistics,IBM Australia,BOB-PL-0241,PO-PL-9331,76310.38,Input,Ready,None,No,Raw_GL_Export_With_CostCenters_Mar2026_IBMBOB_Enhanced.csv
IBM BOB 1 - Group P&L,2026-06,TXN004450,PNG01,2026-06-25,5100,Other operating expenses,Office rent,Facilities,SA,South Australia Operations,IBM Australia,BOB-PL-0242,PO-PL-2068,183606.69,Input,Pending review,None,No,Raw_GL_Export_With_CostCenters_Mar2026_IBMBOB_Enhanced.csv
IBM BOB 1 - Group P&L,2026-06,TXN004451,AUS01,2026-06-26,4010,Revenue,Service revenue,Operating Revenue,NT,Northern Territory Operations,Energy Australia,BOB-PL-0243,PO-PL-2478,129383.67,Input,Ready,None,No,Raw_GL_Export_With_CostCenters_Mar2026_IBMBOB_Enhanced.csv
IBM BOB 1 - Group P&L,2026-06,TXN004452,AUS01,2026-06-12,5320,General and administrative,Audit fees,External,HR,Human Resources,Oracle,BOB-PL-0244,PO-PL-9102,37432.41,Input,Pending review,None,No,Raw_GL_Export_With_CostCenters_Mar2026_IBMBOB_Enhanced.csv
IBM BOB 1 - Group P&L,2026-06,TXN004453,PNG01,2026-06-22,5000,General and administrative,Salaries and wages,Personnel,TAS,Tasmania Operations,Snowflake,BOB-PL-0245,PO-PL-1477,157976.4,Input,Ready,High variance,Yes,Raw_GL_Export_With_CostCenters_Mar2026_IBMBOB_Enhanced.csv
IBM BOB 1 - Group P&L,2026-06,TXN004454,FJI01,2026-06-01,5700,Research and development,Training,Development,SA,South Australia Operations,Google Ads,BOB-PL-0246,PO-PL-7532,187125.48,Input,Ready,High variance,No,Raw_GL_Export_With_CostCenters_Mar2026_IBMBOB_Enhanced.csv
IBM BOB 1 - Group P&L,2026-06,TXN004455,PNG01,2026-06-31,4020,Revenue,Subscription revenue,Operating Revenue,HR,Human Resources,Microsoft,BOB-PL-0247,PO-PL-5300,118685.58,Input,Ready,None,No,Raw_GL_Export_With_CostCenters_Mar2026_IBMBOB_Enhanced.csv
IBM BOB 1 - Group P&L,2026-06,TXN004456,NZL01,2026-06-22,5510,Sales and marketing,Advertising,Sales,TAS,Tasmania Operations,Microsoft,BOB-PL-0248,PO-PL-3033,9930.25,Input,Ready,High variance,Yes,Raw_GL_Export_With_CostCenters_Mar2026_IBMBOB_Enhanced.csv
IBM BOB 1 - Group P&L,2026-06,TXN004457,FJI01,2026-06-10,4010,Revenue,Service revenue,Operating Revenue,ACT,Australian Capital Territory,Energy Australia,BOB-PL-0249,PO-PL-3834,244585.2,Input,Ready,High variance,Yes,Raw_GL_Export_With_CostCenters_Mar2026_IBMBOB_Enhanced.csv
IBM BOB 1 - Group P&L,2026-06,TXN004458,AUS01,2026-06-17,5300,General and administrative,Professional services,External,FIN,Finance & Accounting,Deloitte,BOB-PL-0250,PO-PL-5566,36758.78,Input,Ready,None,No,Raw_GL_Export_With_CostCenters_Mar2026_IBMBOB_Enhanced.csv
IBM BOB 1 - Group P&L,2026-06,TXN004459,FJI01,2026-06-02,5110,Other operating expenses,Utilities,Facilities,HR,Human Resources,Snowflake,BOB-PL-0251,PO-PL-3026,18994.61,Input,Ready,High variance,No,Raw_GL_Export_With_CostCenters_Mar2026_IBMBOB_Enhanced.csv
IBM BOB 1 - Group P&L,2026-06,TXN004460,FJI01,2026-06-09,5000,General and administrative,Salaries and wages,Personnel,CORP,Corporate Head Office,IBM Australia,BOB-PL-0252,PO-PL-2087,195704.14,Input,Ready,None,No,Raw_GL_Export_With_CostCenters_Mar2026_IBMBOB_Enhanced.csv
IBM BOB 1 - Group P&L,2026-06,TXN004461,NZL01,2026-06-05,5010,General and administrative,Employee benefits,Personnel,QLD,Queensland Operations,Melbourne Airport,BOB-PL-0253,PO-PL-3153,58643.57,Input,Ready,None,No,Raw_GL_Export_With_CostCenters_Mar2026_IBMBOB_Enhanced.csv
IBM BOB 1 - Group P&L,2026-06,TXN004462,NZL01,2026-06-24,5520,Sales and marketing,Events,Sales,OPS,Operations & Logistics,Qantas Commercial,BOB-PL-0254,PO-PL-5615,30359.46,Input,Pending review,None,No,Raw_GL_Export_With_CostCenters_Mar2026_IBMBOB_Enhanced.csv
IBM BOB 1 - Group P&L,2026-06,TXN004463,AUS01,2026-06-20,5920,Other income / expense,FX Loss,Finance,OPS,Operations & Logistics,SAP Australia,BOB-PL-0255,PO-PL-5919,85353.41,Input,Ready,High variance,No,Raw_GL_Export_With_CostCenters_Mar2026_IBMBOB_Enhanced.csv
IBM BOB 1 - Group P&L,2026-06,TXN004464,PNG01,2026-06-19,2210,Tax provision,Income tax payable,Current Liabilities,FIN,Finance & Accounting,IBM Australia,BOB-PL-0256,PO-PL-1005,52463.11,Input,Ready,None,No,Raw_GL_Export_With_CostCenters_Mar2026_IBMBOB_Enhanced.csv
IBM BOB 1 - Group P&L,2026-06,TXN004465,NZL01,2026-06-15,4000,Revenue,Product sales,Operating Revenue,IT,Information Technology,Melbourne Airport,BOB-PL-0257,PO-PL-9135,202065.04,Input,Pending review,None,Yes,Raw_GL_Export_With_CostCenters_Mar2026_IBMBOB_Enhanced.csv
IBM BOB 1 - Group P&L,2026-06,TXN004466,AUS01,2026-06-01,5200,Research and development,Software licenses,IT,IT,Information Technology,Microsoft,BOB-PL-0258,PO-PL-8640,89534.56,Input,Ready,None,No,Raw_GL_Export_With_CostCenters_Mar2026_IBMBOB_Enhanced.csv
IBM BOB 1 - Group P&L,2026-06,TXN004467,FJI01,2026-06-24,5210,Research and development,Cloud services,IT,VIC,Victoria Operations,Qantas Commercial,BOB-PL-0259,PO-PL-2691,42625.18,Input,Ready,None,No,Raw_GL_Export_With_CostCenters_Mar2026_IBMBOB_Enhanced.csv
IBM BOB 1 - Group P&L,2026-06,TXN004468,AUS01,2026-06-10,5320,General and administrative,Audit fees,External,R&D,Research & Development,Google Ads,BOB-PL-0260,PO-PL-9540,76078.02,Input,Ready,High variance,No,Raw_GL_Export_With_CostCenters_Mar2026_IBMBOB_Enhanced.csv
IBM BOB 1 - Group P&L,2026-06,TXN004469,AUS01,2026-06-05,4010,Revenue,Service revenue,Operating Revenue,OPS,Operations & Logistics,Deloitte,BOB-PL-0261,PO-PL-1294,338468.91,Input,Ready,High variance,No,Raw_GL_Export_With_CostCenters_Mar2026_IBMBOB_Enhanced.csv
IBM BOB 1 - Group P&L,2026-06,TXN004470,PNG01,2026-06-17,6020,Cost of revenue,Direct labor,COGS,NSW,New South Wales Operations,Officeworks,BOB-PL-0262,PO-PL-3165,123829.8,Input,Ready,None,Yes,Raw_GL_Export_With_CostCenters_Mar2026_IBMBOB_Enhanced.csv
IBM BOB 1 - Group P&L,2026-06,TXN004471,PNG01,2026-06-19,5100,Other operating expenses,Office rent,Facilities,IT,Information Technology,IBM Australia,BOB-PL-0263,PO-PL-6613,86793.6,Input,Pending review,High variance,No,Raw_GL_Export_With_CostCenters_Mar2026_IBMBOB_Enhanced.csv
IBM BOB 1 - Group P&L,2026-06,TXN004472,PNG01,2026-06-05,4000,Revenue,Product sales,Operating Revenue,TAS,Tasmania Operations,Deloitte,BOB-PL-0264,PO-PL-1140,188863.2,Input,Ready,None,No,Raw_GL_Export_With_CostCenters_Mar2026_IBMBOB_Enhanced.csv
IBM BOB 1 - Group P&L,2026-06,TXN004473,FJI01,2026-06-10,5510,Sales and marketing,Advertising,Sales,HR,Human Resources,IBM Australia,BOB-PL-0265,PO-PL-8582,72294.91,Input,Ready,None,No,Raw_GL_Export_With_CostCenters_Mar2026_IBMBOB_Enhanced.csv
IBM BOB 1 - Group P&L,2026-06,TXN004474,FJI01,2026-06-11,5500,Sales and marketing,Campaign spend,Sales,ACT,Australian Capital Territory,Google Ads,BOB-PL-0266,PO-PL-1579,32719.09,Input,Ready,None,No,Raw_GL_Export_With_CostCenters_Mar2026_IBMBOB_Enhanced.csv
IBM BOB 1 - Group P&L,2026-06,TXN004475,PNG01,2026-06-21,5300,General and administrative,Professional services,External,NT,Northern Territory Operations,Salesforce,BOB-PL-0267,PO-PL-4028,109043.99,Input,Ready,None,Yes,Raw_GL_Export_With_CostCenters_Mar2026_IBMBOB_Enhanced.csv
IBM BOB 1 - Group P&L,2026-06,TXN004476,AUS01,2026-06-15,5100,Other operating expenses,Office rent,Facilities,ACT,Australian Capital Territory,Oracle,BOB-PL-0268,PO-PL-5830,113910.44,Input,Ready,None,No,Raw_GL_Export_With_CostCenters_Mar2026_IBMBOB_Enhanced.csv
IBM BOB 1 - Group P&L,2026-06,TXN004477,FJI01,2026-06-04,5010,General and administrative,Employee benefits,Personnel,HR,Human Resources,IBM Australia,BOB-PL-0269,PO-PL-2051,88615.48,Input,Ready,None,Yes,Raw_GL_Export_With_CostCenters_Mar2026_IBMBOB_Enhanced.csv
IBM BOB 1 - Group P&L,2026-06,TXN004478,AUS01,2026-06-18,6020,Cost of revenue,Direct labor,COGS,ACT,Australian Capital Territory,Google Ads,BOB-PL-0270,PO-PL-1212,97804.2,Input,Ready,None,Yes,Raw_GL_Export_With_CostCenters_Mar2026_IBMBOB_Enhanced.csv
IBM BOB 1 - Group P&L,2026-06,TXN004479,FJI01,2026-06-31,5910,Other income / expense,Interest expense,Finance,ACT,Australian Capital Territory,LinkedIn,BOB-PL-0271,PO-PL-8627,115226.72,Input,Ready,High variance,No,Raw_GL_Export_With_CostCenters_Mar2026_IBMBOB_Enhanced.csv
IBM BOB 1 - Group P&L,2026-06,TXN004480,NZL01,2026-06-31,5110,Other operating expenses,Utilities,Facilities,ACT,Australian Capital Territory,IBM Australia,BOB-PL-0272,PO-PL-8500,47955.46,Input,Ready,None,Yes,Raw_GL_Export_With_CostCenters_Mar2026_IBMBOB_Enhanced.csv
IBM BOB 1 - Group P&L,2026-06,TXN004481,NZL01,2026-06-01,4000,Revenue,Product sales,Operating Revenue,WA,Western Australia Operations,Officeworks,BOB-PL-0273,PO-PL-7548,267222.16,Input,Pending review,None,No,Raw_GL_Export_With_CostCenters_Mar2026_IBMBOB_Enhanced.csv
IBM BOB 1 - Group P&L,2026-06,TXN004482,PNG01,2026-06-25,6000,Cost of revenue,Cost of goods sold,COGS,NT,Northern Territory Operations,Google Ads,BOB-PL-0274,PO-PL-2552,146357.09,Input,Ready,None,No,Raw_GL_Export_With_CostCenters_Mar2026_IBMBOB_Enhanced.csv
IBM BOB 1 - Group P&L,2026-06,TXN004483,FJI01,2026-06-28,4000,Revenue,Product sales,Operating Revenue,OPS,Operations & Logistics,IBM Australia,BOB-PL-0275,PO-PL-5669,453611.17,Input,Ready,High variance,No,Raw_GL_Export_With_CostCenters_Mar2026_IBMBOB_Enhanced.csv
IBM BOB 1 - Group P&L,2026-06,TXN004484,FJI01,2026-06-20,5700,Research and development,Training,Development,ACT,Australian Capital Territory,Energy Australia,BOB-PL-0276,PO-PL-2678,88688.12,Input,Pending review,None,No,Raw_GL_Export_With_CostCenters_Mar2026_IBMBOB_Enhanced.csv
IBM BOB 1 - Group P&L,2026-06,TXN004485,PNG01,2026-06-16,5510,Sales and marketing,Advertising,Sales,IT,Information Technology,AWS,BOB-PL-0277,PO-PL-4859,140208.48,Input,Pending review,None,No,Raw_GL_Export_With_CostCenters_Mar2026_IBMBOB_Enhanced.csv
IBM BOB 1 - Group P&L,2026-06,TXN004486,NZL01,2026-06-14,5510,Sales and marketing,Advertising,Sales,IT,Information Technology,Melbourne Airport,BOB-PL-0278,PO-PL-9623,105532.29,Input,Ready,None,No,Raw_GL_Export_With_CostCenters_Mar2026_IBMBOB_Enhanced.csv
IBM BOB 1 - Group P&L,2026-06,TXN004487,NZL01,2026-06-19,6010,Cost of revenue,Direct materials,COGS,FIN,Finance & Accounting,Melbourne Airport,BOB-PL-0279,PO-PL-7053,87922.97,Input,Ready,None,No,Raw_GL_Export_With_CostCenters_Mar2026_IBMBOB_Enhanced.csv
IBM BOB 1 - Group P&L,2026-06,TXN004488,AUS01,2026-06-25,5520,Sales and marketing,Events,Sales,ACT,Australian Capital Territory,AWS,BOB-PL-0280,PO-PL-3002,175026.3,Input,Ready,None,No,Raw_GL_Export_With_CostCenters_Mar2026_IBMBOB_Enhanced.csv
IBM BOB 1 - Group P&L,2026-06,TXN004489,PNG01,2026-06-30,5300,General and administrative,Professional services,External,IT,Information Technology,Salesforce,BOB-PL-0281,PO-PL-7796,31407.66,Input,Ready,None,Yes,Raw_GL_Export_With_CostCenters_Mar2026_IBMBOB_Enhanced.csv
IBM BOB 1 - Group P&L,2026-06,TXN004490,NZL01,2026-06-24,5920,Other income / expense,FX Loss,Finance,WA,Western Australia Operations,Microsoft,BOB-PL-0282,PO-PL-3423,88321.96,Input,Ready,None,No,Raw_GL_Export_With_CostCenters_Mar2026_IBMBOB_Enhanced.csv
IBM BOB 1 - Group P&L,2026-06,TXN004491,AUS01,2026-06-02,5120,Other operating expenses,Office supplies,Facilities,WA,Western Australia Operations,QBE Insurance,BOB-PL-0283,PO-PL-3210,10651.18,Input,Pending review,None,No,Raw_GL_Export_With_CostCenters_Mar2026_IBMBOB_Enhanced.csv
IBM BOB 1 - Group P&L,2026-06,TXN004492,PNG01,2026-06-22,5510,Sales and marketing,Advertising,Sales,MKT,Marketing & Sales,Energy Australia,BOB-PL-0284,PO-PL-9344,179201.23,Input,Ready,High variance,No,Raw_GL_Export_With_CostCenters_Mar2026_IBMBOB_Enhanced.csv
IBM BOB 1 - Group P&L,2026-06,TXN004493,AUS01,2026-06-13,4100,Other income / expense,Interest income,Non-Operating Revenue,NSW,New South Wales Operations,QBE Insurance,BOB-PL-0285,PO-PL-7314,337165.69,Input,Ready,None,No,Raw_GL_Export_With_CostCenters_Mar2026_IBMBOB_Enhanced.csv
IBM BOB 1 - Group P&L,2026-06,TXN004494,NZL01,2026-06-12,5110,Other operating expenses,Utilities,Facilities,QLD,Queensland Operations,LinkedIn,BOB-PL-0286,PO-PL-5179,145205.99,Input,Pending review,None,No,Raw_GL_Export_With_CostCenters_Mar2026_IBMBOB_Enhanced.csv
IBM BOB 1 - Group P&L,2026-06,TXN004495,FJI01,2026-06-17,5320,General and administrative,Audit fees,External,SA,South Australia Operations,QBE Insurance,BOB-PL-0287,PO-PL-4254,180903.58,Input,Ready,None,Yes,Raw_GL_Export_With_CostCenters_Mar2026_IBMBOB_Enhanced.csv
IBM BOB 1 - Group P&L,2026-06,TXN004496,AUS01,2026-06-15,5520,Sales and marketing,Events,Sales,IT,Information Technology,SAP Australia,BOB-PL-0288,PO-PL-8986,45875.94,Input,Ready,None,No,Raw_GL_Export_With_CostCenters_Mar2026_IBMBOB_Enhanced.csv
IBM BOB 1 - Group P&L,2026-06,TXN004497,FJI01,2026-06-22,6000,Cost of revenue,Cost of goods sold,COGS,WA,Western Australia Operations,Melbourne Airport,BOB-PL-0289,PO-PL-9392,52344.82,Input,Pending review,None,No,Raw_GL_Export_With_CostCenters_Mar2026_IBMBOB_Enhanced.csv
IBM BOB 1 - Group P&L,2026-06,TXN004498,NZL01,2026-06-30,5110,Other operating expenses,Utilities,Facilities,TAS,Tasmania Operations,Microsoft,BOB-PL-0290,PO-PL-8747,61166.26,Input,Ready,High variance,Yes,Raw_GL_Export_With_CostCenters_Mar2026_IBMBOB_Enhanced.csv
IBM BOB 1 - Group P&L,2026-06,TXN004499,AUS01,2026-06-25,6010,Cost of revenue,Direct materials,COGS,MKT,Marketing & Sales,Microsoft,BOB-PL-0291,PO-PL-5857,27285.89,Input,Pending review,None,No,Raw_GL_Export_With_CostCenters_Mar2026_IBMBOB_Enhanced.csv
IBM BOB 1 - Group P&L,2026-06,TXN004500,AUS01,2026-06-24,6000,Cost of revenue,Cost of goods sold,COGS,TAS,Tasmania Operations,Microsoft,BOB-PL-0292,PO-PL-5352,70162.06,Input,Pending review,None,No,Raw_GL_Export_With_CostCenters_Mar2026_IBMBOB_Enhanced.csv
IBM BOB 1 - Group P&L,2026-06,TXN004501,PNG01,2026-06-19,4000,Revenue,Product sales,Operating Revenue,SA,South Australia Operations,IBM Australia,BOB-PL-0293,PO-PL-4243,169660.04,Input,Ready,High variance,Yes,Raw_GL_Export_With_CostCenters_Mar2026_IBMBOB_Enhanced.csv
IBM BOB 1 - Group P&L,2026-06,TXN004502,PNG01,2026-06-21,5700,Research and development,Training,Development,MKT,Marketing & Sales,Microsoft,BOB-PL-0294,PO-PL-2409,14090.87,Input,Ready,None,No,Raw_GL_Export_With_CostCenters_Mar2026_IBMBOB_Enhanced.csv
IBM BOB 1 - Group P&L,2026-06,TXN004503,AUS01,2026-06-01,5000,General and administrative,Salaries and wages,Personnel,NT,Northern Territory Operations,Officeworks,BOB-PL-0295,PO-PL-6002,167264.33,Input,Pending review,None,No,Raw_GL_Export_With_CostCenters_Mar2026_IBMBOB_Enhanced.csv
IBM BOB 1 - Group P&L,2026-06,TXN004504,PNG01,2026-06-10,5920,Other income / expense,FX Loss,Finance,CORP,Corporate Head Office,Qantas Commercial,BOB-PL-0296,PO-PL-4298,104423.73,Input,Ready,High variance,No,Raw_GL_Export_With_CostCenters_Mar2026_IBMBOB_Enhanced.csv
IBM BOB 1 - Group P&L,2026-06,TXN004505,PNG01,2026-06-14,4000,Revenue,Product sales,Operating Revenue,TAS,Tasmania Operations,SAP Australia,BOB-PL-0297,PO-PL-6555,260697.71,Input,Ready,None,Yes,Raw_GL_Export_With_CostCenters_Mar2026_IBMBOB_Enhanced.csv
IBM BOB 1 - Group P&L,2026-06,TXN004506,AUS01,2026-06-17,5200,Research and development,Software licenses,IT,QLD,Queensland Operations,Snowflake,BOB-PL-0298,PO-PL-6679,93760.55,Input,Ready,High variance,No,Raw_GL_Export_With_CostCenters_Mar2026_IBMBOB_Enhanced.csv
IBM BOB 1 - Group P&L,2026-06,TXN004507,FJI01,2026-06-08,5910,Other income / expense,Interest expense,Finance,NT,Northern Territory Operations,Officeworks,BOB-PL-0299,PO-PL-8732,82448.4,Input,Ready,None,No,Raw_GL_Export_With_CostCenters_Mar2026_IBMBOB_Enhanced.csv
IBM BOB 1 - Group P&L,2026-06,TXN004508,FJI01,2026-06-24,5910,Other income / expense,Interest expense,Finance,CORP,Corporate Head Office,Qantas Commercial,BOB-PL-0300,PO-PL-2818,92029.67,Input,Pending review,None,No,Raw_GL_Export_With_CostCenters_Mar2026_IBMBOB_Enhanced.csv
IBM BOB 1 - Group P&L,2026-06,TXN004509,NZL01,2026-06-14,5300,General and administrative,Professional services,External,CORP,Corporate Head Office,Qantas Commercial,BOB-PL-0301,PO-PL-4379,97229.14,Input,Ready,None,Yes,Raw_GL_Export_With_CostCenters_Mar2026_IBMBOB_Enhanced.csv
IBM BOB 1 - Group P&L,2026-06,TXN004510,AUS01,2026-06-03,5320,General and administrative,Audit fees,External,FIN,Finance & Accounting,Oracle,BOB-PL-0302,PO-PL-3357,165760.11,Input,Ready,High variance,No,Raw_GL_Export_With_CostCenters_Mar2026_IBMBOB_Enhanced.csv
IBM BOB 1 - Group P&L,2026-06,TXN004511,PNG01,2026-06-08,5110,Other operating expenses,Utilities,Facilities,TAS,Tasmania Operations,Deloitte,BOB-PL-0303,PO-PL-3412,188183.9,Input,Pending review,None,No,Raw_GL_Export_With_CostCenters_Mar2026_IBMBOB_Enhanced.csv
IBM BOB 1 - Group P&L,2026-06,TXN004512,AUS01,2026-06-15,5200,Research and development,Software licenses,IT,OPS,Operations & Logistics,Officeworks,BOB-PL-0304,PO-PL-2899,149984.95,Input,Ready,None,No,Raw_GL_Export_With_CostCenters_Mar2026_IBMBOB_Enhanced.csv
IBM BOB 1 - Group P&L,2026-06,TXN004513,NZL01,2026-06-12,2210,Tax provision,Income tax payable,Current Liabilities,QLD,Queensland Operations,Oracle,BOB-PL-0305,PO-PL-6455,96503.85,Input,Ready,None,No,Raw_GL_Export_With_CostCenters_Mar2026_IBMBOB_Enhanced.csv
IBM BOB 1 - Group P&L,2026-06,TXN004514,PNG01,2026-06-27,5000,General and administrative,Salaries and wages,Personnel,MKT,Marketing & Sales,Melbourne Airport,BOB-PL-0306,PO-PL-1285,167330.46,Input,Pending review,None,Yes,Raw_GL_Export_With_CostCenters_Mar2026_IBMBOB_Enhanced.csv
IBM BOB 1 - Group P&L,2026-06,TXN004515,AUS01,2026-06-17,5200,Research and development,Software licenses,IT,QLD,Queensland Operations,QBE Insurance,BOB-PL-0307,PO-PL-7509,140830.97,Input,Ready,High variance,Yes,Raw_GL_Export_With_CostCenters_Mar2026_IBMBOB_Enhanced.csv
IBM BOB 1 - Group P&L,2026-06,TXN004516,AUS01,2026-06-01,6000,Cost of revenue,Cost of goods sold,COGS,CORP,Corporate Head Office,Salesforce,BOB-PL-0308,PO-PL-8753,106609.22,Input,Ready,None,No,Raw_GL_Export_With_CostCenters_Mar2026_IBMBOB_Enhanced.csv
IBM BOB 1 - Group P&L,2026-06,TXN004517,NZL01,2026-06-05,6010,Cost of revenue,Direct materials,COGS,IT,Information Technology,Deloitte,BOB-PL-0309,PO-PL-9013,21736.06,Input,Ready,None,Yes,Raw_GL_Export_With_CostCenters_Mar2026_IBMBOB_Enhanced.csv
IBM BOB 1 - Group P&L,2026-06,TXN004518,AUS01,2026-06-21,5700,Research and development,Training,Development,TAS,Tasmania Operations,Energy Australia,BOB-PL-0310,PO-PL-2811,90374.28,Input,Ready,High variance,No,Raw_GL_Export_With_CostCenters_Mar2026_IBMBOB_Enhanced.csv
IBM BOB 1 - Group P&L,2026-06,TXN004519,PNG01,2026-06-31,4100,Other income / expense,Interest income,Non-Operating Revenue,SA,South Australia Operations,Energy Australia,BOB-PL-0311,PO-PL-2272,185164.33,Input,Ready,High variance,Yes,Raw_GL_Export_With_CostCenters_Mar2026_IBMBOB_Enhanced.csv
IBM BOB 1 - Group P&L,2026-06,TXN004520,AUS01,2026-06-17,4000,Revenue,Product sales,Operating Revenue,IT,Information Technology,Deloitte,BOB-PL-0312,PO-PL-8509,53205.33,Input,Ready,None,No,Raw_GL_Export_With_CostCenters_Mar2026_IBMBOB_Enhanced.csv
IBM BOB 1 - Group P&L,2026-06,TXN004521,AUS01,2026-06-05,6030,Cost of revenue,Manufacturing overhead,COGS,SA,South Australia Operations,Salesforce,BOB-PL-0313,PO-PL-9793,64193.12,Input,Ready,None,Yes,Raw_GL_Export_With_CostCenters_Mar2026_IBMBOB_Enhanced.csv
IBM BOB 1 - Group P&L,2026-06,TXN004522,PNG01,2026-06-24,5300,General and administrative,Professional services,External,NT,Northern Territory Operations,Salesforce,BOB-PL-0314,PO-PL-9442,39748.16,Input,Pending review,None,Yes,Raw_GL_Export_With_CostCenters_Mar2026_IBMBOB_Enhanced.csv
IBM BOB 1 - Group P&L,2026-06,TXN004523,PNG01,2026-06-13,2210,Tax provision,Income tax payable,Current Liabilities,WA,Western Australia Operations,Salesforce,BOB-PL-0315,PO-PL-3644,189472.6,Input,Pending review,High variance,No,Raw_GL_Export_With_CostCenters_Mar2026_IBMBOB_Enhanced.csv
IBM BOB 1 - Group P&L,2026-06,TXN004524,PNG01,2026-06-19,2210,Tax provision,Income tax payable,Current Liabilities,NT,Northern Territory Operations,AWS,BOB-PL-0316,PO-PL-5532,52309.96,Input,Ready,None,No,Raw_GL_Export_With_CostCenters_Mar2026_IBMBOB_Enhanced.csv
IBM BOB 1 - Group P&L,2026-06,TXN004525,NZL01,2026-06-23,5520,Sales and marketing,Events,Sales,TAS,Tasmania Operations,Google Ads,BOB-PL-0317,PO-PL-7803,20732.83,Input,Ready,None,Yes,Raw_GL_Export_With_CostCenters_Mar2026_IBMBOB_Enhanced.csv
IBM BOB 1 - Group P&L,2026-06,TXN004526,PNG01,2026-06-21,5010,General and administrative,Employee benefits,Personnel,ACT,Australian Capital Territory,Snowflake,BOB-PL-0318,PO-PL-7321,162708.81,Input,Ready,None,No,Raw_GL_Export_With_CostCenters_Mar2026_IBMBOB_Enhanced.csv
IBM BOB 1 - Group P&L,2026-06,TXN004527,PNG01,2026-06-26,4000,Revenue,Product sales,Operating Revenue,ACT,Australian Capital Territory,Qantas Commercial,BOB-PL-0319,PO-PL-4139,200815.54,Input,Ready,None,No,Raw_GL_Export_With_CostCenters_Mar2026_IBMBOB_Enhanced.csv
IBM BOB 1 - Group P&L,2026-06,TXN004528,PNG01,2026-06-14,5500,Sales and marketing,Campaign spend,Sales,SA,South Australia Operations,LinkedIn,BOB-PL-0320,PO-PL-9385,85577.04,Input,Ready,High variance,No,Raw_GL_Export_With_CostCenters_Mar2026_IBMBOB_Enhanced.csv
IBM BOB 1 - Group P&L,2026-06,TXN004529,FJI01,2026-06-08,4100,Other income / expense,Interest income,Non-Operating Revenue,OPS,Operations & Logistics,QBE Insurance,BOB-PL-0321,PO-PL-5412,169228.47,Input,Ready,None,No,Raw_GL_Export_With_CostCenters_Mar2026_IBMBOB_Enhanced.csv
IBM BOB 1 - Group P&L,2026-06,TXN004530,PNG01,2026-06-15,4000,Revenue,Product sales,Operating Revenue,QLD,Queensland Operations,Qantas Commercial,BOB-PL-0322,PO-PL-1648,169707.51,Input,Ready,None,No,Raw_GL_Export_With_CostCenters_Mar2026_IBMBOB_Enhanced.csv
IBM BOB 1 - Group P&L,2026-06,TXN004531,NZL01,2026-06-10,6000,Cost of revenue,Cost of goods sold,COGS,NSW,New South Wales Operations,Officeworks,BOB-PL-0323,PO-PL-8289,62160.5,Input,Ready,None,No,Raw_GL_Export_With_CostCenters_Mar2026_IBMBOB_Enhanced.csv
IBM BOB 1 - Group P&L,2026-06,TXN004532,AUS01,2026-06-25,5100,Other operating expenses,Office rent,Facilities,NSW,New South Wales Operations,Deloitte,BOB-PL-0324,PO-PL-2897,138052.33,Input,Pending review,High variance,Yes,Raw_GL_Export_With_CostCenters_Mar2026_IBMBOB_Enhanced.csv
IBM BOB 1 - Group P&L,2026-06,TXN004533,NZL01,2026-06-07,5120,Other operating expenses,Office supplies,Facilities,NT,Northern Territory Operations,LinkedIn,BOB-PL-0325,PO-PL-1899,10404.17,Input,Ready,None,No,Raw_GL_Export_With_CostCenters_Mar2026_IBMBOB_Enhanced.csv
IBM BOB 1 - Group P&L,2026-06,TXN004534,AUS01,2026-06-23,5700,Research and development,Training,Development,R&D,Research & Development,SAP Australia,BOB-PL-0326,PO-PL-7189,198994.99,Input,Ready,None,No,Raw_GL_Export_With_CostCenters_Mar2026_IBMBOB_Enhanced.csv
IBM BOB 1 - Group P&L,2026-06,TXN004535,FJI01,2026-06-09,6010,Cost of revenue,Direct materials,COGS,WA,Western Australia Operations,Oracle,BOB-PL-0327,PO-PL-8639,66363.24,Input,Pending review,High variance,Yes,Raw_GL_Export_With_CostCenters_Mar2026_IBMBOB_Enhanced.csv
IBM BOB 1 - Group P&L,2026-06,TXN004536,NZL01,2026-06-28,5700,Research and development,Training,Development,WA,Western Australia Operations,Salesforce,BOB-PL-0328,PO-PL-8039,24800.78,Input,Ready,None,No,Raw_GL_Export_With_CostCenters_Mar2026_IBMBOB_Enhanced.csv
IBM BOB 1 - Group P&L,2026-06,TXN004537,PNG01,2026-06-24,5920,Other income / expense,FX Loss,Finance,ACT,Australian Capital Territory,LinkedIn,BOB-PL-0329,PO-PL-1358,48602.75,Input,Ready,High variance,No,Raw_GL_Export_With_CostCenters_Mar2026_IBMBOB_Enhanced.csv
IBM BOB 1 - Group P&L,2026-06,TXN004538,PNG01,2026-06-25,2210,Tax provision,Income tax payable,Current Liabilities,NT,Northern Territory Operations,Snowflake,BOB-PL-0330,PO-PL-6463,198064.84,Input,Ready,None,No,Raw_GL_Export_With_CostCenters_Mar2026_IBMBOB_Enhanced.csv
IBM BOB 1 - Group P&L,2026-06,TXN004539,NZL01,2026-06-09,5000,General and administrative,Salaries and wages,Personnel,VIC,Victoria Operations,Officeworks,BOB-PL-0331,PO-PL-1477,134671.83,Input,Ready,None,No,Raw_GL_Export_With_CostCenters_Mar2026_IBMBOB_Enhanced.csv
IBM BOB 1 - Group P&L,2026-06,TXN004540,FJI01,2026-06-22,2210,Tax provision,Income tax payable,Current Liabilities,QLD,Queensland Operations,Officeworks,BOB-PL-0332,PO-PL-2179,159778.73,Input,Ready,None,Yes,Raw_GL_Export_With_CostCenters_Mar2026_IBMBOB_Enhanced.csv
IBM BOB 1 - Group P&L,2026-06,TXN004541,AUS01,2026-06-05,2210,Tax provision,Income tax payable,Current Liabilities,NSW,New South Wales Operations,LinkedIn,BOB-PL-0333,PO-PL-7863,126612.34,Input,Ready,High variance,Yes,Raw_GL_Export_With_CostCenters_Mar2026_IBMBOB_Enhanced.csv
IBM BOB 1 - Group P&L,2026-06,TXN004542,AUS01,2026-06-25,2210,Tax provision,Income tax payable,Current Liabilities,HR,Human Resources,Qantas Commercial,BOB-PL-0334,PO-PL-7932,177768.63,Input,Ready,None,No,Raw_GL_Export_With_CostCenters_Mar2026_IBMBOB_Enhanced.csv
IBM BOB 1 - Group P&L,2026-06,TXN004543,FJI01,2026-06-11,5920,Other income / expense,FX Loss,Finance,SA,South Australia Operations,Qantas Commercial,BOB-PL-0335,PO-PL-8829,63689.58,Input,Ready,None,No,Raw_GL_Export_With_CostCenters_Mar2026_IBMBOB_Enhanced.csv
IBM BOB 1 - Group P&L,2026-06,TXN004544,NZL01,2026-06-07,5210,Research and development,Cloud services,IT,OPS,Operations & Logistics,Officeworks,BOB-PL-0336,PO-PL-7982,112944.22,Input,Ready,None,No,Raw_GL_Export_With_CostCenters_Mar2026_IBMBOB_Enhanced.csv
IBM BOB 1 - Group P&L,2026-06,TXN004545,PNG01,2026-06-24,5200,Research and development,Software licenses,IT,FIN,Finance & Accounting,IBM Australia,BOB-PL-0337,PO-PL-5557,198377.36,Input,Ready,High variance,No,Raw_GL_Export_With_CostCenters_Mar2026_IBMBOB_Enhanced.csv
IBM BOB 1 - Group P&L,2026-06,TXN004546,AUS01,2026-06-10,5910,Other income / expense,Interest expense,Finance,CORP,Corporate Head Office,AWS,BOB-PL-0338,PO-PL-8158,88305.58,Input,Pending review,None,No,Raw_GL_Export_With_CostCenters_Mar2026_IBMBOB_Enhanced.csv
IBM BOB 1 - Group P&L,2026-06,TXN004547,AUS01,2026-06-10,5920,Other income / expense,FX Loss,Finance,ACT,Australian Capital Territory,Snowflake,BOB-PL-0339,PO-PL-9583,9647.09,Input,Ready,High variance,Yes,Raw_GL_Export_With_CostCenters_Mar2026_IBMBOB_Enhanced.csv
IBM BOB 1 - Group P&L,2026-06,TXN004548,FJI01,2026-06-28,5920,Other income / expense,FX Loss,Finance,R&D,Research & Development,Melbourne Airport,BOB-PL-0340,PO-PL-9697,45948.68,Input,Ready,None,No,Raw_GL_Export_With_CostCenters_Mar2026_IBMBOB_Enhanced.csv
IBM BOB 1 - Group P&L,2026-06,TXN004549,PNG01,2026-06-09,4010,Revenue,Service revenue,Operating Revenue,WA,Western Australia Operations,AWS,BOB-PL-0341,PO-PL-7170,457062.02,Input,Ready,None,No,Raw_GL_Export_With_CostCenters_Mar2026_IBMBOB_Enhanced.csv
IBM BOB 1 - Group P&L,2026-06,TXN004550,PNG01,2026-06-06,5920,Other income / expense,FX Loss,Finance,SA,South Australia Operations,Oracle,BOB-PL-0342,PO-PL-2862,47174.1,Input,Ready,None,No,Raw_GL_Export_With_CostCenters_Mar2026_IBMBOB_Enhanced.csv
IBM BOB 1 - Group P&L,2026-06,TXN004551,FJI01,2026-06-14,4100,Other income / expense,Interest income,Non-Operating Revenue,QLD,Queensland Operations,Qantas Commercial,BOB-PL-0343,PO-PL-5222,165815.84,Input,Ready,None,No,Raw_GL_Export_With_CostCenters_Mar2026_IBMBOB_Enhanced.csv
IBM BOB 1 - Group P&L,2026-06,TXN004552,NZL01,2026-06-29,5110,Other operating expenses,Utilities,Facilities,HR,Human Resources,Deloitte,BOB-PL-0344,PO-PL-3360,107712.77,Input,Pending review,None,No,Raw_GL_Export_With_CostCenters_Mar2026_IBMBOB_Enhanced.csv
IBM BOB 1 - Group P&L,2026-06,TXN004553,NZL01,2026-06-21,5100,Other operating expenses,Office rent,Facilities,CORP,Corporate Head Office,LinkedIn,BOB-PL-0345,PO-PL-6100,63143.74,Input,Ready,None,Yes,Raw_GL_Export_With_CostCenters_Mar2026_IBMBOB_Enhanced.csv
IBM BOB 1 - Group P&L,2026-06,TXN004554,FJI01,2026-06-30,5000,General and administrative,Salaries and wages,Personnel,IT,Information Technology,Oracle,BOB-PL-0346,PO-PL-2708,70242.07,Input,Pending review,None,No,Raw_GL_Export_With_CostCenters_Mar2026_IBMBOB_Enhanced.csv
IBM BOB 1 - Group P&L,2026-06,TXN004555,NZL01,2026-06-08,5500,Sales and marketing,Campaign spend,Sales,VIC,Victoria Operations,LinkedIn,BOB-PL-0347,PO-PL-1807,79181.75,Input,Ready,None,No,Raw_GL_Export_With_CostCenters_Mar2026_IBMBOB_Enhanced.csv
IBM BOB 1 - Group P&L,2026-06,TXN004556,FJI01,2026-06-29,5120,Other operating expenses,Office supplies,Facilities,VIC,Victoria Operations,Snowflake,BOB-PL-0348,PO-PL-5347,66017.52,Input,Ready,High variance,No,Raw_GL_Export_With_CostCenters_Mar2026_IBMBOB_Enhanced.csv
IBM BOB 1 - Group P&L,2026-06,TXN004557,AUS01,2026-06-02,4000,Revenue,Product sales,Operating Revenue,VIC,Victoria Operations,Energy Australia,BOB-PL-0349,PO-PL-1243,182591.82,Input,Ready,None,No,Raw_GL_Export_With_CostCenters_Mar2026_IBMBOB_Enhanced.csv
IBM BOB 1 - Group P&L,2026-06,TXN004558,NZL01,2026-06-22,5120,Other operating expenses,Office supplies,Facilities,ACT,Australian Capital Territory,SAP Australia,BOB-PL-0350,PO-PL-8921,54067.77,Input,Ready,None,No,Raw_GL_Export_With_CostCenters_Mar2026_IBMBOB_Enhanced.csv
IBM BOB 1 - Group P&L,2026-06,TXN004559,PNG01,2026-06-10,5520,Sales and marketing,Events,Sales,NSW,New South Wales Operations,Salesforce,BOB-PL-0351,PO-PL-2722,55914.3,Input,Ready,High variance,No,Raw_GL_Export_With_CostCenters_Mar2026_IBMBOB_Enhanced.csv
IBM BOB 1 - Group P&L,2026-06,TXN004560,AUS01,2026-06-12,5920,Other income / expense,FX Loss,Finance,OPS,Operations & Logistics,Deloitte,BOB-PL-0352,PO-PL-2497,170468.96,Input,Pending review,High variance,No,Raw_GL_Export_With_CostCenters_Mar2026_IBMBOB_Enhanced.csv
IBM BOB 1 - Group P&L,2026-06,TXN004561,AUS01,2026-06-18,2210,Tax provision,Income tax payable,Current Liabilities,R&D,Research & Development,Salesforce,BOB-PL-0353,PO-PL-3555,29742.95,Input,Ready,None,No,Raw_GL_Export_With_CostCenters_Mar2026_IBMBOB_Enhanced.csv
IBM BOB 1 - Group P&L,2026-06,TXN004562,PNG01,2026-06-17,4010,Revenue,Service revenue,Operating Revenue,TAS,Tasmania Operations,Qantas Commercial,BOB-PL-0354,PO-PL-2043,131126.84,Input,Ready,None,No,Raw_GL_Export_With_CostCenters_Mar2026_IBMBOB_Enhanced.csv
IBM BOB 1 - Group P&L,2026-06,TXN004563,FJI01,2026-06-11,5520,Sales and marketing,Events,Sales,MKT,Marketing & Sales,Snowflake,BOB-PL-0355,PO-PL-2701,116914.6,Input,Ready,None,No,Raw_GL_Export_With_CostCenters_Mar2026_IBMBOB_Enhanced.csv
IBM BOB 1 - Group P&L,2026-06,TXN004564,PNG01,2026-06-02,2210,Tax provision,Income tax payable,Current Liabilities,IT,Information Technology,AWS,BOB-PL-0356,PO-PL-2945,100939.2,Input,Pending review,None,No,Raw_GL_Export_With_CostCenters_Mar2026_IBMBOB_Enhanced.csv
IBM BOB 1 - Group P&L,2026-06,TXN004565,PNG01,2026-06-09,4000,Revenue,Product sales,Operating Revenue,TAS,Tasmania Operations,Oracle,BOB-PL-0357,PO-PL-3409,122278.63,Input,Ready,High variance,No,Raw_GL_Export_With_CostCenters_Mar2026_IBMBOB_Enhanced.csv
IBM BOB 1 - Group P&L,2026-06,TXN004566,AUS01,2026-06-15,5520,Sales and marketing,Events,Sales,TAS,Tasmania Operations,LinkedIn,BOB-PL-0358,PO-PL-2638,3486.51,Input,Ready,None,No,Raw_GL_Export_With_CostCenters_Mar2026_IBMBOB_Enhanced.csv
IBM BOB 1 - Group P&L,2026-06,TXN004567,FJI01,2026-06-02,5200,Research and development,Software licenses,IT,ACT,Australian Capital Territory,Melbourne Airport,BOB-PL-0359,PO-PL-1778,54879.97,Input,Pending review,High variance,No,Raw_GL_Export_With_CostCenters_Mar2026_IBMBOB_Enhanced.csv
IBM BOB 1 - Group P&L,2026-06,TXN004568,NZL01,2026-06-31,6030,Cost of revenue,Manufacturing overhead,COGS,SA,South Australia Operations,Oracle,BOB-PL-0360,PO-PL-4313,37619.71,Input,Ready,None,No,Raw_GL_Export_With_CostCenters_Mar2026_IBMBOB_Enhanced.csv
IBM BOB 1 - Group P&L,2026-06,TXN004569,FJI01,2026-06-15,4000,Revenue,Product sales,Operating Revenue,VIC,Victoria Operations,Snowflake,BOB-PL-0361,PO-PL-8655,73640.3,Input,Ready,None,No,Raw_GL_Export_With_CostCenters_Mar2026_IBMBOB_Enhanced.csv
IBM BOB 1 - Group P&L,2026-06,TXN004570,AUS01,2026-06-27,4020,Revenue,Subscription revenue,Operating Revenue,OPS,Operations & Logistics,Oracle,BOB-PL-0362,PO-PL-9557,265233.26,Input,Pending review,None,Yes,Raw_GL_Export_With_CostCenters_Mar2026_IBMBOB_Enhanced.csv
IBM BOB 1 - Group P&L,2026-06,TXN004571,NZL01,2026-06-08,5210,Research and development,Cloud services,IT,SA,South Australia Operations,Salesforce,BOB-PL-0363,PO-PL-8807,80238.48,Input,Ready,None,No,Raw_GL_Export_With_CostCenters_Mar2026_IBMBOB_Enhanced.csv
IBM BOB 1 - Group P&L,2026-06,TXN004572,PNG01,2026-06-10,5910,Other income / expense,Interest expense,Finance,R&D,Research & Development,AWS,BOB-PL-0364,PO-PL-1950,143885.92,Input,Ready,None,No,Raw_GL_Export_With_CostCenters_Mar2026_IBMBOB_Enhanced.csv
IBM BOB 1 - Group P&L,2026-06,TXN004573,AUS01,2026-06-02,2210,Tax provision,Income tax payable,Current Liabilities,ACT,Australian Capital Territory,QBE Insurance,BOB-PL-0365,PO-PL-5517,35565.29,Input,Ready,None,Yes,Raw_GL_Export_With_CostCenters_Mar2026_IBMBOB_Enhanced.csv
IBM BOB 1 - Group P&L,2026-06,TXN004574,AUS01,2026-06-27,5520,Sales and marketing,Events,Sales,HR,Human Resources,IBM Australia,BOB-PL-0366,PO-PL-6354,54587.21,Input,Ready,None,No,Raw_GL_Export_With_CostCenters_Mar2026_IBMBOB_Enhanced.csv
IBM BOB 1 - Group P&L,2026-06,TXN004575,PNG01,2026-06-29,6000,Cost of revenue,Cost of goods sold,COGS,NT,Northern Territory Operations,Google Ads,BOB-PL-0367,PO-PL-6848,47553.68,Input,Ready,High variance,No,Raw_GL_Export_With_CostCenters_Mar2026_IBMBOB_Enhanced.csv
IBM BOB 1 - Group P&L,2026-06,TXN004576,PNG01,2026-06-25,6010,Cost of revenue,Direct materials,COGS,SA,South Australia Operations,SAP Australia,BOB-PL-0368,PO-PL-4646,80604.04,Input,Ready,High variance,Yes,Raw_GL_Export_With_CostCenters_Mar2026_IBMBOB_Enhanced.csv
IBM BOB 1 - Group P&L,2026-06,TXN004577,NZL01,2026-06-04,5110,Other operating expenses,Utilities,Facilities,TAS,Tasmania Operations,LinkedIn,BOB-PL-0369,PO-PL-9828,104600.98,Input,Pending review,None,No,Raw_GL_Export_With_CostCenters_Mar2026_IBMBOB_Enhanced.csv
IBM BOB 1 - Group P&L,2026-06,TXN004578,AUS01,2026-06-21,5700,Research and development,Training,Development,HR,Human Resources,QBE Insurance,BOB-PL-0370,PO-PL-9625,131906.59,Input,Pending review,High variance,No,Raw_GL_Export_With_CostCenters_Mar2026_IBMBOB_Enhanced.csv
IBM BOB 1 - Group P&L,2026-06,TXN004579,PNG01,2026-06-13,4010,Revenue,Service revenue,Operating Revenue,FIN,Finance & Accounting,Salesforce,BOB-PL-0371,PO-PL-5608,476804.5,Input,Ready,None,No,Raw_GL_Export_With_CostCenters_Mar2026_IBMBOB_Enhanced.csv
IBM BOB 1 - Group P&L,2026-06,TXN004580,FJI01,2026-06-21,5510,Sales and marketing,Advertising,Sales,VIC,Victoria Operations,Google Ads,BOB-PL-0372,PO-PL-1376,178829.25,Input,Ready,None,No,Raw_GL_Export_With_CostCenters_Mar2026_IBMBOB_Enhanced.csv
IBM BOB 1 - Group P&L,2026-06,TXN004581,FJI01,2026-06-26,5200,Research and development,Software licenses,IT,OPS,Operations & Logistics,Microsoft,BOB-PL-0373,PO-PL-1979,18963.37,Input,Ready,None,Yes,Raw_GL_Export_With_CostCenters_Mar2026_IBMBOB_Enhanced.csv
IBM BOB 1 - Group P&L,2026-06,TXN004582,NZL01,2026-06-15,5200,Research and development,Software licenses,IT,TAS,Tasmania Operations,Energy Australia,BOB-PL-0374,PO-PL-9996,89319.67,Input,Ready,None,No,Raw_GL_Export_With_CostCenters_Mar2026_IBMBOB_Enhanced.csv
IBM BOB 1 - Group P&L,2026-06,TXN004583,FJI01,2026-06-31,2210,Tax provision,Income tax payable,Current Liabilities,HR,Human Resources,IBM Australia,BOB-PL-0375,PO-PL-1779,84708.36,Input,Ready,None,No,Raw_GL_Export_With_CostCenters_Mar2026_IBMBOB_Enhanced.csv
IBM BOB 1 - Group P&L,2026-06,TXN004584,AUS01,2026-06-18,5700,Research and development,Training,Development,OPS,Operations & Logistics,Officeworks,BOB-PL-0376,PO-PL-5200,112486.09,Input,Ready,None,No,Raw_GL_Export_With_CostCenters_Mar2026_IBMBOB_Enhanced.csv
IBM BOB 1 - Group P&L,2026-06,TXN004585,PNG01,2026-06-31,5510,Sales and marketing,Advertising,Sales,VIC,Victoria Operations,SAP Australia,BOB-PL-0377,PO-PL-7691,13114.43,Input,Ready,High variance,No,Raw_GL_Export_With_CostCenters_Mar2026_IBMBOB_Enhanced.csv
IBM BOB 1 - Group P&L,2026-06,TXN004586,FJI01,2026-06-25,6000,Cost of revenue,Cost of goods sold,COGS,R&D,Research & Development,Melbourne Airport,BOB-PL-0378,PO-PL-3157,120718.26,Input,Ready,None,No,Raw_GL_Export_With_CostCenters_Mar2026_IBMBOB_Enhanced.csv
IBM BOB 1 - Group P&L,2026-06,TXN004587,PNG01,2026-06-01,5910,Other income / expense,Interest expense,Finance,MKT,Marketing & Sales,Melbourne Airport,BOB-PL-0379,PO-PL-9156,111749.82,Input,Ready,High variance,No,Raw_GL_Export_With_CostCenters_Mar2026_IBMBOB_Enhanced.csv
IBM BOB 1 - Group P&L,2026-06,TXN004588,AUS01,2026-06-11,5700,Research and development,Training,Development,QLD,Queensland Operations,Oracle,BOB-PL-0380,PO-PL-1613,106333.5,Input,Ready,None,No,Raw_GL_Export_With_CostCenters_Mar2026_IBMBOB_Enhanced.csv
IBM BOB 1 - Group P&L,2026-06,TXN004589,FJI01,2026-06-06,5910,Other income / expense,Interest expense,Finance,NT,Northern Territory Operations,Qantas Commercial,BOB-PL-0381,PO-PL-3205,121630.89,Input,Ready,None,No,Raw_GL_Export_With_CostCenters_Mar2026_IBMBOB_Enhanced.csv
IBM BOB 1 - Group P&L,2026-06,TXN004590,AUS01,2026-06-26,2210,Tax provision,Income tax payable,Current Liabilities,FIN,Finance & Accounting,Qantas Commercial,BOB-PL-0382,PO-PL-4850,90970.84,Input,Ready,None,No,Raw_GL_Export_With_CostCenters_Mar2026_IBMBOB_Enhanced.csv
IBM BOB 1 - Group P&L,2026-06,TXN004591,FJI01,2026-06-20,5700,Research and development,Training,Development,SA,South Australia Operations,LinkedIn,BOB-PL-0383,PO-PL-9398,178681.36,Input,Ready,None,No,Raw_GL_Export_With_CostCenters_Mar2026_IBMBOB_Enhanced.csv
IBM BOB 1 - Group P&L,2026-06,TXN004592,FJI01,2026-06-25,6030,Cost of revenue,Manufacturing overhead,COGS,NSW,New South Wales Operations,Melbourne Airport,BOB-PL-0384,PO-PL-8308,128700.67,Input,Ready,None,No,Raw_GL_Export_With_CostCenters_Mar2026_IBMBOB_Enhanced.csv
IBM BOB 1 - Group P&L,2026-06,TXN004593,FJI01,2026-06-12,2210,Tax provision,Income tax payable,Current Liabilities,R&D,Research & Development,IBM Australia,BOB-PL-0385,PO-PL-3912,89894.7,Input,Ready,None,Yes,Raw_GL_Export_With_CostCenters_Mar2026_IBMBOB_Enhanced.csv
IBM BOB 1 - Group P&L,2026-06,TXN004594,FJI01,2026-06-27,5510,Sales and marketing,Advertising,Sales,IT,Information Technology,Salesforce,BOB-PL-0386,PO-PL-8118,150373.34,Input,Ready,None,No,Raw_GL_Export_With_CostCenters_Mar2026_IBMBOB_Enhanced.csv
IBM BOB 1 - Group P&L,2026-06,TXN004595,PNG01,2026-06-09,4010,Revenue,Service revenue,Operating Revenue,HR,Human Resources,LinkedIn,BOB-PL-0387,PO-PL-3939,476219.35,Input,Ready,High variance,Yes,Raw_GL_Export_With_CostCenters_Mar2026_IBMBOB_Enhanced.csv
IBM BOB 1 - Group P&L,2026-06,TXN004596,AUS01,2026-06-15,5010,General and administrative,Employee benefits,Personnel,WA,Western Australia Operations,QBE Insurance,BOB-PL-0388,PO-PL-3141,183530.17,Input,Pending review,None,No,Raw_GL_Export_With_CostCenters_Mar2026_IBMBOB_Enhanced.csv
IBM BOB 1 - Group P&L,2026-06,TXN004597,FJI01,2026-06-30,5500,Sales and marketing,Campaign spend,Sales,OPS,Operations & Logistics,Snowflake,BOB-PL-0389,PO-PL-2323,178301.62,Input,Ready,High variance,No,Raw_GL_Export_With_CostCenters_Mar2026_IBMBOB_Enhanced.csv
IBM BOB 1 - Group P&L,2026-06,TXN004598,AUS01,2026-06-27,4020,Revenue,Subscription revenue,Operating Revenue,HR,Human Resources,LinkedIn,BOB-PL-0390,PO-PL-1552,347104.21,Input,Ready,None,Yes,Raw_GL_Export_With_CostCenters_Mar2026_IBMBOB_Enhanced.csv
IBM BOB 1 - Group P&L,2026-06,TXN004599,NZL01,2026-06-03,5300,General and administrative,Professional services,External,IT,Information Technology,Melbourne Airport,BOB-PL-0391,PO-PL-3262,168666.82,Input,Ready,None,Yes,Raw_GL_Export_With_CostCenters_Mar2026_IBMBOB_Enhanced.csv
IBM BOB 1 - Group P&L,2026-06,TXN004600,PNG01,2026-06-19,6030,Cost of revenue,Manufacturing overhead,COGS,FIN,Finance & Accounting,Google Ads,BOB-PL-0392,PO-PL-9536,51187.85,Input,Ready,None,No,Raw_GL_Export_With_CostCenters_Mar2026_IBMBOB_Enhanced.csv
IBM BOB 1 - Group P&L,2026-06,TXN004601,PNG01,2026-06-22,5000,General and administrative,Salaries and wages,Personnel,SA,South Australia Operations,IBM Australia,BOB-PL-0393,PO-PL-9162,159744.8,Input,Ready,High variance,No,Raw_GL_Export_With_CostCenters_Mar2026_IBMBOB_Enhanced.csv
IBM BOB 1 - Group P&L,2026-06,TXN004602,AUS01,2026-06-04,5700,Research and development,Training,Development,HR,Human Resources,Oracle,BOB-PL-0394,PO-PL-9222,195399.54,Input,Pending review,High variance,No,Raw_GL_Export_With_CostCenters_Mar2026_IBMBOB_Enhanced.csv
IBM BOB 1 - Group P&L,2026-06,TXN004603,AUS01,2026-06-02,4000,Revenue,Product sales,Operating Revenue,SA,South Australia Operations,LinkedIn,BOB-PL-0395,PO-PL-3626,230374.4,Input,Pending review,High variance,No,Raw_GL_Export_With_CostCenters_Mar2026_IBMBOB_Enhanced.csv
IBM BOB 1 - Group P&L,2026-06,TXN004604,NZL01,2026-06-03,2210,Tax provision,Income tax payable,Current Liabilities,QLD,Queensland Operations,Officeworks,BOB-PL-0396,PO-PL-4508,119948.4,Input,Ready,None,Yes,Raw_GL_Export_With_CostCenters_Mar2026_IBMBOB_Enhanced.csv
IBM BOB 1 - Group P&L,2026-06,TXN004605,FJI01,2026-06-13,4010,Revenue,Service revenue,Operating Revenue,MKT,Marketing & Sales,Snowflake,BOB-PL-0397,PO-PL-5009,469157.42,Input,Ready,None,No,Raw_GL_Export_With_CostCenters_Mar2026_IBMBOB_Enhanced.csv
IBM BOB 1 - Group P&L,2026-06,TXN004606,PNG01,2026-06-13,4010,Revenue,Service revenue,Operating Revenue,CORP,Corporate Head Office,Google Ads,BOB-PL-0398,PO-PL-7514,288751.43,Input,Ready,None,No,Raw_GL_Export_With_CostCenters_Mar2026_IBMBOB_Enhanced.csv
IBM BOB 1 - Group P&L,2026-06,TXN004607,AUS01,2026-06-29,2210,Tax provision,Income tax payable,Current Liabilities,TAS,Tasmania Operations,Microsoft,BOB-PL-0399,PO-PL-3801,121757.92,Input,Ready,None,No,Raw_GL_Export_With_CostCenters_Mar2026_IBMBOB_Enhanced.csv
IBM BOB 1 - Group P&L,2026-06,TXN004608,AUS01,2026-06-16,5510,Sales and marketing,Advertising,Sales,CORP,Corporate Head Office,Qantas Commercial,BOB-PL-0400,PO-PL-3869,84575.69,Input,Ready,None,No,Raw_GL_Export_With_CostCenters_Mar2026_IBMBOB_Enhanced.csv
IBM BOB 1 - Group P&L,2026-06,TXN004609,NZL01,2026-06-29,5200,Research and development,Software licenses,IT,R&D,Research & Development,Energy Australia,BOB-PL-0401,PO-PL-2441,103603.74,Input,Ready,None,Yes,Raw_GL_Export_With_CostCenters_Mar2026_IBMBOB_Enhanced.csv
IBM BOB 1 - Group P&L,2026-06,TXN004610,NZL01,2026-06-29,5300,General and administrative,Professional services,External,FIN,Finance & Accounting,IBM Australia,BOB-PL-0402,PO-PL-8643,60690.34,Input,Pending review,None,No,Raw_GL_Export_With_CostCenters_Mar2026_IBMBOB_Enhanced.csv
IBM BOB 1 - Group P&L,2026-06,TXN004611,FJI01,2026-06-08,5320,General and administrative,Audit fees,External,VIC,Victoria Operations,Oracle,BOB-PL-0403,PO-PL-9026,25010.41,Input,Ready,None,No,Raw_GL_Export_With_CostCenters_Mar2026_IBMBOB_Enhanced.csv
IBM BOB 1 - Group P&L,2026-06,TXN004612,FJI01,2026-06-08,6020,Cost of revenue,Direct labor,COGS,CORP,Corporate Head Office,IBM Australia,BOB-PL-0404,PO-PL-4397,45363.28,Input,Pending review,None,No,Raw_GL_Export_With_CostCenters_Mar2026_IBMBOB_Enhanced.csv
IBM BOB 1 - Group P&L,2026-06,TXN004613,PNG01,2026-06-12,4100,Other income / expense,Interest income,Non-Operating Revenue,WA,Western Australia Operations,Salesforce,BOB-PL-0405,PO-PL-1624,52706.07,Input,Pending review,None,No,Raw_GL_Export_With_CostCenters_Mar2026_IBMBOB_Enhanced.csv
IBM BOB 1 - Group P&L,2026-06,TXN004614,PNG01,2026-06-16,5910,Other income / expense,Interest expense,Finance,VIC,Victoria Operations,Officeworks,BOB-PL-0406,PO-PL-9642,11437.18,Input,Ready,High variance,No,Raw_GL_Export_With_CostCenters_Mar2026_IBMBOB_Enhanced.csv
IBM BOB 1 - Group P&L,2026-06,TXN004615,FJI01,2026-06-12,5520,Sales and marketing,Events,Sales,MKT,Marketing & Sales,Qantas Commercial,BOB-PL-0407,PO-PL-2009,154244.35,Input,Ready,None,No,Raw_GL_Export_With_CostCenters_Mar2026_IBMBOB_Enhanced.csv
IBM BOB 1 - Group P&L,2026-06,TXN004616,PNG01,2026-06-31,4010,Revenue,Service revenue,Operating Revenue,QLD,Queensland Operations,Oracle,BOB-PL-0408,PO-PL-2812,312751.0,Input,Pending review,None,Yes,Raw_GL_Export_With_CostCenters_Mar2026_IBMBOB_Enhanced.csv
IBM BOB 1 - Group P&L,2026-06,TXN004617,NZL01,2026-06-21,2210,Tax provision,Income tax payable,Current Liabilities,NSW,New South Wales Operations,Microsoft,BOB-PL-0409,PO-PL-6431,23091.02,Input,Ready,None,Yes,Raw_GL_Export_With_CostCenters_Mar2026_IBMBOB_Enhanced.csv
IBM BOB 1 - Group P&L,2026-06,TXN004618,PNG01,2026-06-09,4100,Other income / expense,Interest income,Non-Operating Revenue,R&D,Research & Development,Oracle,BOB-PL-0410,PO-PL-3914,164217.04,Input,Ready,None,No,Raw_GL_Export_With_CostCenters_Mar2026_IBMBOB_Enhanced.csv
IBM BOB 1 - Group P&L,2026-06,TXN004619,NZL01,2026-06-09,5910,Other income / expense,Interest expense,Finance,WA,Western Australia Operations,Qantas Commercial,BOB-PL-0411,PO-PL-6128,184897.1,Input,Ready,None,No,Raw_GL_Export_With_CostCenters_Mar2026_IBMBOB_Enhanced.csv
IBM BOB 1 - Group P&L,2026-06,TXN004620,AUS01,2026-06-31,6000,Cost of revenue,Cost of goods sold,COGS,IT,Information Technology,Oracle,BOB-PL-0412,PO-PL-1429,47750.72,Input,Ready,None,No,Raw_GL_Export_With_CostCenters_Mar2026_IBMBOB_Enhanced.csv
IBM BOB 1 - Group P&L,2026-06,TXN004621,NZL01,2026-06-11,4000,Revenue,Product sales,Operating Revenue,R&D,Research & Development,LinkedIn,BOB-PL-0413,PO-PL-6799,77361.19,Input,Ready,High variance,No,Raw_GL_Export_With_CostCenters_Mar2026_IBMBOB_Enhanced.csv
IBM BOB 1 - Group P&L,2026-06,TXN004622,AUS01,2026-06-01,5000,General and administrative,Salaries and wages,Personnel,FIN,Finance & Accounting,LinkedIn,BOB-PL-0414,PO-PL-7046,53454.92,Input,Ready,None,No,Raw_GL_Export_With_CostCenters_Mar2026_IBMBOB_Enhanced.csv
IBM BOB 1 - Group P&L,2026-06,TXN004623,AUS01,2026-06-23,5210,Research and development,Cloud services,IT,ACT,Australian Capital Territory,Qantas Commercial,BOB-PL-0415,PO-PL-1402,65699.34,Input,Pending review,None,No,Raw_GL_Export_With_CostCenters_Mar2026_IBMBOB_Enhanced.csv
IBM BOB 1 - Group P&L,2026-06,TXN004624,NZL01,2026-06-21,5520,Sales and marketing,Events,Sales,ACT,Australian Capital Territory,QBE Insurance,BOB-PL-0416,PO-PL-6466,26783.21,Input,Ready,None,No,Raw_GL_Export_With_CostCenters_Mar2026_IBMBOB_Enhanced.csv
IBM BOB 1 - Group P&L,2026-06,TXN004625,FJI01,2026-06-28,4100,Other income / expense,Interest income,Non-Operating Revenue,R&D,Research & Development,Salesforce,BOB-PL-0417,PO-PL-7236,147898.55,Input,Pending review,None,No,Raw_GL_Export_With_CostCenters_Mar2026_IBMBOB_Enhanced.csv
IBM BOB 1 - Group P&L,2026-06,TXN004626,FJI01,2026-06-31,6020,Cost of revenue,Direct labor,COGS,IT,Information Technology,Energy Australia,BOB-PL-0418,PO-PL-4168,113272.9,Input,Ready,None,No,Raw_GL_Export_With_CostCenters_Mar2026_IBMBOB_Enhanced.csv
IBM BOB 1 - Group P&L,2026-06,TXN004627,PNG01,2026-06-12,2210,Tax provision,Income tax payable,Current Liabilities,TAS,Tasmania Operations,LinkedIn,BOB-PL-0419,PO-PL-6830,43661.2,Input,Ready,None,No,Raw_GL_Export_With_CostCenters_Mar2026_IBMBOB_Enhanced.csv
IBM BOB 1 - Group P&L,2026-06,TXN004628,NZL01,2026-06-15,5000,General and administrative,Salaries and wages,Personnel,HR,Human Resources,Energy Australia,BOB-PL-0420,PO-PL-4573,151288.82,Input,Ready,None,No,Raw_GL_Export_With_CostCenters_Mar2026_IBMBOB_Enhanced.csv
IBM BOB 1 - Group P&L,2026-06,TXN004629,FJI01,2026-06-03,4100,Other income / expense,Interest income,Non-Operating Revenue,R&D,Research & Development,Officeworks,BOB-PL-0421,PO-PL-2774,440503.63,Input,Ready,None,No,Raw_GL_Export_With_CostCenters_Mar2026_IBMBOB_Enhanced.csv
IBM BOB 1 - Group P&L,2026-06,TXN004630,PNG01,2026-06-19,5520,Sales and marketing,Events,Sales,IT,Information Technology,Deloitte,BOB-PL-0422,PO-PL-9946,72861.02,Input,Ready,High variance,Yes,Raw_GL_Export_With_CostCenters_Mar2026_IBMBOB_Enhanced.csv
IBM BOB 1 - Group P&L,2026-06,TXN004631,PNG01,2026-06-23,6010,Cost of revenue,Direct materials,COGS,IT,Information Technology,LinkedIn,BOB-PL-0423,PO-PL-3766,61123.95,Input,Ready,High variance,No,Raw_GL_Export_With_CostCenters_Mar2026_IBMBOB_Enhanced.csv
IBM BOB 1 - Group P&L,2026-06,TXN004632,AUS01,2026-06-27,5100,Other operating expenses,Office rent,Facilities,IT,Information Technology,AWS,BOB-PL-0424,PO-PL-6097,139076.25,Input,Ready,High variance,No,Raw_GL_Export_With_CostCenters_Mar2026_IBMBOB_Enhanced.csv
IBM BOB 1 - Group P&L,2026-06,TXN004633,FJI01,2026-06-17,6000,Cost of revenue,Cost of goods sold,COGS,SA,South Australia Operations,IBM Australia,BOB-PL-0425,PO-PL-3337,89704.83,Input,Ready,None,Yes,Raw_GL_Export_With_CostCenters_Mar2026_IBMBOB_Enhanced.csv
IBM BOB 1 - Group P&L,2026-06,TXN004634,NZL01,2026-06-04,5520,Sales and marketing,Events,Sales,WA,Western Australia Operations,IBM Australia,BOB-PL-0426,PO-PL-5897,190468.09,Input,Ready,None,No,Raw_GL_Export_With_CostCenters_Mar2026_IBMBOB_Enhanced.csv
IBM BOB 1 - Group P&L,2026-06,TXN004635,NZL01,2026-06-18,2210,Tax provision,Income tax payable,Current Liabilities,IT,Information Technology,Google Ads,BOB-PL-0427,PO-PL-8068,76946.73,Input,Ready,None,No,Raw_GL_Export_With_CostCenters_Mar2026_IBMBOB_Enhanced.csv
IBM BOB 1 - Group P&L,2026-06,TXN004636,FJI01,2026-06-16,4020,Revenue,Subscription revenue,Operating Revenue,VIC,Victoria Operations,Oracle,BOB-PL-0428,PO-PL-2966,396376.89,Input,Ready,None,No,Raw_GL_Export_With_CostCenters_Mar2026_IBMBOB_Enhanced.csv
IBM BOB 1 - Group P&L,2026-06,TXN004637,NZL01,2026-06-07,2210,Tax provision,Income tax payable,Current Liabilities,NSW,New South Wales Operations,Qantas Commercial,BOB-PL-0429,PO-PL-3798,179980.38,Input,Ready,None,Yes,Raw_GL_Export_With_CostCenters_Mar2026_IBMBOB_Enhanced.csv
IBM BOB 1 - Group P&L,2026-06,TXN004638,FJI01,2026-06-05,5500,Sales and marketing,Campaign spend,Sales,SA,South Australia Operations,Energy Australia,BOB-PL-0430,PO-PL-1128,159702.35,Input,Pending review,None,No,Raw_GL_Export_With_CostCenters_Mar2026_IBMBOB_Enhanced.csv
IBM BOB 1 - Group P&L,2026-06,TXN004639,PNG01,2026-06-07,2210,Tax provision,Income tax payable,Current Liabilities,WA,Western Australia Operations,AWS,BOB-PL-0431,PO-PL-4365,161019.48,Input,Ready,None,No,Raw_GL_Export_With_CostCenters_Mar2026_IBMBOB_Enhanced.csv
IBM BOB 1 - Group P&L,2026-06,TXN004640,PNG01,2026-06-04,5920,Other income / expense,FX Loss,Finance,OPS,Operations & Logistics,Salesforce,BOB-PL-0432,PO-PL-2727,42197.97,Input,Ready,High variance,No,Raw_GL_Export_With_CostCenters_Mar2026_IBMBOB_Enhanced.csv
IBM BOB 1 - Group P&L,2026-06,TXN004641,AUS01,2026-06-25,4010,Revenue,Service revenue,Operating Revenue,MKT,Marketing & Sales,LinkedIn,BOB-PL-0433,PO-PL-3923,188586.08,Input,Ready,High variance,No,Raw_GL_Export_With_CostCenters_Mar2026_IBMBOB_Enhanced.csv
IBM BOB 1 - Group P&L,2026-06,TXN004642,FJI01,2026-06-10,4010,Revenue,Service revenue,Operating Revenue,ACT,Australian Capital Territory,Oracle,BOB-PL-0434,PO-PL-8631,381642.96,Input,Ready,None,Yes,Raw_GL_Export_With_CostCenters_Mar2026_IBMBOB_Enhanced.csv
IBM BOB 1 - Group P&L,2026-06,TXN004643,NZL01,2026-06-17,2210,Tax provision,Income tax payable,Current Liabilities,OPS,Operations & Logistics,SAP Australia,BOB-PL-0435,PO-PL-8241,174532.11,Input,Ready,None,Yes,Raw_GL_Export_With_CostCenters_Mar2026_IBMBOB_Enhanced.csv
IBM BOB 1 - Group P&L,2026-06,TXN004644,NZL01,2026-06-07,5700,Research and development,Training,Development,WA,Western Australia Operations,Qantas Commercial,BOB-PL-0436,PO-PL-5753,196573.22,Input,Ready,None,No,Raw_GL_Export_With_CostCenters_Mar2026_IBMBOB_Enhanced.csv
IBM BOB 1 - Group P&L,2026-06,TXN004645,NZL01,2026-06-06,4000,Revenue,Product sales,Operating Revenue,ACT,Australian Capital Territory,Google Ads,BOB-PL-0437,PO-PL-8865,230060.33,Input,Ready,None,No,Raw_GL_Export_With_CostCenters_Mar2026_IBMBOB_Enhanced.csv
IBM BOB 1 - Group P&L,2026-06,TXN004646,PNG01,2026-06-19,6030,Cost of revenue,Manufacturing overhead,COGS,HR,Human Resources,Officeworks,BOB-PL-0438,PO-PL-5432,63590.2,Input,Ready,None,No,Raw_GL_Export_With_CostCenters_Mar2026_IBMBOB_Enhanced.csv
IBM BOB 1 - Group P&L,2026-06,TXN004647,AUS01,2026-06-17,2210,Tax provision,Income tax payable,Current Liabilities,FIN,Finance & Accounting,Melbourne Airport,BOB-PL-0439,PO-PL-5657,176971.39,Input,Ready,None,Yes,Raw_GL_Export_With_CostCenters_Mar2026_IBMBOB_Enhanced.csv
IBM BOB 1 - Group P&L,2026-06,TXN004648,PNG01,2026-06-21,6030,Cost of revenue,Manufacturing overhead,COGS,NT,Northern Territory Operations,Salesforce,BOB-PL-0440,PO-PL-9674,69426.74,Input,Pending review,None,Yes,Raw_GL_Export_With_CostCenters_Mar2026_IBMBOB_Enhanced.csv
IBM BOB 1 - Group P&L,2026-06,TXN004649,AUS01,2026-06-05,6030,Cost of revenue,Manufacturing overhead,COGS,IT,Information Technology,Energy Australia,BOB-PL-0441,PO-PL-2478,109926.59,Input,Ready,None,No,Raw_GL_Export_With_CostCenters_Mar2026_IBMBOB_Enhanced.csv
IBM BOB 1 - Group P&L,2026-06,TXN004650,FJI01,2026-06-12,4020,Revenue,Subscription revenue,Operating Revenue,FIN,Finance & Accounting,SAP Australia,BOB-PL-0442,PO-PL-5985,407994.18,Input,Ready,None,Yes,Raw_GL_Export_With_CostCenters_Mar2026_IBMBOB_Enhanced.csv
IBM BOB 1 - Group P&L,2026-06,TXN004651,PNG01,2026-06-09,5320,General and administrative,Audit fees,External,MKT,Marketing & Sales,Officeworks,BOB-PL-0443,PO-PL-2675,41764.06,Input,Ready,None,No,Raw_GL_Export_With_CostCenters_Mar2026_IBMBOB_Enhanced.csv
IBM BOB 1 - Group P&L,2026-06,TXN004652,FJI01,2026-06-05,4010,Revenue,Service revenue,Operating Revenue,NSW,New South Wales Operations,AWS,BOB-PL-0444,PO-PL-4923,438281.33,Input,Ready,None,No,Raw_GL_Export_With_CostCenters_Mar2026_IBMBOB_Enhanced.csv
IBM BOB 1 - Group P&L,2026-06,TXN004653,NZL01,2026-06-04,5200,Research and development,Software licenses,IT,MKT,Marketing & Sales,Microsoft,BOB-PL-0445,PO-PL-4180,39133.62,Input,Ready,None,Yes,Raw_GL_Export_With_CostCenters_Mar2026_IBMBOB_Enhanced.csv
IBM BOB 1 - Group P&L,2026-06,TXN004654,AUS01,2026-06-20,4000,Revenue,Product sales,Operating Revenue,OPS,Operations & Logistics,QBE Insurance,BOB-PL-0446,PO-PL-8677,358196.22,Input,Ready,None,No,Raw_GL_Export_With_CostCenters_Mar2026_IBMBOB_Enhanced.csv
IBM BOB 1 - Group P&L,2026-06,TXN004655,FJI01,2026-06-05,5300,General and administrative,Professional services,External,VIC,Victoria Operations,Salesforce,BOB-PL-0447,PO-PL-2403,55973.25,Input,Pending review,None,No,Raw_GL_Export_With_CostCenters_Mar2026_IBMBOB_Enhanced.csv
IBM BOB 1 - Group P&L,2026-06,TXN004656,NZL01,2026-06-25,5520,Sales and marketing,Events,Sales,NT,Northern Territory Operations,QBE Insurance,BOB-PL-0448,PO-PL-7555,188891.27,Input,Ready,High variance,No,Raw_GL_Export_With_CostCenters_Mar2026_IBMBOB_Enhanced.csv
IBM BOB 1 - Group P&L,2026-06,TXN004657,AUS01,2026-06-31,5510,Sales and marketing,Advertising,Sales,NSW,New South Wales Operations,AWS,BOB-PL-0449,PO-PL-6936,11331.96,Input,Ready,None,No,Raw_GL_Export_With_CostCenters_Mar2026_IBMBOB_Enhanced.csv
IBM BOB 1 - Group P&L,2026-06,TXN004658,PNG01,2026-06-05,4100,Other income / expense,Interest income,Non-Operating Revenue,TAS,Tasmania Operations,IBM Australia,BOB-PL-0450,PO-PL-7797,317720.8,Input,Pending review,High variance,No,Raw_GL_Export_With_CostCenters_Mar2026_IBMBOB_Enhanced.csv
IBM BOB 1 - Group P&L,2026-06,TXN004659,FJI01,2026-06-13,5920,Other income / expense,FX Loss,Finance,R&D,Research & Development,SAP Australia,BOB-PL-0451,PO-PL-8603,152055.17,Input,Ready,High variance,No,Raw_GL_Export_With_CostCenters_Mar2026_IBMBOB_Enhanced.csv
IBM BOB 1 - Group P&L,2026-06,TXN004660,NZL01,2026-06-04,5120,Other operating expenses,Office supplies,Facilities,IT,Information Technology,IBM Australia,BOB-PL-0452,PO-PL-7344,149163.69,Input,Ready,High variance,No,Raw_GL_Export_With_CostCenters_Mar2026_IBMBOB_Enhanced.csv
IBM BOB 1 - Group P&L,2026-06,TXN004661,AUS01,2026-06-21,5010,General and administrative,Employee benefits,Personnel,OPS,Operations & Logistics,AWS,BOB-PL-0453,PO-PL-3621,126154.11,Input,Pending review,None,No,Raw_GL_Export_With_CostCenters_Mar2026_IBMBOB_Enhanced.csv
IBM BOB 1 - Group P&L,2026-06,TXN004662,NZL01,2026-06-08,5510,Sales and marketing,Advertising,Sales,NT,Northern Territory Operations,Oracle,BOB-PL-0454,PO-PL-1844,13719.98,Input,Ready,None,No,Raw_GL_Export_With_CostCenters_Mar2026_IBMBOB_Enhanced.csv
IBM BOB 1 - Group P&L,2026-06,TXN004663,PNG01,2026-06-17,5700,Research and development,Training,Development,VIC,Victoria Operations,Deloitte,BOB-PL-0455,PO-PL-2621,28787.84,Input,Pending review,None,No,Raw_GL_Export_With_CostCenters_Mar2026_IBMBOB_Enhanced.csv
IBM BOB 1 - Group P&L,2026-06,TXN004664,AUS01,2026-06-30,4000,Revenue,Product sales,Operating Revenue,IT,Information Technology,QBE Insurance,BOB-PL-0456,PO-PL-8796,377990.16,Input,Ready,None,No,Raw_GL_Export_With_CostCenters_Mar2026_IBMBOB_Enhanced.csv
IBM BOB 1 - Group P&L,2026-06,TXN004665,FJI01,2026-06-18,6020,Cost of revenue,Direct labor,COGS,IT,Information Technology,LinkedIn,BOB-PL-0457,PO-PL-8918,134581.59,Input,Ready,None,No,Raw_GL_Export_With_CostCenters_Mar2026_IBMBOB_Enhanced.csv
IBM BOB 1 - Group P&L,2026-06,TXN004666,AUS01,2026-06-18,2210,Tax provision,Income tax payable,Current Liabilities,FIN,Finance & Accounting,Oracle,BOB-PL-0458,PO-PL-8270,160213.23,Input,Pending review,None,Yes,Raw_GL_Export_With_CostCenters_Mar2026_IBMBOB_Enhanced.csv
IBM BOB 1 - Group P&L,2026-06,TXN004667,FJI01,2026-06-04,5510,Sales and marketing,Advertising,Sales,QLD,Queensland Operations,Oracle,BOB-PL-0459,PO-PL-5882,132457.85,Input,Ready,None,No,Raw_GL_Export_With_CostCenters_Mar2026_IBMBOB_Enhanced.csv
IBM BOB 1 - Group P&L,2026-06,TXN004668,FJI01,2026-06-30,5100,Other operating expenses,Office rent,Facilities,VIC,Victoria Operations,Oracle,BOB-PL-0460,PO-PL-7122,168450.5,Input,Ready,High variance,No,Raw_GL_Export_With_CostCenters_Mar2026_IBMBOB_Enhanced.csv
IBM BOB 1 - Group P&L,2026-06,TXN004669,PNG01,2026-06-29,6010,Cost of revenue,Direct materials,COGS,OPS,Operations & Logistics,IBM Australia,BOB-PL-0461,PO-PL-7726,93870.86,Input,Pending review,None,Yes,Raw_GL_Export_With_CostCenters_Mar2026_IBMBOB_Enhanced.csv
IBM BOB 1 - Group P&L,2026-06,TXN004670,AUS01,2026-06-30,5910,Other income / expense,Interest expense,Finance,TAS,Tasmania Operations,Microsoft,BOB-PL-0462,PO-PL-8347,103909.52,Input,Ready,None,No,Raw_GL_Export_With_CostCenters_Mar2026_IBMBOB_Enhanced.csv
IBM BOB 1 - Group P&L,2026-06,TXN004671,NZL01,2026-06-26,5100,Other operating expenses,Office rent,Facilities,R&D,Research & Development,IBM Australia,BOB-PL-0463,PO-PL-4288,40572.89,Input,Pending review,None,No,Raw_GL_Export_With_CostCenters_Mar2026_IBMBOB_Enhanced.csv
IBM BOB 1 - Group P&L,2026-06,TXN004672,NZL01,2026-06-31,4100,Other income / expense,Interest income,Non-Operating Revenue,TAS,Tasmania Operations,LinkedIn,BOB-PL-0464,PO-PL-6899,177895.42,Input,Ready,High variance,Yes,Raw_GL_Export_With_CostCenters_Mar2026_IBMBOB_Enhanced.csv
IBM BOB 1 - Group P&L,2026-06,TXN004673,PNG01,2026-06-18,6030,Cost of revenue,Manufacturing overhead,COGS,SA,South Australia Operations,Oracle,BOB-PL-0465,PO-PL-8053,63408.42,Input,Pending review,High variance,No,Raw_GL_Export_With_CostCenters_Mar2026_IBMBOB_Enhanced.csv
IBM BOB 1 - Group P&L,2026-06,TXN004674,AUS01,2026-06-06,5110,Other operating expenses,Utilities,Facilities,WA,Western Australia Operations,Officeworks,BOB-PL-0466,PO-PL-4993,177691.7,Input,Pending review,None,No,Raw_GL_Export_With_CostCenters_Mar2026_IBMBOB_Enhanced.csv
IBM BOB 1 - Group P&L,2026-06,TXN004675,PNG01,2026-06-23,2210,Tax provision,Income tax payable,Current Liabilities,CORP,Corporate Head Office,Salesforce,BOB-PL-0467,PO-PL-7420,122602.19,Input,Ready,High variance,No,Raw_GL_Export_With_CostCenters_Mar2026_IBMBOB_Enhanced.csv
IBM BOB 1 - Group P&L,2026-06,TXN004676,PNG01,2026-06-03,2210,Tax provision,Income tax payable,Current Liabilities,HR,Human Resources,Microsoft,BOB-PL-0468,PO-PL-7888,124541.59,Input,Ready,None,No,Raw_GL_Export_With_CostCenters_Mar2026_IBMBOB_Enhanced.csv
IBM BOB 1 - Group P&L,2026-06,TXN004677,AUS01,2026-06-18,6010,Cost of revenue,Direct materials,COGS,NT,Northern Territory Operations,Melbourne Airport,BOB-PL-0469,PO-PL-1816,22935.66,Input,Ready,None,No,Raw_GL_Export_With_CostCenters_Mar2026_IBMBOB_Enhanced.csv
IBM BOB 1 - Group P&L,2026-06,TXN004678,NZL01,2026-06-14,5100,Other operating expenses,Office rent,Facilities,CORP,Corporate Head Office,QBE Insurance,BOB-PL-0470,PO-PL-3650,111283.34,Input,Ready,None,Yes,Raw_GL_Export_With_CostCenters_Mar2026_IBMBOB_Enhanced.csv
IBM BOB 1 - Group P&L,2026-06,TXN004679,NZL01,2026-06-01,4100,Other income / expense,Interest income,Non-Operating Revenue,NT,Northern Territory Operations,Melbourne Airport,BOB-PL-0471,PO-PL-9792,304044.34,Input,Ready,None,No,Raw_GL_Export_With_CostCenters_Mar2026_IBMBOB_Enhanced.csv
IBM BOB 1 - Group P&L,2026-06,TXN004680,AUS01,2026-06-27,4010,Revenue,Service revenue,Operating Revenue,VIC,Victoria Operations,Qantas Commercial,BOB-PL-0472,PO-PL-8041,331085.06,Input,Ready,None,Yes,Raw_GL_Export_With_CostCenters_Mar2026_IBMBOB_Enhanced.csv
IBM BOB 1 - Group P&L,2026-06,TXN004681,NZL01,2026-06-01,5120,Other operating expenses,Office supplies,Facilities,ACT,Australian Capital Territory,Snowflake,BOB-PL-0473,PO-PL-8824,187398.64,Input,Ready,High variance,No,Raw_GL_Export_With_CostCenters_Mar2026_IBMBOB_Enhanced.csv
IBM BOB 1 - Group P&L,2026-06,TXN004682,NZL01,2026-06-23,6010,Cost of revenue,Direct materials,COGS,HR,Human Resources,Microsoft,BOB-PL-0474,PO-PL-7608,87514.04,Input,Ready,High variance,No,Raw_GL_Export_With_CostCenters_Mar2026_IBMBOB_Enhanced.csv
IBM BOB 1 - Group P&L,2026-06,TXN004683,PNG01,2026-06-25,5120,Other operating expenses,Office supplies,Facilities,TAS,Tasmania Operations,Energy Australia,BOB-PL-0475,PO-PL-2131,181084.62,Input,Pending review,None,No,Raw_GL_Export_With_CostCenters_Mar2026_IBMBOB_Enhanced.csv
IBM BOB 1 - Group P&L,2026-06,TXN004684,PNG01,2026-06-02,2210,Tax provision,Income tax payable,Current Liabilities,OPS,Operations & Logistics,SAP Australia,BOB-PL-0476,PO-PL-3369,157240.63,Input,Ready,None,Yes,Raw_GL_Export_With_CostCenters_Mar2026_IBMBOB_Enhanced.csv
IBM BOB 1 - Group P&L,2026-06,TXN004685,FJI01,2026-06-07,5700,Research and development,Training,Development,R&D,Research & Development,Oracle,BOB-PL-0477,PO-PL-8179,168733.88,Input,Ready,None,No,Raw_GL_Export_With_CostCenters_Mar2026_IBMBOB_Enhanced.csv
IBM BOB 1 - Group P&L,2026-06,TXN004686,AUS01,2026-06-20,2210,Tax provision,Income tax payable,Current Liabilities,FIN,Finance & Accounting,Energy Australia,BOB-PL-0478,PO-PL-4156,162197.04,Input,Pending review,None,Yes,Raw_GL_Export_With_CostCenters_Mar2026_IBMBOB_Enhanced.csv
IBM BOB 1 - Group P&L,2026-06,TXN004687,PNG01,2026-06-28,5910,Other income / expense,Interest expense,Finance,FIN,Finance & Accounting,AWS,BOB-PL-0479,PO-PL-3257,62690.04,Input,Pending review,None,No,Raw_GL_Export_With_CostCenters_Mar2026_IBMBOB_Enhanced.csv
IBM BOB 1 - Group P&L,2026-06,TXN004688,FJI01,2026-06-04,5110,Other operating expenses,Utilities,Facilities,R&D,Research & Development,QBE Insurance,BOB-PL-0480,PO-PL-8555,59568.02,Input,Ready,None,No,Raw_GL_Export_With_CostCenters_Mar2026_IBMBOB_Enhanced.csv
IBM BOB 1 - Group P&L,2026-06,TXN004689,PNG01,2026-06-31,2210,Tax provision,Income tax payable,Current Liabilities,HR,Human Resources,Snowflake,BOB-PL-0481,PO-PL-3119,139371.32,Input,Ready,High variance,Yes,Raw_GL_Export_With_CostCenters_Mar2026_IBMBOB_Enhanced.csv
IBM BOB 1 - Group P&L,2026-06,TXN004690,AUS01,2026-06-02,5210,Research and development,Cloud services,IT,VIC,Victoria Operations,Oracle,BOB-PL-0482,PO-PL-5204,110244.42,Input,Ready,None,No,Raw_GL_Export_With_CostCenters_Mar2026_IBMBOB_Enhanced.csv
IBM BOB 1 - Group P&L,2026-06,TXN004691,PNG01,2026-06-22,4020,Revenue,Subscription revenue,Operating Revenue,NSW,New South Wales Operations,Salesforce,BOB-PL-0483,PO-PL-7003,70483.4,Input,Pending review,None,No,Raw_GL_Export_With_CostCenters_Mar2026_IBMBOB_Enhanced.csv
IBM BOB 1 - Group P&L,2026-06,TXN004692,AUS01,2026-06-18,4100,Other income / expense,Interest income,Non-Operating Revenue,NSW,New South Wales Operations,SAP Australia,BOB-PL-0484,PO-PL-5832,149820.08,Input,Pending review,None,No,Raw_GL_Export_With_CostCenters_Mar2026_IBMBOB_Enhanced.csv
IBM BOB 1 - Group P&L,2026-06,TXN004693,FJI01,2026-06-07,4010,Revenue,Service revenue,Operating Revenue,IT,Information Technology,Snowflake,BOB-PL-0485,PO-PL-4089,273854.47,Input,Ready,High variance,Yes,Raw_GL_Export_With_CostCenters_Mar2026_IBMBOB_Enhanced.csv
IBM BOB 1 - Group P&L,2026-06,TXN004694,AUS01,2026-06-08,6010,Cost of revenue,Direct materials,COGS,MKT,Marketing & Sales,AWS,BOB-PL-0486,PO-PL-2766,44985.42,Input,Ready,None,Yes,Raw_GL_Export_With_CostCenters_Mar2026_IBMBOB_Enhanced.csv
IBM BOB 1 - Group P&L,2026-06,TXN004695,PNG01,2026-06-04,2210,Tax provision,Income tax payable,Current Liabilities,CORP,Corporate Head Office,Snowflake,BOB-PL-0487,PO-PL-5186,106192.96,Input,Ready,None,Yes,Raw_GL_Export_With_CostCenters_Mar2026_IBMBOB_Enhanced.csv
IBM BOB 1 - Group P&L,2026-06,TXN004696,FJI01,2026-06-26,5100,Other operating expenses,Office rent,Facilities,TAS,Tasmania Operations,IBM Australia,BOB-PL-0488,PO-PL-6177,199266.42,Input,Ready,None,No,Raw_GL_Export_With_CostCenters_Mar2026_IBMBOB_Enhanced.csv
IBM BOB 1 - Group P&L,2026-06,TXN004697,AUS01,2026-06-08,5920,Other income / expense,FX Loss,Finance,SA,South Australia Operations,IBM Australia,BOB-PL-0489,PO-PL-2171,64421.47,Input,Ready,None,Yes,Raw_GL_Export_With_CostCenters_Mar2026_IBMBOB_Enhanced.csv
IBM BOB 1 - Group P&L,2026-06,TXN004698,NZL01,2026-06-06,5200,Research and development,Software licenses,IT,NSW,New South Wales Operations,QBE Insurance,BOB-PL-0490,PO-PL-9342,14429.92,Input,Ready,None,No,Raw_GL_Export_With_CostCenters_Mar2026_IBMBOB_Enhanced.csv
IBM BOB 1 - Group P&L,2026-06,TXN004699,NZL01,2026-06-14,5000,General and administrative,Salaries and wages,Personnel,WA,Western Australia Operations,Officeworks,BOB-PL-0491,PO-PL-8680,72240.84,Input,Ready,None,No,Raw_GL_Export_With_CostCenters_Mar2026_IBMBOB_Enhanced.csv
IBM BOB 1 - Group P&L,2026-06,TXN004700,AUS01,2026-06-13,4020,Revenue,Subscription revenue,Operating Revenue,ACT,Australian Capital Territory,Google Ads,BOB-PL-0492,PO-PL-2031,266879.15,Input,Ready,High variance,No,Raw_GL_Export_With_CostCenters_Mar2026_IBMBOB_Enhanced.csv
IBM BOB 1 - Group P&L,2026-06,TXN004701,NZL01,2026-06-19,5110,Other operating expenses,Utilities,Facilities,VIC,Victoria Operations,Snowflake,BOB-PL-0493,PO-PL-9498,109832.31,Input,Ready,None,No,Raw_GL_Export_With_CostCenters_Mar2026_IBMBOB_Enhanced.csv
IBM BOB 1 - Group P&L,2026-06,TXN004702,PNG01,2026-06-29,5320,General and administrative,Audit fees,External,NSW,New South Wales Operations,AWS,BOB-PL-0494,PO-PL-4221,17424.37,Input,Ready,None,Yes,Raw_GL_Export_With_CostCenters_Mar2026_IBMBOB_Enhanced.csv
IBM BOB 1 - Group P&L,2026-06,TXN004703,NZL01,2026-06-21,2210,Tax provision,Income tax payable,Current Liabilities,FIN,Finance & Accounting,SAP Australia,BOB-PL-0495,PO-PL-6625,23278.86,Input,Ready,None,No,Raw_GL_Export_With_CostCenters_Mar2026_IBMBOB_Enhanced.csv
IBM BOB 1 - Group P&L,2026-06,TXN004704,AUS01,2026-06-18,5910,Other income / expense,Interest expense,Finance,R&D,Research & Development,Energy Australia,BOB-PL-0496,PO-PL-7137,131427.49,Input,Ready,None,No,Raw_GL_Export_With_CostCenters_Mar2026_IBMBOB_Enhanced.csv
IBM BOB 1 - Group P&L,2026-06,TXN004705,PNG01,2026-06-22,5010,General and administrative,Employee benefits,Personnel,CORP,Corporate Head Office,SAP Australia,BOB-PL-0497,PO-PL-4670,38892.8,Input,Pending review,None,No,Raw_GL_Export_With_CostCenters_Mar2026_IBMBOB_Enhanced.csv
IBM BOB 1 - Group P&L,2026-06,TXN004706,PNG01,2026-06-06,5100,Other operating expenses,Office rent,Facilities,NT,Northern Territory Operations,Snowflake,BOB-PL-0498,PO-PL-6797,128331.82,Input,Pending review,None,No,Raw_GL_Export_With_CostCenters_Mar2026_IBMBOB_Enhanced.csv
IBM BOB 1 - Group P&L,2026-06,TXN004707,PNG01,2026-06-23,5100,Other operating expenses,Office rent,Facilities,NT,Northern Territory Operations,LinkedIn,BOB-PL-0499,PO-PL-9461,100340.7,Input,Ready,None,No,Raw_GL_Export_With_CostCenters_Mar2026_IBMBOB_Enhanced.csv
IBM BOB 1 - Group P&L,2026-06,TXN004708,PNG01,2026-06-19,5700,Research and development,Training,Development,FIN,Finance & Accounting,Deloitte,BOB-PL-0500,PO-PL-9629,77411.56,Input,Ready,High variance,No,Raw_GL_Export_With_CostCenters_Mar2026_IBMBOB_Enhanced.csv
IBM BOB 1 - Group P&L,2026-06,TXN004709,PNG01,2026-06-23,5300,General and administrative,Professional services,External,R&D,Research & Development,Microsoft,BOB-PL-0501,PO-PL-6284,62398.96,Input,Ready,High variance,No,Raw_GL_Export_With_CostCenters_Mar2026_IBMBOB_Enhanced.csv
IBM BOB 1 - Group P&L,2026-06,TXN004710,PNG01,2026-06-26,5700,Research and development,Training,Development,IT,Information Technology,LinkedIn,BOB-PL-0502,PO-PL-6521,139557.98,Input,Ready,None,Yes,Raw_GL_Export_With_CostCenters_Mar2026_IBMBOB_Enhanced.csv
IBM BOB 1 - Group P&L,2026-06,TXN004711,AUS01,2026-06-11,4020,Revenue,Subscription revenue,Operating Revenue,MKT,Marketing & Sales,Deloitte,BOB-PL-0503,PO-PL-4878,367832.47,Input,Ready,High variance,No,Raw_GL_Export_With_CostCenters_Mar2026_IBMBOB_Enhanced.csv
IBM BOB 1 - Group P&L,2026-06,TXN004712,FJI01,2026-06-19,5210,Research and development,Cloud services,IT,MKT,Marketing & Sales,Melbourne Airport,BOB-PL-0504,PO-PL-8146,143081.82,Input,Pending review,None,No,Raw_GL_Export_With_CostCenters_Mar2026_IBMBOB_Enhanced.csv
IBM BOB 1 - Group P&L,2026-06,TXN004713,AUS01,2026-06-13,4010,Revenue,Service revenue,Operating Revenue,SA,South Australia Operations,Officeworks,BOB-PL-0505,PO-PL-3684,302764.19,Input,Pending review,None,Yes,Raw_GL_Export_With_CostCenters_Mar2026_IBMBOB_Enhanced.csv
IBM BOB 1 - Group P&L,2026-06,TXN004714,NZL01,2026-06-28,4010,Revenue,Service revenue,Operating Revenue,FIN,Finance & Accounting,Salesforce,BOB-PL-0506,PO-PL-6188,85672.26,Input,Ready,High variance,No,Raw_GL_Export_With_CostCenters_Mar2026_IBMBOB_Enhanced.csv
IBM BOB 1 - Group P&L,2026-06,TXN004715,AUS01,2026-06-27,5520,Sales and marketing,Events,Sales,SA,South Australia Operations,Qantas Commercial,BOB-PL-0507,PO-PL-9956,198108.82,Input,Pending review,High variance,No,Raw_GL_Export_With_CostCenters_Mar2026_IBMBOB_Enhanced.csv
IBM BOB 1 - Group P&L,2026-06,TXN004716,AUS01,2026-06-16,4010,Revenue,Service revenue,Operating Revenue,QLD,Queensland Operations,Salesforce,BOB-PL-0508,PO-PL-9729,318230.45,Input,Pending review,None,No,Raw_GL_Export_With_CostCenters_Mar2026_IBMBOB_Enhanced.csv
IBM BOB 1 - Group P&L,2026-06,TXN004717,PNG01,2026-06-11,5110,Other operating expenses,Utilities,Facilities,WA,Western Australia Operations,Oracle,BOB-PL-0509,PO-PL-6412,62795.29,Input,Ready,None,No,Raw_GL_Export_With_CostCenters_Mar2026_IBMBOB_Enhanced.csv
IBM BOB 1 - Group P&L,2026-06,TXN004718,FJI01,2026-06-03,5210,Research and development,Cloud services,IT,WA,Western Australia Operations,Oracle,BOB-PL-0510,PO-PL-9263,32559.69,Input,Ready,None,Yes,Raw_GL_Export_With_CostCenters_Mar2026_IBMBOB_Enhanced.csv
IBM BOB 1 - Group P&L,2026-06,TXN004719,AUS01,2026-06-12,5520,Sales and marketing,Events,Sales,SA,South Australia Operations,IBM Australia,BOB-PL-0511,PO-PL-3023,177698.96,Input,Ready,None,Yes,Raw_GL_Export_With_CostCenters_Mar2026_IBMBOB_Enhanced.csv
IBM BOB 1 - Group P&L,2026-06,TXN004720,NZL01,2026-06-10,5300,General and administrative,Professional services,External,FIN,Finance & Accounting,Melbourne Airport,BOB-PL-0512,PO-PL-2133,189830.43,Input,Pending review,None,Yes,Raw_GL_Export_With_CostCenters_Mar2026_IBMBOB_Enhanced.csv
IBM BOB 1 - Group P&L,2026-06,TXN004721,FJI01,2026-06-19,5210,Research and development,Cloud services,IT,CORP,Corporate Head Office,LinkedIn,BOB-PL-0513,PO-PL-9675,122930.1,Input,Ready,None,No,Raw_GL_Export_With_CostCenters_Mar2026_IBMBOB_Enhanced.csv
IBM BOB 1 - Group P&L,2026-06,TXN004722,NZL01,2026-06-23,5200,Research and development,Software licenses,IT,R&D,Research & Development,AWS,BOB-PL-0514,PO-PL-3835,56394.07,Input,Ready,None,No,Raw_GL_Export_With_CostCenters_Mar2026_IBMBOB_Enhanced.csv
IBM BOB 1 - Group P&L,2026-06,TXN004723,PNG01,2026-06-12,4010,Revenue,Service revenue,Operating Revenue,NSW,New South Wales Operations,Melbourne Airport,BOB-PL-0515,PO-PL-6747,418984.99,Input,Ready,None,No,Raw_GL_Export_With_CostCenters_Mar2026_IBMBOB_Enhanced.csv
IBM BOB 1 - Group P&L,2026-06,TXN004724,AUS01,2026-06-09,5100,Other operating expenses,Office rent,Facilities,ACT,Australian Capital Territory,Snowflake,BOB-PL-0516,PO-PL-9086,22223.89,Input,Ready,High variance,Yes,Raw_GL_Export_With_CostCenters_Mar2026_IBMBOB_Enhanced.csv
IBM BOB 1 - Group P&L,2026-06,TXN004725,PNG01,2026-06-19,5000,General and administrative,Salaries and wages,Personnel,NT,Northern Territory Operations,Snowflake,BOB-PL-0517,PO-PL-9265,56724.55,Input,Ready,None,No,Raw_GL_Export_With_CostCenters_Mar2026_IBMBOB_Enhanced.csv
IBM BOB 1 - Group P&L,2026-06,TXN004726,PNG01,2026-06-26,2210,Tax provision,Income tax payable,Current Liabilities,IT,Information Technology,Microsoft,BOB-PL-0518,PO-PL-5747,45039.32,Input,Ready,None,Yes,Raw_GL_Export_With_CostCenters_Mar2026_IBMBOB_Enhanced.csv
IBM BOB 1 - Group P&L,2026-06,TXN004727,AUS01,2026-06-20,5010,General and administrative,Employee benefits,Personnel,NSW,New South Wales Operations,AWS,BOB-PL-0519,PO-PL-8983,78127.8,Input,Ready,High variance,No,Raw_GL_Export_With_CostCenters_Mar2026_IBMBOB_Enhanced.csv
IBM BOB 1 - Group P&L,2026-06,TXN004728,FJI01,2026-06-24,5300,General and administrative,Professional services,External,ACT,Australian Capital Territory,SAP Australia,BOB-PL-0520,PO-PL-9235,48051.73,Input,Ready,None,No,Raw_GL_Export_With_CostCenters_Mar2026_IBMBOB_Enhanced.csv
IBM BOB 1 - Group P&L,2026-06,TXN004729,FJI01,2026-06-25,4100,Other income / expense,Interest income,Non-Operating Revenue,HR,Human Resources,Salesforce,BOB-PL-0521,PO-PL-3046,420401.64,Input,Pending review,High variance,No,Raw_GL_Export_With_CostCenters_Mar2026_IBMBOB_Enhanced.csv
IBM BOB 1 - Group P&L,2026-06,TXN004730,AUS01,2026-06-05,5320,General and administrative,Audit fees,External,HR,Human Resources,Google Ads,BOB-PL-0522,PO-PL-9213,28931.12,Input,Pending review,None,No,Raw_GL_Export_With_CostCenters_Mar2026_IBMBOB_Enhanced.csv
IBM BOB 1 - Group P&L,2026-06,TXN004731,AUS01,2026-06-24,6020,Cost of revenue,Direct labor,COGS,CORP,Corporate Head Office,Deloitte,BOB-PL-0523,PO-PL-4390,121175.74,Input,Ready,High variance,Yes,Raw_GL_Export_With_CostCenters_Mar2026_IBMBOB_Enhanced.csv
IBM BOB 1 - Group P&L,2026-06,TXN004732,FJI01,2026-06-08,4020,Revenue,Subscription revenue,Operating Revenue,TAS,Tasmania Operations,Salesforce,BOB-PL-0524,PO-PL-8617,164574.18,Input,Ready,None,No,Raw_GL_Export_With_CostCenters_Mar2026_IBMBOB_Enhanced.csv
IBM BOB 1 - Group P&L,2026-06,TXN004733,NZL01,2026-06-26,2210,Tax provision,Income tax payable,Current Liabilities,QLD,Queensland Operations,QBE Insurance,BOB-PL-0525,PO-PL-6767,118315.8,Input,Ready,High variance,No,Raw_GL_Export_With_CostCenters_Mar2026_IBMBOB_Enhanced.csv
IBM BOB 1 - Group P&L,2026-06,TXN004734,AUS01,2026-06-23,4000,Revenue,Product sales,Operating Revenue,NSW,New South Wales Operations,Melbourne Airport,BOB-PL-0526,PO-PL-4547,147508.68,Input,Ready,None,No,Raw_GL_Export_With_CostCenters_Mar2026_IBMBOB_Enhanced.csv
IBM BOB 1 - Group P&L,2026-06,TXN004735,AUS01,2026-06-21,5200,Research and development,Software licenses,IT,TAS,Tasmania Operations,Snowflake,BOB-PL-0527,PO-PL-1918,79576.54,Input,Ready,High variance,No,Raw_GL_Export_With_CostCenters_Mar2026_IBMBOB_Enhanced.csv
IBM BOB 1 - Group P&L,2026-06,TXN004736,AUS01,2026-06-18,5500,Sales and marketing,Campaign spend,Sales,NT,Northern Territory Operations,Microsoft,BOB-PL-0528,PO-PL-7228,147116.63,Input,Ready,None,No,Raw_GL_Export_With_CostCenters_Mar2026_IBMBOB_Enhanced.csv
IBM BOB 1 - Group P&L,2026-06,TXN004737,FJI01,2026-06-20,5120,Other operating expenses,Office supplies,Facilities,TAS,Tasmania Operations,Microsoft,BOB-PL-0529,PO-PL-8956,52865.46,Input,Pending review,None,No,Raw_GL_Export_With_CostCenters_Mar2026_IBMBOB_Enhanced.csv
IBM BOB 1 - Group P&L,2026-06,TXN004738,AUS01,2026-06-11,5510,Sales and marketing,Advertising,Sales,CORP,Corporate Head Office,Snowflake,BOB-PL-0530,PO-PL-5015,195278.08,Input,Pending review,None,No,Raw_GL_Export_With_CostCenters_Mar2026_IBMBOB_Enhanced.csv
IBM BOB 1 - Group P&L,2026-06,TXN004739,NZL01,2026-06-16,4010,Revenue,Service revenue,Operating Revenue,IT,Information Technology,SAP Australia,BOB-PL-0531,PO-PL-8109,475247.73,Input,Pending review,None,No,Raw_GL_Export_With_CostCenters_Mar2026_IBMBOB_Enhanced.csv
IBM BOB 1 - Group P&L,2026-06,TXN004740,PNG01,2026-06-17,5200,Research and development,Software licenses,IT,CORP,Corporate Head Office,Officeworks,BOB-PL-0532,PO-PL-2154,67587.84,Input,Ready,None,No,Raw_GL_Export_With_CostCenters_Mar2026_IBMBOB_Enhanced.csv
IBM BOB 1 - Group P&L,2026-06,TXN004741,AUS01,2026-06-12,5920,Other income / expense,FX Loss,Finance,TAS,Tasmania Operations,Microsoft,BOB-PL-0533,PO-PL-6689,28855.89,Input,Ready,High variance,Yes,Raw_GL_Export_With_CostCenters_Mar2026_IBMBOB_Enhanced.csv
IBM BOB 1 - Group P&L,2026-06,TXN004742,FJI01,2026-06-01,5320,General and administrative,Audit fees,External,MKT,Marketing & Sales,Salesforce,BOB-PL-0534,PO-PL-3461,165800.3,Input,Pending review,None,No,Raw_GL_Export_With_CostCenters_Mar2026_IBMBOB_Enhanced.csv
IBM BOB 1 - Group P&L,2026-06,TXN004743,PNG01,2026-06-12,5520,Sales and marketing,Events,Sales,WA,Western Australia Operations,Officeworks,BOB-PL-0535,PO-PL-5019,43291.45,Input,Ready,None,No,Raw_GL_Export_With_CostCenters_Mar2026_IBMBOB_Enhanced.csv
IBM BOB 1 - Group P&L,2026-06,TXN004744,PNG01,2026-06-09,4000,Revenue,Product sales,Operating Revenue,TAS,Tasmania Operations,SAP Australia,BOB-PL-0536,PO-PL-5718,411232.12,Input,Ready,None,No,Raw_GL_Export_With_CostCenters_Mar2026_IBMBOB_Enhanced.csv
IBM BOB 1 - Group P&L,2026-06,TXN004745,FJI01,2026-06-17,4010,Revenue,Service revenue,Operating Revenue,VIC,Victoria Operations,Oracle,BOB-PL-0537,PO-PL-4241,471467.68,Input,Pending review,None,Yes,Raw_GL_Export_With_CostCenters_Mar2026_IBMBOB_Enhanced.csv
IBM BOB 1 - Group P&L,2026-06,TXN004746,FJI01,2026-06-18,5210,Research and development,Cloud services,IT,WA,Western Australia Operations,Deloitte,BOB-PL-0538,PO-PL-5918,57790.22,Input,Ready,High variance,Yes,Raw_GL_Export_With_CostCenters_Mar2026_IBMBOB_Enhanced.csv
IBM BOB 1 - Group P&L,2026-06,TXN004747,FJI01,2026-06-06,5110,Other operating expenses,Utilities,Facilities,TAS,Tasmania Operations,AWS,BOB-PL-0539,PO-PL-9074,125051.55,Input,Ready,None,No,Raw_GL_Export_With_CostCenters_Mar2026_IBMBOB_Enhanced.csv
IBM BOB 1 - Group P&L,2026-06,TXN004748,FJI01,2026-06-25,4020,Revenue,Subscription revenue,Operating Revenue,SA,South Australia Operations,Oracle,BOB-PL-0540,PO-PL-8855,245478.66,Input,Ready,None,No,Raw_GL_Export_With_CostCenters_Mar2026_IBMBOB_Enhanced.csv
IBM BOB 1 - Group P&L,2026-06,TXN004749,PNG01,2026-06-05,5110,Other operating expenses,Utilities,Facilities,HR,Human Resources,Melbourne Airport,BOB-PL-0541,PO-PL-8595,11395.57,Input,Ready,None,No,Raw_GL_Export_With_CostCenters_Mar2026_IBMBOB_Enhanced.csv
IBM BOB 1 - Group P&L,2026-06,TXN004750,PNG01,2026-06-05,5510,Sales and marketing,Advertising,Sales,WA,Western Australia Operations,LinkedIn,BOB-PL-0542,PO-PL-4682,73464.47,Input,Ready,High variance,Yes,Raw_GL_Export_With_CostCenters_Mar2026_IBMBOB_Enhanced.csv
IBM BOB 1 - Group P&L,2026-06,TXN004751,AUS01,2026-06-26,6030,Cost of revenue,Manufacturing overhead,COGS,ACT,Australian Capital Territory,Snowflake,BOB-PL-0543,PO-PL-6193,81533.39,Input,Pending review,None,No,Raw_GL_Export_With_CostCenters_Mar2026_IBMBOB_Enhanced.csv
IBM BOB 1 - Group P&L,2026-06,TXN004752,PNG01,2026-06-27,6000,Cost of revenue,Cost of goods sold,COGS,VIC,Victoria Operations,Oracle,BOB-PL-0544,PO-PL-7687,40107.16,Input,Ready,None,No,Raw_GL_Export_With_CostCenters_Mar2026_IBMBOB_Enhanced.csv
IBM BOB 1 - Group P&L,2026-06,TXN004753,PNG01,2026-06-04,5520,Sales and marketing,Events,Sales,QLD,Queensland Operations,SAP Australia,BOB-PL-0545,PO-PL-2212,126291.63,Input,Ready,None,No,Raw_GL_Export_With_CostCenters_Mar2026_IBMBOB_Enhanced.csv
IBM BOB 1 - Group P&L,2026-06,TXN004754,NZL01,2026-06-23,5110,Other operating expenses,Utilities,Facilities,R&D,Research & Development,Deloitte,BOB-PL-0546,PO-PL-9657,52414.87,Input,Ready,None,Yes,Raw_GL_Export_With_CostCenters_Mar2026_IBMBOB_Enhanced.csv
IBM BOB 1 - Group P&L,2026-06,TXN004755,FJI01,2026-06-28,5300,General and administrative,Professional services,External,SA,South Australia Operations,LinkedIn,BOB-PL-0547,PO-PL-8209,153693.39,Input,Ready,None,No,Raw_GL_Export_With_CostCenters_Mar2026_IBMBOB_Enhanced.csv
IBM BOB 1 - Group P&L,2026-06,TXN004756,AUS01,2026-06-28,5700,Research and development,Training,Development,IT,Information Technology,Deloitte,BOB-PL-0548,PO-PL-8443,31959.5,Input,Pending review,High variance,Yes,Raw_GL_Export_With_CostCenters_Mar2026_IBMBOB_Enhanced.csv
IBM BOB 1 - Group P&L,2026-06,TXN004757,NZL01,2026-06-01,6020,Cost of revenue,Direct labor,COGS,ACT,Australian Capital Territory,Salesforce,BOB-PL-0549,PO-PL-1556,44392.07,Input,Ready,None,No,Raw_GL_Export_With_CostCenters_Mar2026_IBMBOB_Enhanced.csv
IBM BOB 1 - Group P&L,2026-06,TXN004758,PNG01,2026-06-10,6020,Cost of revenue,Direct labor,COGS,WA,Western Australia Operations,SAP Australia,BOB-PL-0550,PO-PL-1363,32541.97,Input,Ready,None,No,Raw_GL_Export_With_CostCenters_Mar2026_IBMBOB_Enhanced.csv
IBM BOB 1 - Group P&L,2026-06,TXN004759,AUS01,2026-06-12,5920,Other income / expense,FX Loss,Finance,QLD,Queensland Operations,Microsoft,BOB-PL-0551,PO-PL-7521,55398.74,Input,Ready,None,No,Raw_GL_Export_With_CostCenters_Mar2026_IBMBOB_Enhanced.csv
IBM BOB 1 - Group P&L,2026-06,TXN004760,AUS01,2026-06-10,5210,Research and development,Cloud services,IT,OPS,Operations & Logistics,Oracle,BOB-PL-0552,PO-PL-9040,27722.25,Input,Ready,None,No,Raw_GL_Export_With_CostCenters_Mar2026_IBMBOB_Enhanced.csv
IBM BOB 1 - Group P&L,2026-06,TXN004761,AUS01,2026-06-29,4000,Revenue,Product sales,Operating Revenue,R&D,Research & Development,Officeworks,BOB-PL-0553,PO-PL-5525,249512.63,Input,Ready,None,Yes,Raw_GL_Export_With_CostCenters_Mar2026_IBMBOB_Enhanced.csv
IBM BOB 1 - Group P&L,2026-06,TXN004762,PNG01,2026-06-09,5910,Other income / expense,Interest expense,Finance,WA,Western Australia Operations,Deloitte,BOB-PL-0554,PO-PL-9332,135346.24,Input,Ready,None,No,Raw_GL_Export_With_CostCenters_Mar2026_IBMBOB_Enhanced.csv
IBM BOB 1 - Group P&L,2026-06,TXN004763,NZL01,2026-06-01,5010,General and administrative,Employee benefits,Personnel,NT,Northern Territory Operations,Microsoft,BOB-PL-0555,PO-PL-2089,78948.22,Input,Ready,None,No,Raw_GL_Export_With_CostCenters_Mar2026_IBMBOB_Enhanced.csv
IBM BOB 1 - Group P&L,2026-06,TXN004764,PNG01,2026-06-19,4100,Other income / expense,Interest income,Non-Operating Revenue,NSW,New South Wales Operations,Deloitte,BOB-PL-0556,PO-PL-2923,476501.43,Input,Ready,None,No,Raw_GL_Export_With_CostCenters_Mar2026_IBMBOB_Enhanced.csv
IBM BOB 1 - Group P&L,2026-06,TXN004765,FJI01,2026-06-12,5300,General and administrative,Professional services,External,R&D,Research & Development,Google Ads,BOB-PL-0557,PO-PL-4753,4899.64,Input,Pending review,None,No,Raw_GL_Export_With_CostCenters_Mar2026_IBMBOB_Enhanced.csv
IBM BOB 1 - Group P&L,2026-06,TXN004766,NZL01,2026-06-23,4100,Other income / expense,Interest income,Non-Operating Revenue,R&D,Research & Development,Oracle,BOB-PL-0558,PO-PL-1671,73872.32,Input,Ready,High variance,No,Raw_GL_Export_With_CostCenters_Mar2026_IBMBOB_Enhanced.csv
IBM BOB 1 - Group P&L,2026-06,TXN004767,NZL01,2026-06-20,2210,Tax provision,Income tax payable,Current Liabilities,MKT,Marketing & Sales,Google Ads,BOB-PL-0559,PO-PL-6243,33720.85,Input,Pending review,None,No,Raw_GL_Export_With_CostCenters_Mar2026_IBMBOB_Enhanced.csv
IBM BOB 1 - Group P&L,2026-06,TXN004768,AUS01,2026-06-30,5120,Other operating expenses,Office supplies,Facilities,CORP,Corporate Head Office,SAP Australia,BOB-PL-0560,PO-PL-2501,27008.18,Input,Ready,None,Yes,Raw_GL_Export_With_CostCenters_Mar2026_IBMBOB_Enhanced.csv
IBM BOB 1 - Group P&L,2026-06,TXN004769,AUS01,2026-06-17,4010,Revenue,Service revenue,Operating Revenue,VIC,Victoria Operations,Officeworks,BOB-PL-0561,PO-PL-6974,218325.51,Input,Ready,None,No,Raw_GL_Export_With_CostCenters_Mar2026_IBMBOB_Enhanced.csv
IBM BOB 1 - Group P&L,2026-06,TXN004770,FJI01,2026-06-27,5210,Research and development,Cloud services,IT,MKT,Marketing & Sales,Officeworks,BOB-PL-0562,PO-PL-2332,110408.62,Input,Ready,None,No,Raw_GL_Export_With_CostCenters_Mar2026_IBMBOB_Enhanced.csv
IBM BOB 1 - Group P&L,2026-06,TXN004771,NZL01,2026-06-26,4000,Revenue,Product sales,Operating Revenue,OPS,Operations & Logistics,Google Ads,BOB-PL-0563,PO-PL-2004,371847.28,Input,Pending review,None,No,Raw_GL_Export_With_CostCenters_Mar2026_IBMBOB_Enhanced.csv
IBM BOB 1 - Group P&L,2026-06,TXN004772,PNG01,2026-06-29,5520,Sales and marketing,Events,Sales,NSW,New South Wales Operations,Qantas Commercial,BOB-PL-0564,PO-PL-2332,93585.55,Input,Ready,None,Yes,Raw_GL_Export_With_CostCenters_Mar2026_IBMBOB_Enhanced.csv
IBM BOB 1 - Group P&L,2026-06,TXN004773,PNG01,2026-06-13,4100,Other income / expense,Interest income,Non-Operating Revenue,ACT,Australian Capital Territory,Oracle,BOB-PL-0565,PO-PL-6329,235532.76,Input,Pending review,None,No,Raw_GL_Export_With_CostCenters_Mar2026_IBMBOB_Enhanced.csv
IBM BOB 1 - Group P&L,2026-06,TXN004774,NZL01,2026-06-07,2210,Tax provision,Income tax payable,Current Liabilities,QLD,Queensland Operations,AWS,BOB-PL-0566,PO-PL-8683,41181.99,Input,Pending review,High variance,Yes,Raw_GL_Export_With_CostCenters_Mar2026_IBMBOB_Enhanced.csv
IBM BOB 1 - Group P&L,2026-06,TXN004775,FJI01,2026-06-22,5500,Sales and marketing,Campaign spend,Sales,ACT,Australian Capital Territory,Officeworks,BOB-PL-0567,PO-PL-6249,85716.76,Input,Ready,None,No,Raw_GL_Export_With_CostCenters_Mar2026_IBMBOB_Enhanced.csv
IBM BOB 1 - Group P&L,2026-06,TXN004776,AUS01,2026-06-21,5520,Sales and marketing,Events,Sales,VIC,Victoria Operations,Melbourne Airport,BOB-PL-0568,PO-PL-8744,135382.71,Input,Ready,High variance,No,Raw_GL_Export_With_CostCenters_Mar2026_IBMBOB_Enhanced.csv
IBM BOB 1 - Group P&L,2026-06,TXN004777,PNG01,2026-06-15,5100,Other operating expenses,Office rent,Facilities,VIC,Victoria Operations,QBE Insurance,BOB-PL-0569,PO-PL-8004,81590.86,Input,Pending review,None,Yes,Raw_GL_Export_With_CostCenters_Mar2026_IBMBOB_Enhanced.csv
IBM BOB 1 - Group P&L,2026-06,TXN004778,NZL01,2026-06-26,5500,Sales and marketing,Campaign spend,Sales,FIN,Finance & Accounting,Qantas Commercial,BOB-PL-0570,PO-PL-1522,126513.5,Input,Ready,None,No,Raw_GL_Export_With_CostCenters_Mar2026_IBMBOB_Enhanced.csv
IBM BOB 1 - Group P&L,2026-06,TXN004779,PNG01,2026-06-22,6020,Cost of revenue,Direct labor,COGS,IT,Information Technology,Qantas Commercial,BOB-PL-0571,PO-PL-8747,50928.45,Input,Pending review,None,No,Raw_GL_Export_With_CostCenters_Mar2026_IBMBOB_Enhanced.csv
IBM BOB 1 - Group P&L,2026-06,TXN004780,AUS01,2026-06-19,5920,Other income / expense,FX Loss,Finance,NT,Northern Territory Operations,Deloitte,BOB-PL-0572,PO-PL-9069,117216.7,Input,Ready,High variance,No,Raw_GL_Export_With_CostCenters_Mar2026_IBMBOB_Enhanced.csv
IBM BOB 1 - Group P&L,2026-06,TXN004781,AUS01,2026-06-01,4010,Revenue,Service revenue,Operating Revenue,SA,South Australia Operations,QBE Insurance,BOB-PL-0573,PO-PL-9347,272935.03,Input,Ready,None,No,Raw_GL_Export_With_CostCenters_Mar2026_IBMBOB_Enhanced.csv
IBM BOB 1 - Group P&L,2026-06,TXN004782,PNG01,2026-06-26,5110,Other operating expenses,Utilities,Facilities,MKT,Marketing & Sales,QBE Insurance,BOB-PL-0574,PO-PL-3599,46968.62,Input,Pending review,None,Yes,Raw_GL_Export_With_CostCenters_Mar2026_IBMBOB_Enhanced.csv
IBM BOB 1 - Group P&L,2026-06,TXN004783,FJI01,2026-06-03,5200,Research and development,Software licenses,IT,TAS,Tasmania Operations,Oracle,BOB-PL-0575,PO-PL-1344,164649.14,Input,Ready,None,No,Raw_GL_Export_With_CostCenters_Mar2026_IBMBOB_Enhanced.csv
IBM BOB 1 - Group P&L,2026-06,TXN004784,FJI01,2026-06-22,4020,Revenue,Subscription revenue,Operating Revenue,NT,Northern Territory Operations,Microsoft,BOB-PL-0576,PO-PL-4613,438634.92,Input,Pending review,None,No,Raw_GL_Export_With_CostCenters_Mar2026_IBMBOB_Enhanced.csv
IBM BOB 1 - Group P&L,2026-06,TXN004785,FJI01,2026-06-09,4020,Revenue,Subscription revenue,Operating Revenue,NT,Northern Territory Operations,Salesforce,BOB-PL-0577,PO-PL-7005,483575.91,Input,Pending review,None,No,Raw_GL_Export_With_CostCenters_Mar2026_IBMBOB_Enhanced.csv
IBM BOB 1 - Group P&L,2026-06,TXN004786,AUS01,2026-06-13,5500,Sales and marketing,Campaign spend,Sales,CORP,Corporate Head Office,Salesforce,BOB-PL-0578,PO-PL-2247,189465.67,Input,Ready,None,Yes,Raw_GL_Export_With_CostCenters_Mar2026_IBMBOB_Enhanced.csv
IBM BOB 1 - Group P&L,2026-06,TXN004787,AUS01,2026-06-23,6010,Cost of revenue,Direct materials,COGS,ACT,Australian Capital Territory,Qantas Commercial,BOB-PL-0579,PO-PL-7180,65205.55,Input,Ready,None,No,Raw_GL_Export_With_CostCenters_Mar2026_IBMBOB_Enhanced.csv
IBM BOB 1 - Group P&L,2026-06,TXN004788,PNG01,2026-06-25,5210,Research and development,Cloud services,IT,FIN,Finance & Accounting,Oracle,BOB-PL-0580,PO-PL-4316,31831.8,Input,Ready,None,No,Raw_GL_Export_With_CostCenters_Mar2026_IBMBOB_Enhanced.csv
IBM BOB 1 - Group P&L,2026-06,TXN004789,PNG01,2026-06-25,5700,Research and development,Training,Development,R&D,Research & Development,Snowflake,BOB-PL-0581,PO-PL-4109,109481.99,Input,Ready,None,No,Raw_GL_Export_With_CostCenters_Mar2026_IBMBOB_Enhanced.csv
IBM BOB 1 - Group P&L,2026-06,TXN004790,FJI01,2026-06-01,5210,Research and development,Cloud services,IT,HR,Human Resources,Qantas Commercial,BOB-PL-0582,PO-PL-4418,136592.19,Input,Ready,None,Yes,Raw_GL_Export_With_CostCenters_Mar2026_IBMBOB_Enhanced.csv
IBM BOB 1 - Group P&L,2026-06,TXN004791,NZL01,2026-06-09,4020,Revenue,Subscription revenue,Operating Revenue,QLD,Queensland Operations,QBE Insurance,BOB-PL-0583,PO-PL-2078,190989.41,Input,Ready,High variance,No,Raw_GL_Export_With_CostCenters_Mar2026_IBMBOB_Enhanced.csv
IBM BOB 1 - Group P&L,2026-06,TXN004792,FJI01,2026-06-07,5500,Sales and marketing,Campaign spend,Sales,CORP,Corporate Head Office,Microsoft,BOB-PL-0584,PO-PL-8105,132360.45,Input,Pending review,None,Yes,Raw_GL_Export_With_CostCenters_Mar2026_IBMBOB_Enhanced.csv
IBM BOB 1 - Group P&L,2026-06,TXN004793,AUS01,2026-06-10,4100,Other income / expense,Interest income,Non-Operating Revenue,TAS,Tasmania Operations,Salesforce,BOB-PL-0585,PO-PL-2213,343133.39,Input,Ready,None,No,Raw_GL_Export_With_CostCenters_Mar2026_IBMBOB_Enhanced.csv
IBM BOB 1 - Group P&L,2026-06,TXN004794,NZL01,2026-06-12,5100,Other operating expenses,Office rent,Facilities,ACT,Australian Capital Territory,Salesforce,BOB-PL-0586,PO-PL-8800,137314.99,Input,Ready,None,No,Raw_GL_Export_With_CostCenters_Mar2026_IBMBOB_Enhanced.csv
IBM BOB 1 - Group P&L,2026-06,TXN004795,NZL01,2026-06-09,5210,Research and development,Cloud services,IT,WA,Western Australia Operations,LinkedIn,BOB-PL-0587,PO-PL-4638,51774.35,Input,Ready,None,No,Raw_GL_Export_With_CostCenters_Mar2026_IBMBOB_Enhanced.csv
IBM BOB 1 - Group P&L,2026-06,TXN004796,NZL01,2026-06-25,2210,Tax provision,Income tax payable,Current Liabilities,OPS,Operations & Logistics,QBE Insurance,BOB-PL-0588,PO-PL-7878,83215.56,Input,Ready,None,No,Raw_GL_Export_With_CostCenters_Mar2026_IBMBOB_Enhanced.csv
IBM BOB 1 - Group P&L,2026-06,TXN004797,PNG01,2026-06-18,5010,General and administrative,Employee benefits,Personnel,HR,Human Resources,Salesforce,BOB-PL-0589,PO-PL-2356,188637.08,Input,Ready,High variance,No,Raw_GL_Export_With_CostCenters_Mar2026_IBMBOB_Enhanced.csv
IBM BOB 1 - Group P&L,2026-06,TXN004798,PNG01,2026-06-03,5520,Sales and marketing,Events,Sales,R&D,Research & Development,Oracle,BOB-PL-0590,PO-PL-4766,142165.72,Input,Ready,None,No,Raw_GL_Export_With_CostCenters_Mar2026_IBMBOB_Enhanced.csv
IBM BOB 1 - Group P&L,2026-06,TXN004799,FJI01,2026-06-02,5510,Sales and marketing,Advertising,Sales,NSW,New South Wales Operations,Salesforce,BOB-PL-0591,PO-PL-6730,144206.93,Input,Ready,None,No,Raw_GL_Export_With_CostCenters_Mar2026_IBMBOB_Enhanced.csv
IBM BOB 1 - Group P&L,2026-06,TXN004800,PNG01,2026-06-13,5210,Research and development,Cloud services,IT,SA,South Australia Operations,Melbourne Airport,BOB-PL-0592,PO-PL-4878,147906.09,Input,Ready,High variance,No,Raw_GL_Export_With_CostCenters_Mar2026_IBMBOB_Enhanced.csv
IBM BOB 1 - Group P&L,2026-06,TXN004801,AUS01,2026-06-28,5200,Research and development,Software licenses,IT,WA,Western Australia Operations,Energy Australia,BOB-PL-0593,PO-PL-5701,82482.99,Input,Ready,None,Yes,Raw_GL_Export_With_CostCenters_Mar2026_IBMBOB_Enhanced.csv
IBM BOB 1 - Group P&L,2026-06,TXN004802,FJI01,2026-06-05,5200,Research and development,Software licenses,IT,FIN,Finance & Accounting,QBE Insurance,BOB-PL-0594,PO-PL-3209,71958.71,Input,Ready,None,No,Raw_GL_Export_With_CostCenters_Mar2026_IBMBOB_Enhanced.csv
IBM BOB 1 - Group P&L,2026-06,TXN004803,FJI01,2026-06-07,4000,Revenue,Product sales,Operating Revenue,HR,Human Resources,AWS,BOB-PL-0595,PO-PL-6499,224713.97,Input,Ready,None,No,Raw_GL_Export_With_CostCenters_Mar2026_IBMBOB_Enhanced.csv
IBM BOB 1 - Group P&L,2026-06,TXN004804,NZL01,2026-06-13,6000,Cost of revenue,Cost of goods sold,COGS,TAS,Tasmania Operations,LinkedIn,BOB-PL-0596,PO-PL-4554,114850.67,Input,Ready,None,No,Raw_GL_Export_With_CostCenters_Mar2026_IBMBOB_Enhanced.csv
IBM BOB 1 - Group P&L,2026-06,TXN004805,PNG01,2026-06-29,5920,Other income / expense,FX Loss,Finance,TAS,Tasmania Operations,AWS,BOB-PL-0597,PO-PL-2766,50397.81,Input,Ready,None,Yes,Raw_GL_Export_With_CostCenters_Mar2026_IBMBOB_Enhanced.csv
IBM BOB 1 - Group P&L,2026-06,TXN004806,AUS01,2026-06-01,6030,Cost of revenue,Manufacturing overhead,COGS,NSW,New South Wales Operations,IBM Australia,BOB-PL-0598,PO-PL-4760,139064.97,Input,Ready,None,No,Raw_GL_Export_With_CostCenters_Mar2026_IBMBOB_Enhanced.csv
IBM BOB 1 - Group P&L,2026-06,TXN004807,PNG01,2026-06-19,4010,Revenue,Service revenue,Operating Revenue,QLD,Queensland Operations,Salesforce,BOB-PL-0599,PO-PL-1358,320001.14,Input,Pending review,None,No,Raw_GL_Export_With_CostCenters_Mar2026_IBMBOB_Enhanced.csv
IBM BOB 1 - Group P&L,2026-06,TXN004808,NZL01,2026-06-13,4000,Revenue,Product sales,Operating Revenue,QLD,Queensland Operations,Energy Australia,BOB-PL-0600,PO-PL-5577,180914.72,Input,Ready,High variance,Yes,Raw_GL_Export_With_CostCenters_Mar2026_IBMBOB_Enhanced.csv
IBM BOB 1 - Group P&L,2026-06,TXN004809,PNG01,2026-06-30,5200,Research and development,Software licenses,IT,WA,Western Australia Operations,Officeworks,BOB-PL-0601,PO-PL-8469,139275.34,Input,Ready,None,Yes,Raw_GL_Export_With_CostCenters_Mar2026_IBMBOB_Enhanced.csv
IBM BOB 1 - Group P&L,2026-06,TXN004810,NZL01,2026-06-23,4100,Other income / expense,Interest income,Non-Operating Revenue,NT,Northern Territory Operations,Oracle,BOB-PL-0602,PO-PL-8495,212635.88,Input,Ready,None,No,Raw_GL_Export_With_CostCenters_Mar2026_IBMBOB_Enhanced.csv
IBM BOB 1 - Group P&L,2026-06,TXN004811,FJI01,2026-06-22,4000,Revenue,Product sales,Operating Revenue,NSW,New South Wales Operations,Energy Australia,BOB-PL-0603,PO-PL-3855,412824.82,Input,Ready,None,No,Raw_GL_Export_With_CostCenters_Mar2026_IBMBOB_Enhanced.csv
IBM BOB 1 - Group P&L,2026-06,TXN004812,NZL01,2026-06-10,5100,Other operating expenses,Office rent,Facilities,IT,Information Technology,Melbourne Airport,BOB-PL-0604,PO-PL-7176,108145.93,Input,Ready,None,No,Raw_GL_Export_With_CostCenters_Mar2026_IBMBOB_Enhanced.csv
IBM BOB 1 - Group P&L,2026-06,TXN004813,AUS01,2026-06-15,5110,Other operating expenses,Utilities,Facilities,TAS,Tasmania Operations,Google Ads,BOB-PL-0605,PO-PL-7156,180142.36,Input,Ready,None,No,Raw_GL_Export_With_CostCenters_Mar2026_IBMBOB_Enhanced.csv
IBM BOB 1 - Group P&L,2026-06,TXN004814,NZL01,2026-06-01,5010,General and administrative,Employee benefits,Personnel,MKT,Marketing & Sales,SAP Australia,BOB-PL-0606,PO-PL-8137,15987.68,Input,Ready,None,No,Raw_GL_Export_With_CostCenters_Mar2026_IBMBOB_Enhanced.csv
IBM BOB 1 - Group P&L,2026-06,TXN004815,AUS01,2026-06-13,5520,Sales and marketing,Events,Sales,MKT,Marketing & Sales,Google Ads,BOB-PL-0607,PO-PL-8188,79436.72,Input,Ready,None,Yes,Raw_GL_Export_With_CostCenters_Mar2026_IBMBOB_Enhanced.csv
IBM BOB 1 - Group P&L,2026-06,TXN004816,NZL01,2026-06-16,6020,Cost of revenue,Direct labor,COGS,NT,Northern Territory Operations,Google Ads,BOB-PL-0608,PO-PL-6944,105679.2,Input,Ready,High variance,No,Raw_GL_Export_With_CostCenters_Mar2026_IBMBOB_Enhanced.csv
IBM BOB 1 - Group P&L,2026-06,TXN004817,AUS01,2026-06-25,4010,Revenue,Service revenue,Operating Revenue,QLD,Queensland Operations,Deloitte,BOB-PL-0609,PO-PL-9588,56776.43,Input,Ready,None,No,Raw_GL_Export_With_CostCenters_Mar2026_IBMBOB_Enhanced.csv
IBM BOB 1 - Group P&L,2026-06,TXN004818,NZL01,2026-06-31,5700,Research and development,Training,Development,R&D,Research & Development,Salesforce,BOB-PL-0610,PO-PL-7778,110335.99,Input,Ready,None,No,Raw_GL_Export_With_CostCenters_Mar2026_IBMBOB_Enhanced.csv
IBM BOB 1 - Group P&L,2026-06,TXN004819,PNG01,2026-06-26,6000,Cost of revenue,Cost of goods sold,COGS,R&D,Research & Development,Oracle,BOB-PL-0611,PO-PL-6785,27156.33,Input,Ready,None,No,Raw_GL_Export_With_CostCenters_Mar2026_IBMBOB_Enhanced.csv
IBM BOB 1 - Group P&L,2026-06,TXN004820,AUS01,2026-06-07,5910,Other income / expense,Interest expense,Finance,QLD,Queensland Operations,IBM Australia,BOB-PL-0612,PO-PL-3859,131727.75,Input,Pending review,None,No,Raw_GL_Export_With_CostCenters_Mar2026_IBMBOB_Enhanced.csv
IBM BOB 1 - Group P&L,2026-06,TXN004821,FJI01,2026-06-29,5320,General and administrative,Audit fees,External,R&D,Research & Development,Qantas Commercial,BOB-PL-0613,PO-PL-7179,181931.62,Input,Ready,High variance,No,Raw_GL_Export_With_CostCenters_Mar2026_IBMBOB_Enhanced.csv
IBM BOB 1 - Group P&L,2026-06,TXN004822,AUS01,2026-06-11,4010,Revenue,Service revenue,Operating Revenue,TAS,Tasmania Operations,Salesforce,BOB-PL-0614,PO-PL-4665,275693.37,Input,Ready,None,No,Raw_GL_Export_With_CostCenters_Mar2026_IBMBOB_Enhanced.csv
IBM BOB 1 - Group P&L,2026-06,TXN004823,PNG01,2026-06-19,4020,Revenue,Subscription revenue,Operating Revenue,MKT,Marketing & Sales,Qantas Commercial,BOB-PL-0615,PO-PL-2238,203546.18,Input,Ready,None,No,Raw_GL_Export_With_CostCenters_Mar2026_IBMBOB_Enhanced.csv
IBM BOB 1 - Group P&L,2026-06,TXN004824,PNG01,2026-06-05,5510,Sales and marketing,Advertising,Sales,VIC,Victoria Operations,AWS,BOB-PL-0616,PO-PL-4404,95875.74,Input,Ready,High variance,No,Raw_GL_Export_With_CostCenters_Mar2026_IBMBOB_Enhanced.csv
IBM BOB 1 - Group P&L,2026-06,TXN004825,AUS01,2026-06-18,6000,Cost of revenue,Cost of goods sold,COGS,HR,Human Resources,Energy Australia,BOB-PL-0617,PO-PL-6186,127096.03,Input,Pending review,None,No,Raw_GL_Export_With_CostCenters_Mar2026_IBMBOB_Enhanced.csv
IBM BOB 1 - Group P&L,2026-06,TXN004826,FJI01,2026-06-24,6030,Cost of revenue,Manufacturing overhead,COGS,QLD,Queensland Operations,QBE Insurance,BOB-PL-0618,PO-PL-7509,127550.57,Input,Ready,High variance,Yes,Raw_GL_Export_With_CostCenters_Mar2026_IBMBOB_Enhanced.csv
IBM BOB 1 - Group P&L,2026-06,TXN004827,FJI01,2026-06-22,6000,Cost of revenue,Cost of goods sold,COGS,R&D,Research & Development,Energy Australia,BOB-PL-0619,PO-PL-7566,93335.94,Input,Ready,None,No,Raw_GL_Export_With_CostCenters_Mar2026_IBMBOB_Enhanced.csv
IBM BOB 1 - Group P&L,2026-06,TXN004828,FJI01,2026-06-05,4020,Revenue,Subscription revenue,Operating Revenue,QLD,Queensland Operations,Google Ads,BOB-PL-0620,PO-PL-9055,73369.07,Input,Ready,None,No,Raw_GL_Export_With_CostCenters_Mar2026_IBMBOB_Enhanced.csv
IBM BOB 1 - Group P&L,2026-06,TXN004829,FJI01,2026-06-11,5320,General and administrative,Audit fees,External,OPS,Operations & Logistics,AWS,BOB-PL-0621,PO-PL-5294,43609.78,Input,Pending review,None,No,Raw_GL_Export_With_CostCenters_Mar2026_IBMBOB_Enhanced.csv
IBM BOB 1 - Group P&L,2026-06,TXN004830,NZL01,2026-06-28,5110,Other operating expenses,Utilities,Facilities,HR,Human Resources,Energy Australia,BOB-PL-0622,PO-PL-5491,179941.16,Input,Pending review,None,Yes,Raw_GL_Export_With_CostCenters_Mar2026_IBMBOB_Enhanced.csv
IBM BOB 1 - Group P&L,2026-06,TXN004831,FJI01,2026-06-30,5920,Other income / expense,FX Loss,Finance,WA,Western Australia Operations,AWS,BOB-PL-0623,PO-PL-4953,64292.0,Input,Ready,High variance,No,Raw_GL_Export_With_CostCenters_Mar2026_IBMBOB_Enhanced.csv
IBM BOB 1 - Group P&L,2026-06,TXN004832,FJI01,2026-06-03,2210,Tax provision,Income tax payable,Current Liabilities,R&D,Research & Development,Salesforce,BOB-PL-0624,PO-PL-1881,11740.23,Input,Ready,None,No,Raw_GL_Export_With_CostCenters_Mar2026_IBMBOB_Enhanced.csv
IBM BOB 1 - Group P&L,2026-06,TXN004833,NZL01,2026-06-22,4000,Revenue,Product sales,Operating Revenue,SA,South Australia Operations,Deloitte,BOB-PL-0625,PO-PL-4540,146313.26,Input,Ready,High variance,Yes,Raw_GL_Export_With_CostCenters_Mar2026_IBMBOB_Enhanced.csv
IBM BOB 1 - Group P&L,2026-06,TXN004834,PNG01,2026-06-06,5200,Research and development,Software licenses,IT,R&D,Research & Development,Melbourne Airport,BOB-PL-0626,PO-PL-9310,42190.69,Input,Ready,None,No,Raw_GL_Export_With_CostCenters_Mar2026_IBMBOB_Enhanced.csv
IBM BOB 1 - Group P&L,2026-06,TXN004835,NZL01,2026-06-20,5910,Other income / expense,Interest expense,Finance,VIC,Victoria Operations,LinkedIn,BOB-PL-0627,PO-PL-8674,174594.16,Input,Ready,High variance,No,Raw_GL_Export_With_CostCenters_Mar2026_IBMBOB_Enhanced.csv
IBM BOB 1 - Group P&L,2026-06,TXN004836,FJI01,2026-06-08,2210,Tax provision,Income tax payable,Current Liabilities,ACT,Australian Capital Territory,Google Ads,BOB-PL-0628,PO-PL-2441,66191.53,Input,Ready,None,Yes,Raw_GL_Export_With_CostCenters_Mar2026_IBMBOB_Enhanced.csv
IBM BOB 1 - Group P&L,2026-06,TXN004837,PNG01,2026-06-20,5500,Sales and marketing,Campaign spend,Sales,WA,Western Australia Operations,QBE Insurance,BOB-PL-0629,PO-PL-8234,52765.58,Input,Ready,High variance,Yes,Raw_GL_Export_With_CostCenters_Mar2026_IBMBOB_Enhanced.csv
IBM BOB 1 - Group P&L,2026-06,TXN004838,AUS01,2026-06-29,4000,Revenue,Product sales,Operating Revenue,CORP,Corporate Head Office,Oracle,BOB-PL-0630,PO-PL-9680,317407.34,Input,Pending review,None,No,Raw_GL_Export_With_CostCenters_Mar2026_IBMBOB_Enhanced.csv
IBM BOB 1 - Group P&L,2026-06,TXN004839,FJI01,2026-06-16,2210,Tax provision,Income tax payable,Current Liabilities,TAS,Tasmania Operations,Officeworks,BOB-PL-0631,PO-PL-9794,87706.68,Input,Pending review,High variance,No,Raw_GL_Export_With_CostCenters_Mar2026_IBMBOB_Enhanced.csv
IBM BOB 1 - Group P&L,2026-06,TXN004840,AUS01,2026-06-07,5110,Other operating expenses,Utilities,Facilities,FIN,Finance & Accounting,Deloitte,BOB-PL-0632,PO-PL-2098,179307.33,Input,Ready,None,No,Raw_GL_Export_With_CostCenters_Mar2026_IBMBOB_Enhanced.csv
IBM BOB 1 - Group P&L,2026-06,TXN004841,NZL01,2026-06-06,5500,Sales and marketing,Campaign spend,Sales,OPS,Operations & Logistics,Snowflake,BOB-PL-0633,PO-PL-5838,87317.91,Input,Ready,None,No,Raw_GL_Export_With_CostCenters_Mar2026_IBMBOB_Enhanced.csv
IBM BOB 1 - Group P&L,2026-06,TXN004842,FJI01,2026-06-19,5110,Other operating expenses,Utilities,Facilities,NT,Northern Territory Operations,Google Ads,BOB-PL-0634,PO-PL-8456,147744.34,Input,Ready,None,No,Raw_GL_Export_With_CostCenters_Mar2026_IBMBOB_Enhanced.csv
IBM BOB 1 - Group P&L,2026-06,TXN004843,FJI01,2026-06-17,2210,Tax provision,Income tax payable,Current Liabilities,R&D,Research & Development,Snowflake,BOB-PL-0635,PO-PL-2483,137125.43,Input,Pending review,None,Yes,Raw_GL_Export_With_CostCenters_Mar2026_IBMBOB_Enhanced.csv
IBM BOB 1 - Group P&L,2026-06,TXN004844,PNG01,2026-06-12,6010,Cost of revenue,Direct materials,COGS,SA,South Australia Operations,Qantas Commercial,BOB-PL-0636,PO-PL-2796,52731.53,Input,Ready,None,No,Raw_GL_Export_With_CostCenters_Mar2026_IBMBOB_Enhanced.csv
IBM BOB 1 - Group P&L,2026-06,TXN004845,NZL01,2026-06-09,6000,Cost of revenue,Cost of goods sold,COGS,QLD,Queensland Operations,Microsoft,BOB-PL-0637,PO-PL-1451,142467.63,Input,Ready,High variance,No,Raw_GL_Export_With_CostCenters_Mar2026_IBMBOB_Enhanced.csv
IBM BOB 1 - Group P&L,2026-06,TXN004846,PNG01,2026-06-05,5910,Other income / expense,Interest expense,Finance,SA,South Australia Operations,Salesforce,BOB-PL-0638,PO-PL-9039,125896.83,Input,Ready,None,No,Raw_GL_Export_With_CostCenters_Mar2026_IBMBOB_Enhanced.csv
IBM BOB 1 - Group P&L,2026-06,TXN004847,AUS01,2026-06-10,5500,Sales and marketing,Campaign spend,Sales,NSW,New South Wales Operations,QBE Insurance,BOB-PL-0639,PO-PL-5410,115246.16,Input,Pending review,None,No,Raw_GL_Export_With_CostCenters_Mar2026_IBMBOB_Enhanced.csv
IBM BOB 1 - Group P&L,2026-06,TXN004848,NZL01,2026-06-10,5010,General and administrative,Employee benefits,Personnel,QLD,Queensland Operations,Snowflake,BOB-PL-0640,PO-PL-4841,61336.09,Input,Ready,High variance,No,Raw_GL_Export_With_CostCenters_Mar2026_IBMBOB_Enhanced.csv
IBM BOB 1 - Group P&L,2026-06,TXN004849,NZL01,2026-06-14,5100,Other operating expenses,Office rent,Facilities,ACT,Australian Capital Territory,Snowflake,BOB-PL-0641,PO-PL-5800,47162.65,Input,Ready,None,No,Raw_GL_Export_With_CostCenters_Mar2026_IBMBOB_Enhanced.csv
IBM BOB 1 - Group P&L,2026-06,TXN004850,PNG01,2026-06-26,2210,Tax provision,Income tax payable,Current Liabilities,MKT,Marketing & Sales,Oracle,BOB-PL-0642,PO-PL-7932,27886.21,Input,Ready,High variance,No,Raw_GL_Export_With_CostCenters_Mar2026_IBMBOB_Enhanced.csv
IBM BOB 1 - Group P&L,2026-06,TXN004851,AUS01,2026-06-16,4100,Other income / expense,Interest income,Non-Operating Revenue,WA,Western Australia Operations,Snowflake,BOB-PL-0643,PO-PL-1418,466100.94,Input,Pending review,High variance,No,Raw_GL_Export_With_CostCenters_Mar2026_IBMBOB_Enhanced.csv
IBM BOB 1 - Group P&L,2026-06,TXN004852,NZL01,2026-06-17,5920,Other income / expense,FX Loss,Finance,FIN,Finance & Accounting,AWS,BOB-PL-0644,PO-PL-4303,112739.57,Input,Ready,None,No,Raw_GL_Export_With_CostCenters_Mar2026_IBMBOB_Enhanced.csv
IBM BOB 1 - Group P&L,2026-06,TXN004853,FJI01,2026-06-19,2210,Tax provision,Income tax payable,Current Liabilities,OPS,Operations & Logistics,Oracle,BOB-PL-0645,PO-PL-8654,146234.71,Input,Ready,None,No,Raw_GL_Export_With_CostCenters_Mar2026_IBMBOB_Enhanced.csv
IBM BOB 1 - Group P&L,2026-06,TXN004854,PNG01,2026-06-28,5510,Sales and marketing,Advertising,Sales,FIN,Finance & Accounting,Snowflake,BOB-PL-0646,PO-PL-4105,155904.41,Input,Pending review,None,No,Raw_GL_Export_With_CostCenters_Mar2026_IBMBOB_Enhanced.csv
IBM BOB 1 - Group P&L,2026-06,TXN004855,NZL01,2026-06-29,6030,Cost of revenue,Manufacturing overhead,COGS,SA,South Australia Operations,Microsoft,BOB-PL-0647,PO-PL-7811,63667.97,Input,Ready,None,No,Raw_GL_Export_With_CostCenters_Mar2026_IBMBOB_Enhanced.csv
IBM BOB 1 - Group P&L,2026-06,TXN004856,FJI01,2026-06-12,2210,Tax provision,Income tax payable,Current Liabilities,MKT,Marketing & Sales,IBM Australia,BOB-PL-0648,PO-PL-3175,71301.32,Input,Pending review,None,No,Raw_GL_Export_With_CostCenters_Mar2026_IBMBOB_Enhanced.csv
IBM BOB 1 - Group P&L,2026-06,TXN004857,NZL01,2026-06-31,5320,General and administrative,Audit fees,External,ACT,Australian Capital Territory,Melbourne Airport,BOB-PL-0649,PO-PL-5703,168850.3,Input,Ready,None,No,Raw_GL_Export_With_CostCenters_Mar2026_IBMBOB_Enhanced.csv
IBM BOB 1 - Group P&L,2026-06,TXN004858,AUS01,2026-06-02,5700,Research and development,Training,Development,NT,Northern Territory Operations,Deloitte,BOB-PL-0650,PO-PL-6457,102249.44,Input,Pending review,None,No,Raw_GL_Export_With_CostCenters_Mar2026_IBMBOB_Enhanced.csv
IBM BOB 1 - Group P&L,2026-06,TXN004859,PNG01,2026-06-05,2210,Tax provision,Income tax payable,Current Liabilities,NSW,New South Wales Operations,Deloitte,BOB-PL-0651,PO-PL-3868,128450.06,Input,Ready,High variance,No,Raw_GL_Export_With_CostCenters_Mar2026_IBMBOB_Enhanced.csv
IBM BOB 1 - Group P&L,2026-06,TXN004860,AUS01,2026-06-20,5100,Other operating expenses,Office rent,Facilities,VIC,Victoria Operations,Microsoft,BOB-PL-0652,PO-PL-4661,186964.56,Input,Ready,None,No,Raw_GL_Export_With_CostCenters_Mar2026_IBMBOB_Enhanced.csv
IBM BOB 1 - Group P&L,2026-06,TXN004861,PNG01,2026-06-12,5520,Sales and marketing,Events,Sales,OPS,Operations & Logistics,Energy Australia,BOB-PL-0653,PO-PL-2673,14049.85,Input,Ready,None,Yes,Raw_GL_Export_With_CostCenters_Mar2026_IBMBOB_Enhanced.csv
IBM BOB 1 - Group P&L,2026-06,TXN004862,FJI01,2026-06-19,5510,Sales and marketing,Advertising,Sales,QLD,Queensland Operations,Microsoft,BOB-PL-0654,PO-PL-3796,18787.99,Input,Ready,None,Yes,Raw_GL_Export_With_CostCenters_Mar2026_IBMBOB_Enhanced.csv
IBM BOB 1 - Group P&L,2026-06,TXN004863,PNG01,2026-06-04,2210,Tax provision,Income tax payable,Current Liabilities,NT,Northern Territory Operations,Microsoft,BOB-PL-0655,PO-PL-5648,151206.77,Input,Ready,None,Yes,Raw_GL_Export_With_CostCenters_Mar2026_IBMBOB_Enhanced.csv
IBM BOB 1 - Group P&L,2026-06,TXN004864,FJI01,2026-06-16,5500,Sales and marketing,Campaign spend,Sales,WA,Western Australia Operations,Snowflake,BOB-PL-0656,PO-PL-5785,38081.68,Input,Ready,High variance,No,Raw_GL_Export_With_CostCenters_Mar2026_IBMBOB_Enhanced.csv
IBM BOB 1 - Group P&L,2026-06,TXN004865,AUS01,2026-06-27,6030,Cost of revenue,Manufacturing overhead,COGS,CORP,Corporate Head Office,Salesforce,BOB-PL-0657,PO-PL-6693,128050.27,Input,Ready,None,No,Raw_GL_Export_With_CostCenters_Mar2026_IBMBOB_Enhanced.csv
IBM BOB 1 - Group P&L,2026-06,TXN004866,NZL01,2026-06-18,2210,Tax provision,Income tax payable,Current Liabilities,MKT,Marketing & Sales,Snowflake,BOB-PL-0658,PO-PL-5358,76092.63,Input,Ready,None,Yes,Raw_GL_Export_With_CostCenters_Mar2026_IBMBOB_Enhanced.csv
IBM BOB 1 - Group P&L,2026-06,TXN004867,PNG01,2026-06-04,5700,Research and development,Training,Development,QLD,Queensland Operations,AWS,BOB-PL-0659,PO-PL-2801,106243.19,Input,Ready,None,No,Raw_GL_Export_With_CostCenters_Mar2026_IBMBOB_Enhanced.csv
IBM BOB 1 - Group P&L,2026-06,TXN004868,AUS01,2026-06-05,5700,Research and development,Training,Development,OPS,Operations & Logistics,Melbourne Airport,BOB-PL-0660,PO-PL-5961,164048.18,Input,Ready,High variance,No,Raw_GL_Export_With_CostCenters_Mar2026_IBMBOB_Enhanced.csv
IBM BOB 1 - Group P&L,2026-06,TXN004869,FJI01,2026-06-11,2210,Tax provision,Income tax payable,Current Liabilities,TAS,Tasmania Operations,Deloitte,BOB-PL-0661,PO-PL-4850,92020.15,Input,Ready,High variance,No,Raw_GL_Export_With_CostCenters_Mar2026_IBMBOB_Enhanced.csv
IBM BOB 1 - Group P&L,2026-06,TXN004870,NZL01,2026-06-04,5200,Research and development,Software licenses,IT,NT,Northern Territory Operations,Energy Australia,BOB-PL-0662,PO-PL-5170,56997.93,Input,Ready,None,Yes,Raw_GL_Export_With_CostCenters_Mar2026_IBMBOB_Enhanced.csv
IBM BOB 1 - Group P&L,2026-06,TXN004871,AUS01,2026-06-31,6000,Cost of revenue,Cost of goods sold,COGS,SA,South Australia Operations,AWS,BOB-PL-0663,PO-PL-4110,97385.36,Input,Pending review,High variance,No,Raw_GL_Export_With_CostCenters_Mar2026_IBMBOB_Enhanced.csv
IBM BOB 1 - Group P&L,2026-06,TXN004872,FJI01,2026-06-24,4100,Other income / expense,Interest income,Non-Operating Revenue,NSW,New South Wales Operations,Oracle,BOB-PL-0664,PO-PL-5590,246170.66,Input,Ready,None,No,Raw_GL_Export_With_CostCenters_Mar2026_IBMBOB_Enhanced.csv
IBM BOB 1 - Group P&L,2026-06,TXN004873,FJI01,2026-06-17,5010,General and administrative,Employee benefits,Personnel,TAS,Tasmania Operations,LinkedIn,BOB-PL-0665,PO-PL-2901,37348.52,Input,Ready,None,No,Raw_GL_Export_With_CostCenters_Mar2026_IBMBOB_Enhanced.csv
IBM BOB 1 - Group P&L,2026-06,TXN004874,AUS01,2026-06-07,2210,Tax provision,Income tax payable,Current Liabilities,IT,Information Technology,IBM Australia,BOB-PL-0666,PO-PL-8701,108396.18,Input,Ready,None,No,Raw_GL_Export_With_CostCenters_Mar2026_IBMBOB_Enhanced.csv
IBM BOB 1 - Group P&L,2026-06,TXN004875,NZL01,2026-06-29,2210,Tax provision,Income tax payable,Current Liabilities,IT,Information Technology,Salesforce,BOB-PL-0667,PO-PL-3981,158074.79,Input,Ready,None,Yes,Raw_GL_Export_With_CostCenters_Mar2026_IBMBOB_Enhanced.csv
IBM BOB 1 - Group P&L,2026-06,TXN004876,PNG01,2026-06-16,5920,Other income / expense,FX Loss,Finance,MKT,Marketing & Sales,Snowflake,BOB-PL-0668,PO-PL-7165,106927.15,Input,Ready,High variance,Yes,Raw_GL_Export_With_CostCenters_Mar2026_IBMBOB_Enhanced.csv
IBM BOB 1 - Group P&L,2026-06,TXN004877,AUS01,2026-06-14,4020,Revenue,Subscription revenue,Operating Revenue,OPS,Operations & Logistics,Oracle,BOB-PL-0669,PO-PL-4785,78494.4,Input,Pending review,None,Yes,Raw_GL_Export_With_CostCenters_Mar2026_IBMBOB_Enhanced.csv
IBM BOB 1 - Group P&L,2026-06,TXN004878,PNG01,2026-06-06,4020,Revenue,Subscription revenue,Operating Revenue,OPS,Operations & Logistics,QBE Insurance,BOB-PL-0670,PO-PL-9620,84166.66,Input,Ready,High variance,No,Raw_GL_Export_With_CostCenters_Mar2026_IBMBOB_Enhanced.csv
IBM BOB 1 - Group P&L,2026-06,TXN004879,FJI01,2026-06-01,5100,Other operating expenses,Office rent,Facilities,IT,Information Technology,Qantas Commercial,BOB-PL-0671,PO-PL-1883,120278.48,Input,Pending review,High variance,Yes,Raw_GL_Export_With_CostCenters_Mar2026_IBMBOB_Enhanced.csv
IBM BOB 1 - Group P&L,2026-06,TXN004880,PNG01,2026-06-30,5100,Other operating expenses,Office rent,Facilities,VIC,Victoria Operations,Google Ads,BOB-PL-0672,PO-PL-1763,188545.98,Input,Pending review,None,No,Raw_GL_Export_With_CostCenters_Mar2026_IBMBOB_Enhanced.csv
IBM BOB 1 - Group P&L,2026-06,TXN004881,PNG01,2026-06-27,6020,Cost of revenue,Direct labor,COGS,MKT,Marketing & Sales,Oracle,BOB-PL-0673,PO-PL-2802,96161.53,Input,Ready,None,No,Raw_GL_Export_With_CostCenters_Mar2026_IBMBOB_Enhanced.csv
IBM BOB 1 - Group P&L,2026-06,TXN004882,AUS01,2026-06-24,4010,Revenue,Service revenue,Operating Revenue,WA,Western Australia Operations,Officeworks,BOB-PL-0674,PO-PL-5465,445775.92,Input,Ready,None,No,Raw_GL_Export_With_CostCenters_Mar2026_IBMBOB_Enhanced.csv
IBM BOB 1 - Group P&L,2026-06,TXN004883,PNG01,2026-06-14,5110,Other operating expenses,Utilities,Facilities,FIN,Finance & Accounting,Snowflake,BOB-PL-0675,PO-PL-3651,180840.68,Input,Ready,None,No,Raw_GL_Export_With_CostCenters_Mar2026_IBMBOB_Enhanced.csv
IBM BOB 1 - Group P&L,2026-06,TXN004884,FJI01,2026-06-10,5000,General and administrative,Salaries and wages,Personnel,MKT,Marketing & Sales,Google Ads,BOB-PL-0676,PO-PL-3093,73538.67,Input,Ready,None,Yes,Raw_GL_Export_With_CostCenters_Mar2026_IBMBOB_Enhanced.csv
IBM BOB 1 - Group P&L,2026-06,TXN004885,PNG01,2026-06-14,5920,Other income / expense,FX Loss,Finance,VIC,Victoria Operations,Oracle,BOB-PL-0677,PO-PL-5336,160386.3,Input,Ready,None,No,Raw_GL_Export_With_CostCenters_Mar2026_IBMBOB_Enhanced.csv
IBM BOB 1 - Group P&L,2026-06,TXN004886,NZL01,2026-06-24,2210,Tax provision,Income tax payable,Current Liabilities,R&D,Research & Development,AWS,BOB-PL-0678,PO-PL-9830,152768.43,Input,Ready,None,No,Raw_GL_Export_With_CostCenters_Mar2026_IBMBOB_Enhanced.csv
IBM BOB 1 - Group P&L,2026-06,TXN004887,NZL01,2026-06-16,5110,Other operating expenses,Utilities,Facilities,NSW,New South Wales Operations,Snowflake,BOB-PL-0679,PO-PL-7804,122374.3,Input,Pending review,None,No,Raw_GL_Export_With_CostCenters_Mar2026_IBMBOB_Enhanced.csv
IBM BOB 1 - Group P&L,2026-06,TXN004888,AUS01,2026-06-16,5510,Sales and marketing,Advertising,Sales,TAS,Tasmania Operations,QBE Insurance,BOB-PL-0680,PO-PL-6584,86099.75,Input,Ready,High variance,No,Raw_GL_Export_With_CostCenters_Mar2026_IBMBOB_Enhanced.csv
IBM BOB 1 - Group P&L,2026-06,TXN004889,PNG01,2026-06-25,6010,Cost of revenue,Direct materials,COGS,ACT,Australian Capital Territory,QBE Insurance,BOB-PL-0681,PO-PL-8516,29217.22,Input,Pending review,None,No,Raw_GL_Export_With_CostCenters_Mar2026_IBMBOB_Enhanced.csv
IBM BOB 1 - Group P&L,2026-06,TXN004890,AUS01,2026-06-28,6020,Cost of revenue,Direct labor,COGS,WA,Western Australia Operations,Melbourne Airport,BOB-PL-0682,PO-PL-6565,52925.0,Input,Ready,None,Yes,Raw_GL_Export_With_CostCenters_Mar2026_IBMBOB_Enhanced.csv
IBM BOB 1 - Group P&L,2026-06,TXN004891,NZL01,2026-06-02,5200,Research and development,Software licenses,IT,HR,Human Resources,SAP Australia,BOB-PL-0683,PO-PL-3102,4004.99,Input,Ready,High variance,No,Raw_GL_Export_With_CostCenters_Mar2026_IBMBOB_Enhanced.csv
IBM BOB 1 - Group P&L,2026-06,TXN004892,FJI01,2026-06-06,5100,Other operating expenses,Office rent,Facilities,IT,Information Technology,Google Ads,BOB-PL-0684,PO-PL-2481,187348.15,Input,Ready,High variance,No,Raw_GL_Export_With_CostCenters_Mar2026_IBMBOB_Enhanced.csv
IBM BOB 1 - Group P&L,2026-06,TXN004893,NZL01,2026-06-16,5520,Sales and marketing,Events,Sales,R&D,Research & Development,Energy Australia,BOB-PL-0685,PO-PL-9873,60114.88,Input,Ready,High variance,No,Raw_GL_Export_With_CostCenters_Mar2026_IBMBOB_Enhanced.csv
IBM BOB 1 - Group P&L,2026-06,TXN004894,AUS01,2026-06-04,5910,Other income / expense,Interest expense,Finance,ACT,Australian Capital Territory,LinkedIn,BOB-PL-0686,PO-PL-6814,9348.36,Input,Ready,None,No,Raw_GL_Export_With_CostCenters_Mar2026_IBMBOB_Enhanced.csv
IBM BOB 1 - Group P&L,2026-06,TXN004895,NZL01,2026-06-01,5000,General and administrative,Salaries and wages,Personnel,VIC,Victoria Operations,LinkedIn,BOB-PL-0687,PO-PL-6530,169793.49,Input,Pending review,High variance,Yes,Raw_GL_Export_With_CostCenters_Mar2026_IBMBOB_Enhanced.csv
IBM BOB 1 - Group P&L,2026-06,TXN004896,NZL01,2026-06-19,5110,Other operating expenses,Utilities,Facilities,SA,South Australia Operations,IBM Australia,BOB-PL-0688,PO-PL-8128,169979.27,Input,Ready,None,Yes,Raw_GL_Export_With_CostCenters_Mar2026_IBMBOB_Enhanced.csv
IBM BOB 1 - Group P&L,2026-06,TXN004897,PNG01,2026-06-17,5200,Research and development,Software licenses,IT,TAS,Tasmania Operations,Deloitte,BOB-PL-0689,PO-PL-1984,127791.82,Input,Ready,High variance,Yes,Raw_GL_Export_With_CostCenters_Mar2026_IBMBOB_Enhanced.csv
IBM BOB 1 - Group P&L,2026-06,TXN004898,FJI01,2026-06-03,6020,Cost of revenue,Direct labor,COGS,WA,Western Australia Operations,Energy Australia,BOB-PL-0690,PO-PL-2488,93212.3,Input,Pending review,None,No,Raw_GL_Export_With_CostCenters_Mar2026_IBMBOB_Enhanced.csv
IBM BOB 1 - Group P&L,2026-06,TXN004899,PNG01,2026-06-28,5910,Other income / expense,Interest expense,Finance,FIN,Finance & Accounting,Qantas Commercial,BOB-PL-0691,PO-PL-9857,163440.94,Input,Pending review,None,No,Raw_GL_Export_With_CostCenters_Mar2026_IBMBOB_Enhanced.csv
IBM BOB 1 - Group P&L,2026-06,TXN004900,PNG01,2026-06-01,2210,Tax provision,Income tax payable,Current Liabilities,TAS,Tasmania Operations,Officeworks,BOB-PL-0692,PO-PL-2924,100364.86,Input,Ready,High variance,No,Raw_GL_Export_With_CostCenters_Mar2026_IBMBOB_Enhanced.csv
IBM BOB 1 - Group P&L,2026-06,TXN004901,FJI01,2026-06-10,2210,Tax provision,Income tax payable,Current Liabilities,VIC,Victoria Operations,QBE Insurance,BOB-PL-0693,PO-PL-9603,67774.37,Input,Ready,None,Yes,Raw_GL_Export_With_CostCenters_Mar2026_IBMBOB_Enhanced.csv
IBM BOB 1 - Group P&L,2026-06,TXN004902,PNG01,2026-06-16,4020,Revenue,Subscription revenue,Operating Revenue,CORP,Corporate Head Office,IBM Australia,BOB-PL-0694,PO-PL-3551,461747.05,Input,Ready,None,Yes,Raw_GL_Export_With_CostCenters_Mar2026_IBMBOB_Enhanced.csv
IBM BOB 1 - Group P&L,2026-06,TXN004903,NZL01,2026-06-10,5100,Other operating expenses,Office rent,Facilities,NT,Northern Territory Operations,Melbourne Airport,BOB-PL-0695,PO-PL-2682,52727.17,Input,Ready,None,No,Raw_GL_Export_With_CostCenters_Mar2026_IBMBOB_Enhanced.csv
IBM BOB 1 - Group P&L,2026-06,TXN004904,PNG01,2026-06-31,4100,Other income / expense,Interest income,Non-Operating Revenue,SA,South Australia Operations,Energy Australia,BOB-PL-0696,PO-PL-8391,475951.89,Input,Ready,High variance,No,Raw_GL_Export_With_CostCenters_Mar2026_IBMBOB_Enhanced.csv
IBM BOB 1 - Group P&L,2026-06,TXN004905,FJI01,2026-06-31,4000,Revenue,Product sales,Operating Revenue,VIC,Victoria Operations,IBM Australia,BOB-PL-0697,PO-PL-1120,335005.75,Input,Ready,None,No,Raw_GL_Export_With_CostCenters_Mar2026_IBMBOB_Enhanced.csv
IBM BOB 1 - Group P&L,2026-06,TXN004906,NZL01,2026-06-10,4010,Revenue,Service revenue,Operating Revenue,ACT,Australian Capital Territory,QBE Insurance,BOB-PL-0698,PO-PL-1578,271628.69,Input,Ready,None,Yes,Raw_GL_Export_With_CostCenters_Mar2026_IBMBOB_Enhanced.csv
IBM BOB 1 - Group P&L,2026-06,TXN004907,AUS01,2026-06-27,4010,Revenue,Service revenue,Operating Revenue,VIC,Victoria Operations,Officeworks,BOB-PL-0699,PO-PL-3704,328772.24,Input,Ready,None,No,Raw_GL_Export_With_CostCenters_Mar2026_IBMBOB_Enhanced.csv
IBM BOB 1 - Group P&L,2026-06,TXN004908,AUS01,2026-06-18,5320,General and administrative,Audit fees,External,SA,South Australia Operations,Google Ads,BOB-PL-0700,PO-PL-3396,120711.91,Input,Ready,None,No,Raw_GL_Export_With_CostCenters_Mar2026_IBMBOB_Enhanced.csv
IBM BOB 1 - Group P&L,2026-06,TXN004909,NZL01,2026-06-09,4010,Revenue,Service revenue,Operating Revenue,VIC,Victoria Operations,LinkedIn,BOB-PL-0701,PO-PL-4400,343886.65,Input,Pending review,None,No,Raw_GL_Export_With_CostCenters_Mar2026_IBMBOB_Enhanced.csv
IBM BOB 1 - Group P&L,2026-06,TXN004910,FJI01,2026-06-22,5510,Sales and marketing,Advertising,Sales,QLD,Queensland Operations,SAP Australia,BOB-PL-0702,PO-PL-2202,8623.59,Input,Ready,None,Yes,Raw_GL_Export_With_CostCenters_Mar2026_IBMBOB_Enhanced.csv
IBM BOB 1 - Group P&L,2026-06,TXN004911,PNG01,2026-06-15,4000,Revenue,Product sales,Operating Revenue,CORP,Corporate Head Office,Google Ads,BOB-PL-0703,PO-PL-7999,330476.05,Input,Pending review,None,Yes,Raw_GL_Export_With_CostCenters_Mar2026_IBMBOB_Enhanced.csv
IBM BOB 1 - Group P&L,2026-06,TXN004912,AUS01,2026-06-17,2210,Tax provision,Income tax payable,Current Liabilities,QLD,Queensland Operations,Salesforce,BOB-PL-0704,PO-PL-7938,23841.01,Input,Pending review,None,No,Raw_GL_Export_With_CostCenters_Mar2026_IBMBOB_Enhanced.csv
IBM BOB 1 - Group P&L,2026-06,TXN004913,PNG01,2026-06-22,5910,Other income / expense,Interest expense,Finance,SA,South Australia Operations,Qantas Commercial,BOB-PL-0705,PO-PL-4324,186245.9,Input,Ready,None,No,Raw_GL_Export_With_CostCenters_Mar2026_IBMBOB_Enhanced.csv
IBM BOB 1 - Group P&L,2026-06,TXN004914,AUS01,2026-06-16,5010,General and administrative,Employee benefits,Personnel,FIN,Finance & Accounting,Snowflake,BOB-PL-0706,PO-PL-6349,56962.77,Input,Pending review,None,No,Raw_GL_Export_With_CostCenters_Mar2026_IBMBOB_Enhanced.csv
IBM BOB 1 - Group P&L,2026-06,TXN004915,NZL01,2026-06-05,6010,Cost of revenue,Direct materials,COGS,SA,South Australia Operations,Energy Australia,BOB-PL-0707,PO-PL-5723,145094.48,Input,Pending review,None,No,Raw_GL_Export_With_CostCenters_Mar2026_IBMBOB_Enhanced.csv
IBM BOB 1 - Group P&L,2026-06,TXN004916,AUS01,2026-06-09,5700,Research and development,Training,Development,WA,Western Australia Operations,LinkedIn,BOB-PL-0708,PO-PL-1460,80274.48,Input,Ready,None,No,Raw_GL_Export_With_CostCenters_Mar2026_IBMBOB_Enhanced.csv
IBM BOB 1 - Group P&L,2026-06,TXN004917,FJI01,2026-06-04,6010,Cost of revenue,Direct materials,COGS,CORP,Corporate Head Office,Snowflake,BOB-PL-0709,PO-PL-9416,93362.58,Input,Ready,None,No,Raw_GL_Export_With_CostCenters_Mar2026_IBMBOB_Enhanced.csv
IBM BOB 1 - Group P&L,2026-06,TXN004918,FJI01,2026-06-16,5510,Sales and marketing,Advertising,Sales,QLD,Queensland Operations,Salesforce,BOB-PL-0710,PO-PL-7771,27899.64,Input,Ready,None,No,Raw_GL_Export_With_CostCenters_Mar2026_IBMBOB_Enhanced.csv
IBM BOB 1 - Group P&L,2026-06,TXN004919,NZL01,2026-06-14,4100,Other income / expense,Interest income,Non-Operating Revenue,NSW,New South Wales Operations,Officeworks,BOB-PL-0711,PO-PL-3908,444659.6,Input,Pending review,None,No,Raw_GL_Export_With_CostCenters_Mar2026_IBMBOB_Enhanced.csv
IBM BOB 1 - Group P&L,2026-06,TXN004920,AUS01,2026-06-20,5500,Sales and marketing,Campaign spend,Sales,FIN,Finance & Accounting,Google Ads,BOB-PL-0712,PO-PL-3309,189103.46,Input,Pending review,None,No,Raw_GL_Export_With_CostCenters_Mar2026_IBMBOB_Enhanced.csv
IBM BOB 1 - Group P&L,2026-06,TXN004921,AUS01,2026-06-03,6020,Cost of revenue,Direct labor,COGS,NT,Northern Territory Operations,Microsoft,BOB-PL-0713,PO-PL-8998,121646.7,Input,Ready,High variance,No,Raw_GL_Export_With_CostCenters_Mar2026_IBMBOB_Enhanced.csv
IBM BOB 1 - Group P&L,2026-06,TXN004922,FJI01,2026-06-15,5700,Research and development,Training,Development,NSW,New South Wales Operations,Salesforce,BOB-PL-0714,PO-PL-1573,78281.08,Input,Ready,None,No,Raw_GL_Export_With_CostCenters_Mar2026_IBMBOB_Enhanced.csv
IBM BOB 1 - Group P&L,2026-06,TXN004923,PNG01,2026-06-05,5120,Other operating expenses,Office supplies,Facilities,TAS,Tasmania Operations,Melbourne Airport,BOB-PL-0715,PO-PL-2614,144944.05,Input,Ready,None,Yes,Raw_GL_Export_With_CostCenters_Mar2026_IBMBOB_Enhanced.csv
IBM BOB 1 - Group P&L,2026-06,TXN004924,FJI01,2026-06-11,5010,General and administrative,Employee benefits,Personnel,SA,South Australia Operations,Google Ads,BOB-PL-0716,PO-PL-8317,84667.87,Input,Pending review,None,No,Raw_GL_Export_With_CostCenters_Mar2026_IBMBOB_Enhanced.csv
IBM BOB 1 - Group P&L,2026-06,TXN004925,PNG01,2026-06-01,5010,General and administrative,Employee benefits,Personnel,MKT,Marketing & Sales,Salesforce,BOB-PL-0717,PO-PL-1866,117098.15,Input,Pending review,None,No,Raw_GL_Export_With_CostCenters_Mar2026_IBMBOB_Enhanced.csv
IBM BOB 1 - Group P&L,2026-06,TXN004926,AUS01,2026-06-25,4100,Other income / expense,Interest income,Non-Operating Revenue,SA,South Australia Operations,Officeworks,BOB-PL-0718,PO-PL-9201,136507.48,Input,Ready,None,No,Raw_GL_Export_With_CostCenters_Mar2026_IBMBOB_Enhanced.csv
IBM BOB 1 - Group P&L,2026-06,TXN004927,PNG01,2026-06-20,5100,Other operating expenses,Office rent,Facilities,NSW,New South Wales Operations,Qantas Commercial,BOB-PL-0719,PO-PL-1738,71608.53,Input,Ready,None,No,Raw_GL_Export_With_CostCenters_Mar2026_IBMBOB_Enhanced.csv
IBM BOB 1 - Group P&L,2026-06,TXN004928,FJI01,2026-06-22,5520,Sales and marketing,Events,Sales,NT,Northern Territory Operations,SAP Australia,BOB-PL-0720,PO-PL-9727,189693.09,Input,Ready,None,No,Raw_GL_Export_With_CostCenters_Mar2026_IBMBOB_Enhanced.csv
IBM BOB 1 - Group P&L,2026-06,TXN004929,FJI01,2026-06-21,5010,General and administrative,Employee benefits,Personnel,CORP,Corporate Head Office,Qantas Commercial,BOB-PL-0721,PO-PL-1874,123785.49,Input,Ready,High variance,Yes,Raw_GL_Export_With_CostCenters_Mar2026_IBMBOB_Enhanced.csv
IBM BOB 1 - Group P&L,2026-06,TXN004930,FJI01,2026-06-29,5910,Other income / expense,Interest expense,Finance,SA,South Australia Operations,Google Ads,BOB-PL-0722,PO-PL-1357,29097.56,Input,Pending review,None,No,Raw_GL_Export_With_CostCenters_Mar2026_IBMBOB_Enhanced.csv
IBM BOB 1 - Group P&L,2026-06,TXN004931,PNG01,2026-06-26,2210,Tax provision,Income tax payable,Current Liabilities,OPS,Operations & Logistics,Microsoft,BOB-PL-0723,PO-PL-8408,66920.67,Input,Pending review,None,No,Raw_GL_Export_With_CostCenters_Mar2026_IBMBOB_Enhanced.csv
IBM BOB 1 - Group P&L,2026-06,TXN004932,PNG01,2026-06-28,2210,Tax provision,Income tax payable,Current Liabilities,HR,Human Resources,Microsoft,BOB-PL-0724,PO-PL-4250,150358.77,Input,Ready,None,No,Raw_GL_Export_With_CostCenters_Mar2026_IBMBOB_Enhanced.csv
IBM BOB 1 - Group P&L,2026-06,TXN004933,FJI01,2026-06-15,5320,General and administrative,Audit fees,External,TAS,Tasmania Operations,Microsoft,BOB-PL-0725,PO-PL-2109,184971.35,Input,Pending review,None,No,Raw_GL_Export_With_CostCenters_Mar2026_IBMBOB_Enhanced.csv
IBM BOB 1 - Group P&L,2026-06,TXN004934,NZL01,2026-06-20,5500,Sales and marketing,Campaign spend,Sales,VIC,Victoria Operations,IBM Australia,BOB-PL-0726,PO-PL-9231,42037.65,Input,Ready,None,No,Raw_GL_Export_With_CostCenters_Mar2026_IBMBOB_Enhanced.csv
IBM BOB 1 - Group P&L,2026-06,TXN004935,NZL01,2026-06-20,5000,General and administrative,Salaries and wages,Personnel,IT,Information Technology,Melbourne Airport,BOB-PL-0727,PO-PL-2145,31667.49,Input,Ready,None,No,Raw_GL_Export_With_CostCenters_Mar2026_IBMBOB_Enhanced.csv
IBM BOB 1 - Group P&L,2026-06,TXN004936,AUS01,2026-06-17,5520,Sales and marketing,Events,Sales,ACT,Australian Capital Territory,Deloitte,BOB-PL-0728,PO-PL-5216,59476.2,Input,Ready,None,No,Raw_GL_Export_With_CostCenters_Mar2026_IBMBOB_Enhanced.csv
IBM BOB 1 - Group P&L,2026-06,TXN004937,FJI01,2026-06-25,5500,Sales and marketing,Campaign spend,Sales,HR,Human Resources,QBE Insurance,BOB-PL-0729,PO-PL-3462,145631.81,Input,Pending review,None,No,Raw_GL_Export_With_CostCenters_Mar2026_IBMBOB_Enhanced.csv
IBM BOB 1 - Group P&L,2026-06,TXN004938,AUS01,2026-06-01,5520,Sales and marketing,Events,Sales,ACT,Australian Capital Territory,Snowflake,BOB-PL-0730,PO-PL-2882,119096.98,Input,Ready,None,Yes,Raw_GL_Export_With_CostCenters_Mar2026_IBMBOB_Enhanced.csv
IBM BOB 1 - Group P&L,2026-06,TXN004939,NZL01,2026-06-11,5500,Sales and marketing,Campaign spend,Sales,VIC,Victoria Operations,Officeworks,BOB-PL-0731,PO-PL-5612,43044.7,Input,Pending review,High variance,No,Raw_GL_Export_With_CostCenters_Mar2026_IBMBOB_Enhanced.csv
IBM BOB 1 - Group P&L,2026-06,TXN004940,AUS01,2026-06-14,5300,General and administrative,Professional services,External,VIC,Victoria Operations,IBM Australia,BOB-PL-0732,PO-PL-6906,168888.14,Input,Ready,High variance,No,Raw_GL_Export_With_CostCenters_Mar2026_IBMBOB_Enhanced.csv
IBM BOB 1 - Group P&L,2026-06,TXN004941,PNG01,2026-06-31,6020,Cost of revenue,Direct labor,COGS,WA,Western Australia Operations,LinkedIn,BOB-PL-0733,PO-PL-8260,46228.07,Input,Ready,None,No,Raw_GL_Export_With_CostCenters_Mar2026_IBMBOB_Enhanced.csv
IBM BOB 1 - Group P&L,2026-06,TXN004942,FJI01,2026-06-31,5320,General and administrative,Audit fees,External,NT,Northern Territory Operations,Oracle,BOB-PL-0734,PO-PL-3496,30762.83,Input,Pending review,None,No,Raw_GL_Export_With_CostCenters_Mar2026_IBMBOB_Enhanced.csv
IBM BOB 1 - Group P&L,2026-06,TXN004943,FJI01,2026-06-27,5120,Other operating expenses,Office supplies,Facilities,R&D,Research & Development,Oracle,BOB-PL-0735,PO-PL-7169,65755.6,Input,Ready,None,No,Raw_GL_Export_With_CostCenters_Mar2026_IBMBOB_Enhanced.csv
IBM BOB 1 - Group P&L,2026-06,TXN004944,AUS01,2026-06-03,5000,General and administrative,Salaries and wages,Personnel,VIC,Victoria Operations,Snowflake,BOB-PL-0736,PO-PL-8370,143228.67,Input,Ready,None,No,Raw_GL_Export_With_CostCenters_Mar2026_IBMBOB_Enhanced.csv
IBM BOB 1 - Group P&L,2026-06,TXN004945,AUS01,2026-06-04,5500,Sales and marketing,Campaign spend,Sales,HR,Human Resources,Microsoft,BOB-PL-0737,PO-PL-5448,63056.25,Input,Ready,None,No,Raw_GL_Export_With_CostCenters_Mar2026_IBMBOB_Enhanced.csv
IBM BOB 1 - Group P&L,2026-06,TXN004946,AUS01,2026-06-15,5210,Research and development,Cloud services,IT,FIN,Finance & Accounting,QBE Insurance,BOB-PL-0738,PO-PL-7240,23708.96,Input,Ready,None,No,Raw_GL_Export_With_CostCenters_Mar2026_IBMBOB_Enhanced.csv
IBM BOB 1 - Group P&L,2026-06,TXN004947,AUS01,2026-06-11,5920,Other income / expense,FX Loss,Finance,R&D,Research & Development,Salesforce,BOB-PL-0739,PO-PL-1166,118738.08,Input,Ready,None,No,Raw_GL_Export_With_CostCenters_Mar2026_IBMBOB_Enhanced.csv
IBM BOB 1 - Group P&L,2026-06,TXN004948,PNG01,2026-06-26,5700,Research and development,Training,Development,HR,Human Resources,Officeworks,BOB-PL-0740,PO-PL-7095,82963.78,Input,Ready,High variance,Yes,Raw_GL_Export_With_CostCenters_Mar2026_IBMBOB_Enhanced.csv
IBM BOB 1 - Group P&L,2026-06,TXN004949,NZL01,2026-06-28,2210,Tax provision,Income tax payable,Current Liabilities,FIN,Finance & Accounting,Salesforce,BOB-PL-0741,PO-PL-5322,71783.39,Input,Ready,None,No,Raw_GL_Export_With_CostCenters_Mar2026_IBMBOB_Enhanced.csv
IBM BOB 1 - Group P&L,2026-06,TXN004950,NZL01,2026-06-29,4010,Revenue,Service revenue,Operating Revenue,MKT,Marketing & Sales,Melbourne Airport,BOB-PL-0742,PO-PL-5991,468569.05,Input,Ready,None,No,Raw_GL_Export_With_CostCenters_Mar2026_IBMBOB_Enhanced.csv
IBM BOB 1 - Group P&L,2026-06,TXN004951,FJI01,2026-06-29,5120,Other operating expenses,Office supplies,Facilities,OPS,Operations & Logistics,IBM Australia,BOB-PL-0743,PO-PL-3994,119263.57,Input,Pending review,None,Yes,Raw_GL_Export_With_CostCenters_Mar2026_IBMBOB_Enhanced.csv
IBM BOB 1 - Group P&L,2026-06,TXN004952,FJI01,2026-06-28,5200,Research and development,Software licenses,IT,R&D,Research & Development,Qantas Commercial,BOB-PL-0744,PO-PL-7858,32265.97,Input,Ready,High variance,No,Raw_GL_Export_With_CostCenters_Mar2026_IBMBOB_Enhanced.csv
IBM BOB 1 - Group P&L,2026-06,TXN004953,FJI01,2026-06-18,6020,Cost of revenue,Direct labor,COGS,R&D,Research & Development,Melbourne Airport,BOB-PL-0745,PO-PL-8310,129446.78,Input,Ready,None,Yes,Raw_GL_Export_With_CostCenters_Mar2026_IBMBOB_Enhanced.csv
IBM BOB 1 - Group P&L,2026-06,TXN004954,AUS01,2026-06-16,5510,Sales and marketing,Advertising,Sales,HR,Human Resources,Google Ads,BOB-PL-0746,PO-PL-8348,42912.89,Input,Ready,None,No,Raw_GL_Export_With_CostCenters_Mar2026_IBMBOB_Enhanced.csv
IBM BOB 1 - Group P&L,2026-06,TXN004955,FJI01,2026-06-22,5120,Other operating expenses,Office supplies,Facilities,QLD,Queensland Operations,Snowflake,BOB-PL-0747,PO-PL-4274,98043.77,Input,Ready,None,No,Raw_GL_Export_With_CostCenters_Mar2026_IBMBOB_Enhanced.csv
IBM BOB 1 - Group P&L,2026-06,TXN004956,PNG01,2026-06-19,5110,Other operating expenses,Utilities,Facilities,SA,South Australia Operations,Qantas Commercial,BOB-PL-0748,PO-PL-8755,120394.87,Input,Ready,None,No,Raw_GL_Export_With_CostCenters_Mar2026_IBMBOB_Enhanced.csv
IBM BOB 1 - Group P&L,2026-06,TXN004957,FJI01,2026-06-07,5700,Research and development,Training,Development,WA,Western Australia Operations,Oracle,BOB-PL-0749,PO-PL-3356,39886.28,Input,Pending review,None,No,Raw_GL_Export_With_CostCenters_Mar2026_IBMBOB_Enhanced.csv
IBM BOB 1 - Group P&L,2026-06,TXN004958,FJI01,2026-06-25,5520,Sales and marketing,Events,Sales,OPS,Operations & Logistics,Oracle,BOB-PL-0750,PO-PL-4276,10657.0,Input,Pending review,None,No,Raw_GL_Export_With_CostCenters_Mar2026_IBMBOB_Enhanced.csv
IBM BOB 1 - Group P&L,2026-06,TXN004959,AUS01,2026-06-11,5910,Other income / expense,Interest expense,Finance,IT,Information Technology,LinkedIn,BOB-PL-0751,PO-PL-8616,121601.28,Input,Ready,None,No,Raw_GL_Export_With_CostCenters_Mar2026_IBMBOB_Enhanced.csv
IBM BOB 1 - Group P&L,2026-06,TXN004960,FJI01,2026-06-28,5110,Other operating expenses,Utilities,Facilities,IT,Information Technology,QBE Insurance,BOB-PL-0752,PO-PL-2442,44414.51,Input,Ready,None,No,Raw_GL_Export_With_CostCenters_Mar2026_IBMBOB_Enhanced.csv
IBM BOB 1 - Group P&L,2026-06,TXN004961,PNG01,2026-06-19,5910,Other income / expense,Interest expense,Finance,WA,Western Australia Operations,Microsoft,BOB-PL-0753,PO-PL-9725,91783.7,Input,Ready,None,No,Raw_GL_Export_With_CostCenters_Mar2026_IBMBOB_Enhanced.csv
IBM BOB 1 - Group P&L,2026-06,TXN004962,AUS01,2026-06-16,4000,Revenue,Product sales,Operating Revenue,IT,Information Technology,Microsoft,BOB-PL-0754,PO-PL-6367,412384.47,Input,Pending review,None,No,Raw_GL_Export_With_CostCenters_Mar2026_IBMBOB_Enhanced.csv
IBM BOB 1 - Group P&L,2026-06,TXN004963,AUS01,2026-06-16,2210,Tax provision,Income tax payable,Current Liabilities,MKT,Marketing & Sales,Google Ads,BOB-PL-0755,PO-PL-7886,73839.89,Input,Ready,High variance,No,Raw_GL_Export_With_CostCenters_Mar2026_IBMBOB_Enhanced.csv
IBM BOB 1 - Group P&L,2026-06,TXN004964,NZL01,2026-06-31,5300,General and administrative,Professional services,External,WA,Western Australia Operations,Salesforce,BOB-PL-0756,PO-PL-9677,106467.26,Input,Ready,High variance,No,Raw_GL_Export_With_CostCenters_Mar2026_IBMBOB_Enhanced.csv
IBM BOB 1 - Group P&L,2026-06,TXN004965,AUS01,2026-06-04,4010,Revenue,Service revenue,Operating Revenue,NSW,New South Wales Operations,AWS,BOB-PL-0757,PO-PL-5733,54938.79,Input,Ready,None,No,Raw_GL_Export_With_CostCenters_Mar2026_IBMBOB_Enhanced.csv
IBM BOB 1 - Group P&L,2026-06,TXN004966,PNG01,2026-06-01,5010,General and administrative,Employee benefits,Personnel,TAS,Tasmania Operations,Officeworks,BOB-PL-0758,PO-PL-7573,109561.96,Input,Ready,High variance,No,Raw_GL_Export_With_CostCenters_Mar2026_IBMBOB_Enhanced.csv
IBM BOB 1 - Group P&L,2026-06,TXN004967,AUS01,2026-06-31,5320,General and administrative,Audit fees,External,CORP,Corporate Head Office,AWS,BOB-PL-0759,PO-PL-5951,94284.28,Input,Pending review,None,No,Raw_GL_Export_With_CostCenters_Mar2026_IBMBOB_Enhanced.csv
IBM BOB 1 - Group P&L,2026-06,TXN004968,NZL01,2026-06-20,5910,Other income / expense,Interest expense,Finance,CORP,Corporate Head Office,Salesforce,BOB-PL-0760,PO-PL-4610,127897.86,Input,Ready,High variance,No,Raw_GL_Export_With_CostCenters_Mar2026_IBMBOB_Enhanced.csv
IBM BOB 1 - Group P&L,2026-06,TXN004969,PNG01,2026-06-24,5300,General and administrative,Professional services,External,VIC,Victoria Operations,Microsoft,BOB-PL-0761,PO-PL-9925,124239.58,Input,Ready,None,No,Raw_GL_Export_With_CostCenters_Mar2026_IBMBOB_Enhanced.csv
IBM BOB 1 - Group P&L,2026-06,TXN004970,NZL01,2026-06-23,2210,Tax provision,Income tax payable,Current Liabilities,VIC,Victoria Operations,Snowflake,BOB-PL-0762,PO-PL-1975,167492.16,Input,Pending review,None,No,Raw_GL_Export_With_CostCenters_Mar2026_IBMBOB_Enhanced.csv
IBM BOB 1 - Group P&L,2026-06,TXN004971,NZL01,2026-06-04,2210,Tax provision,Income tax payable,Current Liabilities,ACT,Australian Capital Territory,Oracle,BOB-PL-0763,PO-PL-9554,68257.96,Input,Pending review,None,Yes,Raw_GL_Export_With_CostCenters_Mar2026_IBMBOB_Enhanced.csv
IBM BOB 1 - Group P&L,2026-06,TXN004972,NZL01,2026-06-21,5000,General and administrative,Salaries and wages,Personnel,CORP,Corporate Head Office,Deloitte,BOB-PL-0764,PO-PL-5758,188801.8,Input,Pending review,None,No,Raw_GL_Export_With_CostCenters_Mar2026_IBMBOB_Enhanced.csv
IBM BOB 1 - Group P&L,2026-06,TXN004973,AUS01,2026-06-14,5520,Sales and marketing,Events,Sales,NSW,New South Wales Operations,Energy Australia,BOB-PL-0765,PO-PL-3858,41402.49,Input,Ready,None,No,Raw_GL_Export_With_CostCenters_Mar2026_IBMBOB_Enhanced.csv
IBM BOB 1 - Group P&L,2026-06,TXN004974,NZL01,2026-06-07,2210,Tax provision,Income tax payable,Current Liabilities,R&D,Research & Development,LinkedIn,BOB-PL-0766,PO-PL-4590,160317.75,Input,Ready,High variance,No,Raw_GL_Export_With_CostCenters_Mar2026_IBMBOB_Enhanced.csv
IBM BOB 1 - Group P&L,2026-06,TXN004975,AUS01,2026-06-15,4000,Revenue,Product sales,Operating Revenue,MKT,Marketing & Sales,Melbourne Airport,BOB-PL-0767,PO-PL-8431,331183.9,Input,Pending review,None,Yes,Raw_GL_Export_With_CostCenters_Mar2026_IBMBOB_Enhanced.csv
IBM BOB 1 - Group P&L,2026-06,TXN004976,AUS01,2026-06-09,5200,Research and development,Software licenses,IT,CORP,Corporate Head Office,Google Ads,BOB-PL-0768,PO-PL-1652,12545.06,Input,Ready,None,No,Raw_GL_Export_With_CostCenters_Mar2026_IBMBOB_Enhanced.csv
IBM BOB 1 - Group P&L,2026-06,TXN004977,FJI01,2026-06-15,5920,Other income / expense,FX Loss,Finance,WA,Western Australia Operations,LinkedIn,BOB-PL-0769,PO-PL-1136,140837.71,Input,Ready,None,Yes,Raw_GL_Export_With_CostCenters_Mar2026_IBMBOB_Enhanced.csv
IBM BOB 1 - Group P&L,2026-06,TXN004978,AUS01,2026-06-01,5100,Other operating expenses,Office rent,Facilities,SA,South Australia Operations,Salesforce,BOB-PL-0770,PO-PL-9655,158837.29,Input,Ready,None,No,Raw_GL_Export_With_CostCenters_Mar2026_IBMBOB_Enhanced.csv
IBM BOB 1 - Group P&L,2026-06,TXN004979,PNG01,2026-06-08,5010,General and administrative,Employee benefits,Personnel,QLD,Queensland Operations,Qantas Commercial,BOB-PL-0771,PO-PL-1980,112336.48,Input,Pending review,High variance,Yes,Raw_GL_Export_With_CostCenters_Mar2026_IBMBOB_Enhanced.csv
IBM BOB 1 - Group P&L,2026-06,TXN004980,NZL01,2026-06-15,2210,Tax provision,Income tax payable,Current Liabilities,WA,Western Australia Operations,Microsoft,BOB-PL-0772,PO-PL-6945,145835.69,Input,Ready,None,Yes,Raw_GL_Export_With_CostCenters_Mar2026_IBMBOB_Enhanced.csv
IBM BOB 1 - Group P&L,2026-06,TXN004981,AUS01,2026-06-23,4020,Revenue,Subscription revenue,Operating Revenue,NSW,New South Wales Operations,Snowflake,BOB-PL-0773,PO-PL-2718,368193.62,Input,Ready,High variance,No,Raw_GL_Export_With_CostCenters_Mar2026_IBMBOB_Enhanced.csv
IBM BOB 1 - Group P&L,2026-06,TXN004982,PNG01,2026-06-15,5120,Other operating expenses,Office supplies,Facilities,VIC,Victoria Operations,Snowflake,BOB-PL-0774,PO-PL-3532,127634.85,Input,Pending review,High variance,No,Raw_GL_Export_With_CostCenters_Mar2026_IBMBOB_Enhanced.csv
IBM BOB 1 - Group P&L,2026-06,TXN004983,AUS01,2026-06-27,5100,Other operating expenses,Office rent,Facilities,OPS,Operations & Logistics,Microsoft,BOB-PL-0775,PO-PL-7249,23547.43,Input,Ready,None,No,Raw_GL_Export_With_CostCenters_Mar2026_IBMBOB_Enhanced.csv
IBM BOB 1 - Group P&L,2026-06,TXN004984,PNG01,2026-06-17,4000,Revenue,Product sales,Operating Revenue,NSW,New South Wales Operations,Google Ads,BOB-PL-0776,PO-PL-8885,461509.73,Input,Ready,None,No,Raw_GL_Export_With_CostCenters_Mar2026_IBMBOB_Enhanced.csv
IBM BOB 1 - Group P&L,2026-06,TXN004985,PNG01,2026-06-31,5500,Sales and marketing,Campaign spend,Sales,SA,South Australia Operations,Deloitte,BOB-PL-0777,PO-PL-6274,21538.64,Input,Pending review,High variance,No,Raw_GL_Export_With_CostCenters_Mar2026_IBMBOB_Enhanced.csv
IBM BOB 1 - Group P&L,2026-06,TXN004986,NZL01,2026-06-03,4010,Revenue,Service revenue,Operating Revenue,R&D,Research & Development,Oracle,BOB-PL-0778,PO-PL-6456,149539.38,Input,Ready,High variance,No,Raw_GL_Export_With_CostCenters_Mar2026_IBMBOB_Enhanced.csv
IBM BOB 1 - Group P&L,2026-06,TXN004987,FJI01,2026-06-19,2210,Tax provision,Income tax payable,Current Liabilities,HR,Human Resources,Microsoft,BOB-PL-0779,PO-PL-6724,152183.54,Input,Ready,None,Yes,Raw_GL_Export_With_CostCenters_Mar2026_IBMBOB_Enhanced.csv
IBM BOB 1 - Group P&L,2026-06,TXN004988,AUS01,2026-06-05,5010,General and administrative,Employee benefits,Personnel,MKT,Marketing & Sales,Melbourne Airport,BOB-PL-0780,PO-PL-2625,8115.64,Input,Ready,None,No,Raw_GL_Export_With_CostCenters_Mar2026_IBMBOB_Enhanced.csv
IBM BOB 1 - Group P&L,2026-06,TXN004989,PNG01,2026-06-24,4100,Other income / expense,Interest income,Non-Operating Revenue,WA,Western Australia Operations,AWS,BOB-PL-0781,PO-PL-1686,167201.89,Input,Ready,None,No,Raw_GL_Export_With_CostCenters_Mar2026_IBMBOB_Enhanced.csv
IBM BOB 1 - Group P&L,2026-06,TXN004990,PNG01,2026-06-14,4020,Revenue,Subscription revenue,Operating Revenue,SA,South Australia Operations,Deloitte,BOB-PL-0782,PO-PL-7611,53783.45,Input,Ready,None,No,Raw_GL_Export_With_CostCenters_Mar2026_IBMBOB_Enhanced.csv
IBM BOB 1 - Group P&L,2026-06,TXN004991,PNG01,2026-06-17,4020,Revenue,Subscription revenue,Operating Revenue,IT,Information Technology,QBE Insurance,BOB-PL-0783,PO-PL-9783,100670.49,Input,Ready,None,Yes,Raw_GL_Export_With_CostCenters_Mar2026_IBMBOB_Enhanced.csv
IBM BOB 1 - Group P&L,2026-06,TXN004992,NZL01,2026-06-07,2210,Tax provision,Income tax payable,Current Liabilities,CORP,Corporate Head Office,Oracle,BOB-PL-0784,PO-PL-9553,4814.92,Input,Pending review,None,No,Raw_GL_Export_With_CostCenters_Mar2026_IBMBOB_Enhanced.csv
IBM BOB 1 - Group P&L,2026-06,TXN004993,PNG01,2026-06-17,6000,Cost of revenue,Cost of goods sold,COGS,NT,Northern Territory Operations,Deloitte,BOB-PL-0785,PO-PL-5063,71844.0,Input,Ready,High variance,No,Raw_GL_Export_With_CostCenters_Mar2026_IBMBOB_Enhanced.csv
IBM BOB 1 - Group P&L,2026-06,TXN004994,PNG01,2026-06-21,6020,Cost of revenue,Direct labor,COGS,MKT,Marketing & Sales,SAP Australia,BOB-PL-0786,PO-PL-9452,23776.39,Input,Ready,None,No,Raw_GL_Export_With_CostCenters_Mar2026_IBMBOB_Enhanced.csv
IBM BOB 1 - Group P&L,2026-06,TXN004995,AUS01,2026-06-19,4100,Other income / expense,Interest income,Non-Operating Revenue,SA,South Australia Operations,LinkedIn,BOB-PL-0787,PO-PL-2272,487554.29,Input,Ready,None,No,Raw_GL_Export_With_CostCenters_Mar2026_IBMBOB_Enhanced.csv
IBM BOB 1 - Group P&L,2026-06,TXN004996,PNG01,2026-06-03,5120,Other operating expenses,Office supplies,Facilities,OPS,Operations & Logistics,Microsoft,BOB-PL-0788,PO-PL-7215,123085.35,Input,Pending review,None,No,Raw_GL_Export_With_CostCenters_Mar2026_IBMBOB_Enhanced.csv
IBM BOB 1 - Group P&L,2026-06,TXN004997,PNG01,2026-06-08,5120,Other operating expenses,Office supplies,Facilities,VIC,Victoria Operations,IBM Australia,BOB-PL-0789,PO-PL-3600,82869.84,Input,Ready,None,No,Raw_GL_Export_With_CostCenters_Mar2026_IBMBOB_Enhanced.csv
IBM BOB 1 - Group P&L,2026-06,TXN004998,NZL01,2026-06-22,6020,Cost of revenue,Direct labor,COGS,SA,South Australia Operations,QBE Insurance,BOB-PL-0790,PO-PL-8947,97326.11,Input,Ready,None,No,Raw_GL_Export_With_CostCenters_Mar2026_IBMBOB_Enhanced.csv
IBM BOB 1 - Group P&L,2026-06,TXN004999,FJI01,2026-06-01,4100,Other income / expense,Interest income,Non-Operating Revenue,VIC,Victoria Operations,Energy Australia,BOB-PL-0791,PO-PL-7314,285494.67,Input,Pending review,None,No,Raw_GL_Export_With_CostCenters_Mar2026_IBMBOB_Enhanced.csv
IBM BOB 1 - Group P&L,2026-06,TXN005000,NZL01,2026-06-21,5510,Sales and marketing,Advertising,Sales,OPS,Operations & Logistics,Oracle,BOB-PL-0792,PO-PL-7296,97005.54,Input,Ready,None,Yes,Raw_GL_Export_With_CostCenters_Mar2026_IBMBOB_Enhanced.csv
IBM BOB 1 - Group P&L,2026-06,TXN005001,PNG01,2026-06-01,5110,Other operating expenses,Utilities,Facilities,MKT,Marketing & Sales,IBM Australia,BOB-PL-0793,PO-PL-7567,189034.88,Input,Pending review,None,No,Raw_GL_Export_With_CostCenters_Mar2026_IBMBOB_Enhanced.csv
IBM BOB 1 - Group P&L,2026-06,TXN005002,FJI01,2026-06-29,4000,Revenue,Product sales,Operating Revenue,MKT,Marketing & Sales,Oracle,BOB-PL-0794,PO-PL-1322,297395.27,Input,Ready,None,No,Raw_GL_Export_With_CostCenters_Mar2026_IBMBOB_Enhanced.csv
IBM BOB 1 - Group P&L,2026-06,TXN005003,AUS01,2026-06-15,5110,Other operating expenses,Utilities,Facilities,ACT,Australian Capital Territory,Officeworks,BOB-PL-0795,PO-PL-6979,112234.58,Input,Ready,High variance,No,Raw_GL_Export_With_CostCenters_Mar2026_IBMBOB_Enhanced.csv
IBM BOB 1 - Group P&L,2026-06,TXN005004,NZL01,2026-06-15,5320,General and administrative,Audit fees,External,WA,Western Australia Operations,Qantas Commercial,BOB-PL-0796,PO-PL-9586,129233.47,Input,Ready,None,Yes,Raw_GL_Export_With_CostCenters_Mar2026_IBMBOB_Enhanced.csv
IBM BOB 1 - Group P&L,2026-06,TXN005005,AUS01,2026-06-19,5700,Research and development,Training,Development,CORP,Corporate Head Office,Deloitte,BOB-PL-0797,PO-PL-5082,81146.56,Input,Ready,None,No,Raw_GL_Export_With_CostCenters_Mar2026_IBMBOB_Enhanced.csv
IBM BOB 1 - Group P&L,2026-06,TXN005006,PNG01,2026-06-20,5520,Sales and marketing,Events,Sales,SA,South Australia Operations,Melbourne Airport,BOB-PL-0798,PO-PL-8427,50243.1,Input,Pending review,None,No,Raw_GL_Export_With_CostCenters_Mar2026_IBMBOB_Enhanced.csv
IBM BOB 1 - Group P&L,2026-06,TXN005007,NZL01,2026-06-21,5000,General and administrative,Salaries and wages,Personnel,OPS,Operations & Logistics,IBM Australia,BOB-PL-0799,PO-PL-5127,48085.32,Input,Ready,None,No,Raw_GL_Export_With_CostCenters_Mar2026_IBMBOB_Enhanced.csv
IBM BOB 1 - Group P&L,2026-06,TXN005008,AUS01,2026-06-28,5210,Research and development,Cloud services,IT,WA,Western Australia Operations,LinkedIn,BOB-PL-0800,PO-PL-6889,187312.95,Input,Pending review,None,Yes,Raw_GL_Export_With_CostCenters_Mar2026_IBMBOB_Enhanced.csv
IBM BOB 1 - Group P&L,2026-06,TXN005009,FJI01,2026-06-07,5100,Other operating expenses,Office rent,Facilities,R&D,Research & Development,Google Ads,BOB-PL-0801,PO-PL-6432,179068.66,Input,Pending review,None,No,Raw_GL_Export_With_CostCenters_Mar2026_IBMBOB_Enhanced.csv
IBM BOB 1 - Group P&L,2026-06,TXN005010,PNG01,2026-06-11,2210,Tax provision,Income tax payable,Current Liabilities,ACT,Australian Capital Territory,Melbourne Airport,BOB-PL-0802,PO-PL-4223,143259.24,Input,Ready,None,Yes,Raw_GL_Export_With_CostCenters_Mar2026_IBMBOB_Enhanced.csv
IBM BOB 1 - Group P&L,2026-06,TXN005011,PNG01,2026-06-08,2210,Tax provision,Income tax payable,Current Liabilities,OPS,Operations & Logistics,Salesforce,BOB-PL-0803,PO-PL-2503,7484.0,Input,Pending review,None,No,Raw_GL_Export_With_CostCenters_Mar2026_IBMBOB_Enhanced.csv
IBM BOB 1 - Group P&L,2026-06,TXN005012,FJI01,2026-06-06,4100,Other income / expense,Interest income,Non-Operating Revenue,WA,Western Australia Operations,Snowflake,BOB-PL-0804,PO-PL-1954,279609.65,Input,Pending review,None,No,Raw_GL_Export_With_CostCenters_Mar2026_IBMBOB_Enhanced.csv
IBM BOB 1 - Group P&L,2026-06,TXN005013,NZL01,2026-06-16,4020,Revenue,Subscription revenue,Operating Revenue,NT,Northern Territory Operations,Oracle,BOB-PL-0805,PO-PL-7401,213290.16,Input,Ready,None,No,Raw_GL_Export_With_CostCenters_Mar2026_IBMBOB_Enhanced.csv
IBM BOB 1 - Group P&L,2026-06,TXN005014,FJI01,2026-06-21,2210,Tax provision,Income tax payable,Current Liabilities,CORP,Corporate Head Office,Deloitte,BOB-PL-0806,PO-PL-7640,84892.62,Input,Pending review,None,No,Raw_GL_Export_With_CostCenters_Mar2026_IBMBOB_Enhanced.csv
IBM BOB 1 - Group P&L,2026-06,TXN005015,NZL01,2026-06-12,4000,Revenue,Product sales,Operating Revenue,CORP,Corporate Head Office,Qantas Commercial,BOB-PL-0807,PO-PL-3458,291472.22,Input,Ready,None,No,Raw_GL_Export_With_CostCenters_Mar2026_IBMBOB_Enhanced.csv
IBM BOB 1 - Group P&L,2026-06,TXN005016,NZL01,2026-06-05,5910,Other income / expense,Interest expense,Finance,NT,Northern Territory Operations,Oracle,BOB-PL-0808,PO-PL-3667,171368.17,Input,Ready,None,Yes,Raw_GL_Export_With_CostCenters_Mar2026_IBMBOB_Enhanced.csv
IBM BOB 1 - Group P&L,2026-06,TXN005017,NZL01,2026-06-30,5920,Other income / expense,FX Loss,Finance,WA,Western Australia Operations,IBM Australia,BOB-PL-0809,PO-PL-1265,65291.54,Input,Ready,None,No,Raw_GL_Export_With_CostCenters_Mar2026_IBMBOB_Enhanced.csv
IBM BOB 1 - Group P&L,2026-06,TXN005018,FJI01,2026-06-03,5520,Sales and marketing,Events,Sales,FIN,Finance & Accounting,Deloitte,BOB-PL-0810,PO-PL-2935,70873.77,Input,Ready,None,Yes,Raw_GL_Export_With_CostCenters_Mar2026_IBMBOB_Enhanced.csv
IBM BOB 1 - Group P&L,2026-06,TXN005019,AUS01,2026-06-31,5000,General and administrative,Salaries and wages,Personnel,NSW,New South Wales Operations,IBM Australia,BOB-PL-0811,PO-PL-3519,86642.88,Input,Ready,None,Yes,Raw_GL_Export_With_CostCenters_Mar2026_IBMBOB_Enhanced.csv
IBM BOB 1 - Group P&L,2026-06,TXN005020,FJI01,2026-06-04,5500,Sales and marketing,Campaign spend,Sales,MKT,Marketing & Sales,AWS,BOB-PL-0812,PO-PL-6131,50324.3,Input,Ready,None,Yes,Raw_GL_Export_With_CostCenters_Mar2026_IBMBOB_Enhanced.csv
IBM BOB 1 - Group P&L,2026-06,TXN005021,AUS01,2026-06-14,4020,Revenue,Subscription revenue,Operating Revenue,QLD,Queensland Operations,Qantas Commercial,BOB-PL-0813,PO-PL-8580,478270.69,Input,Ready,None,Yes,Raw_GL_Export_With_CostCenters_Mar2026_IBMBOB_Enhanced.csv
IBM BOB 1 - Group P&L,2026-06,TXN005022,FJI01,2026-06-09,2210,Tax provision,Income tax payable,Current Liabilities,HR,Human Resources,Energy Australia,BOB-PL-0814,PO-PL-6947,178901.46,Input,Ready,High variance,No,Raw_GL_Export_With_CostCenters_Mar2026_IBMBOB_Enhanced.csv
IBM BOB 1 - Group P&L,2026-06,TXN005023,PNG01,2026-06-20,6010,Cost of revenue,Direct materials,COGS,MKT,Marketing & Sales,Google Ads,BOB-PL-0815,PO-PL-3957,123271.77,Input,Ready,None,No,Raw_GL_Export_With_CostCenters_Mar2026_IBMBOB_Enhanced.csv
IBM BOB 1 - Group P&L,2026-06,TXN005024,FJI01,2026-06-31,4010,Revenue,Service revenue,Operating Revenue,HR,Human Resources,AWS,BOB-PL-0816,PO-PL-4565,235107.56,Input,Pending review,None,Yes,Raw_GL_Export_With_CostCenters_Mar2026_IBMBOB_Enhanced.csv
IBM BOB 1 - Group P&L,2026-06,TXN005025,FJI01,2026-06-26,5500,Sales and marketing,Campaign spend,Sales,VIC,Victoria Operations,Microsoft,BOB-PL-0817,PO-PL-6817,119039.15,Input,Ready,High variance,No,Raw_GL_Export_With_CostCenters_Mar2026_IBMBOB_Enhanced.csv
IBM BOB 1 - Group P&L,2026-06,TXN005026,PNG01,2026-06-11,2210,Tax provision,Income tax payable,Current Liabilities,NSW,New South Wales Operations,Officeworks,BOB-PL-0818,PO-PL-2537,119037.37,Input,Pending review,None,No,Raw_GL_Export_With_CostCenters_Mar2026_IBMBOB_Enhanced.csv
IBM BOB 1 - Group P&L,2026-06,TXN005027,AUS01,2026-06-22,5700,Research and development,Training,Development,WA,Western Australia Operations,Melbourne Airport,BOB-PL-0819,PO-PL-1080,57759.89,Input,Pending review,None,Yes,Raw_GL_Export_With_CostCenters_Mar2026_IBMBOB_Enhanced.csv
IBM BOB 1 - Group P&L,2026-06,TXN005028,FJI01,2026-06-15,2210,Tax provision,Income tax payable,Current Liabilities,OPS,Operations & Logistics,Microsoft,BOB-PL-0820,PO-PL-3718,104442.56,Input,Ready,High variance,No,Raw_GL_Export_With_CostCenters_Mar2026_IBMBOB_Enhanced.csv
IBM BOB 1 - Group P&L,2026-06,TXN005029,PNG01,2026-06-11,5110,Other operating expenses,Utilities,Facilities,FIN,Finance & Accounting,QBE Insurance,BOB-PL-0821,PO-PL-1931,151613.99,Input,Ready,None,No,Raw_GL_Export_With_CostCenters_Mar2026_IBMBOB_Enhanced.csv
IBM BOB 1 - Group P&L,2026-06,TXN005030,PNG01,2026-06-30,5120,Other operating expenses,Office supplies,Facilities,FIN,Finance & Accounting,Deloitte,BOB-PL-0822,PO-PL-1125,94415.84,Input,Ready,None,Yes,Raw_GL_Export_With_CostCenters_Mar2026_IBMBOB_Enhanced.csv
IBM BOB 1 - Group P&L,2026-06,TXN005031,FJI01,2026-06-28,4020,Revenue,Subscription revenue,Operating Revenue,R&D,Research & Development,Snowflake,BOB-PL-0823,PO-PL-1436,432574.98,Input,Ready,None,Yes,Raw_GL_Export_With_CostCenters_Mar2026_IBMBOB_Enhanced.csv
IBM BOB 1 - Group P&L,2026-06,TXN005032,PNG01,2026-06-08,5000,General and administrative,Salaries and wages,Personnel,IT,Information Technology,Officeworks,BOB-PL-0824,PO-PL-1128,12759.1,Input,Pending review,None,No,Raw_GL_Export_With_CostCenters_Mar2026_IBMBOB_Enhanced.csv
IBM BOB 1 - Group P&L,2026-06,TXN005033,PNG01,2026-06-15,5500,Sales and marketing,Campaign spend,Sales,CORP,Corporate Head Office,Deloitte,BOB-PL-0825,PO-PL-8424,134397.19,Input,Pending review,None,Yes,Raw_GL_Export_With_CostCenters_Mar2026_IBMBOB_Enhanced.csv
IBM BOB 1 - Group P&L,2026-06,TXN005034,FJI01,2026-06-14,4000,Revenue,Product sales,Operating Revenue,R&D,Research & Development,Deloitte,BOB-PL-0826,PO-PL-2881,150221.51,Input,Pending review,None,Yes,Raw_GL_Export_With_CostCenters_Mar2026_IBMBOB_Enhanced.csv
IBM BOB 1 - Group P&L,2026-06,TXN005035,PNG01,2026-06-29,5920,Other income / expense,FX Loss,Finance,OPS,Operations & Logistics,QBE Insurance,BOB-PL-0827,PO-PL-9376,126533.28,Input,Ready,None,No,Raw_GL_Export_With_CostCenters_Mar2026_IBMBOB_Enhanced.csv
IBM BOB 1 - Group P&L,2026-06,TXN005036,AUS01,2026-06-18,6030,Cost of revenue,Manufacturing overhead,COGS,QLD,Queensland Operations,Melbourne Airport,BOB-PL-0828,PO-PL-5124,67210.75,Input,Pending review,High variance,No,Raw_GL_Export_With_CostCenters_Mar2026_IBMBOB_Enhanced.csv
IBM BOB 1 - Group P&L,2026-06,TXN005037,NZL01,2026-06-29,4100,Other income / expense,Interest income,Non-Operating Revenue,WA,Western Australia Operations,Officeworks,BOB-PL-0829,PO-PL-2275,258410.28,Input,Ready,None,No,Raw_GL_Export_With_CostCenters_Mar2026_IBMBOB_Enhanced.csv
IBM BOB 1 - Group P&L,2026-06,TXN005038,PNG01,2026-06-14,4000,Revenue,Product sales,Operating Revenue,NT,Northern Territory Operations,Deloitte,BOB-PL-0830,PO-PL-3156,363417.51,Input,Ready,High variance,No,Raw_GL_Export_With_CostCenters_Mar2026_IBMBOB_Enhanced.csv
IBM BOB 1 - Group P&L,2026-06,TXN005039,NZL01,2026-06-26,5300,General and administrative,Professional services,External,QLD,Queensland Operations,IBM Australia,BOB-PL-0831,PO-PL-2099,86702.4,Input,Ready,None,No,Raw_GL_Export_With_CostCenters_Mar2026_IBMBOB_Enhanced.csv
IBM BOB 1 - Group P&L,2026-06,TXN005040,NZL01,2026-06-30,4020,Revenue,Subscription revenue,Operating Revenue,FIN,Finance & Accounting,Deloitte,BOB-PL-0832,PO-PL-6116,464495.38,Input,Pending review,None,No,Raw_GL_Export_With_CostCenters_Mar2026_IBMBOB_Enhanced.csv
IBM BOB 1 - Group P&L,2026-06,TXN005041,FJI01,2026-06-17,6000,Cost of revenue,Cost of goods sold,COGS,NT,Northern Territory Operations,Officeworks,BOB-PL-0833,PO-PL-3560,141867.31,Input,Ready,None,No,Raw_GL_Export_With_CostCenters_Mar2026_IBMBOB_Enhanced.csv
IBM BOB 1 - Group P&L,2026-06,TXN005042,NZL01,2026-06-18,4020,Revenue,Subscription revenue,Operating Revenue,MKT,Marketing & Sales,Salesforce,BOB-PL-0834,PO-PL-1670,402503.69,Input,Ready,None,No,Raw_GL_Export_With_CostCenters_Mar2026_IBMBOB_Enhanced.csv
IBM BOB 1 - Group P&L,2026-06,TXN005043,FJI01,2026-06-13,5120,Other operating expenses,Office supplies,Facilities,WA,Western Australia Operations,Deloitte,BOB-PL-0835,PO-PL-5875,57909.86,Input,Ready,None,No,Raw_GL_Export_With_CostCenters_Mar2026_IBMBOB_Enhanced.csv
IBM BOB 1 - Group P&L,2026-06,TXN005044,FJI01,2026-06-20,5210,Research and development,Cloud services,IT,MKT,Marketing & Sales,Officeworks,BOB-PL-0836,PO-PL-7653,55526.75,Input,Ready,None,No,Raw_GL_Export_With_CostCenters_Mar2026_IBMBOB_Enhanced.csv
IBM BOB 1 - Group P&L,2026-06,TXN005045,AUS01,2026-06-21,4010,Revenue,Service revenue,Operating Revenue,SA,South Australia Operations,Energy Australia,BOB-PL-0837,PO-PL-3331,58056.03,Input,Ready,None,Yes,Raw_GL_Export_With_CostCenters_Mar2026_IBMBOB_Enhanced.csv
IBM BOB 1 - Group P&L,2026-06,TXN005046,FJI01,2026-06-19,5320,General and administrative,Audit fees,External,FIN,Finance & Accounting,Google Ads,BOB-PL-0838,PO-PL-7276,5112.52,Input,Ready,None,No,Raw_GL_Export_With_CostCenters_Mar2026_IBMBOB_Enhanced.csv
IBM BOB 1 - Group P&L,2026-06,TXN005047,AUS01,2026-06-21,5910,Other income / expense,Interest expense,Finance,R&D,Research & Development,AWS,BOB-PL-0839,PO-PL-6301,142968.18,Input,Ready,None,No,Raw_GL_Export_With_CostCenters_Mar2026_IBMBOB_Enhanced.csv
IBM BOB 1 - Group P&L,2026-06,TXN005048,AUS01,2026-06-16,5920,Other income / expense,FX Loss,Finance,HR,Human Resources,Melbourne Airport,BOB-PL-0840,PO-PL-6305,153505.47,Input,Ready,None,No,Raw_GL_Export_With_CostCenters_Mar2026_IBMBOB_Enhanced.csv
IBM BOB 1 - Group P&L,2026-06,TXN005049,AUS01,2026-06-17,4100,Other income / expense,Interest income,Non-Operating Revenue,R&D,Research & Development,Energy Australia,BOB-PL-0841,PO-PL-1994,418560.21,Input,Pending review,None,No,Raw_GL_Export_With_CostCenters_Mar2026_IBMBOB_Enhanced.csv
IBM BOB 1 - Group P&L,2026-06,TXN005050,FJI01,2026-06-09,5000,General and administrative,Salaries and wages,Personnel,IT,Information Technology,Salesforce,BOB-PL-0842,PO-PL-5255,163397.64,Input,Ready,None,Yes,Raw_GL_Export_With_CostCenters_Mar2026_IBMBOB_Enhanced.csv
IBM BOB 1 - Group P&L,2026-06,TXN005051,FJI01,2026-06-10,5510,Sales and marketing,Advertising,Sales,TAS,Tasmania Operations,Salesforce,BOB-PL-0843,PO-PL-5135,49238.94,Input,Ready,None,Yes,Raw_GL_Export_With_CostCenters_Mar2026_IBMBOB_Enhanced.csv
IBM BOB 1 - Group P&L,2026-06,TXN005052,AUS01,2026-06-15,6030,Cost of revenue,Manufacturing overhead,COGS,NT,Northern Territory Operations,IBM Australia,BOB-PL-0844,PO-PL-2716,118498.53,Input,Pending review,None,No,Raw_GL_Export_With_CostCenters_Mar2026_IBMBOB_Enhanced.csv
IBM BOB 1 - Group P&L,2026-06,TXN005053,AUS01,2026-06-31,2210,Tax provision,Income tax payable,Current Liabilities,FIN,Finance & Accounting,LinkedIn,BOB-PL-0845,PO-PL-2011,8922.83,Input,Ready,None,Yes,Raw_GL_Export_With_CostCenters_Mar2026_IBMBOB_Enhanced.csv
IBM BOB 1 - Group P&L,2026-06,TXN005054,PNG01,2026-06-21,5100,Other operating expenses,Office rent,Facilities,TAS,Tasmania Operations,Officeworks,BOB-PL-0846,PO-PL-8874,62830.13,Input,Ready,None,No,Raw_GL_Export_With_CostCenters_Mar2026_IBMBOB_Enhanced.csv
IBM BOB 1 - Group P&L,2026-06,TXN005055,FJI01,2026-06-25,5300,General and administrative,Professional services,External,ACT,Australian Capital Territory,Qantas Commercial,BOB-PL-0847,PO-PL-1933,72200.12,Input,Pending review,None,No,Raw_GL_Export_With_CostCenters_Mar2026_IBMBOB_Enhanced.csv
IBM BOB 1 - Group P&L,2026-06,TXN005056,NZL01,2026-06-26,5920,Other income / expense,FX Loss,Finance,TAS,Tasmania Operations,Melbourne Airport,BOB-PL-0848,PO-PL-2911,46284.82,Input,Pending review,None,No,Raw_GL_Export_With_CostCenters_Mar2026_IBMBOB_Enhanced.csv
IBM BOB 1 - Group P&L,2026-06,TXN005057,AUS01,2026-06-02,4020,Revenue,Subscription revenue,Operating Revenue,NT,Northern Territory Operations,Oracle,BOB-PL-0849,PO-PL-4084,175701.56,Input,Ready,None,No,Raw_GL_Export_With_CostCenters_Mar2026_IBMBOB_Enhanced.csv
IBM BOB 1 - Group P&L,2026-06,TXN005058,NZL01,2026-06-13,2210,Tax provision,Income tax payable,Current Liabilities,QLD,Queensland Operations,LinkedIn,BOB-PL-0850,PO-PL-9540,130107.25,Input,Ready,None,Yes,Raw_GL_Export_With_CostCenters_Mar2026_IBMBOB_Enhanced.csv
IBM BOB 1 - Group P&L,2026-06,TXN005059,NZL01,2026-06-24,6020,Cost of revenue,Direct labor,COGS,HR,Human Resources,Snowflake,BOB-PL-0851,PO-PL-2674,73027.53,Input,Ready,High variance,No,Raw_GL_Export_With_CostCenters_Mar2026_IBMBOB_Enhanced.csv
IBM BOB 1 - Group P&L,2026-06,TXN005060,NZL01,2026-06-28,4000,Revenue,Product sales,Operating Revenue,CORP,Corporate Head Office,Melbourne Airport,BOB-PL-0852,PO-PL-6099,230637.55,Input,Ready,None,No,Raw_GL_Export_With_CostCenters_Mar2026_IBMBOB_Enhanced.csv
IBM BOB 1 - Group P&L,2026-06,TXN005061,FJI01,2026-06-06,5210,Research and development,Cloud services,IT,SA,South Australia Operations,Microsoft,BOB-PL-0853,PO-PL-5498,96784.53,Input,Ready,None,Yes,Raw_GL_Export_With_CostCenters_Mar2026_IBMBOB_Enhanced.csv
IBM BOB 1 - Group P&L,2026-06,TXN005062,FJI01,2026-06-08,5010,General and administrative,Employee benefits,Personnel,CORP,Corporate Head Office,Officeworks,BOB-PL-0854,PO-PL-6657,96704.85,Input,Pending review,None,Yes,Raw_GL_Export_With_CostCenters_Mar2026_IBMBOB_Enhanced.csv
IBM BOB 1 - Group P&L,2026-06,TXN005063,NZL01,2026-06-09,5510,Sales and marketing,Advertising,Sales,SA,South Australia Operations,Google Ads,BOB-PL-0855,PO-PL-1560,82105.18,Input,Pending review,High variance,No,Raw_GL_Export_With_CostCenters_Mar2026_IBMBOB_Enhanced.csv
IBM BOB 1 - Group P&L,2026-06,TXN005064,NZL01,2026-06-08,2210,Tax provision,Income tax payable,Current Liabilities,NSW,New South Wales Operations,Snowflake,BOB-PL-0856,PO-PL-2841,141315.94,Input,Ready,High variance,No,Raw_GL_Export_With_CostCenters_Mar2026_IBMBOB_Enhanced.csv
IBM BOB 1 - Group P&L,2026-06,TXN005065,AUS01,2026-06-26,5210,Research and development,Cloud services,IT,QLD,Queensland Operations,Microsoft,BOB-PL-0857,PO-PL-8827,120952.68,Input,Pending review,High variance,No,Raw_GL_Export_With_CostCenters_Mar2026_IBMBOB_Enhanced.csv
IBM BOB 1 - Group P&L,2026-06,TXN005066,AUS01,2026-06-14,5110,Other operating expenses,Utilities,Facilities,WA,Western Australia Operations,Google Ads,BOB-PL-0858,PO-PL-5662,174478.15,Input,Ready,None,No,Raw_GL_Export_With_CostCenters_Mar2026_IBMBOB_Enhanced.csv
IBM BOB 1 - Group P&L,2026-06,TXN005067,PNG01,2026-06-23,5100,Other operating expenses,Office rent,Facilities,QLD,Queensland Operations,Officeworks,BOB-PL-0859,PO-PL-1013,19217.52,Input,Ready,None,No,Raw_GL_Export_With_CostCenters_Mar2026_IBMBOB_Enhanced.csv
IBM BOB 1 - Group P&L,2026-06,TXN005068,PNG01,2026-06-13,5120,Other operating expenses,Office supplies,Facilities,ACT,Australian Capital Territory,Deloitte,BOB-PL-0860,PO-PL-8071,35429.07,Input,Ready,None,No,Raw_GL_Export_With_CostCenters_Mar2026_IBMBOB_Enhanced.csv
IBM BOB 1 - Group P&L,2026-06,TXN005069,FJI01,2026-06-09,5210,Research and development,Cloud services,IT,NT,Northern Territory Operations,SAP Australia,BOB-PL-0861,PO-PL-4984,179876.99,Input,Pending review,None,No,Raw_GL_Export_With_CostCenters_Mar2026_IBMBOB_Enhanced.csv
IBM BOB 1 - Group P&L,2026-06,TXN005070,PNG01,2026-06-15,5100,Other operating expenses,Office rent,Facilities,NT,Northern Territory Operations,Salesforce,BOB-PL-0862,PO-PL-8919,105755.53,Input,Pending review,None,No,Raw_GL_Export_With_CostCenters_Mar2026_IBMBOB_Enhanced.csv
IBM BOB 1 - Group P&L,2026-06,TXN005071,NZL01,2026-06-10,5010,General and administrative,Employee benefits,Personnel,TAS,Tasmania Operations,Deloitte,BOB-PL-0863,PO-PL-4436,3658.97,Input,Ready,None,No,Raw_GL_Export_With_CostCenters_Mar2026_IBMBOB_Enhanced.csv
IBM BOB 1 - Group P&L,2026-06,TXN005072,NZL01,2026-06-29,5300,General and administrative,Professional services,External,VIC,Victoria Operations,Officeworks,BOB-PL-0864,PO-PL-4016,61452.2,Input,Ready,None,No,Raw_GL_Export_With_CostCenters_Mar2026_IBMBOB_Enhanced.csv
IBM BOB 1 - Group P&L,2026-06,TXN005073,NZL01,2026-06-01,5520,Sales and marketing,Events,Sales,VIC,Victoria Operations,Qantas Commercial,BOB-PL-0865,PO-PL-1649,161727.5,Input,Ready,None,No,Raw_GL_Export_With_CostCenters_Mar2026_IBMBOB_Enhanced.csv
IBM BOB 1 - Group P&L,2026-06,TXN005074,AUS01,2026-06-03,5110,Other operating expenses,Utilities,Facilities,WA,Western Australia Operations,Snowflake,BOB-PL-0866,PO-PL-9719,181277.17,Input,Ready,None,Yes,Raw_GL_Export_With_CostCenters_Mar2026_IBMBOB_Enhanced.csv
IBM BOB 1 - Group P&L,2026-06,TXN005075,AUS01,2026-06-24,2210,Tax provision,Income tax payable,Current Liabilities,NSW,New South Wales Operations,SAP Australia,BOB-PL-0867,PO-PL-1134,72160.43,Input,Pending review,High variance,No,Raw_GL_Export_With_CostCenters_Mar2026_IBMBOB_Enhanced.csv
IBM BOB 1 - Group P&L,2026-06,TXN005076,NZL01,2026-06-29,5320,General and administrative,Audit fees,External,IT,Information Technology,IBM Australia,BOB-PL-0868,PO-PL-1994,69364.13,Input,Ready,None,No,Raw_GL_Export_With_CostCenters_Mar2026_IBMBOB_Enhanced.csv
IBM BOB 1 - Group P&L,2026-06,TXN005077,PNG01,2026-06-16,5520,Sales and marketing,Events,Sales,TAS,Tasmania Operations,Google Ads,BOB-PL-0869,PO-PL-1123,110654.35,Input,Ready,None,Yes,Raw_GL_Export_With_CostCenters_Mar2026_IBMBOB_Enhanced.csv
IBM BOB 1 - Group P&L,2026-06,TXN005078,PNG01,2026-06-25,6000,Cost of revenue,Cost of goods sold,COGS,HR,Human Resources,IBM Australia,BOB-PL-0870,PO-PL-3238,73201.55,Input,Ready,None,No,Raw_GL_Export_With_CostCenters_Mar2026_IBMBOB_Enhanced.csv
IBM BOB 1 - Group P&L,2026-06,TXN005079,FJI01,2026-06-21,2210,Tax provision,Income tax payable,Current Liabilities,QLD,Queensland Operations,Snowflake,BOB-PL-0871,PO-PL-3695,66852.34,Input,Ready,None,No,Raw_GL_Export_With_CostCenters_Mar2026_IBMBOB_Enhanced.csv
IBM BOB 1 - Group P&L,2026-06,TXN005080,NZL01,2026-06-13,5110,Other operating expenses,Utilities,Facilities,CORP,Corporate Head Office,Google Ads,BOB-PL-0872,PO-PL-7748,23112.34,Input,Ready,None,No,Raw_GL_Export_With_CostCenters_Mar2026_IBMBOB_Enhanced.csv
IBM BOB 1 - Group P&L,2026-06,TXN005081,NZL01,2026-06-31,5120,Other operating expenses,Office supplies,Facilities,CORP,Corporate Head Office,Officeworks,BOB-PL-0873,PO-PL-8654,52803.16,Input,Ready,None,Yes,Raw_GL_Export_With_CostCenters_Mar2026_IBMBOB_Enhanced.csv
IBM BOB 1 - Group P&L,2026-06,TXN005082,FJI01,2026-06-27,4020,Revenue,Subscription revenue,Operating Revenue,SA,South Australia Operations,Oracle,BOB-PL-0874,PO-PL-7951,90901.16,Input,Ready,None,No,Raw_GL_Export_With_CostCenters_Mar2026_IBMBOB_Enhanced.csv
IBM BOB 1 - Group P&L,2026-06,TXN005083,NZL01,2026-06-31,4000,Revenue,Product sales,Operating Revenue,HR,Human Resources,QBE Insurance,BOB-PL-0875,PO-PL-6290,477100.49,Input,Pending review,None,No,Raw_GL_Export_With_CostCenters_Mar2026_IBMBOB_Enhanced.csv
IBM BOB 1 - Group P&L,2026-06,TXN005084,AUS01,2026-06-11,6000,Cost of revenue,Cost of goods sold,COGS,HR,Human Resources,AWS,BOB-PL-0876,PO-PL-7252,100168.06,Input,Ready,None,Yes,Raw_GL_Export_With_CostCenters_Mar2026_IBMBOB_Enhanced.csv
IBM BOB 1 - Group P&L,2026-06,TXN005085,AUS01,2026-06-09,5110,Other operating expenses,Utilities,Facilities,QLD,Queensland Operations,IBM Australia,BOB-PL-0877,PO-PL-3531,61946.06,Input,Ready,None,Yes,Raw_GL_Export_With_CostCenters_Mar2026_IBMBOB_Enhanced.csv
IBM BOB 1 - Group P&L,2026-06,TXN005086,FJI01,2026-06-20,5110,Other operating expenses,Utilities,Facilities,MKT,Marketing & Sales,Deloitte,BOB-PL-0878,PO-PL-9759,166984.44,Input,Ready,None,Yes,Raw_GL_Export_With_CostCenters_Mar2026_IBMBOB_Enhanced.csv
IBM BOB 1 - Group P&L,2026-06,TXN005087,FJI01,2026-06-28,4010,Revenue,Service revenue,Operating Revenue,HR,Human Resources,SAP Australia,BOB-PL-0879,PO-PL-5622,87457.63,Input,Ready,None,No,Raw_GL_Export_With_CostCenters_Mar2026_IBMBOB_Enhanced.csv
IBM BOB 1 - Group P&L,2026-06,TXN005088,FJI01,2026-06-18,5100,Other operating expenses,Office rent,Facilities,OPS,Operations & Logistics,Salesforce,BOB-PL-0880,PO-PL-7124,155312.05,Input,Ready,None,No,Raw_GL_Export_With_CostCenters_Mar2026_IBMBOB_Enhanced.csv
IBM BOB 1 - Group P&L,2026-06,TXN005089,FJI01,2026-06-06,5000,General and administrative,Salaries and wages,Personnel,NT,Northern Territory Operations,Google Ads,BOB-PL-0881,PO-PL-3202,171031.97,Input,Ready,None,No,Raw_GL_Export_With_CostCenters_Mar2026_IBMBOB_Enhanced.csv
IBM BOB 1 - Group P&L,2026-06,TXN005090,FJI01,2026-06-03,4010,Revenue,Service revenue,Operating Revenue,IT,Information Technology,Microsoft,BOB-PL-0882,PO-PL-8080,223256.2,Input,Ready,High variance,No,Raw_GL_Export_With_CostCenters_Mar2026_IBMBOB_Enhanced.csv
IBM BOB 1 - Group P&L,2026-06,TXN005091,NZL01,2026-06-21,6020,Cost of revenue,Direct labor,COGS,FIN,Finance & Accounting,Microsoft,BOB-PL-0883,PO-PL-6590,107256.19,Input,Ready,None,No,Raw_GL_Export_With_CostCenters_Mar2026_IBMBOB_Enhanced.csv
IBM BOB 1 - Group P&L,2026-06,TXN005092,NZL01,2026-06-03,5320,General and administrative,Audit fees,External,NSW,New South Wales Operations,Deloitte,BOB-PL-0884,PO-PL-3813,131280.01,Input,Ready,None,No,Raw_GL_Export_With_CostCenters_Mar2026_IBMBOB_Enhanced.csv
IBM BOB 1 - Group P&L,2026-06,TXN005093,AUS01,2026-06-19,6020,Cost of revenue,Direct labor,COGS,WA,Western Australia Operations,Energy Australia,BOB-PL-0885,PO-PL-2298,145846.94,Input,Ready,None,No,Raw_GL_Export_With_CostCenters_Mar2026_IBMBOB_Enhanced.csv
IBM BOB 1 - Group P&L,2026-06,TXN005094,PNG01,2026-06-31,6020,Cost of revenue,Direct labor,COGS,QLD,Queensland Operations,Officeworks,BOB-PL-0886,PO-PL-7179,78820.16,Input,Ready,None,No,Raw_GL_Export_With_CostCenters_Mar2026_IBMBOB_Enhanced.csv
IBM BOB 1 - Group P&L,2026-06,TXN005095,AUS01,2026-06-15,6000,Cost of revenue,Cost of goods sold,COGS,IT,Information Technology,SAP Australia,BOB-PL-0887,PO-PL-6205,49963.86,Input,Pending review,None,No,Raw_GL_Export_With_CostCenters_Mar2026_IBMBOB_Enhanced.csv
IBM BOB 1 - Group P&L,2026-06,TXN005096,PNG01,2026-06-03,5520,Sales and marketing,Events,Sales,R&D,Research & Development,Microsoft,BOB-PL-0888,PO-PL-4177,15262.19,Input,Ready,None,No,Raw_GL_Export_With_CostCenters_Mar2026_IBMBOB_Enhanced.csv
IBM BOB 1 - Group P&L,2026-06,TXN005097,FJI01,2026-06-02,5500,Sales and marketing,Campaign spend,Sales,ACT,Australian Capital Territory,AWS,BOB-PL-0889,PO-PL-2984,33762.06,Input,Ready,None,Yes,Raw_GL_Export_With_CostCenters_Mar2026_IBMBOB_Enhanced.csv
IBM BOB 1 - Group P&L,2026-06,TXN005098,NZL01,2026-06-24,5210,Research and development,Cloud services,IT,R&D,Research & Development,IBM Australia,BOB-PL-0890,PO-PL-3011,96919.42,Input,Ready,None,Yes,Raw_GL_Export_With_CostCenters_Mar2026_IBMBOB_Enhanced.csv
IBM BOB 1 - Group P&L,2026-06,TXN005099,NZL01,2026-06-08,5200,Research and development,Software licenses,IT,VIC,Victoria Operations,Oracle,BOB-PL-0891,PO-PL-5474,89067.06,Input,Ready,None,No,Raw_GL_Export_With_CostCenters_Mar2026_IBMBOB_Enhanced.csv
IBM BOB 1 - Group P&L,2026-06,TXN005100,NZL01,2026-06-12,4000,Revenue,Product sales,Operating Revenue,NT,Northern Territory Operations,LinkedIn,BOB-PL-0892,PO-PL-1557,417376.06,Input,Ready,None,No,Raw_GL_Export_With_CostCenters_Mar2026_IBMBOB_Enhanced.csv
IBM BOB 1 - Group P&L,2026-06,TXN005101,PNG01,2026-06-09,4000,Revenue,Product sales,Operating Revenue,FIN,Finance & Accounting,Officeworks,BOB-PL-0893,PO-PL-7331,178400.38,Input,Ready,High variance,No,Raw_GL_Export_With_CostCenters_Mar2026_IBMBOB_Enhanced.csv
IBM BOB 1 - Group P&L,2026-06,TXN005102,NZL01,2026-06-24,4000,Revenue,Product sales,Operating Revenue,R&D,Research & Development,Officeworks,BOB-PL-0894,PO-PL-8073,389595.25,Input,Ready,None,Yes,Raw_GL_Export_With_CostCenters_Mar2026_IBMBOB_Enhanced.csv
IBM BOB 1 - Group P&L,2026-06,TXN005103,FJI01,2026-06-22,5210,Research and development,Cloud services,IT,QLD,Queensland Operations,Oracle,BOB-PL-0895,PO-PL-3328,109764.6,Input,Pending review,None,No,Raw_GL_Export_With_CostCenters_Mar2026_IBMBOB_Enhanced.csv
IBM BOB 1 - Group P&L,2026-06,TXN005104,NZL01,2026-06-26,5120,Other operating expenses,Office supplies,Facilities,SA,South Australia Operations,SAP Australia,BOB-PL-0896,PO-PL-7227,26514.67,Input,Pending review,None,No,Raw_GL_Export_With_CostCenters_Mar2026_IBMBOB_Enhanced.csv
IBM BOB 1 - Group P&L,2026-06,TXN005105,PNG01,2026-06-09,5110,Other operating expenses,Utilities,Facilities,QLD,Queensland Operations,Oracle,BOB-PL-0897,PO-PL-1951,68750.95,Input,Ready,None,No,Raw_GL_Export_With_CostCenters_Mar2026_IBMBOB_Enhanced.csv
IBM BOB 1 - Group P&L,2026-06,TXN005106,PNG01,2026-06-05,5510,Sales and marketing,Advertising,Sales,R&D,Research & Development,Officeworks,BOB-PL-0898,PO-PL-3534,126272.24,Input,Ready,None,No,Raw_GL_Export_With_CostCenters_Mar2026_IBMBOB_Enhanced.csv
IBM BOB 1 - Group P&L,2026-06,TXN005107,FJI01,2026-06-06,2210,Tax provision,Income tax payable,Current Liabilities,TAS,Tasmania Operations,IBM Australia,BOB-PL-0899,PO-PL-5021,177824.91,Input,Ready,None,Yes,Raw_GL_Export_With_CostCenters_Mar2026_IBMBOB_Enhanced.csv
IBM BOB 1 - Group P&L,2026-06,TXN005108,FJI01,2026-06-05,6000,Cost of revenue,Cost of goods sold,COGS,VIC,Victoria Operations,Oracle,BOB-PL-0900,PO-PL-1662,141325.11,Input,Ready,None,No,Raw_GL_Export_With_CostCenters_Mar2026_IBMBOB_Enhanced.csv
IBM BOB 1 - Group P&L,2026-06,TXN005109,NZL01,2026-06-04,5700,Research and development,Training,Development,FIN,Finance & Accounting,Microsoft,BOB-PL-0901,PO-PL-8311,16945.45,Input,Ready,None,Yes,Raw_GL_Export_With_CostCenters_Mar2026_IBMBOB_Enhanced.csv
IBM BOB 1 - Group P&L,2026-06,TXN005110,FJI01,2026-06-16,6020,Cost of revenue,Direct labor,COGS,TAS,Tasmania Operations,Salesforce,BOB-PL-0902,PO-PL-6853,148809.69,Input,Pending review,High variance,Yes,Raw_GL_Export_With_CostCenters_Mar2026_IBMBOB_Enhanced.csv
IBM BOB 1 - Group P&L,2026-06,TXN005111,NZL01,2026-06-27,5500,Sales and marketing,Campaign spend,Sales,CORP,Corporate Head Office,Qantas Commercial,BOB-PL-0903,PO-PL-8449,31159.84,Input,Pending review,High variance,No,Raw_GL_Export_With_CostCenters_Mar2026_IBMBOB_Enhanced.csv
IBM BOB 1 - Group P&L,2026-06,TXN005112,PNG01,2026-06-13,5510,Sales and marketing,Advertising,Sales,NT,Northern Territory Operations,Salesforce,BOB-PL-0904,PO-PL-6016,29517.17,Input,Ready,High variance,No,Raw_GL_Export_With_CostCenters_Mar2026_IBMBOB_Enhanced.csv
IBM BOB 1 - Group P&L,2026-06,TXN005113,FJI01,2026-06-24,5320,General and administrative,Audit fees,External,NSW,New South Wales Operations,Snowflake,BOB-PL-0905,PO-PL-6791,72722.15,Input,Pending review,None,No,Raw_GL_Export_With_CostCenters_Mar2026_IBMBOB_Enhanced.csv
IBM BOB 1 - Group P&L,2026-06,TXN005114,AUS01,2026-06-30,5510,Sales and marketing,Advertising,Sales,HR,Human Resources,Google Ads,BOB-PL-0906,PO-PL-1062,184329.08,Input,Ready,None,No,Raw_GL_Export_With_CostCenters_Mar2026_IBMBOB_Enhanced.csv
IBM BOB 1 - Group P&L,2026-06,TXN005115,NZL01,2026-06-27,6030,Cost of revenue,Manufacturing overhead,COGS,HR,Human Resources,Google Ads,BOB-PL-0907,PO-PL-1596,101595.98,Input,Pending review,None,No,Raw_GL_Export_With_CostCenters_Mar2026_IBMBOB_Enhanced.csv
IBM BOB 1 - Group P&L,2026-06,TXN005116,FJI01,2026-06-16,5920,Other income / expense,FX Loss,Finance,WA,Western Australia Operations,Salesforce,BOB-PL-0908,PO-PL-4992,50582.28,Input,Ready,None,No,Raw_GL_Export_With_CostCenters_Mar2026_IBMBOB_Enhanced.csv
IBM BOB 1 - Group P&L,2026-06,TXN005117,AUS01,2026-06-15,5920,Other income / expense,FX Loss,Finance,SA,South Australia Operations,Energy Australia,BOB-PL-0909,PO-PL-9995,107668.7,Input,Pending review,High variance,No,Raw_GL_Export_With_CostCenters_Mar2026_IBMBOB_Enhanced.csv
IBM BOB 1 - Group P&L,2026-06,TXN005118,AUS01,2026-06-25,6000,Cost of revenue,Cost of goods sold,COGS,SA,South Australia Operations,IBM Australia,BOB-PL-0910,PO-PL-4196,34815.97,Input,Pending review,None,Yes,Raw_GL_Export_With_CostCenters_Mar2026_IBMBOB_Enhanced.csv
IBM BOB 1 - Group P&L,2026-06,TXN005119,NZL01,2026-06-10,5920,Other income / expense,FX Loss,Finance,IT,Information Technology,Microsoft,BOB-PL-0911,PO-PL-9307,141793.14,Input,Ready,High variance,No,Raw_GL_Export_With_CostCenters_Mar2026_IBMBOB_Enhanced.csv
IBM BOB 1 - Group P&L,2026-06,TXN005120,AUS01,2026-06-17,6030,Cost of revenue,Manufacturing overhead,COGS,IT,Information Technology,Salesforce,BOB-PL-0912,PO-PL-2567,77457.47,Input,Ready,None,No,Raw_GL_Export_With_CostCenters_Mar2026_IBMBOB_Enhanced.csv
IBM BOB 1 - Group P&L,2026-06,TXN005121,AUS01,2026-06-03,2210,Tax provision,Income tax payable,Current Liabilities,R&D,Research & Development,Melbourne Airport,BOB-PL-0913,PO-PL-7113,121593.41,Input,Ready,None,No,Raw_GL_Export_With_CostCenters_Mar2026_IBMBOB_Enhanced.csv
IBM BOB 1 - Group P&L,2026-06,TXN005122,FJI01,2026-06-12,5000,General and administrative,Salaries and wages,Personnel,SA,South Australia Operations,AWS,BOB-PL-0914,PO-PL-9754,38169.44,Input,Ready,None,No,Raw_GL_Export_With_CostCenters_Mar2026_IBMBOB_Enhanced.csv
IBM BOB 1 - Group P&L,2026-06,TXN005123,FJI01,2026-06-04,5110,Other operating expenses,Utilities,Facilities,OPS,Operations & Logistics,Snowflake,BOB-PL-0915,PO-PL-9208,39301.12,Input,Ready,High variance,Yes,Raw_GL_Export_With_CostCenters_Mar2026_IBMBOB_Enhanced.csv
IBM BOB 1 - Group P&L,2026-06,TXN005124,PNG01,2026-06-31,2210,Tax provision,Income tax payable,Current Liabilities,SA,South Australia Operations,Oracle,BOB-PL-0916,PO-PL-9898,87459.41,Input,Ready,None,No,Raw_GL_Export_With_CostCenters_Mar2026_IBMBOB_Enhanced.csv
IBM BOB 1 - Group P&L,2026-06,TXN005125,PNG01,2026-06-27,5000,General and administrative,Salaries and wages,Personnel,HR,Human Resources,SAP Australia,BOB-PL-0917,PO-PL-9642,48003.43,Input,Pending review,None,No,Raw_GL_Export_With_CostCenters_Mar2026_IBMBOB_Enhanced.csv
IBM BOB 1 - Group P&L,2026-06,TXN005126,NZL01,2026-06-01,5300,General and administrative,Professional services,External,TAS,Tasmania Operations,Officeworks,BOB-PL-0918,PO-PL-6627,35773.95,Input,Ready,High variance,Yes,Raw_GL_Export_With_CostCenters_Mar2026_IBMBOB_Enhanced.csv
IBM BOB 1 - Group P&L,2026-06,TXN005127,AUS01,2026-06-07,6020,Cost of revenue,Direct labor,COGS,IT,Information Technology,Officeworks,BOB-PL-0919,PO-PL-2917,33349.13,Input,Pending review,None,Yes,Raw_GL_Export_With_CostCenters_Mar2026_IBMBOB_Enhanced.csv
IBM BOB 1 - Group P&L,2026-06,TXN005128,NZL01,2026-06-09,5010,General and administrative,Employee benefits,Personnel,R&D,Research & Development,Microsoft,BOB-PL-0920,PO-PL-2354,53448.78,Input,Pending review,None,No,Raw_GL_Export_With_CostCenters_Mar2026_IBMBOB_Enhanced.csv
IBM BOB 1 - Group P&L,2026-06,TXN005129,NZL01,2026-06-28,5500,Sales and marketing,Campaign spend,Sales,QLD,Queensland Operations,Snowflake,BOB-PL-0921,PO-PL-7660,72235.98,Input,Pending review,High variance,Yes,Raw_GL_Export_With_CostCenters_Mar2026_IBMBOB_Enhanced.csv
IBM BOB 1 - Group P&L,2026-06,TXN005130,AUS01,2026-06-03,5210,Research and development,Cloud services,IT,QLD,Queensland Operations,Energy Australia,BOB-PL-0922,PO-PL-7153,110612.86,Input,Ready,High variance,Yes,Raw_GL_Export_With_CostCenters_Mar2026_IBMBOB_Enhanced.csv
IBM BOB 1 - Group P&L,2026-06,TXN005131,NZL01,2026-06-04,4020,Revenue,Subscription revenue,Operating Revenue,CORP,Corporate Head Office,Energy Australia,BOB-PL-0923,PO-PL-2499,164539.3,Input,Ready,None,No,Raw_GL_Export_With_CostCenters_Mar2026_IBMBOB_Enhanced.csv
IBM BOB 1 - Group P&L,2026-06,TXN005132,FJI01,2026-06-20,6030,Cost of revenue,Manufacturing overhead,COGS,HR,Human Resources,Melbourne Airport,BOB-PL-0924,PO-PL-7802,130076.37,Input,Ready,High variance,No,Raw_GL_Export_With_CostCenters_Mar2026_IBMBOB_Enhanced.csv
IBM BOB 1 - Group P&L,2026-06,TXN005133,PNG01,2026-06-12,4000,Revenue,Product sales,Operating Revenue,QLD,Queensland Operations,Oracle,BOB-PL-0925,PO-PL-5525,110063.97,Input,Ready,None,No,Raw_GL_Export_With_CostCenters_Mar2026_IBMBOB_Enhanced.csv
IBM BOB 1 - Group P&L,2026-06,TXN005134,NZL01,2026-06-03,2210,Tax provision,Income tax payable,Current Liabilities,IT,Information Technology,Snowflake,BOB-PL-0926,PO-PL-6244,162180.62,Input,Pending review,High variance,No,Raw_GL_Export_With_CostCenters_Mar2026_IBMBOB_Enhanced.csv
IBM BOB 1 - Group P&L,2026-06,TXN005135,FJI01,2026-06-29,5500,Sales and marketing,Campaign spend,Sales,TAS,Tasmania Operations,Energy Australia,BOB-PL-0927,PO-PL-9835,143117.26,Input,Ready,None,Yes,Raw_GL_Export_With_CostCenters_Mar2026_IBMBOB_Enhanced.csv
IBM BOB 1 - Group P&L,2026-06,TXN005136,FJI01,2026-06-11,5510,Sales and marketing,Advertising,Sales,CORP,Corporate Head Office,Google Ads,BOB-PL-0928,PO-PL-2243,51661.32,Input,Ready,None,Yes,Raw_GL_Export_With_CostCenters_Mar2026_IBMBOB_Enhanced.csv
IBM BOB 1 - Group P&L,2026-06,TXN005137,PNG01,2026-06-19,5200,Research and development,Software licenses,IT,OPS,Operations & Logistics,Melbourne Airport,BOB-PL-0929,PO-PL-6308,123124.24,Input,Pending review,None,Yes,Raw_GL_Export_With_CostCenters_Mar2026_IBMBOB_Enhanced.csv
IBM BOB 1 - Group P&L,2026-06,TXN005138,AUS01,2026-06-16,2210,Tax provision,Income tax payable,Current Liabilities,NT,Northern Territory Operations,Qantas Commercial,BOB-PL-0930,PO-PL-3461,157970.4,Input,Ready,High variance,Yes,Raw_GL_Export_With_CostCenters_Mar2026_IBMBOB_Enhanced.csv
IBM BOB 1 - Group P&L,2026-06,TXN005139,NZL01,2026-06-21,2210,Tax provision,Income tax payable,Current Liabilities,TAS,Tasmania Operations,Energy Australia,BOB-PL-0931,PO-PL-4568,64312.52,Input,Ready,None,No,Raw_GL_Export_With_CostCenters_Mar2026_IBMBOB_Enhanced.csv
IBM BOB 1 - Group P&L,2026-06,TXN005140,PNG01,2026-06-13,5500,Sales and marketing,Campaign spend,Sales,MKT,Marketing & Sales,Melbourne Airport,BOB-PL-0932,PO-PL-7788,4112.29,Input,Pending review,High variance,No,Raw_GL_Export_With_CostCenters_Mar2026_IBMBOB_Enhanced.csv
IBM BOB 1 - Group P&L,2026-06,TXN005141,AUS01,2026-06-02,5100,Other operating expenses,Office rent,Facilities,IT,Information Technology,IBM Australia,BOB-PL-0933,PO-PL-9136,149233.83,Input,Ready,High variance,No,Raw_GL_Export_With_CostCenters_Mar2026_IBMBOB_Enhanced.csv
IBM BOB 1 - Group P&L,2026-06,TXN005142,NZL01,2026-06-23,5100,Other operating expenses,Office rent,Facilities,SA,South Australia Operations,Qantas Commercial,BOB-PL-0934,PO-PL-4877,57357.55,Input,Ready,None,No,Raw_GL_Export_With_CostCenters_Mar2026_IBMBOB_Enhanced.csv
IBM BOB 1 - Group P&L,2026-06,TXN005143,NZL01,2026-06-29,5300,General and administrative,Professional services,External,HR,Human Resources,SAP Australia,BOB-PL-0935,PO-PL-6283,184181.83,Input,Ready,None,No,Raw_GL_Export_With_CostCenters_Mar2026_IBMBOB_Enhanced.csv
IBM BOB 1 - Group P&L,2026-06,TXN005144,PNG01,2026-06-20,4010,Revenue,Service revenue,Operating Revenue,MKT,Marketing & Sales,Snowflake,BOB-PL-0936,PO-PL-1091,459672.74,Input,Ready,None,No,Raw_GL_Export_With_CostCenters_Mar2026_IBMBOB_Enhanced.csv
IBM BOB 1 - Group P&L,2026-06,TXN005145,AUS01,2026-06-04,4020,Revenue,Subscription revenue,Operating Revenue,IT,Information Technology,Microsoft,BOB-PL-0937,PO-PL-2514,145179.45,Input,Ready,None,Yes,Raw_GL_Export_With_CostCenters_Mar2026_IBMBOB_Enhanced.csv
IBM BOB 1 - Group P&L,2026-06,TXN005146,AUS01,2026-06-11,5000,General and administrative,Salaries and wages,Personnel,FIN,Finance & Accounting,Deloitte,BOB-PL-0938,PO-PL-6304,185035.67,Input,Ready,None,No,Raw_GL_Export_With_CostCenters_Mar2026_IBMBOB_Enhanced.csv
IBM BOB 1 - Group P&L,2026-06,TXN005147,AUS01,2026-06-12,5920,Other income / expense,FX Loss,Finance,TAS,Tasmania Operations,Energy Australia,BOB-PL-0939,PO-PL-3673,49649.97,Input,Ready,None,No,Raw_GL_Export_With_CostCenters_Mar2026_IBMBOB_Enhanced.csv
IBM BOB 1 - Group P&L,2026-06,TXN005148,AUS01,2026-06-20,5910,Other income / expense,Interest expense,Finance,NT,Northern Territory Operations,Salesforce,BOB-PL-0940,PO-PL-6381,182830.88,Input,Ready,None,No,Raw_GL_Export_With_CostCenters_Mar2026_IBMBOB_Enhanced.csv
IBM BOB 1 - Group P&L,2026-06,TXN005149,PNG01,2026-06-16,4010,Revenue,Service revenue,Operating Revenue,MKT,Marketing & Sales,LinkedIn,BOB-PL-0941,PO-PL-6835,56739.54,Input,Pending review,High variance,Yes,Raw_GL_Export_With_CostCenters_Mar2026_IBMBOB_Enhanced.csv
IBM BOB 1 - Group P&L,2026-06,TXN005150,AUS01,2026-06-03,5320,General and administrative,Audit fees,External,VIC,Victoria Operations,Energy Australia,BOB-PL-0942,PO-PL-3673,53580.68,Input,Ready,None,No,Raw_GL_Export_With_CostCenters_Mar2026_IBMBOB_Enhanced.csv
IBM BOB 1 - Group P&L,2026-06,TXN005151,AUS01,2026-06-21,5210,Research and development,Cloud services,IT,R&D,Research & Development,Snowflake,BOB-PL-0943,PO-PL-5538,30130.52,Input,Ready,None,No,Raw_GL_Export_With_CostCenters_Mar2026_IBMBOB_Enhanced.csv
IBM BOB 1 - Group P&L,2026-06,TXN005152,PNG01,2026-06-11,5520,Sales and marketing,Events,Sales,NSW,New South Wales Operations,Melbourne Airport,BOB-PL-0944,PO-PL-3572,154680.59,Input,Ready,None,No,Raw_GL_Export_With_CostCenters_Mar2026_IBMBOB_Enhanced.csv
IBM BOB 1 - Group P&L,2026-06,TXN005153,PNG01,2026-06-25,6000,Cost of revenue,Cost of goods sold,COGS,QLD,Queensland Operations,Snowflake,BOB-PL-0945,PO-PL-9999,68799.11,Input,Ready,None,Yes,Raw_GL_Export_With_CostCenters_Mar2026_IBMBOB_Enhanced.csv
IBM BOB 1 - Group P&L,2026-06,TXN005154,FJI01,2026-06-26,5120,Other operating expenses,Office supplies,Facilities,TAS,Tasmania Operations,Google Ads,BOB-PL-0946,PO-PL-1737,47219.66,Input,Pending review,None,Yes,Raw_GL_Export_With_CostCenters_Mar2026_IBMBOB_Enhanced.csv
IBM BOB 1 - Group P&L,2026-06,TXN005155,PNG01,2026-06-19,2210,Tax provision,Income tax payable,Current Liabilities,NT,Northern Territory Operations,Qantas Commercial,BOB-PL-0947,PO-PL-4244,20672.16,Input,Ready,None,No,Raw_GL_Export_With_CostCenters_Mar2026_IBMBOB_Enhanced.csv
IBM BOB 1 - Group P&L,2026-06,TXN005156,FJI01,2026-06-20,5320,General and administrative,Audit fees,External,ACT,Australian Capital Territory,Melbourne Airport,BOB-PL-0948,PO-PL-4833,163657.14,Input,Ready,None,No,Raw_GL_Export_With_CostCenters_Mar2026_IBMBOB_Enhanced.csv
IBM BOB 1 - Group P&L,2026-06,TXN005157,FJI01,2026-06-05,5520,Sales and marketing,Events,Sales,MKT,Marketing & Sales,Oracle,BOB-PL-0949,PO-PL-5093,177192.05,Input,Pending review,High variance,No,Raw_GL_Export_With_CostCenters_Mar2026_IBMBOB_Enhanced.csv
IBM BOB 1 - Group P&L,2026-06,TXN005158,FJI01,2026-06-07,5520,Sales and marketing,Events,Sales,FIN,Finance & Accounting,Deloitte,BOB-PL-0950,PO-PL-4825,20182.54,Input,Pending review,None,No,Raw_GL_Export_With_CostCenters_Mar2026_IBMBOB_Enhanced.csv
IBM BOB 1 - Group P&L,2026-06,TXN005159,AUS01,2026-06-17,5210,Research and development,Cloud services,IT,VIC,Victoria Operations,IBM Australia,BOB-PL-0951,PO-PL-2318,136349.54,Input,Ready,None,Yes,Raw_GL_Export_With_CostCenters_Mar2026_IBMBOB_Enhanced.csv
IBM BOB 1 - Group P&L,2026-06,TXN005160,AUS01,2026-06-29,4100,Other income / expense,Interest income,Non-Operating Revenue,NSW,New South Wales Operations,Oracle,BOB-PL-0952,PO-PL-3730,318032.66,Input,Pending review,None,No,Raw_GL_Export_With_CostCenters_Mar2026_IBMBOB_Enhanced.csv
IBM BOB 1 - Group P&L,2026-06,TXN005161,PNG01,2026-06-09,5210,Research and development,Cloud services,IT,TAS,Tasmania Operations,AWS,BOB-PL-0953,PO-PL-3503,124429.61,Input,Pending review,None,No,Raw_GL_Export_With_CostCenters_Mar2026_IBMBOB_Enhanced.csv
IBM BOB 1 - Group P&L,2026-06,TXN005162,AUS01,2026-06-06,5120,Other operating expenses,Office supplies,Facilities,TAS,Tasmania Operations,Officeworks,BOB-PL-0954,PO-PL-1370,79725.69,Input,Ready,None,No,Raw_GL_Export_With_CostCenters_Mar2026_IBMBOB_Enhanced.csv
IBM BOB 1 - Group P&L,2026-06,TXN005163,FJI01,2026-06-12,2210,Tax provision,Income tax payable,Current Liabilities,IT,Information Technology,Salesforce,BOB-PL-0955,PO-PL-9861,71549.38,Input,Pending review,High variance,No,Raw_GL_Export_With_CostCenters_Mar2026_IBMBOB_Enhanced.csv
IBM BOB 1 - Group P&L,2026-06,TXN005164,FJI01,2026-06-28,5510,Sales and marketing,Advertising,Sales,HR,Human Resources,LinkedIn,BOB-PL-0956,PO-PL-3231,162147.38,Input,Ready,None,No,Raw_GL_Export_With_CostCenters_Mar2026_IBMBOB_Enhanced.csv
IBM BOB 1 - Group P&L,2026-06,TXN005165,PNG01,2026-06-31,2210,Tax provision,Income tax payable,Current Liabilities,VIC,Victoria Operations,AWS,BOB-PL-0957,PO-PL-9009,141189.33,Input,Ready,None,No,Raw_GL_Export_With_CostCenters_Mar2026_IBMBOB_Enhanced.csv
IBM BOB 1 - Group P&L,2026-06,TXN005166,FJI01,2026-06-30,5120,Other operating expenses,Office supplies,Facilities,MKT,Marketing & Sales,Officeworks,BOB-PL-0958,PO-PL-3214,118281.43,Input,Ready,None,No,Raw_GL_Export_With_CostCenters_Mar2026_IBMBOB_Enhanced.csv
IBM BOB 1 - Group P&L,2026-06,TXN005167,PNG01,2026-06-26,5110,Other operating expenses,Utilities,Facilities,ACT,Australian Capital Territory,Melbourne Airport,BOB-PL-0959,PO-PL-9353,124492.25,Input,Pending review,None,No,Raw_GL_Export_With_CostCenters_Mar2026_IBMBOB_Enhanced.csv
IBM BOB 1 - Group P&L,2026-06,TXN005168,PNG01,2026-06-21,4000,Revenue,Product sales,Operating Revenue,IT,Information Technology,Melbourne Airport,BOB-PL-0960,PO-PL-2091,121688.16,Input,Ready,None,No,Raw_GL_Export_With_CostCenters_Mar2026_IBMBOB_Enhanced.csv
IBM BOB 1 - Group P&L,2026-06,TXN005169,FJI01,2026-06-09,5520,Sales and marketing,Events,Sales,IT,Information Technology,Snowflake,BOB-PL-0961,PO-PL-3173,148833.73,Input,Ready,High variance,No,Raw_GL_Export_With_CostCenters_Mar2026_IBMBOB_Enhanced.csv
IBM BOB 1 - Group P&L,2026-06,TXN005170,NZL01,2026-06-28,5500,Sales and marketing,Campaign spend,Sales,CORP,Corporate Head Office,QBE Insurance,BOB-PL-0962,PO-PL-2205,136406.05,Input,Pending review,High variance,No,Raw_GL_Export_With_CostCenters_Mar2026_IBMBOB_Enhanced.csv
IBM BOB 1 - Group P&L,2026-06,TXN005171,NZL01,2026-06-20,5700,Research and development,Training,Development,VIC,Victoria Operations,Google Ads,BOB-PL-0963,PO-PL-5803,177885.3,Input,Ready,None,Yes,Raw_GL_Export_With_CostCenters_Mar2026_IBMBOB_Enhanced.csv
IBM BOB 1 - Group P&L,2026-06,TXN005172,PNG01,2026-06-19,2210,Tax provision,Income tax payable,Current Liabilities,TAS,Tasmania Operations,Snowflake,BOB-PL-0964,PO-PL-1456,127341.09,Input,Ready,None,No,Raw_GL_Export_With_CostCenters_Mar2026_IBMBOB_Enhanced.csv
IBM BOB 1 - Group P&L,2026-06,TXN005173,NZL01,2026-06-18,5300,General and administrative,Professional services,External,NSW,New South Wales Operations,SAP Australia,BOB-PL-0965,PO-PL-7408,79268.46,Input,Pending review,High variance,No,Raw_GL_Export_With_CostCenters_Mar2026_IBMBOB_Enhanced.csv
IBM BOB 1 - Group P&L,2026-06,TXN005174,FJI01,2026-06-29,6000,Cost of revenue,Cost of goods sold,COGS,IT,Information Technology,IBM Australia,BOB-PL-0966,PO-PL-2723,90302.08,Input,Ready,None,No,Raw_GL_Export_With_CostCenters_Mar2026_IBMBOB_Enhanced.csv
IBM BOB 1 - Group P&L,2026-06,TXN005175,NZL01,2026-06-02,5500,Sales and marketing,Campaign spend,Sales,ACT,Australian Capital Territory,Deloitte,BOB-PL-0967,PO-PL-7262,101353.91,Input,Ready,High variance,No,Raw_GL_Export_With_CostCenters_Mar2026_IBMBOB_Enhanced.csv
IBM BOB 1 - Group P&L,2026-06,TXN005176,PNG01,2026-06-25,6010,Cost of revenue,Direct materials,COGS,R&D,Research & Development,Oracle,BOB-PL-0968,PO-PL-5313,73800.88,Input,Ready,High variance,Yes,Raw_GL_Export_With_CostCenters_Mar2026_IBMBOB_Enhanced.csv
IBM BOB 1 - Group P&L,2026-06,TXN005177,FJI01,2026-06-18,5520,Sales and marketing,Events,Sales,IT,Information Technology,LinkedIn,BOB-PL-0969,PO-PL-6275,193678.36,Input,Ready,None,No,Raw_GL_Export_With_CostCenters_Mar2026_IBMBOB_Enhanced.csv
IBM BOB 1 - Group P&L,2026-06,TXN005178,FJI01,2026-06-13,6020,Cost of revenue,Direct labor,COGS,R&D,Research & Development,Oracle,BOB-PL-0970,PO-PL-8334,95630.84,Input,Ready,High variance,No,Raw_GL_Export_With_CostCenters_Mar2026_IBMBOB_Enhanced.csv
IBM BOB 1 - Group P&L,2026-06,TXN005179,NZL01,2026-06-08,5520,Sales and marketing,Events,Sales,NT,Northern Territory Operations,IBM Australia,BOB-PL-0971,PO-PL-1461,56937.16,Input,Ready,None,No,Raw_GL_Export_With_CostCenters_Mar2026_IBMBOB_Enhanced.csv
IBM BOB 1 - Group P&L,2026-06,TXN005180,PNG01,2026-06-07,5200,Research and development,Software licenses,IT,MKT,Marketing & Sales,Salesforce,BOB-PL-0972,PO-PL-8191,90673.58,Input,Ready,None,No,Raw_GL_Export_With_CostCenters_Mar2026_IBMBOB_Enhanced.csv
IBM BOB 1 - Group P&L,2026-06,TXN005181,FJI01,2026-06-27,5510,Sales and marketing,Advertising,Sales,QLD,Queensland Operations,QBE Insurance,BOB-PL-0973,PO-PL-9003,125955.87,Input,Ready,None,No,Raw_GL_Export_With_CostCenters_Mar2026_IBMBOB_Enhanced.csv
IBM BOB 1 - Group P&L,2026-06,TXN005182,AUS01,2026-06-04,2210,Tax provision,Income tax payable,Current Liabilities,OPS,Operations & Logistics,Melbourne Airport,BOB-PL-0974,PO-PL-4800,88136.07,Input,Ready,None,No,Raw_GL_Export_With_CostCenters_Mar2026_IBMBOB_Enhanced.csv
IBM BOB 1 - Group P&L,2026-06,TXN005183,PNG01,2026-06-12,5510,Sales and marketing,Advertising,Sales,SA,South Australia Operations,Energy Australia,BOB-PL-0975,PO-PL-6219,146804.66,Input,Ready,None,Yes,Raw_GL_Export_With_CostCenters_Mar2026_IBMBOB_Enhanced.csv
IBM BOB 1 - Group P&L,2026-06,TXN005184,AUS01,2026-06-17,5300,General and administrative,Professional services,External,OPS,Operations & Logistics,Officeworks,BOB-PL-0976,PO-PL-4703,80565.48,Input,Ready,High variance,Yes,Raw_GL_Export_With_CostCenters_Mar2026_IBMBOB_Enhanced.csv
IBM BOB 1 - Group P&L,2026-06,TXN005185,AUS01,2026-06-16,5100,Other operating expenses,Office rent,Facilities,QLD,Queensland Operations,Salesforce,BOB-PL-0977,PO-PL-8359,14600.03,Input,Ready,High variance,No,Raw_GL_Export_With_CostCenters_Mar2026_IBMBOB_Enhanced.csv
IBM BOB 1 - Group P&L,2026-06,TXN005186,NZL01,2026-06-10,4000,Revenue,Product sales,Operating Revenue,ACT,Australian Capital Territory,Salesforce,BOB-PL-0978,PO-PL-9852,380507.27,Input,Ready,None,No,Raw_GL_Export_With_CostCenters_Mar2026_IBMBOB_Enhanced.csv
IBM BOB 1 - Group P&L,2026-06,TXN005187,PNG01,2026-06-10,6010,Cost of revenue,Direct materials,COGS,ACT,Australian Capital Territory,Salesforce,BOB-PL-0979,PO-PL-6922,100515.44,Input,Ready,High variance,No,Raw_GL_Export_With_CostCenters_Mar2026_IBMBOB_Enhanced.csv
IBM BOB 1 - Group P&L,2026-06,TXN005188,AUS01,2026-06-09,6010,Cost of revenue,Direct materials,COGS,WA,Western Australia Operations,Officeworks,BOB-PL-0980,PO-PL-7513,127326.89,Input,Ready,None,No,Raw_GL_Export_With_CostCenters_Mar2026_IBMBOB_Enhanced.csv
IBM BOB 1 - Group P&L,2026-06,TXN005189,FJI01,2026-06-05,4020,Revenue,Subscription revenue,Operating Revenue,HR,Human Resources,LinkedIn,BOB-PL-0981,PO-PL-2194,190442.47,Input,Ready,None,Yes,Raw_GL_Export_With_CostCenters_Mar2026_IBMBOB_Enhanced.csv
IBM BOB 1 - Group P&L,2026-06,TXN005190,NZL01,2026-06-22,2210,Tax provision,Income tax payable,Current Liabilities,ACT,Australian Capital Territory,AWS,BOB-PL-0982,PO-PL-6045,87585.67,Input,Ready,None,No,Raw_GL_Export_With_CostCenters_Mar2026_IBMBOB_Enhanced.csv
IBM BOB 1 - Group P&L,2026-06,TXN005191,AUS01,2026-06-15,5100,Other operating expenses,Office rent,Facilities,WA,Western Australia Operations,LinkedIn,BOB-PL-0983,PO-PL-4516,106182.16,Input,Ready,None,Yes,Raw_GL_Export_With_CostCenters_Mar2026_IBMBOB_Enhanced.csv
IBM BOB 1 - Group P&L,2026-06,TXN005192,AUS01,2026-06-18,6030,Cost of revenue,Manufacturing overhead,COGS,MKT,Marketing & Sales,Salesforce,BOB-PL-0984,PO-PL-7460,106533.2,Input,Ready,None,No,Raw_GL_Export_With_CostCenters_Mar2026_IBMBOB_Enhanced.csv
IBM BOB 1 - Group P&L,2026-06,TXN005193,FJI01,2026-06-28,4000,Revenue,Product sales,Operating Revenue,FIN,Finance & Accounting,Officeworks,BOB-PL-0985,PO-PL-2989,54367.02,Input,Pending review,None,No,Raw_GL_Export_With_CostCenters_Mar2026_IBMBOB_Enhanced.csv
IBM BOB 1 - Group P&L,2026-06,TXN005194,PNG01,2026-06-29,4000,Revenue,Product sales,Operating Revenue,MKT,Marketing & Sales,Energy Australia,BOB-PL-0986,PO-PL-1668,484603.11,Input,Ready,High variance,No,Raw_GL_Export_With_CostCenters_Mar2026_IBMBOB_Enhanced.csv
IBM BOB 1 - Group P&L,2026-06,TXN005195,FJI01,2026-06-07,5300,General and administrative,Professional services,External,VIC,Victoria Operations,Google Ads,BOB-PL-0987,PO-PL-5324,144961.65,Input,Ready,High variance,No,Raw_GL_Export_With_CostCenters_Mar2026_IBMBOB_Enhanced.csv
IBM BOB 1 - Group P&L,2026-06,TXN005196,NZL01,2026-06-21,2210,Tax provision,Income tax payable,Current Liabilities,QLD,Queensland Operations,Qantas Commercial,BOB-PL-0988,PO-PL-9161,116986.08,Input,Ready,None,No,Raw_GL_Export_With_CostCenters_Mar2026_IBMBOB_Enhanced.csv
IBM BOB 1 - Group P&L,2026-06,TXN005197,AUS01,2026-06-07,4000,Revenue,Product sales,Operating Revenue,QLD,Queensland Operations,Google Ads,BOB-PL-0989,PO-PL-6589,164264.71,Input,Pending review,None,No,Raw_GL_Export_With_CostCenters_Mar2026_IBMBOB_Enhanced.csv
IBM BOB 1 - Group P&L,2026-06,TXN005198,FJI01,2026-06-03,5510,Sales and marketing,Advertising,Sales,SA,South Australia Operations,Google Ads,BOB-PL-0990,PO-PL-7562,104024.8,Input,Ready,None,No,Raw_GL_Export_With_CostCenters_Mar2026_IBMBOB_Enhanced.csv
IBM BOB 1 - Group P&L,2026-06,TXN005199,PNG01,2026-06-14,5300,General and administrative,Professional services,External,NT,Northern Territory Operations,Salesforce,BOB-PL-0991,PO-PL-2673,163723.99,Input,Pending review,None,No,Raw_GL_Export_With_CostCenters_Mar2026_IBMBOB_Enhanced.csv
IBM BOB 1 - Group P&L,2026-06,TXN005200,AUS01,2026-06-01,2210,Tax provision,Income tax payable,Current Liabilities,CORP,Corporate Head Office,AWS,BOB-PL-0992,PO-PL-4174,181781.0,Input,Pending review,None,No,Raw_GL_Export_With_CostCenters_Mar2026_IBMBOB_Enhanced.csv
IBM BOB 1 - Group P&L,2026-06,TXN005201,AUS01,2026-06-01,2210,Tax provision,Income tax payable,Current Liabilities,QLD,Queensland Operations,Microsoft,BOB-PL-0993,PO-PL-2585,26482.19,Input,Ready,High variance,No,Raw_GL_Export_With_CostCenters_Mar2026_IBMBOB_Enhanced.csv
IBM BOB 1 - Group P&L,2026-06,TXN005202,PNG01,2026-06-30,5100,Other operating expenses,Office rent,Facilities,NT,Northern Territory Operations,LinkedIn,BOB-PL-0994,PO-PL-7272,136766.01,Input,Pending review,None,No,Raw_GL_Export_With_CostCenters_Mar2026_IBMBOB_Enhanced.csv
IBM BOB 1 - Group P&L,2026-06,TXN005203,AUS01,2026-06-04,5510,Sales and marketing,Advertising,Sales,IT,Information Technology,QBE Insurance,BOB-PL-0995,PO-PL-5728,188969.09,Input,Ready,None,No,Raw_GL_Export_With_CostCenters_Mar2026_IBMBOB_Enhanced.csv
IBM BOB 1 - Group P&L,2026-06,TXN005204,PNG01,2026-06-03,5200,Research and development,Software licenses,IT,SA,South Australia Operations,Qantas Commercial,BOB-PL-0996,PO-PL-8488,189965.41,Input,Ready,None,Yes,Raw_GL_Export_With_CostCenters_Mar2026_IBMBOB_Enhanced.csv
IBM BOB 1 - Group P&L,2026-06,TXN005205,FJI01,2026-06-10,2210,Tax provision,Income tax payable,Current Liabilities,IT,Information Technology,Energy Australia,BOB-PL-0997,PO-PL-2617,11122.08,Input,Ready,None,No,Raw_GL_Export_With_CostCenters_Mar2026_IBMBOB_Enhanced.csv
IBM BOB 1 - Group P&L,2026-06,TXN005206,FJI01,2026-06-13,5120,Other operating expenses,Office supplies,Facilities,NT,Northern Territory Operations,Melbourne Airport,BOB-PL-0998,PO-PL-8197,84967.32,Input,Ready,None,Yes,Raw_GL_Export_With_CostCenters_Mar2026_IBMBOB_Enhanced.csv
IBM BOB 1 - Group P&L,2026-06,TXN005207,PNG01,2026-06-16,4020,Revenue,Subscription revenue,Operating Revenue,HR,Human Resources,Deloitte,BOB-PL-0999,PO-PL-6499,118795.83,Input,Pending review,None,No,Raw_GL_Export_With_CostCenters_Mar2026_IBMBOB_Enhanced.csv
IBM BOB 1 - Group P&L,2026-06,TXN005208,AUS01,2026-06-01,4000,Revenue,Product sales,Operating Revenue,R&D,Research & Development,Snowflake,BOB-PL-1000,PO-PL-2126,495294.76,Input,Ready,None,No,Raw_GL_Export_With_CostCenters_Mar2026_IBMBOB_Enhanced.csv
