Demo_Task,Fiscal_Period,ESG_Record_ID,Linked_GL_Txn_ID,Entity,Cost_Center,Cost_Center_Name,ESG_Category,Account_Code,Account_Name,Supplier,Invoice_Number,PO_Number,Spend_AUD,Sustainability_KPI,KPI_Target,KPI_Actual,KPI_Attainment_Percent,Carbon_tCO2e,Renewable_Source_Percent,Supplier_ESG_Score,Working_Capital_Impact_AUD,Margin_Impact_Points,Misclassification_Flag,Leakage_Flag,Disclosure_Evidence_Status,Audit_Readiness,Recommended_Action,Approval_Required,Source_File_Target
IBM BOB 3 - ESG,2026-06,ESG-MAR26-0001,TXN006209,PNG01,FIN,Finance & Accounting,Renewable sourcing premium,6000,Cost of Goods Sold,Green Freight,BOB-ESG-0001,PO-ESG-4109,109010.87,tCO2e avoided,702.43,756.39,107.7,306.44,67.7,53,22109.9,0.12,No,None,Complete,Ready,CFO approval for material ESG spend,Yes,IBMBOB_ESG_Cost_KPI_Mar2026.csv + Raw_GL_Export_With_CostCenters_Mar2026_IBMBOB_Enhanced.csv
IBM BOB 3 - ESG,2026-06,ESG-MAR26-0002,TXN006210,FJI01,MKT,Marketing & Sales,Energy usage,5110,Utilities,Carbon Neutral Pty Ltd,BOB-ESG-0002,PO-ESG-3341,71623.45,supplier_score,519.58,618.75,119.1,474.99,53.7,98,-42996.96,-0.59,No,None,Partial,Partial,No action,No,IBMBOB_ESG_Cost_KPI_Mar2026.csv + Raw_GL_Export_With_CostCenters_Mar2026_IBMBOB_Enhanced.csv
IBM BOB 3 - ESG,2026-06,ESG-MAR26-0003,TXN006211,AUS01,QLD,Queensland Operations,Waste reduction,5600,Telecommunications,EcoVadis,BOB-ESG-0003,PO-ESG-8244,114736.94,renewable_kwh,693.19,626.77,90.4,279.71,17.5,61,60698.92,-0.71,No,None,Missing,Needs review,CFO approval for material ESG spend,Yes,IBMBOB_ESG_Cost_KPI_Mar2026.csv + Raw_GL_Export_With_CostCenters_Mar2026_IBMBOB_Enhanced.csv
IBM BOB 3 - ESG,2026-06,ESG-MAR26-0004,TXN006212,NZL01,SA,South Australia Operations,Waste reduction,5600,Telecommunications,Origin Energy,BOB-ESG-0004,PO-ESG-5908,16876.18,audit_evidence_count,525.53,465.11,88.5,432.08,71.6,55,-31935.89,0.05,No,None,Partial,Needs review,CFO approval for material ESG spend,Yes,IBMBOB_ESG_Cost_KPI_Mar2026.csv + Raw_GL_Export_With_CostCenters_Mar2026_IBMBOB_Enhanced.csv
IBM BOB 3 - ESG,2026-06,ESG-MAR26-0005,TXN006213,PNG01,CORP,Corporate Head Office,Energy usage,5110,Utilities,Bureau Veritas,BOB-ESG-0005,PO-ESG-4821,47962.31,tCO2e avoided,122.99,93.75,76.2,235.85,28.1,87,58056.92,-0.46,No,None,Complete,Partial,No action,No,IBMBOB_ESG_Cost_KPI_Mar2026.csv + Raw_GL_Export_With_CostCenters_Mar2026_IBMBOB_Enhanced.csv
IBM BOB 3 - ESG,2026-06,ESG-MAR26-0006,TXN006214,FJI01,OPS,Operations & Logistics,Compliance assurance,5320,Audit Fees,EcoVadis,BOB-ESG-0006,PO-ESG-1977,115921.96,renewable_kwh,920.29,924.46,100.5,426.86,85.5,91,-32613.23,-0.27,No,None,Partial,Ready,CFO approval for material ESG spend,Yes,IBMBOB_ESG_Cost_KPI_Mar2026.csv + Raw_GL_Export_With_CostCenters_Mar2026_IBMBOB_Enhanced.csv
IBM BOB 3 - ESG,2026-06,ESG-MAR26-0007,TXN006215,FJI01,TAS,Tasmania Operations,Compliance assurance,5320,Audit Fees,Bureau Veritas,BOB-ESG-0007,PO-ESG-8327,85235.83,waste_kg_reduced,289.93,218.4,75.3,76.37,9.7,83,-13556.91,0.22,No,None,Complete,Ready,No action,No,IBMBOB_ESG_Cost_KPI_Mar2026.csv + Raw_GL_Export_With_CostCenters_Mar2026_IBMBOB_Enhanced.csv
IBM BOB 3 - ESG,2026-06,ESG-MAR26-0008,TXN006216,AUS01,R&D,Research & Development,Supplier ESG premium,6010,Direct Materials,Carbon Neutral Pty Ltd,BOB-ESG-0008,PO-ESG-9267,119005.41,audit_evidence_count,529.36,521.3,98.5,257.54,39.0,52,-33400.85,0.26,No,None,Partial,Ready,CFO approval for material ESG spend,Yes,IBMBOB_ESG_Cost_KPI_Mar2026.csv + Raw_GL_Export_With_CostCenters_Mar2026_IBMBOB_Enhanced.csv
IBM BOB 3 - ESG,2026-06,ESG-MAR26-0009,TXN006217,NZL01,OPS,Operations & Logistics,Renewable sourcing premium,6000,Cost of Goods Sold,Origin Energy,BOB-ESG-0009,PO-ESG-1904,65724.58,audit_evidence_count,56.45,39.06,69.2,385.68,64.0,96,45397.26,-0.1,No,None,Complete,Needs review,CFO approval for material ESG spend,Yes,IBMBOB_ESG_Cost_KPI_Mar2026.csv + Raw_GL_Export_With_CostCenters_Mar2026_IBMBOB_Enhanced.csv
IBM BOB 3 - ESG,2026-06,ESG-MAR26-0010,TXN006218,NZL01,R&D,Research & Development,Carbon offsets,5300,Professional Services,Bureau Veritas,BOB-ESG-0010,PO-ESG-6610,87525.95,supplier_score,385.4,343.14,89.0,281.51,56.8,78,55787.11,0.16,No,None,Missing,Ready,No action,No,IBMBOB_ESG_Cost_KPI_Mar2026.csv + Raw_GL_Export_With_CostCenters_Mar2026_IBMBOB_Enhanced.csv
IBM BOB 3 - ESG,2026-06,ESG-MAR26-0011,TXN006219,AUS01,NT,Northern Territory Operations,Renewable sourcing premium,6000,Cost of Goods Sold,Carbon Neutral Pty Ltd,BOB-ESG-0011,PO-ESG-4308,78551.51,renewable_kwh,253.09,302.32,119.5,219.88,19.4,60,-4543.01,-0.29,No,None,Complete,Ready,No action,No,IBMBOB_ESG_Cost_KPI_Mar2026.csv + Raw_GL_Export_With_CostCenters_Mar2026_IBMBOB_Enhanced.csv
IBM BOB 3 - ESG,2026-06,ESG-MAR26-0012,TXN006220,PNG01,WA,Western Australia Operations,Carbon offsets,5300,Professional Services,Green Freight,BOB-ESG-0012,PO-ESG-2383,36032.69,renewable_kwh,594.9,425.63,71.5,107.18,63.3,86,65269.85,0.25,Yes,ESG spend posted to non-ESG account or missing KPI link,Partial,Needs review,CFO approval for material ESG spend,Yes,IBMBOB_ESG_Cost_KPI_Mar2026.csv + Raw_GL_Export_With_CostCenters_Mar2026_IBMBOB_Enhanced.csv
IBM BOB 3 - ESG,2026-06,ESG-MAR26-0013,TXN006221,NZL01,WA,Western Australia Operations,Fleet emissions,5400,Travel,Sustainable Packaging Co,BOB-ESG-0013,PO-ESG-7126,80670.93,supplier_score,320.8,392.58,122.4,385.47,28.3,98,63069.29,-0.58,No,None,Missing,Partial,No action,No,IBMBOB_ESG_Cost_KPI_Mar2026.csv + Raw_GL_Export_With_CostCenters_Mar2026_IBMBOB_Enhanced.csv
IBM BOB 3 - ESG,2026-06,ESG-MAR26-0014,TXN006222,NZL01,TAS,Tasmania Operations,Compliance assurance,5320,Audit Fees,Green Freight,BOB-ESG-0014,PO-ESG-7136,81469.45,supplier_score,794.37,936.34,117.9,533.21,66.1,85,25630.93,-0.32,Yes,ESG spend posted to non-ESG account or missing KPI link,Complete,Partial,Reclassify and link to KPI evidence,Yes,IBMBOB_ESG_Cost_KPI_Mar2026.csv + Raw_GL_Export_With_CostCenters_Mar2026_IBMBOB_Enhanced.csv
IBM BOB 3 - ESG,2026-06,ESG-MAR26-0015,TXN006223,AUS01,QLD,Queensland Operations,Energy usage,5110,Utilities,Energy Australia,BOB-ESG-0015,PO-ESG-5965,4057.52,renewable_kwh,773.81,641.22,82.9,170.06,50.9,88,8938.26,-0.62,No,None,Complete,Partial,No action,No,IBMBOB_ESG_Cost_KPI_Mar2026.csv + Raw_GL_Export_With_CostCenters_Mar2026_IBMBOB_Enhanced.csv
IBM BOB 3 - ESG,2026-06,ESG-MAR26-0016,TXN006224,AUS01,VIC,Victoria Operations,Renewable sourcing premium,6000,Cost of Goods Sold,Sustainable Packaging Co,BOB-ESG-0016,PO-ESG-7384,32524.09,waste_kg_reduced,529.88,417.17,78.7,547.42,91.9,75,-44668.34,0.1,No,None,Complete,Partial,No action,No,IBMBOB_ESG_Cost_KPI_Mar2026.csv + Raw_GL_Export_With_CostCenters_Mar2026_IBMBOB_Enhanced.csv
IBM BOB 3 - ESG,2026-06,ESG-MAR26-0017,TXN006225,AUS01,NT,Northern Territory Operations,Fleet emissions,5400,Travel,Carbon Neutral Pty Ltd,BOB-ESG-0017,PO-ESG-2918,34121.6,tCO2e avoided,773.99,652.1,84.3,505.61,79.5,74,25233.49,0.36,No,None,Missing,Ready,No action,No,IBMBOB_ESG_Cost_KPI_Mar2026.csv + Raw_GL_Export_With_CostCenters_Mar2026_IBMBOB_Enhanced.csv
IBM BOB 3 - ESG,2026-06,ESG-MAR26-0018,TXN006226,FJI01,VIC,Victoria Operations,Renewable sourcing premium,6000,Cost of Goods Sold,Climate Active Advisor,BOB-ESG-0018,PO-ESG-5354,17429.49,waste_kg_reduced,627.79,730.16,116.3,428.91,83.8,81,66169.37,-0.13,Yes,ESG spend posted to non-ESG account or missing KPI link,Partial,Ready,Reclassify and link to KPI evidence,Yes,IBMBOB_ESG_Cost_KPI_Mar2026.csv + Raw_GL_Export_With_CostCenters_Mar2026_IBMBOB_Enhanced.csv
IBM BOB 3 - ESG,2026-06,ESG-MAR26-0019,TXN006227,FJI01,NSW,New South Wales Operations,Fleet emissions,5400,Travel,Climate Active Advisor,BOB-ESG-0019,PO-ESG-8624,23540.93,audit_evidence_count,289.36,281.48,97.3,50.14,75.0,47,-1706.26,-0.16,No,None,Complete,Needs review,CFO approval for material ESG spend,Yes,IBMBOB_ESG_Cost_KPI_Mar2026.csv + Raw_GL_Export_With_CostCenters_Mar2026_IBMBOB_Enhanced.csv
IBM BOB 3 - ESG,2026-06,ESG-MAR26-0020,TXN006228,AUS01,TAS,Tasmania Operations,Waste reduction,5600,Telecommunications,Sustainable Packaging Co,BOB-ESG-0020,PO-ESG-2852,7683.28,supplier_score,96.69,102.23,105.7,320.52,42.3,67,-24913.08,-0.77,No,None,Missing,Needs review,CFO approval for material ESG spend,Yes,IBMBOB_ESG_Cost_KPI_Mar2026.csv + Raw_GL_Export_With_CostCenters_Mar2026_IBMBOB_Enhanced.csv
IBM BOB 3 - ESG,2026-06,ESG-MAR26-0021,TXN006229,PNG01,R&D,Research & Development,Waste reduction,5600,Telecommunications,Carbon Neutral Pty Ltd,BOB-ESG-0021,PO-ESG-2557,38890.0,waste_kg_reduced,284.5,272.64,95.8,310.67,27.0,97,-41037.6,-0.27,No,None,Missing,Partial,No action,No,IBMBOB_ESG_Cost_KPI_Mar2026.csv + Raw_GL_Export_With_CostCenters_Mar2026_IBMBOB_Enhanced.csv
IBM BOB 3 - ESG,2026-06,ESG-MAR26-0022,TXN006230,FJI01,OPS,Operations & Logistics,Renewable sourcing premium,6000,Cost of Goods Sold,Green Freight,BOB-ESG-0022,PO-ESG-2826,65674.85,tCO2e avoided,982.72,780.2,79.4,164.8,68.5,88,35864.67,-0.71,No,None,Missing,Partial,No action,No,IBMBOB_ESG_Cost_KPI_Mar2026.csv + Raw_GL_Export_With_CostCenters_Mar2026_IBMBOB_Enhanced.csv
IBM BOB 3 - ESG,2026-06,ESG-MAR26-0023,TXN006231,FJI01,OPS,Operations & Logistics,Energy usage,5110,Utilities,Bureau Veritas,BOB-ESG-0023,PO-ESG-1886,92532.41,waste_kg_reduced,642.49,500.35,77.9,455.7,54.3,83,48948.77,-0.04,No,None,Complete,Needs review,CFO approval for material ESG spend,Yes,IBMBOB_ESG_Cost_KPI_Mar2026.csv + Raw_GL_Export_With_CostCenters_Mar2026_IBMBOB_Enhanced.csv
IBM BOB 3 - ESG,2026-06,ESG-MAR26-0024,TXN006232,NZL01,QLD,Queensland Operations,Waste reduction,5600,Telecommunications,EcoVadis,BOB-ESG-0024,PO-ESG-5832,15019.71,supplier_score,909.9,725.08,79.7,304.03,92.9,50,66488.47,-0.06,No,None,Complete,Needs review,CFO approval for material ESG spend,Yes,IBMBOB_ESG_Cost_KPI_Mar2026.csv + Raw_GL_Export_With_CostCenters_Mar2026_IBMBOB_Enhanced.csv
IBM BOB 3 - ESG,2026-06,ESG-MAR26-0025,TXN006233,FJI01,R&D,Research & Development,Compliance assurance,5320,Audit Fees,Green Freight,BOB-ESG-0025,PO-ESG-1241,73788.94,renewable_kwh,573.85,498.71,86.9,501.8,21.2,51,-23687.89,-0.23,Yes,ESG spend posted to non-ESG account or missing KPI link,Missing,Ready,Reclassify and link to KPI evidence,Yes,IBMBOB_ESG_Cost_KPI_Mar2026.csv + Raw_GL_Export_With_CostCenters_Mar2026_IBMBOB_Enhanced.csv
IBM BOB 3 - ESG,2026-06,ESG-MAR26-0026,TXN006234,PNG01,CORP,Corporate Head Office,Renewable sourcing premium,6000,Cost of Goods Sold,Origin Energy,BOB-ESG-0026,PO-ESG-2502,78350.07,audit_evidence_count,684.4,579.7,84.7,194.28,15.6,68,-25344.62,0.26,No,None,Complete,Needs review,CFO approval for material ESG spend,Yes,IBMBOB_ESG_Cost_KPI_Mar2026.csv + Raw_GL_Export_With_CostCenters_Mar2026_IBMBOB_Enhanced.csv
IBM BOB 3 - ESG,2026-06,ESG-MAR26-0027,TXN006235,AUS01,FIN,Finance & Accounting,Waste reduction,5600,Telecommunications,Bureau Veritas,BOB-ESG-0027,PO-ESG-8635,81825.35,waste_kg_reduced,335.94,361.77,107.7,159.25,84.2,66,24175.12,0.37,No,None,Missing,Needs review,CFO approval for material ESG spend,Yes,IBMBOB_ESG_Cost_KPI_Mar2026.csv + Raw_GL_Export_With_CostCenters_Mar2026_IBMBOB_Enhanced.csv
IBM BOB 3 - ESG,2026-06,ESG-MAR26-0028,TXN006236,FJI01,CORP,Corporate Head Office,Waste reduction,5600,Telecommunications,Origin Energy,BOB-ESG-0028,PO-ESG-2405,21723.31,supplier_score,607.43,554.63,91.3,379.52,85.3,78,-37499.69,-0.07,No,None,Complete,Needs review,CFO approval for material ESG spend,Yes,IBMBOB_ESG_Cost_KPI_Mar2026.csv + Raw_GL_Export_With_CostCenters_Mar2026_IBMBOB_Enhanced.csv
IBM BOB 3 - ESG,2026-06,ESG-MAR26-0029,TXN006237,FJI01,QLD,Queensland Operations,Carbon offsets,5300,Professional Services,Climate Active Advisor,BOB-ESG-0029,PO-ESG-6094,58741.8,supplier_score,498.44,382.6,76.8,257.4,44.2,50,-25653.7,-0.33,No,None,Complete,Needs review,CFO approval for material ESG spend,Yes,IBMBOB_ESG_Cost_KPI_Mar2026.csv + Raw_GL_Export_With_CostCenters_Mar2026_IBMBOB_Enhanced.csv
IBM BOB 3 - ESG,2026-06,ESG-MAR26-0030,TXN006238,NZL01,QLD,Queensland Operations,Energy usage,5110,Utilities,Climate Active Advisor,BOB-ESG-0030,PO-ESG-9296,53179.86,waste_kg_reduced,918.83,1122.93,122.2,137.46,97.9,62,-21832.2,-0.76,No,None,Complete,Ready,No action,No,IBMBOB_ESG_Cost_KPI_Mar2026.csv + Raw_GL_Export_With_CostCenters_Mar2026_IBMBOB_Enhanced.csv
IBM BOB 3 - ESG,2026-06,ESG-MAR26-0031,TXN006239,AUS01,WA,Western Australia Operations,Compliance assurance,5320,Audit Fees,Green Freight,BOB-ESG-0031,PO-ESG-9423,114169.19,waste_kg_reduced,560.56,477.15,85.1,510.71,20.0,50,65641.48,-0.77,No,None,Partial,Needs review,CFO approval for material ESG spend,Yes,IBMBOB_ESG_Cost_KPI_Mar2026.csv + Raw_GL_Export_With_CostCenters_Mar2026_IBMBOB_Enhanced.csv
IBM BOB 3 - ESG,2026-06,ESG-MAR26-0032,TXN006240,AUS01,QLD,Queensland Operations,Sustainable packaging,6010,Direct Materials,Bureau Veritas,BOB-ESG-0032,PO-ESG-3056,99072.49,supplier_score,825.74,735.3,89.0,235.01,61.1,69,-16801.73,0.29,No,None,Partial,Partial,No action,No,IBMBOB_ESG_Cost_KPI_Mar2026.csv + Raw_GL_Export_With_CostCenters_Mar2026_IBMBOB_Enhanced.csv
IBM BOB 3 - ESG,2026-06,ESG-MAR26-0033,TXN006241,PNG01,OPS,Operations & Logistics,Energy usage,5110,Utilities,Sustainable Packaging Co,BOB-ESG-0033,PO-ESG-5451,112479.94,audit_evidence_count,828.89,714.84,86.2,73.54,8.0,71,74359.28,0.34,Yes,ESG spend posted to non-ESG account or missing KPI link,Complete,Partial,CFO approval for material ESG spend,Yes,IBMBOB_ESG_Cost_KPI_Mar2026.csv + Raw_GL_Export_With_CostCenters_Mar2026_IBMBOB_Enhanced.csv
IBM BOB 3 - ESG,2026-06,ESG-MAR26-0034,TXN006242,FJI01,HR,Human Resources,Renewable sourcing premium,6000,Cost of Goods Sold,EcoVadis,BOB-ESG-0034,PO-ESG-9724,47567.53,waste_kg_reduced,961.05,732.7,76.2,457.38,95.7,62,50132.68,-0.36,No,None,Partial,Partial,No action,No,IBMBOB_ESG_Cost_KPI_Mar2026.csv + Raw_GL_Export_With_CostCenters_Mar2026_IBMBOB_Enhanced.csv
IBM BOB 3 - ESG,2026-06,ESG-MAR26-0035,TXN006243,FJI01,VIC,Victoria Operations,Supplier ESG premium,6010,Direct Materials,Sustainable Packaging Co,BOB-ESG-0035,PO-ESG-4083,49977.27,audit_evidence_count,240.9,218.62,90.8,446.24,86.8,83,43098.55,-0.11,No,None,Missing,Partial,No action,No,IBMBOB_ESG_Cost_KPI_Mar2026.csv + Raw_GL_Export_With_CostCenters_Mar2026_IBMBOB_Enhanced.csv
IBM BOB 3 - ESG,2026-06,ESG-MAR26-0036,TXN006244,NZL01,SA,South Australia Operations,Energy usage,5110,Utilities,Bureau Veritas,BOB-ESG-0036,PO-ESG-7411,43375.31,tCO2e avoided,869.04,833.52,95.9,182.91,9.0,69,-29122.01,-0.71,Yes,ESG spend posted to non-ESG account or missing KPI link,Missing,Partial,Reclassify and link to KPI evidence,Yes,IBMBOB_ESG_Cost_KPI_Mar2026.csv + Raw_GL_Export_With_CostCenters_Mar2026_IBMBOB_Enhanced.csv
IBM BOB 3 - ESG,2026-06,ESG-MAR26-0037,TXN006245,AUS01,R&D,Research & Development,Compliance assurance,5320,Audit Fees,Green Freight,BOB-ESG-0037,PO-ESG-4660,103032.88,renewable_kwh,937.0,976.2,104.2,196.95,40.2,98,37018.19,0.21,No,None,Missing,Needs review,CFO approval for material ESG spend,Yes,IBMBOB_ESG_Cost_KPI_Mar2026.csv + Raw_GL_Export_With_CostCenters_Mar2026_IBMBOB_Enhanced.csv
IBM BOB 3 - ESG,2026-06,ESG-MAR26-0038,TXN006246,PNG01,FIN,Finance & Accounting,Energy usage,5110,Utilities,Energy Australia,BOB-ESG-0038,PO-ESG-5484,84548.62,waste_kg_reduced,853.12,787.46,92.3,216.18,90.8,73,-30739.36,-0.11,No,None,Complete,Needs review,CFO approval for material ESG spend,Yes,IBMBOB_ESG_Cost_KPI_Mar2026.csv + Raw_GL_Export_With_CostCenters_Mar2026_IBMBOB_Enhanced.csv
IBM BOB 3 - ESG,2026-06,ESG-MAR26-0039,TXN006247,FJI01,IT,Information Technology,Waste reduction,5600,Telecommunications,Green Freight,BOB-ESG-0039,PO-ESG-6239,104455.76,audit_evidence_count,552.61,612.88,110.9,526.91,59.8,78,51915.81,-0.62,Yes,ESG spend posted to non-ESG account or missing KPI link,Complete,Partial,CFO approval for material ESG spend,Yes,IBMBOB_ESG_Cost_KPI_Mar2026.csv + Raw_GL_Export_With_CostCenters_Mar2026_IBMBOB_Enhanced.csv
IBM BOB 3 - ESG,2026-06,ESG-MAR26-0040,TXN006248,AUS01,VIC,Victoria Operations,Supplier ESG premium,6010,Direct Materials,Climate Active Advisor,BOB-ESG-0040,PO-ESG-8653,37351.95,waste_kg_reduced,438.25,535.96,122.3,348.11,38.7,85,12971.32,-0.5,No,None,Missing,Needs review,CFO approval for material ESG spend,Yes,IBMBOB_ESG_Cost_KPI_Mar2026.csv + Raw_GL_Export_With_CostCenters_Mar2026_IBMBOB_Enhanced.csv
IBM BOB 3 - ESG,2026-06,ESG-MAR26-0041,TXN006249,NZL01,CORP,Corporate Head Office,Compliance assurance,5320,Audit Fees,Sustainable Packaging Co,BOB-ESG-0041,PO-ESG-9628,6531.15,waste_kg_reduced,919.12,727.61,79.2,398.97,74.1,65,-1377.96,-0.37,No,None,Partial,Partial,No action,No,IBMBOB_ESG_Cost_KPI_Mar2026.csv + Raw_GL_Export_With_CostCenters_Mar2026_IBMBOB_Enhanced.csv
IBM BOB 3 - ESG,2026-06,ESG-MAR26-0042,TXN006250,NZL01,WA,Western Australia Operations,Waste reduction,5600,Telecommunications,Green Freight,BOB-ESG-0042,PO-ESG-7588,11068.96,tCO2e avoided,714.06,600.35,84.1,301.14,70.2,75,-17396.51,0.1,No,None,Complete,Partial,No action,No,IBMBOB_ESG_Cost_KPI_Mar2026.csv + Raw_GL_Export_With_CostCenters_Mar2026_IBMBOB_Enhanced.csv
IBM BOB 3 - ESG,2026-06,ESG-MAR26-0043,TXN006251,PNG01,IT,Information Technology,Supplier ESG premium,6010,Direct Materials,Energy Australia,BOB-ESG-0043,PO-ESG-8433,62908.59,waste_kg_reduced,560.48,404.96,72.3,35.01,4.6,52,59615.48,-0.28,No,None,Missing,Partial,No action,No,IBMBOB_ESG_Cost_KPI_Mar2026.csv + Raw_GL_Export_With_CostCenters_Mar2026_IBMBOB_Enhanced.csv
IBM BOB 3 - ESG,2026-06,ESG-MAR26-0044,TXN006252,FJI01,MKT,Marketing & Sales,Supplier ESG premium,6010,Direct Materials,Green Freight,BOB-ESG-0044,PO-ESG-3931,36078.51,waste_kg_reduced,91.91,71.59,77.9,379.65,37.0,83,-22796.6,0.17,No,None,Complete,Needs review,CFO approval for material ESG spend,Yes,IBMBOB_ESG_Cost_KPI_Mar2026.csv + Raw_GL_Export_With_CostCenters_Mar2026_IBMBOB_Enhanced.csv
IBM BOB 3 - ESG,2026-06,ESG-MAR26-0045,TXN006253,AUS01,IT,Information Technology,Supplier ESG premium,6010,Direct Materials,Energy Australia,BOB-ESG-0045,PO-ESG-1818,30950.8,tCO2e avoided,658.73,526.97,80.0,108.56,33.9,51,40663.72,0.03,No,None,Partial,Ready,No action,No,IBMBOB_ESG_Cost_KPI_Mar2026.csv + Raw_GL_Export_With_CostCenters_Mar2026_IBMBOB_Enhanced.csv
IBM BOB 3 - ESG,2026-06,ESG-MAR26-0046,TXN006254,PNG01,TAS,Tasmania Operations,Sustainable packaging,6010,Direct Materials,Origin Energy,BOB-ESG-0046,PO-ESG-2397,56586.79,audit_evidence_count,980.09,942.8,96.2,92.9,88.6,88,-42317.08,0.27,No,None,Complete,Ready,No action,No,IBMBOB_ESG_Cost_KPI_Mar2026.csv + Raw_GL_Export_With_CostCenters_Mar2026_IBMBOB_Enhanced.csv
IBM BOB 3 - ESG,2026-06,ESG-MAR26-0047,TXN006255,PNG01,ACT,Australian Capital Territory,Sustainable packaging,6010,Direct Materials,EcoVadis,BOB-ESG-0047,PO-ESG-4862,97853.24,supplier_score,135.71,164.92,121.5,40.83,76.5,77,-7843.64,-0.39,No,None,Complete,Ready,No action,No,IBMBOB_ESG_Cost_KPI_Mar2026.csv + Raw_GL_Export_With_CostCenters_Mar2026_IBMBOB_Enhanced.csv
IBM BOB 3 - ESG,2026-06,ESG-MAR26-0048,TXN006256,NZL01,NT,Northern Territory Operations,Fleet emissions,5400,Travel,Carbon Neutral Pty Ltd,BOB-ESG-0048,PO-ESG-1718,24843.03,audit_evidence_count,711.26,586.2,82.4,118.38,55.4,62,29215.03,-0.52,No,None,Missing,Partial,No action,No,IBMBOB_ESG_Cost_KPI_Mar2026.csv + Raw_GL_Export_With_CostCenters_Mar2026_IBMBOB_Enhanced.csv
IBM BOB 3 - ESG,2026-06,ESG-MAR26-0049,TXN006257,AUS01,HR,Human Resources,Energy usage,5110,Utilities,Green Freight,BOB-ESG-0049,PO-ESG-3095,67026.27,audit_evidence_count,972.66,1154.74,118.7,395.09,22.3,82,-6979.49,0.08,No,None,Complete,Partial,No action,No,IBMBOB_ESG_Cost_KPI_Mar2026.csv + Raw_GL_Export_With_CostCenters_Mar2026_IBMBOB_Enhanced.csv
IBM BOB 3 - ESG,2026-06,ESG-MAR26-0050,TXN006258,AUS01,FIN,Finance & Accounting,Compliance assurance,5320,Audit Fees,Sustainable Packaging Co,BOB-ESG-0050,PO-ESG-3482,77462.33,audit_evidence_count,315.9,325.49,103.0,216.48,85.4,72,42780.07,0.25,Yes,ESG spend posted to non-ESG account or missing KPI link,Complete,Partial,Reclassify and link to KPI evidence,Yes,IBMBOB_ESG_Cost_KPI_Mar2026.csv + Raw_GL_Export_With_CostCenters_Mar2026_IBMBOB_Enhanced.csv
IBM BOB 3 - ESG,2026-06,ESG-MAR26-0051,TXN006259,FJI01,R&D,Research & Development,Fleet emissions,5400,Travel,Green Freight,BOB-ESG-0051,PO-ESG-2249,117227.03,supplier_score,170.36,193.74,113.7,33.38,83.0,86,8014.7,-0.31,No,None,Partial,Ready,CFO approval for material ESG spend,Yes,IBMBOB_ESG_Cost_KPI_Mar2026.csv + Raw_GL_Export_With_CostCenters_Mar2026_IBMBOB_Enhanced.csv
IBM BOB 3 - ESG,2026-06,ESG-MAR26-0052,TXN006260,FJI01,QLD,Queensland Operations,Energy usage,5110,Utilities,Climate Active Advisor,BOB-ESG-0052,PO-ESG-7437,63149.06,renewable_kwh,976.42,704.27,72.1,297.09,16.9,67,-46745.66,-0.01,No,None,Partial,Needs review,CFO approval for material ESG spend,Yes,IBMBOB_ESG_Cost_KPI_Mar2026.csv + Raw_GL_Export_With_CostCenters_Mar2026_IBMBOB_Enhanced.csv
IBM BOB 3 - ESG,2026-06,ESG-MAR26-0053,TXN006261,PNG01,MKT,Marketing & Sales,Renewable sourcing premium,6000,Cost of Goods Sold,Green Freight,BOB-ESG-0053,PO-ESG-4019,50947.33,supplier_score,125.18,98.63,78.8,46.96,76.8,91,49948.86,-0.25,No,None,Missing,Needs review,CFO approval for material ESG spend,Yes,IBMBOB_ESG_Cost_KPI_Mar2026.csv + Raw_GL_Export_With_CostCenters_Mar2026_IBMBOB_Enhanced.csv
IBM BOB 3 - ESG,2026-06,ESG-MAR26-0054,TXN006262,FJI01,QLD,Queensland Operations,Carbon offsets,5300,Professional Services,Bureau Veritas,BOB-ESG-0054,PO-ESG-6100,91118.07,tCO2e avoided,94.08,68.83,73.2,503.13,37.4,61,-8421.02,-0.79,No,None,Complete,Ready,No action,No,IBMBOB_ESG_Cost_KPI_Mar2026.csv + Raw_GL_Export_With_CostCenters_Mar2026_IBMBOB_Enhanced.csv
IBM BOB 3 - ESG,2026-06,ESG-MAR26-0055,TXN006263,PNG01,NSW,New South Wales Operations,Energy usage,5110,Utilities,Sustainable Packaging Co,BOB-ESG-0055,PO-ESG-4605,53238.51,waste_kg_reduced,942.83,938.1,99.5,504.71,41.1,76,-18505.21,-0.06,No,None,Complete,Needs review,CFO approval for material ESG spend,Yes,IBMBOB_ESG_Cost_KPI_Mar2026.csv + Raw_GL_Export_With_CostCenters_Mar2026_IBMBOB_Enhanced.csv
IBM BOB 3 - ESG,2026-06,ESG-MAR26-0056,TXN006264,PNG01,TAS,Tasmania Operations,Supplier ESG premium,6010,Direct Materials,Energy Australia,BOB-ESG-0056,PO-ESG-2010,76164.99,waste_kg_reduced,62.79,49.15,78.3,468.38,23.8,45,46711.36,-0.76,No,None,Missing,Needs review,CFO approval for material ESG spend,Yes,IBMBOB_ESG_Cost_KPI_Mar2026.csv + Raw_GL_Export_With_CostCenters_Mar2026_IBMBOB_Enhanced.csv
IBM BOB 3 - ESG,2026-06,ESG-MAR26-0057,TXN006265,AUS01,IT,Information Technology,Sustainable packaging,6010,Direct Materials,Energy Australia,BOB-ESG-0057,PO-ESG-1666,76514.25,audit_evidence_count,448.95,501.03,111.6,376.5,16.2,92,8899.09,-0.49,No,None,Complete,Needs review,CFO approval for material ESG spend,Yes,IBMBOB_ESG_Cost_KPI_Mar2026.csv + Raw_GL_Export_With_CostCenters_Mar2026_IBMBOB_Enhanced.csv
IBM BOB 3 - ESG,2026-06,ESG-MAR26-0058,TXN006266,FJI01,WA,Western Australia Operations,Compliance assurance,5320,Audit Fees,Green Freight,BOB-ESG-0058,PO-ESG-7156,92229.62,waste_kg_reduced,694.67,677.89,97.6,189.1,67.2,77,3788.1,-0.62,No,None,Missing,Needs review,CFO approval for material ESG spend,Yes,IBMBOB_ESG_Cost_KPI_Mar2026.csv + Raw_GL_Export_With_CostCenters_Mar2026_IBMBOB_Enhanced.csv
IBM BOB 3 - ESG,2026-06,ESG-MAR26-0059,TXN006267,AUS01,FIN,Finance & Accounting,Renewable sourcing premium,6000,Cost of Goods Sold,Origin Energy,BOB-ESG-0059,PO-ESG-1832,24413.34,renewable_kwh,190.04,208.85,109.9,76.44,78.1,71,37112.92,-0.3,No,None,Complete,Partial,No action,No,IBMBOB_ESG_Cost_KPI_Mar2026.csv + Raw_GL_Export_With_CostCenters_Mar2026_IBMBOB_Enhanced.csv
IBM BOB 3 - ESG,2026-06,ESG-MAR26-0060,TXN006268,PNG01,FIN,Finance & Accounting,Waste reduction,5600,Telecommunications,Energy Australia,BOB-ESG-0060,PO-ESG-7477,61844.73,supplier_score,936.76,1139.59,121.7,251.62,12.6,66,-3302.9,0.39,No,None,Partial,Ready,No action,No,IBMBOB_ESG_Cost_KPI_Mar2026.csv + Raw_GL_Export_With_CostCenters_Mar2026_IBMBOB_Enhanced.csv
IBM BOB 3 - ESG,2026-06,ESG-MAR26-0061,TXN006269,PNG01,ACT,Australian Capital Territory,Supplier ESG premium,6010,Direct Materials,Climate Active Advisor,BOB-ESG-0061,PO-ESG-2424,64676.82,audit_evidence_count,750.76,700.29,93.3,264.48,82.6,45,-29172.88,-0.15,No,None,Complete,Needs review,CFO approval for material ESG spend,Yes,IBMBOB_ESG_Cost_KPI_Mar2026.csv + Raw_GL_Export_With_CostCenters_Mar2026_IBMBOB_Enhanced.csv
IBM BOB 3 - ESG,2026-06,ESG-MAR26-0062,TXN006270,PNG01,R&D,Research & Development,Carbon offsets,5300,Professional Services,Origin Energy,BOB-ESG-0062,PO-ESG-5288,61995.46,supplier_score,316.68,266.45,84.1,203.96,63.5,86,70070.85,0.16,No,None,Complete,Needs review,CFO approval for material ESG spend,Yes,IBMBOB_ESG_Cost_KPI_Mar2026.csv + Raw_GL_Export_With_CostCenters_Mar2026_IBMBOB_Enhanced.csv
IBM BOB 3 - ESG,2026-06,ESG-MAR26-0063,TXN006271,NZL01,QLD,Queensland Operations,Fleet emissions,5400,Travel,Climate Active Advisor,BOB-ESG-0063,PO-ESG-9781,50888.52,waste_kg_reduced,252.37,263.74,104.5,476.43,36.2,52,-36385.93,0.05,Yes,ESG spend posted to non-ESG account or missing KPI link,Partial,Needs review,CFO approval for material ESG spend,Yes,IBMBOB_ESG_Cost_KPI_Mar2026.csv + Raw_GL_Export_With_CostCenters_Mar2026_IBMBOB_Enhanced.csv
IBM BOB 3 - ESG,2026-06,ESG-MAR26-0064,TXN006272,NZL01,R&D,Research & Development,Supplier ESG premium,6010,Direct Materials,Energy Australia,BOB-ESG-0064,PO-ESG-4104,44609.23,audit_evidence_count,505.71,487.31,96.4,368.71,73.3,99,46480.93,-0.58,Yes,ESG spend posted to non-ESG account or missing KPI link,Partial,Partial,Reclassify and link to KPI evidence,Yes,IBMBOB_ESG_Cost_KPI_Mar2026.csv + Raw_GL_Export_With_CostCenters_Mar2026_IBMBOB_Enhanced.csv
IBM BOB 3 - ESG,2026-06,ESG-MAR26-0065,TXN006273,NZL01,OPS,Operations & Logistics,Carbon offsets,5300,Professional Services,Sustainable Packaging Co,BOB-ESG-0065,PO-ESG-2285,38073.32,waste_kg_reduced,875.62,1018.77,116.3,299.86,69.7,74,-18539.47,0.04,No,None,Missing,Needs review,CFO approval for material ESG spend,Yes,IBMBOB_ESG_Cost_KPI_Mar2026.csv + Raw_GL_Export_With_CostCenters_Mar2026_IBMBOB_Enhanced.csv
IBM BOB 3 - ESG,2026-06,ESG-MAR26-0066,TXN006274,PNG01,NT,Northern Territory Operations,Compliance assurance,5320,Audit Fees,Bureau Veritas,BOB-ESG-0066,PO-ESG-5786,50302.62,tCO2e avoided,795.72,714.94,89.8,71.7,19.6,47,73280.55,-0.34,No,None,Partial,Ready,No action,No,IBMBOB_ESG_Cost_KPI_Mar2026.csv + Raw_GL_Export_With_CostCenters_Mar2026_IBMBOB_Enhanced.csv
IBM BOB 3 - ESG,2026-06,ESG-MAR26-0067,TXN006275,FJI01,IT,Information Technology,Energy usage,5110,Utilities,Energy Australia,BOB-ESG-0067,PO-ESG-7811,77473.32,renewable_kwh,588.54,420.59,71.5,337.82,78.2,71,54316.48,-0.09,No,None,Partial,Partial,No action,No,IBMBOB_ESG_Cost_KPI_Mar2026.csv + Raw_GL_Export_With_CostCenters_Mar2026_IBMBOB_Enhanced.csv
IBM BOB 3 - ESG,2026-06,ESG-MAR26-0068,TXN006276,NZL01,OPS,Operations & Logistics,Waste reduction,5600,Telecommunications,Bureau Veritas,BOB-ESG-0068,PO-ESG-4953,24841.76,tCO2e avoided,874.93,682.67,78.0,488.65,37.9,82,67103.34,-0.28,No,None,Missing,Ready,No action,No,IBMBOB_ESG_Cost_KPI_Mar2026.csv + Raw_GL_Export_With_CostCenters_Mar2026_IBMBOB_Enhanced.csv
IBM BOB 3 - ESG,2026-06,ESG-MAR26-0069,TXN006277,PNG01,VIC,Victoria Operations,Supplier ESG premium,6010,Direct Materials,Climate Active Advisor,BOB-ESG-0069,PO-ESG-2982,84699.09,audit_evidence_count,752.76,531.88,70.7,425.47,81.3,57,31626.4,0.37,No,None,Missing,Partial,No action,No,IBMBOB_ESG_Cost_KPI_Mar2026.csv + Raw_GL_Export_With_CostCenters_Mar2026_IBMBOB_Enhanced.csv
IBM BOB 3 - ESG,2026-06,ESG-MAR26-0070,TXN006278,AUS01,R&D,Research & Development,Waste reduction,5600,Telecommunications,Carbon Neutral Pty Ltd,BOB-ESG-0070,PO-ESG-3734,113419.89,tCO2e avoided,108.46,105.92,97.7,42.24,23.6,98,-16178.78,-0.09,No,None,Partial,Needs review,CFO approval for material ESG spend,Yes,IBMBOB_ESG_Cost_KPI_Mar2026.csv + Raw_GL_Export_With_CostCenters_Mar2026_IBMBOB_Enhanced.csv
IBM BOB 3 - ESG,2026-06,ESG-MAR26-0071,TXN006279,NZL01,OPS,Operations & Logistics,Supplier ESG premium,6010,Direct Materials,EcoVadis,BOB-ESG-0071,PO-ESG-1085,22802.18,tCO2e avoided,539.09,392.21,72.8,188.42,92.4,63,31646.17,-0.44,No,None,Partial,Partial,No action,No,IBMBOB_ESG_Cost_KPI_Mar2026.csv + Raw_GL_Export_With_CostCenters_Mar2026_IBMBOB_Enhanced.csv
IBM BOB 3 - ESG,2026-06,ESG-MAR26-0072,TXN006280,NZL01,NSW,New South Wales Operations,Renewable sourcing premium,6000,Cost of Goods Sold,Climate Active Advisor,BOB-ESG-0072,PO-ESG-4137,20090.07,supplier_score,192.56,141.79,73.6,386.27,6.0,91,-36571.27,-0.64,No,None,Complete,Ready,No action,No,IBMBOB_ESG_Cost_KPI_Mar2026.csv + Raw_GL_Export_With_CostCenters_Mar2026_IBMBOB_Enhanced.csv
IBM BOB 3 - ESG,2026-06,ESG-MAR26-0073,TXN006281,NZL01,QLD,Queensland Operations,Waste reduction,5600,Telecommunications,Origin Energy,BOB-ESG-0073,PO-ESG-6903,105832.2,renewable_kwh,327.82,271.11,82.7,87.14,50.9,95,-40694.59,0.23,No,None,Partial,Needs review,CFO approval for material ESG spend,Yes,IBMBOB_ESG_Cost_KPI_Mar2026.csv + Raw_GL_Export_With_CostCenters_Mar2026_IBMBOB_Enhanced.csv
IBM BOB 3 - ESG,2026-06,ESG-MAR26-0074,TXN006282,PNG01,HR,Human Resources,Carbon offsets,5300,Professional Services,Bureau Veritas,BOB-ESG-0074,PO-ESG-8109,78249.05,supplier_score,90.45,102.39,113.2,407.28,97.3,71,78262.31,-0.68,No,None,Complete,Needs review,CFO approval for material ESG spend,Yes,IBMBOB_ESG_Cost_KPI_Mar2026.csv + Raw_GL_Export_With_CostCenters_Mar2026_IBMBOB_Enhanced.csv
IBM BOB 3 - ESG,2026-06,ESG-MAR26-0075,TXN006283,PNG01,MKT,Marketing & Sales,Sustainable packaging,6010,Direct Materials,Sustainable Packaging Co,BOB-ESG-0075,PO-ESG-3584,60903.27,renewable_kwh,180.46,136.8,75.8,525.03,52.6,86,-13283.48,0.27,Yes,ESG spend posted to non-ESG account or missing KPI link,Partial,Partial,Reclassify and link to KPI evidence,Yes,IBMBOB_ESG_Cost_KPI_Mar2026.csv + Raw_GL_Export_With_CostCenters_Mar2026_IBMBOB_Enhanced.csv
IBM BOB 3 - ESG,2026-06,ESG-MAR26-0076,TXN006284,AUS01,OPS,Operations & Logistics,Carbon offsets,5300,Professional Services,Climate Active Advisor,BOB-ESG-0076,PO-ESG-3043,104976.36,audit_evidence_count,788.07,853.82,108.3,207.17,58.7,72,1892.4,0.14,No,None,Missing,Needs review,CFO approval for material ESG spend,Yes,IBMBOB_ESG_Cost_KPI_Mar2026.csv + Raw_GL_Export_With_CostCenters_Mar2026_IBMBOB_Enhanced.csv
IBM BOB 3 - ESG,2026-06,ESG-MAR26-0077,TXN006285,AUS01,MKT,Marketing & Sales,Energy usage,5110,Utilities,Green Freight,BOB-ESG-0077,PO-ESG-8774,102728.98,supplier_score,211.0,262.24,124.3,255.89,51.6,63,-20283.67,0.38,Yes,ESG spend posted to non-ESG account or missing KPI link,Partial,Ready,CFO approval for material ESG spend,Yes,IBMBOB_ESG_Cost_KPI_Mar2026.csv + Raw_GL_Export_With_CostCenters_Mar2026_IBMBOB_Enhanced.csv
IBM BOB 3 - ESG,2026-06,ESG-MAR26-0078,TXN006286,FJI01,NSW,New South Wales Operations,Carbon offsets,5300,Professional Services,Energy Australia,BOB-ESG-0078,PO-ESG-5338,42782.44,audit_evidence_count,913.86,919.32,100.6,276.06,9.8,68,26366.61,-0.64,Yes,ESG spend posted to non-ESG account or missing KPI link,Complete,Needs review,CFO approval for material ESG spend,Yes,IBMBOB_ESG_Cost_KPI_Mar2026.csv + Raw_GL_Export_With_CostCenters_Mar2026_IBMBOB_Enhanced.csv
IBM BOB 3 - ESG,2026-06,ESG-MAR26-0079,TXN006287,PNG01,NSW,New South Wales Operations,Supplier ESG premium,6010,Direct Materials,EcoVadis,BOB-ESG-0079,PO-ESG-7490,24985.24,waste_kg_reduced,766.64,742.13,96.8,245.32,92.5,92,-28472.1,-0.09,Yes,ESG spend posted to non-ESG account or missing KPI link,Complete,Needs review,CFO approval for material ESG spend,Yes,IBMBOB_ESG_Cost_KPI_Mar2026.csv + Raw_GL_Export_With_CostCenters_Mar2026_IBMBOB_Enhanced.csv
IBM BOB 3 - ESG,2026-06,ESG-MAR26-0080,TXN006288,AUS01,QLD,Queensland Operations,Waste reduction,5600,Telecommunications,EcoVadis,BOB-ESG-0080,PO-ESG-8701,32314.81,renewable_kwh,568.44,517.99,91.1,503.08,83.2,93,-3945.04,-0.16,No,None,Complete,Ready,No action,No,IBMBOB_ESG_Cost_KPI_Mar2026.csv + Raw_GL_Export_With_CostCenters_Mar2026_IBMBOB_Enhanced.csv
IBM BOB 3 - ESG,2026-06,ESG-MAR26-0081,TXN006289,NZL01,WA,Western Australia Operations,Carbon offsets,5300,Professional Services,Carbon Neutral Pty Ltd,BOB-ESG-0081,PO-ESG-7707,20124.12,tCO2e avoided,457.24,415.41,90.9,356.98,78.3,79,15580.1,0.19,Yes,ESG spend posted to non-ESG account or missing KPI link,Missing,Ready,Reclassify and link to KPI evidence,Yes,IBMBOB_ESG_Cost_KPI_Mar2026.csv + Raw_GL_Export_With_CostCenters_Mar2026_IBMBOB_Enhanced.csv
IBM BOB 3 - ESG,2026-06,ESG-MAR26-0082,TXN006290,AUS01,QLD,Queensland Operations,Waste reduction,5600,Telecommunications,EcoVadis,BOB-ESG-0082,PO-ESG-5054,10950.02,audit_evidence_count,775.64,741.54,95.6,62.3,18.3,48,63394.94,0.29,Yes,ESG spend posted to non-ESG account or missing KPI link,Missing,Ready,Reclassify and link to KPI evidence,Yes,IBMBOB_ESG_Cost_KPI_Mar2026.csv + Raw_GL_Export_With_CostCenters_Mar2026_IBMBOB_Enhanced.csv
IBM BOB 3 - ESG,2026-06,ESG-MAR26-0083,TXN006291,AUS01,NT,Northern Territory Operations,Sustainable packaging,6010,Direct Materials,Origin Energy,BOB-ESG-0083,PO-ESG-2253,40493.82,tCO2e avoided,223.52,278.2,124.5,81.5,12.1,92,-47288.8,0.31,Yes,ESG spend posted to non-ESG account or missing KPI link,Partial,Partial,Reclassify and link to KPI evidence,Yes,IBMBOB_ESG_Cost_KPI_Mar2026.csv + Raw_GL_Export_With_CostCenters_Mar2026_IBMBOB_Enhanced.csv
IBM BOB 3 - ESG,2026-06,ESG-MAR26-0084,TXN006292,FJI01,WA,Western Australia Operations,Fleet emissions,5400,Travel,Energy Australia,BOB-ESG-0084,PO-ESG-6197,89812.47,renewable_kwh,534.1,625.55,117.1,454.85,67.7,99,-44676.05,-0.48,Yes,ESG spend posted to non-ESG account or missing KPI link,Partial,Ready,Reclassify and link to KPI evidence,Yes,IBMBOB_ESG_Cost_KPI_Mar2026.csv + Raw_GL_Export_With_CostCenters_Mar2026_IBMBOB_Enhanced.csv
IBM BOB 3 - ESG,2026-06,ESG-MAR26-0085,TXN006293,FJI01,ACT,Australian Capital Territory,Sustainable packaging,6010,Direct Materials,Green Freight,BOB-ESG-0085,PO-ESG-6926,61003.17,tCO2e avoided,76.97,62.09,80.7,495.75,67.9,98,26154.62,0.2,No,None,Partial,Needs review,CFO approval for material ESG spend,Yes,IBMBOB_ESG_Cost_KPI_Mar2026.csv + Raw_GL_Export_With_CostCenters_Mar2026_IBMBOB_Enhanced.csv
IBM BOB 3 - ESG,2026-06,ESG-MAR26-0086,TXN006294,AUS01,VIC,Victoria Operations,Sustainable packaging,6010,Direct Materials,Climate Active Advisor,BOB-ESG-0086,PO-ESG-8801,62014.93,waste_kg_reduced,936.98,1164.35,124.3,321.57,17.5,92,-21477.6,0.22,No,None,Complete,Partial,No action,No,IBMBOB_ESG_Cost_KPI_Mar2026.csv + Raw_GL_Export_With_CostCenters_Mar2026_IBMBOB_Enhanced.csv
IBM BOB 3 - ESG,2026-06,ESG-MAR26-0087,TXN006295,FJI01,HR,Human Resources,Sustainable packaging,6010,Direct Materials,Bureau Veritas,BOB-ESG-0087,PO-ESG-1855,39101.95,supplier_score,260.0,318.98,122.7,277.82,51.6,99,-21833.73,-0.3,No,None,Partial,Needs review,CFO approval for material ESG spend,Yes,IBMBOB_ESG_Cost_KPI_Mar2026.csv + Raw_GL_Export_With_CostCenters_Mar2026_IBMBOB_Enhanced.csv
IBM BOB 3 - ESG,2026-06,ESG-MAR26-0088,TXN006296,NZL01,VIC,Victoria Operations,Compliance assurance,5320,Audit Fees,Sustainable Packaging Co,BOB-ESG-0088,PO-ESG-2045,84205.08,audit_evidence_count,923.81,702.37,76.0,497.78,68.5,46,-43634.45,-0.47,Yes,ESG spend posted to non-ESG account or missing KPI link,Partial,Ready,Reclassify and link to KPI evidence,Yes,IBMBOB_ESG_Cost_KPI_Mar2026.csv + Raw_GL_Export_With_CostCenters_Mar2026_IBMBOB_Enhanced.csv
IBM BOB 3 - ESG,2026-06,ESG-MAR26-0089,TXN006297,FJI01,ACT,Australian Capital Territory,Energy usage,5110,Utilities,EcoVadis,BOB-ESG-0089,PO-ESG-1439,79663.14,waste_kg_reduced,507.66,553.39,109.0,87.38,3.2,79,-49016.2,-0.7,Yes,ESG spend posted to non-ESG account or missing KPI link,Partial,Partial,Reclassify and link to KPI evidence,Yes,IBMBOB_ESG_Cost_KPI_Mar2026.csv + Raw_GL_Export_With_CostCenters_Mar2026_IBMBOB_Enhanced.csv
IBM BOB 3 - ESG,2026-06,ESG-MAR26-0090,TXN006298,NZL01,R&D,Research & Development,Supplier ESG premium,6010,Direct Materials,Carbon Neutral Pty Ltd,BOB-ESG-0090,PO-ESG-3606,59272.98,renewable_kwh,975.29,799.01,81.9,39.51,7.5,97,76925.94,-0.61,No,None,Missing,Partial,No action,No,IBMBOB_ESG_Cost_KPI_Mar2026.csv + Raw_GL_Export_With_CostCenters_Mar2026_IBMBOB_Enhanced.csv
IBM BOB 3 - ESG,2026-06,ESG-MAR26-0091,TXN006299,PNG01,FIN,Finance & Accounting,Sustainable packaging,6010,Direct Materials,EcoVadis,BOB-ESG-0091,PO-ESG-5626,14050.53,supplier_score,86.77,81.53,94.0,156.43,69.3,49,75637.13,-0.75,No,None,Complete,Partial,No action,No,IBMBOB_ESG_Cost_KPI_Mar2026.csv + Raw_GL_Export_With_CostCenters_Mar2026_IBMBOB_Enhanced.csv
IBM BOB 3 - ESG,2026-06,ESG-MAR26-0092,TXN006300,PNG01,VIC,Victoria Operations,Sustainable packaging,6010,Direct Materials,Energy Australia,BOB-ESG-0092,PO-ESG-1538,58317.13,waste_kg_reduced,59.85,39.89,66.6,271.71,14.7,62,-36983.08,-0.23,No,None,Complete,Needs review,CFO approval for material ESG spend,Yes,IBMBOB_ESG_Cost_KPI_Mar2026.csv + Raw_GL_Export_With_CostCenters_Mar2026_IBMBOB_Enhanced.csv
IBM BOB 3 - ESG,2026-06,ESG-MAR26-0093,TXN006301,AUS01,ACT,Australian Capital Territory,Fleet emissions,5400,Travel,Carbon Neutral Pty Ltd,BOB-ESG-0093,PO-ESG-2830,81510.85,audit_evidence_count,400.81,332.7,83.0,265.7,82.8,46,69010.44,0.4,No,None,Missing,Ready,No action,No,IBMBOB_ESG_Cost_KPI_Mar2026.csv + Raw_GL_Export_With_CostCenters_Mar2026_IBMBOB_Enhanced.csv
IBM BOB 3 - ESG,2026-06,ESG-MAR26-0094,TXN006302,FJI01,QLD,Queensland Operations,Waste reduction,5600,Telecommunications,Climate Active Advisor,BOB-ESG-0094,PO-ESG-8274,41886.09,tCO2e avoided,655.78,616.16,94.0,55.84,74.6,56,-46810.13,-0.09,No,None,Complete,Ready,No action,No,IBMBOB_ESG_Cost_KPI_Mar2026.csv + Raw_GL_Export_With_CostCenters_Mar2026_IBMBOB_Enhanced.csv
IBM BOB 3 - ESG,2026-06,ESG-MAR26-0095,TXN006303,FJI01,CORP,Corporate Head Office,Supplier ESG premium,6010,Direct Materials,Bureau Veritas,BOB-ESG-0095,PO-ESG-1271,17470.87,tCO2e avoided,176.04,138.16,78.5,317.49,98.4,93,39818.19,-0.12,No,None,Partial,Needs review,CFO approval for material ESG spend,Yes,IBMBOB_ESG_Cost_KPI_Mar2026.csv + Raw_GL_Export_With_CostCenters_Mar2026_IBMBOB_Enhanced.csv
IBM BOB 3 - ESG,2026-06,ESG-MAR26-0096,TXN006304,AUS01,QLD,Queensland Operations,Fleet emissions,5400,Travel,Climate Active Advisor,BOB-ESG-0096,PO-ESG-2222,11467.07,audit_evidence_count,870.04,852.22,98.0,212.16,67.9,87,1283.52,0.33,No,None,Partial,Needs review,CFO approval for material ESG spend,Yes,IBMBOB_ESG_Cost_KPI_Mar2026.csv + Raw_GL_Export_With_CostCenters_Mar2026_IBMBOB_Enhanced.csv
IBM BOB 3 - ESG,2026-06,ESG-MAR26-0097,TXN006305,AUS01,TAS,Tasmania Operations,Waste reduction,5600,Telecommunications,Sustainable Packaging Co,BOB-ESG-0097,PO-ESG-2023,86801.81,waste_kg_reduced,971.45,739.02,76.1,347.81,3.9,77,-25907.99,-0.71,Yes,ESG spend posted to non-ESG account or missing KPI link,Missing,Needs review,CFO approval for material ESG spend,Yes,IBMBOB_ESG_Cost_KPI_Mar2026.csv + Raw_GL_Export_With_CostCenters_Mar2026_IBMBOB_Enhanced.csv
IBM BOB 3 - ESG,2026-06,ESG-MAR26-0098,TXN006306,NZL01,CORP,Corporate Head Office,Carbon offsets,5300,Professional Services,Sustainable Packaging Co,BOB-ESG-0098,PO-ESG-8996,108673.03,supplier_score,361.83,364.32,100.7,59.97,1.8,53,81091.52,-0.45,Yes,ESG spend posted to non-ESG account or missing KPI link,Complete,Ready,CFO approval for material ESG spend,Yes,IBMBOB_ESG_Cost_KPI_Mar2026.csv + Raw_GL_Export_With_CostCenters_Mar2026_IBMBOB_Enhanced.csv
IBM BOB 3 - ESG,2026-06,ESG-MAR26-0099,TXN006307,NZL01,CORP,Corporate Head Office,Fleet emissions,5400,Travel,Sustainable Packaging Co,BOB-ESG-0099,PO-ESG-1233,116629.0,renewable_kwh,254.78,290.98,114.2,541.44,64.7,46,-3566.68,-0.15,No,None,Missing,Ready,CFO approval for material ESG spend,Yes,IBMBOB_ESG_Cost_KPI_Mar2026.csv + Raw_GL_Export_With_CostCenters_Mar2026_IBMBOB_Enhanced.csv
IBM BOB 3 - ESG,2026-06,ESG-MAR26-0100,TXN006308,AUS01,WA,Western Australia Operations,Sustainable packaging,6010,Direct Materials,Bureau Veritas,BOB-ESG-0100,PO-ESG-5564,104073.23,renewable_kwh,270.91,326.82,120.6,291.91,78.2,51,-20714.91,0.38,No,None,Partial,Partial,CFO approval for material ESG spend,Yes,IBMBOB_ESG_Cost_KPI_Mar2026.csv + Raw_GL_Export_With_CostCenters_Mar2026_IBMBOB_Enhanced.csv
IBM BOB 3 - ESG,2026-06,ESG-MAR26-0101,TXN006309,PNG01,WA,Western Australia Operations,Renewable sourcing premium,6000,Cost of Goods Sold,Climate Active Advisor,BOB-ESG-0101,PO-ESG-6702,63379.06,waste_kg_reduced,679.18,677.91,99.8,464.35,77.3,72,38117.85,-0.76,No,None,Missing,Partial,No action,No,IBMBOB_ESG_Cost_KPI_Mar2026.csv + Raw_GL_Export_With_CostCenters_Mar2026_IBMBOB_Enhanced.csv
IBM BOB 3 - ESG,2026-06,ESG-MAR26-0102,TXN006310,NZL01,CORP,Corporate Head Office,Waste reduction,5600,Telecommunications,Sustainable Packaging Co,BOB-ESG-0102,PO-ESG-6010,109018.39,renewable_kwh,530.82,551.95,104.0,387.06,91.4,98,-19387.68,-0.78,No,None,Partial,Ready,CFO approval for material ESG spend,Yes,IBMBOB_ESG_Cost_KPI_Mar2026.csv + Raw_GL_Export_With_CostCenters_Mar2026_IBMBOB_Enhanced.csv
IBM BOB 3 - ESG,2026-06,ESG-MAR26-0103,TXN006311,FJI01,IT,Information Technology,Sustainable packaging,6010,Direct Materials,EcoVadis,BOB-ESG-0103,PO-ESG-6394,22375.55,audit_evidence_count,261.49,320.61,122.6,514.32,98.6,96,-7987.2,-0.08,Yes,ESG spend posted to non-ESG account or missing KPI link,Missing,Needs review,CFO approval for material ESG spend,Yes,IBMBOB_ESG_Cost_KPI_Mar2026.csv + Raw_GL_Export_With_CostCenters_Mar2026_IBMBOB_Enhanced.csv
IBM BOB 3 - ESG,2026-06,ESG-MAR26-0104,TXN006312,NZL01,IT,Information Technology,Energy usage,5110,Utilities,Sustainable Packaging Co,BOB-ESG-0104,PO-ESG-3110,41962.17,audit_evidence_count,555.91,648.99,116.7,167.71,11.8,86,-30502.9,0.35,No,None,Partial,Needs review,CFO approval for material ESG spend,Yes,IBMBOB_ESG_Cost_KPI_Mar2026.csv + Raw_GL_Export_With_CostCenters_Mar2026_IBMBOB_Enhanced.csv
IBM BOB 3 - ESG,2026-06,ESG-MAR26-0105,TXN006313,NZL01,TAS,Tasmania Operations,Compliance assurance,5320,Audit Fees,Carbon Neutral Pty Ltd,BOB-ESG-0105,PO-ESG-7570,11763.54,tCO2e avoided,871.57,917.56,105.3,74.79,20.8,67,-31946.8,-0.71,No,None,Missing,Ready,No action,No,IBMBOB_ESG_Cost_KPI_Mar2026.csv + Raw_GL_Export_With_CostCenters_Mar2026_IBMBOB_Enhanced.csv
IBM BOB 3 - ESG,2026-06,ESG-MAR26-0106,TXN006314,AUS01,ACT,Australian Capital Territory,Renewable sourcing premium,6000,Cost of Goods Sold,Energy Australia,BOB-ESG-0106,PO-ESG-3286,99884.23,waste_kg_reduced,662.44,608.93,91.9,366.04,22.7,67,77230.56,0.12,Yes,ESG spend posted to non-ESG account or missing KPI link,Complete,Needs review,CFO approval for material ESG spend,Yes,IBMBOB_ESG_Cost_KPI_Mar2026.csv + Raw_GL_Export_With_CostCenters_Mar2026_IBMBOB_Enhanced.csv
IBM BOB 3 - ESG,2026-06,ESG-MAR26-0107,TXN006315,AUS01,OPS,Operations & Logistics,Carbon offsets,5300,Professional Services,Sustainable Packaging Co,BOB-ESG-0107,PO-ESG-2142,49954.8,tCO2e avoided,416.21,303.71,73.0,196.68,32.0,96,67980.51,-0.77,No,None,Complete,Partial,No action,No,IBMBOB_ESG_Cost_KPI_Mar2026.csv + Raw_GL_Export_With_CostCenters_Mar2026_IBMBOB_Enhanced.csv
IBM BOB 3 - ESG,2026-06,ESG-MAR26-0108,TXN006316,NZL01,VIC,Victoria Operations,Carbon offsets,5300,Professional Services,Climate Active Advisor,BOB-ESG-0108,PO-ESG-8746,108874.17,audit_evidence_count,921.71,633.09,68.7,50.62,93.6,49,9551.83,-0.49,No,None,Complete,Partial,CFO approval for material ESG spend,Yes,IBMBOB_ESG_Cost_KPI_Mar2026.csv + Raw_GL_Export_With_CostCenters_Mar2026_IBMBOB_Enhanced.csv
IBM BOB 3 - ESG,2026-06,ESG-MAR26-0109,TXN006317,PNG01,FIN,Finance & Accounting,Supplier ESG premium,6010,Direct Materials,Energy Australia,BOB-ESG-0109,PO-ESG-6565,42066.19,supplier_score,695.87,738.17,106.1,355.72,74.0,52,14361.08,-0.64,No,None,Partial,Needs review,CFO approval for material ESG spend,Yes,IBMBOB_ESG_Cost_KPI_Mar2026.csv + Raw_GL_Export_With_CostCenters_Mar2026_IBMBOB_Enhanced.csv
IBM BOB 3 - ESG,2026-06,ESG-MAR26-0110,TXN006318,AUS01,NT,Northern Territory Operations,Compliance assurance,5320,Audit Fees,Sustainable Packaging Co,BOB-ESG-0110,PO-ESG-6222,64260.99,tCO2e avoided,232.8,277.03,119.0,523.88,27.4,96,60987.58,-0.38,No,None,Partial,Ready,No action,No,IBMBOB_ESG_Cost_KPI_Mar2026.csv + Raw_GL_Export_With_CostCenters_Mar2026_IBMBOB_Enhanced.csv
IBM BOB 3 - ESG,2026-06,ESG-MAR26-0111,TXN006319,NZL01,TAS,Tasmania Operations,Sustainable packaging,6010,Direct Materials,Energy Australia,BOB-ESG-0111,PO-ESG-2500,65734.78,renewable_kwh,282.9,252.58,89.3,148.18,51.8,62,-15942.55,0.35,No,None,Missing,Ready,No action,No,IBMBOB_ESG_Cost_KPI_Mar2026.csv + Raw_GL_Export_With_CostCenters_Mar2026_IBMBOB_Enhanced.csv
IBM BOB 3 - ESG,2026-06,ESG-MAR26-0112,TXN006320,AUS01,IT,Information Technology,Waste reduction,5600,Telecommunications,Carbon Neutral Pty Ltd,BOB-ESG-0112,PO-ESG-5178,13875.17,audit_evidence_count,764.66,690.21,90.3,327.95,42.6,90,-21860.76,-0.68,No,None,Missing,Ready,No action,No,IBMBOB_ESG_Cost_KPI_Mar2026.csv + Raw_GL_Export_With_CostCenters_Mar2026_IBMBOB_Enhanced.csv
IBM BOB 3 - ESG,2026-06,ESG-MAR26-0113,TXN006321,FJI01,NT,Northern Territory Operations,Fleet emissions,5400,Travel,Climate Active Advisor,BOB-ESG-0113,PO-ESG-2658,49772.55,renewable_kwh,838.87,876.99,104.5,516.05,98.4,90,81958.54,-0.16,Yes,ESG spend posted to non-ESG account or missing KPI link,Partial,Partial,Reclassify and link to KPI evidence,Yes,IBMBOB_ESG_Cost_KPI_Mar2026.csv + Raw_GL_Export_With_CostCenters_Mar2026_IBMBOB_Enhanced.csv
IBM BOB 3 - ESG,2026-06,ESG-MAR26-0114,TXN006322,PNG01,TAS,Tasmania Operations,Supplier ESG premium,6010,Direct Materials,Carbon Neutral Pty Ltd,BOB-ESG-0114,PO-ESG-9322,93776.35,supplier_score,870.52,1046.75,120.2,43.91,23.8,99,28094.88,-0.71,No,None,Complete,Needs review,CFO approval for material ESG spend,Yes,IBMBOB_ESG_Cost_KPI_Mar2026.csv + Raw_GL_Export_With_CostCenters_Mar2026_IBMBOB_Enhanced.csv
IBM BOB 3 - ESG,2026-06,ESG-MAR26-0115,TXN006323,PNG01,CORP,Corporate Head Office,Waste reduction,5600,Telecommunications,Climate Active Advisor,BOB-ESG-0115,PO-ESG-2157,35837.58,tCO2e avoided,825.74,714.6,86.5,182.07,3.0,64,4798.97,-0.06,No,None,Missing,Ready,No action,No,IBMBOB_ESG_Cost_KPI_Mar2026.csv + Raw_GL_Export_With_CostCenters_Mar2026_IBMBOB_Enhanced.csv
IBM BOB 3 - ESG,2026-06,ESG-MAR26-0116,TXN006324,AUS01,CORP,Corporate Head Office,Carbon offsets,5300,Professional Services,Carbon Neutral Pty Ltd,BOB-ESG-0116,PO-ESG-4000,8250.67,audit_evidence_count,533.79,497.33,93.2,75.42,35.4,85,69862.18,-0.37,No,None,Partial,Ready,No action,No,IBMBOB_ESG_Cost_KPI_Mar2026.csv + Raw_GL_Export_With_CostCenters_Mar2026_IBMBOB_Enhanced.csv
IBM BOB 3 - ESG,2026-06,ESG-MAR26-0117,TXN006325,PNG01,SA,South Australia Operations,Compliance assurance,5320,Audit Fees,Origin Energy,BOB-ESG-0117,PO-ESG-4061,105221.64,audit_evidence_count,383.33,463.02,120.8,212.35,40.5,62,49940.98,-0.24,No,None,Partial,Ready,CFO approval for material ESG spend,Yes,IBMBOB_ESG_Cost_KPI_Mar2026.csv + Raw_GL_Export_With_CostCenters_Mar2026_IBMBOB_Enhanced.csv
IBM BOB 3 - ESG,2026-06,ESG-MAR26-0118,TXN006326,FJI01,IT,Information Technology,Waste reduction,5600,Telecommunications,Green Freight,BOB-ESG-0118,PO-ESG-5525,89789.36,renewable_kwh,317.68,364.52,114.7,517.68,12.9,95,43632.68,0.32,Yes,ESG spend posted to non-ESG account or missing KPI link,Missing,Ready,Reclassify and link to KPI evidence,Yes,IBMBOB_ESG_Cost_KPI_Mar2026.csv + Raw_GL_Export_With_CostCenters_Mar2026_IBMBOB_Enhanced.csv
IBM BOB 3 - ESG,2026-06,ESG-MAR26-0119,TXN006327,PNG01,CORP,Corporate Head Office,Fleet emissions,5400,Travel,Sustainable Packaging Co,BOB-ESG-0119,PO-ESG-7403,58815.77,supplier_score,372.57,363.2,97.5,273.66,38.5,87,69404.55,-0.06,Yes,ESG spend posted to non-ESG account or missing KPI link,Complete,Needs review,CFO approval for material ESG spend,Yes,IBMBOB_ESG_Cost_KPI_Mar2026.csv + Raw_GL_Export_With_CostCenters_Mar2026_IBMBOB_Enhanced.csv
IBM BOB 3 - ESG,2026-06,ESG-MAR26-0120,TXN006328,PNG01,IT,Information Technology,Energy usage,5110,Utilities,Sustainable Packaging Co,BOB-ESG-0120,PO-ESG-2131,100095.4,audit_evidence_count,405.39,284.68,70.2,33.47,67.9,66,48686.92,0.07,No,None,Complete,Partial,CFO approval for material ESG spend,Yes,IBMBOB_ESG_Cost_KPI_Mar2026.csv + Raw_GL_Export_With_CostCenters_Mar2026_IBMBOB_Enhanced.csv
IBM BOB 3 - ESG,2026-06,ESG-MAR26-0121,TXN006329,PNG01,R&D,Research & Development,Compliance assurance,5320,Audit Fees,Energy Australia,BOB-ESG-0121,PO-ESG-1370,4934.02,tCO2e avoided,416.68,340.33,81.7,252.65,44.9,73,42850.18,-0.1,No,None,Partial,Partial,No action,No,IBMBOB_ESG_Cost_KPI_Mar2026.csv + Raw_GL_Export_With_CostCenters_Mar2026_IBMBOB_Enhanced.csv
IBM BOB 3 - ESG,2026-06,ESG-MAR26-0122,TXN006330,AUS01,OPS,Operations & Logistics,Compliance assurance,5320,Audit Fees,Climate Active Advisor,BOB-ESG-0122,PO-ESG-5936,115645.4,supplier_score,63.08,41.34,65.5,341.46,79.9,50,-38469.63,-0.76,Yes,ESG spend posted to non-ESG account or missing KPI link,Partial,Ready,CFO approval for material ESG spend,Yes,IBMBOB_ESG_Cost_KPI_Mar2026.csv + Raw_GL_Export_With_CostCenters_Mar2026_IBMBOB_Enhanced.csv
IBM BOB 3 - ESG,2026-06,ESG-MAR26-0123,TXN006331,PNG01,NSW,New South Wales Operations,Supplier ESG premium,6010,Direct Materials,EcoVadis,BOB-ESG-0123,PO-ESG-6353,87086.39,tCO2e avoided,794.32,609.54,76.7,465.88,13.1,60,75796.2,-0.09,No,None,Partial,Needs review,CFO approval for material ESG spend,Yes,IBMBOB_ESG_Cost_KPI_Mar2026.csv + Raw_GL_Export_With_CostCenters_Mar2026_IBMBOB_Enhanced.csv
IBM BOB 3 - ESG,2026-06,ESG-MAR26-0124,TXN006332,AUS01,QLD,Queensland Operations,Fleet emissions,5400,Travel,Sustainable Packaging Co,BOB-ESG-0124,PO-ESG-2833,117395.25,supplier_score,98.34,104.2,106.0,257.67,90.1,68,-7147.28,-0.68,No,None,Complete,Needs review,CFO approval for material ESG spend,Yes,IBMBOB_ESG_Cost_KPI_Mar2026.csv + Raw_GL_Export_With_CostCenters_Mar2026_IBMBOB_Enhanced.csv
IBM BOB 3 - ESG,2026-06,ESG-MAR26-0125,TXN006333,FJI01,OPS,Operations & Logistics,Compliance assurance,5320,Audit Fees,Energy Australia,BOB-ESG-0125,PO-ESG-4367,30635.7,audit_evidence_count,147.54,97.21,65.9,206.09,75.2,95,62983.83,-0.57,Yes,ESG spend posted to non-ESG account or missing KPI link,Partial,Partial,Reclassify and link to KPI evidence,Yes,IBMBOB_ESG_Cost_KPI_Mar2026.csv + Raw_GL_Export_With_CostCenters_Mar2026_IBMBOB_Enhanced.csv
IBM BOB 3 - ESG,2026-06,ESG-MAR26-0126,TXN006334,PNG01,NT,Northern Territory Operations,Sustainable packaging,6010,Direct Materials,Carbon Neutral Pty Ltd,BOB-ESG-0126,PO-ESG-1458,68752.18,waste_kg_reduced,269.89,293.25,108.7,156.37,60.7,77,-44845.58,0.07,No,None,Complete,Ready,No action,No,IBMBOB_ESG_Cost_KPI_Mar2026.csv + Raw_GL_Export_With_CostCenters_Mar2026_IBMBOB_Enhanced.csv
IBM BOB 3 - ESG,2026-06,ESG-MAR26-0127,TXN006335,NZL01,TAS,Tasmania Operations,Supplier ESG premium,6010,Direct Materials,Green Freight,BOB-ESG-0127,PO-ESG-2613,86712.08,renewable_kwh,224.59,224.18,99.8,425.07,61.2,68,-27320.93,0.31,No,None,Partial,Partial,No action,No,IBMBOB_ESG_Cost_KPI_Mar2026.csv + Raw_GL_Export_With_CostCenters_Mar2026_IBMBOB_Enhanced.csv
IBM BOB 3 - ESG,2026-06,ESG-MAR26-0128,TXN006336,FJI01,CORP,Corporate Head Office,Renewable sourcing premium,6000,Cost of Goods Sold,Bureau Veritas,BOB-ESG-0128,PO-ESG-9428,4500.75,tCO2e avoided,515.57,529.1,102.6,533.94,43.2,71,29458.61,-0.77,Yes,ESG spend posted to non-ESG account or missing KPI link,Partial,Partial,Reclassify and link to KPI evidence,Yes,IBMBOB_ESG_Cost_KPI_Mar2026.csv + Raw_GL_Export_With_CostCenters_Mar2026_IBMBOB_Enhanced.csv
IBM BOB 3 - ESG,2026-06,ESG-MAR26-0129,TXN006337,NZL01,NT,Northern Territory Operations,Energy usage,5110,Utilities,Bureau Veritas,BOB-ESG-0129,PO-ESG-8427,55176.05,tCO2e avoided,681.23,474.46,69.6,521.99,34.9,87,-26110.07,-0.03,No,None,Missing,Partial,No action,No,IBMBOB_ESG_Cost_KPI_Mar2026.csv + Raw_GL_Export_With_CostCenters_Mar2026_IBMBOB_Enhanced.csv
IBM BOB 3 - ESG,2026-06,ESG-MAR26-0130,TXN006338,AUS01,VIC,Victoria Operations,Supplier ESG premium,6010,Direct Materials,Climate Active Advisor,BOB-ESG-0130,PO-ESG-6291,33544.66,supplier_score,274.06,239.35,87.3,172.96,73.2,82,8925.64,0.06,No,None,Partial,Partial,No action,No,IBMBOB_ESG_Cost_KPI_Mar2026.csv + Raw_GL_Export_With_CostCenters_Mar2026_IBMBOB_Enhanced.csv
IBM BOB 3 - ESG,2026-06,ESG-MAR26-0131,TXN006339,AUS01,QLD,Queensland Operations,Carbon offsets,5300,Professional Services,Climate Active Advisor,BOB-ESG-0131,PO-ESG-3540,65628.83,audit_evidence_count,533.13,616.25,115.6,296.01,14.1,51,75577.72,0.34,Yes,ESG spend posted to non-ESG account or missing KPI link,Missing,Partial,Reclassify and link to KPI evidence,Yes,IBMBOB_ESG_Cost_KPI_Mar2026.csv + Raw_GL_Export_With_CostCenters_Mar2026_IBMBOB_Enhanced.csv
IBM BOB 3 - ESG,2026-06,ESG-MAR26-0132,TXN006340,NZL01,QLD,Queensland Operations,Energy usage,5110,Utilities,Climate Active Advisor,BOB-ESG-0132,PO-ESG-1698,8015.88,audit_evidence_count,736.85,568.71,77.2,72.77,84.0,48,-10152.47,-0.58,No,None,Missing,Needs review,CFO approval for material ESG spend,Yes,IBMBOB_ESG_Cost_KPI_Mar2026.csv + Raw_GL_Export_With_CostCenters_Mar2026_IBMBOB_Enhanced.csv
IBM BOB 3 - ESG,2026-06,ESG-MAR26-0133,TXN006341,NZL01,IT,Information Technology,Compliance assurance,5320,Audit Fees,Climate Active Advisor,BOB-ESG-0133,PO-ESG-2002,17753.18,supplier_score,833.36,986.24,118.3,366.11,41.2,99,22480.95,-0.76,No,None,Missing,Needs review,CFO approval for material ESG spend,Yes,IBMBOB_ESG_Cost_KPI_Mar2026.csv + Raw_GL_Export_With_CostCenters_Mar2026_IBMBOB_Enhanced.csv
IBM BOB 3 - ESG,2026-06,ESG-MAR26-0134,TXN006342,PNG01,ACT,Australian Capital Territory,Energy usage,5110,Utilities,Carbon Neutral Pty Ltd,BOB-ESG-0134,PO-ESG-6393,24140.76,tCO2e avoided,144.9,178.77,123.4,22.64,49.2,87,46372.19,0.06,No,None,Missing,Partial,No action,No,IBMBOB_ESG_Cost_KPI_Mar2026.csv + Raw_GL_Export_With_CostCenters_Mar2026_IBMBOB_Enhanced.csv
IBM BOB 3 - ESG,2026-06,ESG-MAR26-0135,TXN006343,PNG01,FIN,Finance & Accounting,Waste reduction,5600,Telecommunications,Climate Active Advisor,BOB-ESG-0135,PO-ESG-4260,15174.35,supplier_score,665.54,577.1,86.7,254.91,27.9,92,-36876.11,0.39,Yes,ESG spend posted to non-ESG account or missing KPI link,Partial,Ready,Reclassify and link to KPI evidence,Yes,IBMBOB_ESG_Cost_KPI_Mar2026.csv + Raw_GL_Export_With_CostCenters_Mar2026_IBMBOB_Enhanced.csv
IBM BOB 3 - ESG,2026-06,ESG-MAR26-0136,TXN006344,AUS01,VIC,Victoria Operations,Renewable sourcing premium,6000,Cost of Goods Sold,Origin Energy,BOB-ESG-0136,PO-ESG-8663,86860.4,audit_evidence_count,661.43,687.9,104.0,148.22,62.0,75,66803.68,-0.74,Yes,ESG spend posted to non-ESG account or missing KPI link,Partial,Needs review,CFO approval for material ESG spend,Yes,IBMBOB_ESG_Cost_KPI_Mar2026.csv + Raw_GL_Export_With_CostCenters_Mar2026_IBMBOB_Enhanced.csv
IBM BOB 3 - ESG,2026-06,ESG-MAR26-0137,TXN006345,AUS01,TAS,Tasmania Operations,Renewable sourcing premium,6000,Cost of Goods Sold,Green Freight,BOB-ESG-0137,PO-ESG-3333,88289.15,audit_evidence_count,512.81,618.66,120.6,101.06,2.7,46,-9655.7,-0.63,No,None,Missing,Needs review,CFO approval for material ESG spend,Yes,IBMBOB_ESG_Cost_KPI_Mar2026.csv + Raw_GL_Export_With_CostCenters_Mar2026_IBMBOB_Enhanced.csv
IBM BOB 3 - ESG,2026-06,ESG-MAR26-0138,TXN006346,NZL01,VIC,Victoria Operations,Renewable sourcing premium,6000,Cost of Goods Sold,Sustainable Packaging Co,BOB-ESG-0138,PO-ESG-1926,110415.26,renewable_kwh,441.55,338.06,76.6,310.69,78.0,93,70975.48,0.37,No,None,Missing,Ready,CFO approval for material ESG spend,Yes,IBMBOB_ESG_Cost_KPI_Mar2026.csv + Raw_GL_Export_With_CostCenters_Mar2026_IBMBOB_Enhanced.csv
IBM BOB 3 - ESG,2026-06,ESG-MAR26-0139,TXN006347,PNG01,TAS,Tasmania Operations,Energy usage,5110,Utilities,Bureau Veritas,BOB-ESG-0139,PO-ESG-2631,11474.35,renewable_kwh,216.29,219.7,101.6,135.43,78.0,50,-20987.16,-0.44,No,None,Partial,Needs review,CFO approval for material ESG spend,Yes,IBMBOB_ESG_Cost_KPI_Mar2026.csv + Raw_GL_Export_With_CostCenters_Mar2026_IBMBOB_Enhanced.csv
IBM BOB 3 - ESG,2026-06,ESG-MAR26-0140,TXN006348,AUS01,WA,Western Australia Operations,Supplier ESG premium,6010,Direct Materials,EcoVadis,BOB-ESG-0140,PO-ESG-1024,55596.36,tCO2e avoided,223.49,238.16,106.6,160.48,37.7,78,-28270.43,-0.63,Yes,ESG spend posted to non-ESG account or missing KPI link,Partial,Needs review,CFO approval for material ESG spend,Yes,IBMBOB_ESG_Cost_KPI_Mar2026.csv + Raw_GL_Export_With_CostCenters_Mar2026_IBMBOB_Enhanced.csv
IBM BOB 3 - ESG,2026-06,ESG-MAR26-0141,TXN006349,FJI01,SA,South Australia Operations,Sustainable packaging,6010,Direct Materials,Climate Active Advisor,BOB-ESG-0141,PO-ESG-8824,102681.13,renewable_kwh,994.32,997.65,100.3,154.63,41.0,96,-7932.17,0.09,No,None,Missing,Needs review,CFO approval for material ESG spend,Yes,IBMBOB_ESG_Cost_KPI_Mar2026.csv + Raw_GL_Export_With_CostCenters_Mar2026_IBMBOB_Enhanced.csv
IBM BOB 3 - ESG,2026-06,ESG-MAR26-0142,TXN006350,AUS01,NT,Northern Territory Operations,Fleet emissions,5400,Travel,EcoVadis,BOB-ESG-0142,PO-ESG-4286,47872.57,audit_evidence_count,574.86,509.59,88.6,276.51,77.2,50,29336.94,-0.6,Yes,ESG spend posted to non-ESG account or missing KPI link,Complete,Ready,Reclassify and link to KPI evidence,Yes,IBMBOB_ESG_Cost_KPI_Mar2026.csv + Raw_GL_Export_With_CostCenters_Mar2026_IBMBOB_Enhanced.csv
IBM BOB 3 - ESG,2026-06,ESG-MAR26-0143,TXN006351,NZL01,MKT,Marketing & Sales,Compliance assurance,5320,Audit Fees,Origin Energy,BOB-ESG-0143,PO-ESG-5409,76488.35,tCO2e avoided,315.11,366.19,116.2,346.57,51.4,61,67376.19,0.01,No,None,Missing,Partial,No action,No,IBMBOB_ESG_Cost_KPI_Mar2026.csv + Raw_GL_Export_With_CostCenters_Mar2026_IBMBOB_Enhanced.csv
IBM BOB 3 - ESG,2026-06,ESG-MAR26-0144,TXN006352,NZL01,OPS,Operations & Logistics,Waste reduction,5600,Telecommunications,EcoVadis,BOB-ESG-0144,PO-ESG-7672,97049.19,waste_kg_reduced,966.24,839.48,86.9,370.49,53.1,83,-40986.58,-0.65,No,None,Missing,Partial,No action,No,IBMBOB_ESG_Cost_KPI_Mar2026.csv + Raw_GL_Export_With_CostCenters_Mar2026_IBMBOB_Enhanced.csv
IBM BOB 3 - ESG,2026-06,ESG-MAR26-0145,TXN006353,AUS01,IT,Information Technology,Sustainable packaging,6010,Direct Materials,Bureau Veritas,BOB-ESG-0145,PO-ESG-9314,97189.24,tCO2e avoided,633.23,768.4,121.3,62.11,73.3,90,28121.46,-0.27,Yes,ESG spend posted to non-ESG account or missing KPI link,Missing,Ready,Reclassify and link to KPI evidence,Yes,IBMBOB_ESG_Cost_KPI_Mar2026.csv + Raw_GL_Export_With_CostCenters_Mar2026_IBMBOB_Enhanced.csv
IBM BOB 3 - ESG,2026-06,ESG-MAR26-0146,TXN006354,PNG01,IT,Information Technology,Sustainable packaging,6010,Direct Materials,Carbon Neutral Pty Ltd,BOB-ESG-0146,PO-ESG-6102,27044.54,tCO2e avoided,385.56,290.27,75.3,229.53,65.6,76,-19782.84,-0.11,No,None,Complete,Ready,No action,No,IBMBOB_ESG_Cost_KPI_Mar2026.csv + Raw_GL_Export_With_CostCenters_Mar2026_IBMBOB_Enhanced.csv
IBM BOB 3 - ESG,2026-06,ESG-MAR26-0147,TXN006355,PNG01,ACT,Australian Capital Territory,Compliance assurance,5320,Audit Fees,Green Freight,BOB-ESG-0147,PO-ESG-9713,52206.06,waste_kg_reduced,371.53,331.23,89.2,539.22,94.0,78,69000.26,-0.16,No,None,Partial,Partial,No action,No,IBMBOB_ESG_Cost_KPI_Mar2026.csv + Raw_GL_Export_With_CostCenters_Mar2026_IBMBOB_Enhanced.csv
IBM BOB 3 - ESG,2026-06,ESG-MAR26-0148,TXN006356,AUS01,R&D,Research & Development,Fleet emissions,5400,Travel,Climate Active Advisor,BOB-ESG-0148,PO-ESG-2560,82564.17,audit_evidence_count,308.83,322.7,104.5,156.33,55.3,65,13924.15,0.1,Yes,ESG spend posted to non-ESG account or missing KPI link,Partial,Partial,Reclassify and link to KPI evidence,Yes,IBMBOB_ESG_Cost_KPI_Mar2026.csv + Raw_GL_Export_With_CostCenters_Mar2026_IBMBOB_Enhanced.csv
IBM BOB 3 - ESG,2026-06,ESG-MAR26-0149,TXN006357,PNG01,R&D,Research & Development,Carbon offsets,5300,Professional Services,Carbon Neutral Pty Ltd,BOB-ESG-0149,PO-ESG-1820,58190.22,supplier_score,964.14,969.94,100.6,57.21,24.0,99,-39734.45,-0.3,Yes,ESG spend posted to non-ESG account or missing KPI link,Complete,Partial,Reclassify and link to KPI evidence,Yes,IBMBOB_ESG_Cost_KPI_Mar2026.csv + Raw_GL_Export_With_CostCenters_Mar2026_IBMBOB_Enhanced.csv
IBM BOB 3 - ESG,2026-06,ESG-MAR26-0150,TXN006358,AUS01,SA,South Australia Operations,Energy usage,5110,Utilities,Carbon Neutral Pty Ltd,BOB-ESG-0150,PO-ESG-1555,10357.8,waste_kg_reduced,925.0,1107.87,119.8,481.55,43.2,47,37324.36,0.17,No,None,Missing,Ready,No action,No,IBMBOB_ESG_Cost_KPI_Mar2026.csv + Raw_GL_Export_With_CostCenters_Mar2026_IBMBOB_Enhanced.csv
IBM BOB 3 - ESG,2026-06,ESG-MAR26-0151,TXN006359,AUS01,QLD,Queensland Operations,Waste reduction,5600,Telecommunications,Energy Australia,BOB-ESG-0151,PO-ESG-2396,61977.43,tCO2e avoided,820.66,590.02,71.9,195.42,43.0,90,37961.16,-0.35,No,None,Missing,Partial,No action,No,IBMBOB_ESG_Cost_KPI_Mar2026.csv + Raw_GL_Export_With_CostCenters_Mar2026_IBMBOB_Enhanced.csv
IBM BOB 3 - ESG,2026-06,ESG-MAR26-0152,TXN006360,NZL01,TAS,Tasmania Operations,Sustainable packaging,6010,Direct Materials,Origin Energy,BOB-ESG-0152,PO-ESG-5878,60818.06,audit_evidence_count,221.09,179.11,81.0,63.91,15.3,50,76902.67,0.26,Yes,ESG spend posted to non-ESG account or missing KPI link,Missing,Ready,Reclassify and link to KPI evidence,Yes,IBMBOB_ESG_Cost_KPI_Mar2026.csv + Raw_GL_Export_With_CostCenters_Mar2026_IBMBOB_Enhanced.csv
IBM BOB 3 - ESG,2026-06,ESG-MAR26-0153,TXN006361,AUS01,WA,Western Australia Operations,Fleet emissions,5400,Travel,Origin Energy,BOB-ESG-0153,PO-ESG-7195,92862.82,audit_evidence_count,697.7,784.34,112.4,549.28,8.1,68,80784.57,-0.67,No,None,Complete,Needs review,CFO approval for material ESG spend,Yes,IBMBOB_ESG_Cost_KPI_Mar2026.csv + Raw_GL_Export_With_CostCenters_Mar2026_IBMBOB_Enhanced.csv
IBM BOB 3 - ESG,2026-06,ESG-MAR26-0154,TXN006362,NZL01,SA,South Australia Operations,Compliance assurance,5320,Audit Fees,Green Freight,BOB-ESG-0154,PO-ESG-6439,18508.8,waste_kg_reduced,906.12,884.15,97.6,108.01,24.1,93,33817.8,-0.29,No,None,Complete,Ready,No action,No,IBMBOB_ESG_Cost_KPI_Mar2026.csv + Raw_GL_Export_With_CostCenters_Mar2026_IBMBOB_Enhanced.csv
IBM BOB 3 - ESG,2026-06,ESG-MAR26-0155,TXN006363,FJI01,FIN,Finance & Accounting,Sustainable packaging,6010,Direct Materials,Energy Australia,BOB-ESG-0155,PO-ESG-1509,91813.01,tCO2e avoided,616.58,546.77,88.7,212.71,92.7,64,76906.85,-0.75,No,None,Partial,Needs review,CFO approval for material ESG spend,Yes,IBMBOB_ESG_Cost_KPI_Mar2026.csv + Raw_GL_Export_With_CostCenters_Mar2026_IBMBOB_Enhanced.csv
IBM BOB 3 - ESG,2026-06,ESG-MAR26-0156,TXN006364,NZL01,FIN,Finance & Accounting,Energy usage,5110,Utilities,Carbon Neutral Pty Ltd,BOB-ESG-0156,PO-ESG-6870,118119.9,renewable_kwh,617.12,660.15,107.0,170.58,77.8,56,-41576.12,-0.68,No,None,Complete,Needs review,CFO approval for material ESG spend,Yes,IBMBOB_ESG_Cost_KPI_Mar2026.csv + Raw_GL_Export_With_CostCenters_Mar2026_IBMBOB_Enhanced.csv
IBM BOB 3 - ESG,2026-06,ESG-MAR26-0157,TXN006365,PNG01,SA,South Australia Operations,Waste reduction,5600,Telecommunications,Bureau Veritas,BOB-ESG-0157,PO-ESG-8675,6434.45,waste_kg_reduced,399.27,471.81,118.2,530.85,5.0,70,19062.16,0.07,No,None,Missing,Needs review,CFO approval for material ESG spend,Yes,IBMBOB_ESG_Cost_KPI_Mar2026.csv + Raw_GL_Export_With_CostCenters_Mar2026_IBMBOB_Enhanced.csv
IBM BOB 3 - ESG,2026-06,ESG-MAR26-0158,TXN006366,AUS01,OPS,Operations & Logistics,Renewable sourcing premium,6000,Cost of Goods Sold,Green Freight,BOB-ESG-0158,PO-ESG-4065,99983.32,tCO2e avoided,260.32,305.76,117.5,184.34,14.0,57,63745.63,0.37,No,None,Partial,Needs review,CFO approval for material ESG spend,Yes,IBMBOB_ESG_Cost_KPI_Mar2026.csv + Raw_GL_Export_With_CostCenters_Mar2026_IBMBOB_Enhanced.csv
IBM BOB 3 - ESG,2026-06,ESG-MAR26-0159,TXN006367,NZL01,FIN,Finance & Accounting,Compliance assurance,5320,Audit Fees,Carbon Neutral Pty Ltd,BOB-ESG-0159,PO-ESG-8502,63073.74,renewable_kwh,970.6,694.72,71.6,100.8,28.2,67,49265.15,-0.17,No,None,Missing,Needs review,CFO approval for material ESG spend,Yes,IBMBOB_ESG_Cost_KPI_Mar2026.csv + Raw_GL_Export_With_CostCenters_Mar2026_IBMBOB_Enhanced.csv
IBM BOB 3 - ESG,2026-06,ESG-MAR26-0160,TXN006368,AUS01,FIN,Finance & Accounting,Sustainable packaging,6010,Direct Materials,Energy Australia,BOB-ESG-0160,PO-ESG-2604,56031.73,waste_kg_reduced,141.51,94.6,66.9,314.76,45.1,72,-29683.95,-0.13,Yes,ESG spend posted to non-ESG account or missing KPI link,Partial,Partial,Reclassify and link to KPI evidence,Yes,IBMBOB_ESG_Cost_KPI_Mar2026.csv + Raw_GL_Export_With_CostCenters_Mar2026_IBMBOB_Enhanced.csv
IBM BOB 3 - ESG,2026-06,ESG-MAR26-0161,TXN006369,AUS01,FIN,Finance & Accounting,Fleet emissions,5400,Travel,EcoVadis,BOB-ESG-0161,PO-ESG-2758,81790.9,tCO2e avoided,557.88,403.37,72.3,62.61,13.1,67,-44181.07,-0.09,No,None,Complete,Partial,No action,No,IBMBOB_ESG_Cost_KPI_Mar2026.csv + Raw_GL_Export_With_CostCenters_Mar2026_IBMBOB_Enhanced.csv
IBM BOB 3 - ESG,2026-06,ESG-MAR26-0162,TXN006370,AUS01,NSW,New South Wales Operations,Fleet emissions,5400,Travel,Origin Energy,BOB-ESG-0162,PO-ESG-7784,70918.98,renewable_kwh,952.89,784.93,82.4,507.98,33.0,93,78906.93,-0.2,Yes,ESG spend posted to non-ESG account or missing KPI link,Missing,Needs review,CFO approval for material ESG spend,Yes,IBMBOB_ESG_Cost_KPI_Mar2026.csv + Raw_GL_Export_With_CostCenters_Mar2026_IBMBOB_Enhanced.csv
IBM BOB 3 - ESG,2026-06,ESG-MAR26-0163,TXN006371,AUS01,ACT,Australian Capital Territory,Fleet emissions,5400,Travel,Energy Australia,BOB-ESG-0163,PO-ESG-9187,53963.86,tCO2e avoided,471.82,373.03,79.1,215.21,43.7,74,-6035.87,0.36,No,None,Complete,Needs review,CFO approval for material ESG spend,Yes,IBMBOB_ESG_Cost_KPI_Mar2026.csv + Raw_GL_Export_With_CostCenters_Mar2026_IBMBOB_Enhanced.csv
IBM BOB 3 - ESG,2026-06,ESG-MAR26-0164,TXN006372,FJI01,FIN,Finance & Accounting,Supplier ESG premium,6010,Direct Materials,Energy Australia,BOB-ESG-0164,PO-ESG-2117,32995.53,renewable_kwh,735.69,755.01,102.6,500.3,14.4,53,20953.69,-0.41,No,None,Partial,Ready,No action,No,IBMBOB_ESG_Cost_KPI_Mar2026.csv + Raw_GL_Export_With_CostCenters_Mar2026_IBMBOB_Enhanced.csv
IBM BOB 3 - ESG,2026-06,ESG-MAR26-0165,TXN006373,AUS01,NT,Northern Territory Operations,Energy usage,5110,Utilities,EcoVadis,BOB-ESG-0165,PO-ESG-8834,88900.73,tCO2e avoided,509.93,427.84,83.9,223.51,80.4,49,65834.77,-0.16,Yes,ESG spend posted to non-ESG account or missing KPI link,Partial,Partial,Reclassify and link to KPI evidence,Yes,IBMBOB_ESG_Cost_KPI_Mar2026.csv + Raw_GL_Export_With_CostCenters_Mar2026_IBMBOB_Enhanced.csv
IBM BOB 3 - ESG,2026-06,ESG-MAR26-0166,TXN006374,PNG01,NSW,New South Wales Operations,Renewable sourcing premium,6000,Cost of Goods Sold,EcoVadis,BOB-ESG-0166,PO-ESG-1799,109669.17,waste_kg_reduced,850.88,973.48,114.4,88.69,79.0,78,-34365.56,-0.33,No,None,Missing,Ready,CFO approval for material ESG spend,Yes,IBMBOB_ESG_Cost_KPI_Mar2026.csv + Raw_GL_Export_With_CostCenters_Mar2026_IBMBOB_Enhanced.csv
IBM BOB 3 - ESG,2026-06,ESG-MAR26-0167,TXN006375,AUS01,SA,South Australia Operations,Supplier ESG premium,6010,Direct Materials,Sustainable Packaging Co,BOB-ESG-0167,PO-ESG-1748,42435.93,audit_evidence_count,796.97,584.9,73.4,75.62,71.2,81,45393.93,-0.44,No,None,Complete,Ready,No action,No,IBMBOB_ESG_Cost_KPI_Mar2026.csv + Raw_GL_Export_With_CostCenters_Mar2026_IBMBOB_Enhanced.csv
IBM BOB 3 - ESG,2026-06,ESG-MAR26-0168,TXN006376,FJI01,R&D,Research & Development,Energy usage,5110,Utilities,Carbon Neutral Pty Ltd,BOB-ESG-0168,PO-ESG-4326,4110.72,renewable_kwh,604.6,586.03,96.9,344.48,60.8,77,56210.86,-0.29,No,None,Partial,Partial,No action,No,IBMBOB_ESG_Cost_KPI_Mar2026.csv + Raw_GL_Export_With_CostCenters_Mar2026_IBMBOB_Enhanced.csv
IBM BOB 3 - ESG,2026-06,ESG-MAR26-0169,TXN006377,NZL01,ACT,Australian Capital Territory,Fleet emissions,5400,Travel,EcoVadis,BOB-ESG-0169,PO-ESG-8008,56052.04,tCO2e avoided,296.44,193.69,65.3,74.24,18.6,99,-42740.95,0.19,No,None,Missing,Partial,No action,No,IBMBOB_ESG_Cost_KPI_Mar2026.csv + Raw_GL_Export_With_CostCenters_Mar2026_IBMBOB_Enhanced.csv
IBM BOB 3 - ESG,2026-06,ESG-MAR26-0170,TXN006378,PNG01,CORP,Corporate Head Office,Sustainable packaging,6010,Direct Materials,Bureau Veritas,BOB-ESG-0170,PO-ESG-8786,91482.64,renewable_kwh,912.93,791.36,86.7,397.62,6.9,85,51519.01,0.06,No,None,Complete,Needs review,CFO approval for material ESG spend,Yes,IBMBOB_ESG_Cost_KPI_Mar2026.csv + Raw_GL_Export_With_CostCenters_Mar2026_IBMBOB_Enhanced.csv
IBM BOB 3 - ESG,2026-06,ESG-MAR26-0171,TXN006379,AUS01,CORP,Corporate Head Office,Waste reduction,5600,Telecommunications,Climate Active Advisor,BOB-ESG-0171,PO-ESG-9950,11273.74,waste_kg_reduced,619.77,774.12,124.9,408.2,70.1,66,-199.24,-0.64,No,None,Complete,Ready,No action,No,IBMBOB_ESG_Cost_KPI_Mar2026.csv + Raw_GL_Export_With_CostCenters_Mar2026_IBMBOB_Enhanced.csv
IBM BOB 3 - ESG,2026-06,ESG-MAR26-0172,TXN006380,PNG01,WA,Western Australia Operations,Renewable sourcing premium,6000,Cost of Goods Sold,Climate Active Advisor,BOB-ESG-0172,PO-ESG-6990,69010.87,waste_kg_reduced,665.39,470.54,70.7,58.28,65.2,71,34534.38,-0.33,Yes,ESG spend posted to non-ESG account or missing KPI link,Complete,Ready,Reclassify and link to KPI evidence,Yes,IBMBOB_ESG_Cost_KPI_Mar2026.csv + Raw_GL_Export_With_CostCenters_Mar2026_IBMBOB_Enhanced.csv
IBM BOB 3 - ESG,2026-06,ESG-MAR26-0173,TXN006381,NZL01,HR,Human Resources,Energy usage,5110,Utilities,Climate Active Advisor,BOB-ESG-0173,PO-ESG-2249,43058.99,renewable_kwh,659.51,770.55,116.8,34.97,88.0,50,79905.18,-0.38,No,None,Partial,Needs review,CFO approval for material ESG spend,Yes,IBMBOB_ESG_Cost_KPI_Mar2026.csv + Raw_GL_Export_With_CostCenters_Mar2026_IBMBOB_Enhanced.csv
IBM BOB 3 - ESG,2026-06,ESG-MAR26-0174,TXN006382,FJI01,HR,Human Resources,Fleet emissions,5400,Travel,Bureau Veritas,BOB-ESG-0174,PO-ESG-8445,106709.02,tCO2e avoided,963.05,791.69,82.2,357.58,41.8,79,-5728.65,0.3,No,None,Complete,Ready,CFO approval for material ESG spend,Yes,IBMBOB_ESG_Cost_KPI_Mar2026.csv + Raw_GL_Export_With_CostCenters_Mar2026_IBMBOB_Enhanced.csv
IBM BOB 3 - ESG,2026-06,ESG-MAR26-0175,TXN006383,NZL01,NT,Northern Territory Operations,Renewable sourcing premium,6000,Cost of Goods Sold,Origin Energy,BOB-ESG-0175,PO-ESG-1001,3168.36,audit_evidence_count,615.85,591.06,96.0,351.3,19.3,58,-36527.04,-0.33,No,None,Missing,Ready,No action,No,IBMBOB_ESG_Cost_KPI_Mar2026.csv + Raw_GL_Export_With_CostCenters_Mar2026_IBMBOB_Enhanced.csv
IBM BOB 3 - ESG,2026-06,ESG-MAR26-0176,TXN006384,PNG01,ACT,Australian Capital Territory,Renewable sourcing premium,6000,Cost of Goods Sold,Sustainable Packaging Co,BOB-ESG-0176,PO-ESG-3214,54469.05,waste_kg_reduced,557.87,445.43,79.8,516.6,97.4,82,12185.71,-0.3,No,None,Missing,Partial,No action,No,IBMBOB_ESG_Cost_KPI_Mar2026.csv + Raw_GL_Export_With_CostCenters_Mar2026_IBMBOB_Enhanced.csv
IBM BOB 3 - ESG,2026-06,ESG-MAR26-0177,TXN006385,AUS01,NT,Northern Territory Operations,Energy usage,5110,Utilities,Carbon Neutral Pty Ltd,BOB-ESG-0177,PO-ESG-8063,48467.81,supplier_score,214.68,186.86,87.0,414.47,91.3,84,1807.31,-0.28,Yes,ESG spend posted to non-ESG account or missing KPI link,Complete,Needs review,CFO approval for material ESG spend,Yes,IBMBOB_ESG_Cost_KPI_Mar2026.csv + Raw_GL_Export_With_CostCenters_Mar2026_IBMBOB_Enhanced.csv
IBM BOB 3 - ESG,2026-06,ESG-MAR26-0178,TXN006386,PNG01,TAS,Tasmania Operations,Sustainable packaging,6010,Direct Materials,Carbon Neutral Pty Ltd,BOB-ESG-0178,PO-ESG-7924,16216.33,supplier_score,201.98,143.26,70.9,428.49,36.7,91,23068.11,-0.02,No,None,Complete,Ready,No action,No,IBMBOB_ESG_Cost_KPI_Mar2026.csv + Raw_GL_Export_With_CostCenters_Mar2026_IBMBOB_Enhanced.csv
IBM BOB 3 - ESG,2026-06,ESG-MAR26-0179,TXN006387,FJI01,SA,South Australia Operations,Fleet emissions,5400,Travel,Origin Energy,BOB-ESG-0179,PO-ESG-5958,27766.69,tCO2e avoided,889.65,1032.88,116.1,200.72,98.6,70,38732.33,-0.25,Yes,ESG spend posted to non-ESG account or missing KPI link,Partial,Partial,Reclassify and link to KPI evidence,Yes,IBMBOB_ESG_Cost_KPI_Mar2026.csv + Raw_GL_Export_With_CostCenters_Mar2026_IBMBOB_Enhanced.csv
IBM BOB 3 - ESG,2026-06,ESG-MAR26-0180,TXN006388,PNG01,R&D,Research & Development,Compliance assurance,5320,Audit Fees,Green Freight,BOB-ESG-0180,PO-ESG-3215,60624.07,supplier_score,954.83,812.35,85.1,363.75,20.9,51,28300.56,-0.36,No,None,Partial,Needs review,CFO approval for material ESG spend,Yes,IBMBOB_ESG_Cost_KPI_Mar2026.csv + Raw_GL_Export_With_CostCenters_Mar2026_IBMBOB_Enhanced.csv
IBM BOB 3 - ESG,2026-06,ESG-MAR26-0181,TXN006389,NZL01,FIN,Finance & Accounting,Compliance assurance,5320,Audit Fees,Energy Australia,BOB-ESG-0181,PO-ESG-3697,78521.81,waste_kg_reduced,512.07,572.19,111.7,210.37,88.6,71,51498.04,-0.68,No,None,Missing,Partial,No action,No,IBMBOB_ESG_Cost_KPI_Mar2026.csv + Raw_GL_Export_With_CostCenters_Mar2026_IBMBOB_Enhanced.csv
IBM BOB 3 - ESG,2026-06,ESG-MAR26-0182,TXN006390,NZL01,ACT,Australian Capital Territory,Fleet emissions,5400,Travel,Sustainable Packaging Co,BOB-ESG-0182,PO-ESG-7179,86341.43,supplier_score,236.16,206.33,87.4,273.56,91.7,68,22327.46,-0.73,No,None,Complete,Partial,No action,No,IBMBOB_ESG_Cost_KPI_Mar2026.csv + Raw_GL_Export_With_CostCenters_Mar2026_IBMBOB_Enhanced.csv
IBM BOB 3 - ESG,2026-06,ESG-MAR26-0183,TXN006391,PNG01,HR,Human Resources,Renewable sourcing premium,6000,Cost of Goods Sold,Green Freight,BOB-ESG-0183,PO-ESG-6163,94673.66,renewable_kwh,881.49,984.2,111.7,159.93,25.6,87,78544.33,0.17,No,None,Partial,Needs review,CFO approval for material ESG spend,Yes,IBMBOB_ESG_Cost_KPI_Mar2026.csv + Raw_GL_Export_With_CostCenters_Mar2026_IBMBOB_Enhanced.csv
IBM BOB 3 - ESG,2026-06,ESG-MAR26-0184,TXN006392,NZL01,TAS,Tasmania Operations,Waste reduction,5600,Telecommunications,Green Freight,BOB-ESG-0184,PO-ESG-2752,101497.93,renewable_kwh,877.48,994.96,113.4,93.44,68.7,52,-16879.29,0.27,No,None,Missing,Ready,CFO approval for material ESG spend,Yes,IBMBOB_ESG_Cost_KPI_Mar2026.csv + Raw_GL_Export_With_CostCenters_Mar2026_IBMBOB_Enhanced.csv
IBM BOB 3 - ESG,2026-06,ESG-MAR26-0185,TXN006393,AUS01,NSW,New South Wales Operations,Energy usage,5110,Utilities,Climate Active Advisor,BOB-ESG-0185,PO-ESG-1725,36217.51,waste_kg_reduced,947.54,958.55,101.2,539.31,91.5,97,36125.86,0.24,No,None,Partial,Ready,No action,No,IBMBOB_ESG_Cost_KPI_Mar2026.csv + Raw_GL_Export_With_CostCenters_Mar2026_IBMBOB_Enhanced.csv
IBM BOB 3 - ESG,2026-06,ESG-MAR26-0186,TXN006394,FJI01,TAS,Tasmania Operations,Carbon offsets,5300,Professional Services,Carbon Neutral Pty Ltd,BOB-ESG-0186,PO-ESG-8962,103707.29,supplier_score,389.65,304.27,78.1,480.37,5.2,94,20544.69,0.27,No,None,Partial,Needs review,CFO approval for material ESG spend,Yes,IBMBOB_ESG_Cost_KPI_Mar2026.csv + Raw_GL_Export_With_CostCenters_Mar2026_IBMBOB_Enhanced.csv
IBM BOB 3 - ESG,2026-06,ESG-MAR26-0187,TXN006395,AUS01,NSW,New South Wales Operations,Renewable sourcing premium,6000,Cost of Goods Sold,Carbon Neutral Pty Ltd,BOB-ESG-0187,PO-ESG-5902,59065.68,tCO2e avoided,156.07,106.35,68.1,165.59,78.4,52,29302.53,-0.7,No,None,Missing,Partial,No action,No,IBMBOB_ESG_Cost_KPI_Mar2026.csv + Raw_GL_Export_With_CostCenters_Mar2026_IBMBOB_Enhanced.csv
IBM BOB 3 - ESG,2026-06,ESG-MAR26-0188,TXN006396,AUS01,FIN,Finance & Accounting,Energy usage,5110,Utilities,Origin Energy,BOB-ESG-0188,PO-ESG-5667,96980.72,tCO2e avoided,998.3,712.39,71.4,243.57,42.6,79,-27424.17,0.02,No,None,Partial,Partial,No action,No,IBMBOB_ESG_Cost_KPI_Mar2026.csv + Raw_GL_Export_With_CostCenters_Mar2026_IBMBOB_Enhanced.csv
IBM BOB 3 - ESG,2026-06,ESG-MAR26-0189,TXN006397,AUS01,NSW,New South Wales Operations,Supplier ESG premium,6010,Direct Materials,Climate Active Advisor,BOB-ESG-0189,PO-ESG-8601,102723.74,audit_evidence_count,897.02,1002.12,111.7,334.47,49.4,70,58564.82,0.4,No,None,Missing,Needs review,CFO approval for material ESG spend,Yes,IBMBOB_ESG_Cost_KPI_Mar2026.csv + Raw_GL_Export_With_CostCenters_Mar2026_IBMBOB_Enhanced.csv
IBM BOB 3 - ESG,2026-06,ESG-MAR26-0190,TXN006398,AUS01,FIN,Finance & Accounting,Renewable sourcing premium,6000,Cost of Goods Sold,Bureau Veritas,BOB-ESG-0190,PO-ESG-1317,51094.18,supplier_score,771.92,745.59,96.6,161.71,43.0,45,-13664.32,-0.64,Yes,ESG spend posted to non-ESG account or missing KPI link,Missing,Partial,Reclassify and link to KPI evidence,Yes,IBMBOB_ESG_Cost_KPI_Mar2026.csv + Raw_GL_Export_With_CostCenters_Mar2026_IBMBOB_Enhanced.csv
IBM BOB 3 - ESG,2026-06,ESG-MAR26-0191,TXN006399,PNG01,MKT,Marketing & Sales,Carbon offsets,5300,Professional Services,Climate Active Advisor,BOB-ESG-0191,PO-ESG-8114,23758.34,audit_evidence_count,578.88,522.46,90.3,33.44,86.3,99,66128.76,-0.7,Yes,ESG spend posted to non-ESG account or missing KPI link,Missing,Needs review,CFO approval for material ESG spend,Yes,IBMBOB_ESG_Cost_KPI_Mar2026.csv + Raw_GL_Export_With_CostCenters_Mar2026_IBMBOB_Enhanced.csv
IBM BOB 3 - ESG,2026-06,ESG-MAR26-0192,TXN006400,AUS01,TAS,Tasmania Operations,Renewable sourcing premium,6000,Cost of Goods Sold,Green Freight,BOB-ESG-0192,PO-ESG-2774,14670.78,supplier_score,265.19,312.63,117.9,131.56,61.9,92,-21703.2,-0.72,No,None,Partial,Ready,No action,No,IBMBOB_ESG_Cost_KPI_Mar2026.csv + Raw_GL_Export_With_CostCenters_Mar2026_IBMBOB_Enhanced.csv
IBM BOB 3 - ESG,2026-06,ESG-MAR26-0193,TXN006401,PNG01,MKT,Marketing & Sales,Sustainable packaging,6010,Direct Materials,Climate Active Advisor,BOB-ESG-0193,PO-ESG-7259,101391.42,supplier_score,842.97,579.2,68.7,197.43,47.6,48,51975.1,-0.55,No,None,Missing,Ready,CFO approval for material ESG spend,Yes,IBMBOB_ESG_Cost_KPI_Mar2026.csv + Raw_GL_Export_With_CostCenters_Mar2026_IBMBOB_Enhanced.csv
IBM BOB 3 - ESG,2026-06,ESG-MAR26-0194,TXN006402,PNG01,VIC,Victoria Operations,Compliance assurance,5320,Audit Fees,EcoVadis,BOB-ESG-0194,PO-ESG-4917,82671.4,renewable_kwh,685.45,471.12,68.7,524.12,67.6,60,-46899.23,0.22,No,None,Missing,Needs review,CFO approval for material ESG spend,Yes,IBMBOB_ESG_Cost_KPI_Mar2026.csv + Raw_GL_Export_With_CostCenters_Mar2026_IBMBOB_Enhanced.csv
IBM BOB 3 - ESG,2026-06,ESG-MAR26-0195,TXN006403,NZL01,OPS,Operations & Logistics,Carbon offsets,5300,Professional Services,Green Freight,BOB-ESG-0195,PO-ESG-3774,11291.61,renewable_kwh,344.23,306.4,89.0,61.09,85.3,80,21065.98,-0.62,No,None,Partial,Partial,No action,No,IBMBOB_ESG_Cost_KPI_Mar2026.csv + Raw_GL_Export_With_CostCenters_Mar2026_IBMBOB_Enhanced.csv
IBM BOB 3 - ESG,2026-06,ESG-MAR26-0196,TXN006404,AUS01,CORP,Corporate Head Office,Carbon offsets,5300,Professional Services,Green Freight,BOB-ESG-0196,PO-ESG-1159,33847.9,renewable_kwh,855.09,1000.53,117.0,181.12,91.2,95,7320.81,-0.24,No,None,Complete,Partial,No action,No,IBMBOB_ESG_Cost_KPI_Mar2026.csv + Raw_GL_Export_With_CostCenters_Mar2026_IBMBOB_Enhanced.csv
IBM BOB 3 - ESG,2026-06,ESG-MAR26-0197,TXN006405,AUS01,WA,Western Australia Operations,Fleet emissions,5400,Travel,Climate Active Advisor,BOB-ESG-0197,PO-ESG-3631,76904.41,supplier_score,986.28,757.25,76.8,371.42,63.3,94,16945.09,-0.24,No,None,Missing,Ready,No action,No,IBMBOB_ESG_Cost_KPI_Mar2026.csv + Raw_GL_Export_With_CostCenters_Mar2026_IBMBOB_Enhanced.csv
IBM BOB 3 - ESG,2026-06,ESG-MAR26-0198,TXN006406,AUS01,ACT,Australian Capital Territory,Renewable sourcing premium,6000,Cost of Goods Sold,Energy Australia,BOB-ESG-0198,PO-ESG-4681,46720.6,supplier_score,867.56,795.92,91.7,381.77,13.7,77,29317.27,-0.68,No,None,Complete,Ready,No action,No,IBMBOB_ESG_Cost_KPI_Mar2026.csv + Raw_GL_Export_With_CostCenters_Mar2026_IBMBOB_Enhanced.csv
IBM BOB 3 - ESG,2026-06,ESG-MAR26-0199,TXN006407,PNG01,CORP,Corporate Head Office,Waste reduction,5600,Telecommunications,EcoVadis,BOB-ESG-0199,PO-ESG-9220,42487.71,renewable_kwh,543.93,500.82,92.1,159.59,30.3,97,-36664.28,0.03,No,None,Partial,Needs review,CFO approval for material ESG spend,Yes,IBMBOB_ESG_Cost_KPI_Mar2026.csv + Raw_GL_Export_With_CostCenters_Mar2026_IBMBOB_Enhanced.csv
IBM BOB 3 - ESG,2026-06,ESG-MAR26-0200,TXN006408,NZL01,OPS,Operations & Logistics,Energy usage,5110,Utilities,EcoVadis,BOB-ESG-0200,PO-ESG-9602,96565.75,renewable_kwh,290.9,352.82,121.3,235.14,8.7,45,71577.43,0.13,No,None,Missing,Partial,No action,No,IBMBOB_ESG_Cost_KPI_Mar2026.csv + Raw_GL_Export_With_CostCenters_Mar2026_IBMBOB_Enhanced.csv
IBM BOB 3 - ESG,2026-06,ESG-MAR26-0201,TXN006409,AUS01,R&D,Research & Development,Sustainable packaging,6010,Direct Materials,Origin Energy,BOB-ESG-0201,PO-ESG-7291,21615.98,renewable_kwh,962.11,998.76,103.8,544.7,38.3,78,-44700.58,0.21,Yes,ESG spend posted to non-ESG account or missing KPI link,Complete,Needs review,CFO approval for material ESG spend,Yes,IBMBOB_ESG_Cost_KPI_Mar2026.csv + Raw_GL_Export_With_CostCenters_Mar2026_IBMBOB_Enhanced.csv
IBM BOB 3 - ESG,2026-06,ESG-MAR26-0202,TXN006410,FJI01,MKT,Marketing & Sales,Sustainable packaging,6010,Direct Materials,Origin Energy,BOB-ESG-0202,PO-ESG-8792,4161.51,tCO2e avoided,600.81,658.83,109.7,456.35,62.5,78,-39025.49,0.18,Yes,ESG spend posted to non-ESG account or missing KPI link,Partial,Needs review,CFO approval for material ESG spend,Yes,IBMBOB_ESG_Cost_KPI_Mar2026.csv + Raw_GL_Export_With_CostCenters_Mar2026_IBMBOB_Enhanced.csv
IBM BOB 3 - ESG,2026-06,ESG-MAR26-0203,TXN006411,NZL01,MKT,Marketing & Sales,Waste reduction,5600,Telecommunications,EcoVadis,BOB-ESG-0203,PO-ESG-7490,102697.68,audit_evidence_count,737.47,847.89,115.0,67.47,92.3,61,-47010.96,-0.35,No,None,Missing,Partial,CFO approval for material ESG spend,Yes,IBMBOB_ESG_Cost_KPI_Mar2026.csv + Raw_GL_Export_With_CostCenters_Mar2026_IBMBOB_Enhanced.csv
IBM BOB 3 - ESG,2026-06,ESG-MAR26-0204,TXN006412,NZL01,SA,South Australia Operations,Waste reduction,5600,Telecommunications,Green Freight,BOB-ESG-0204,PO-ESG-6371,11136.78,supplier_score,991.92,1053.44,106.2,294.58,21.4,73,46738.18,-0.64,No,None,Missing,Needs review,CFO approval for material ESG spend,Yes,IBMBOB_ESG_Cost_KPI_Mar2026.csv + Raw_GL_Export_With_CostCenters_Mar2026_IBMBOB_Enhanced.csv
IBM BOB 3 - ESG,2026-06,ESG-MAR26-0205,TXN006413,NZL01,OPS,Operations & Logistics,Supplier ESG premium,6010,Direct Materials,EcoVadis,BOB-ESG-0205,PO-ESG-1838,95678.12,renewable_kwh,444.56,376.72,84.7,350.37,72.0,64,-30189.95,-0.36,No,None,Partial,Needs review,CFO approval for material ESG spend,Yes,IBMBOB_ESG_Cost_KPI_Mar2026.csv + Raw_GL_Export_With_CostCenters_Mar2026_IBMBOB_Enhanced.csv
IBM BOB 3 - ESG,2026-06,ESG-MAR26-0206,TXN006414,FJI01,HR,Human Resources,Supplier ESG premium,6010,Direct Materials,EcoVadis,BOB-ESG-0206,PO-ESG-6030,58696.46,audit_evidence_count,679.28,589.95,86.8,412.18,66.9,74,-47621.16,-0.13,No,None,Complete,Partial,No action,No,IBMBOB_ESG_Cost_KPI_Mar2026.csv + Raw_GL_Export_With_CostCenters_Mar2026_IBMBOB_Enhanced.csv
IBM BOB 3 - ESG,2026-06,ESG-MAR26-0207,TXN006415,FJI01,WA,Western Australia Operations,Compliance assurance,5320,Audit Fees,EcoVadis,BOB-ESG-0207,PO-ESG-2842,101456.3,renewable_kwh,834.1,1038.86,124.5,319.25,58.9,74,72989.06,-0.64,No,None,Complete,Ready,CFO approval for material ESG spend,Yes,IBMBOB_ESG_Cost_KPI_Mar2026.csv + Raw_GL_Export_With_CostCenters_Mar2026_IBMBOB_Enhanced.csv
IBM BOB 3 - ESG,2026-06,ESG-MAR26-0208,TXN006416,NZL01,SA,South Australia Operations,Compliance assurance,5320,Audit Fees,Bureau Veritas,BOB-ESG-0208,PO-ESG-4908,17072.21,tCO2e avoided,587.25,493.37,84.0,247.24,9.3,58,53956.73,-0.63,No,None,Partial,Partial,No action,No,IBMBOB_ESG_Cost_KPI_Mar2026.csv + Raw_GL_Export_With_CostCenters_Mar2026_IBMBOB_Enhanced.csv
IBM BOB 3 - ESG,2026-06,ESG-MAR26-0209,TXN006417,NZL01,TAS,Tasmania Operations,Energy usage,5110,Utilities,Climate Active Advisor,BOB-ESG-0209,PO-ESG-4056,56131.78,tCO2e avoided,975.44,706.85,72.5,417.98,11.8,95,-8776.91,-0.13,No,None,Complete,Ready,No action,No,IBMBOB_ESG_Cost_KPI_Mar2026.csv + Raw_GL_Export_With_CostCenters_Mar2026_IBMBOB_Enhanced.csv
IBM BOB 3 - ESG,2026-06,ESG-MAR26-0210,TXN006418,FJI01,WA,Western Australia Operations,Sustainable packaging,6010,Direct Materials,Bureau Veritas,BOB-ESG-0210,PO-ESG-9927,51027.36,waste_kg_reduced,396.56,344.62,86.9,515.49,80.1,64,640.28,0.19,No,None,Missing,Ready,No action,No,IBMBOB_ESG_Cost_KPI_Mar2026.csv + Raw_GL_Export_With_CostCenters_Mar2026_IBMBOB_Enhanced.csv
IBM BOB 3 - ESG,2026-06,ESG-MAR26-0211,TXN006419,NZL01,IT,Information Technology,Renewable sourcing premium,6000,Cost of Goods Sold,EcoVadis,BOB-ESG-0211,PO-ESG-7422,30886.55,supplier_score,117.71,79.16,67.3,450.83,82.8,89,-46359.4,0.11,No,None,Complete,Ready,No action,No,IBMBOB_ESG_Cost_KPI_Mar2026.csv + Raw_GL_Export_With_CostCenters_Mar2026_IBMBOB_Enhanced.csv
IBM BOB 3 - ESG,2026-06,ESG-MAR26-0212,TXN006420,NZL01,NSW,New South Wales Operations,Sustainable packaging,6010,Direct Materials,Carbon Neutral Pty Ltd,BOB-ESG-0212,PO-ESG-3321,110993.94,supplier_score,382.16,319.81,83.7,332.26,37.0,84,80109.85,-0.61,Yes,ESG spend posted to non-ESG account or missing KPI link,Missing,Ready,CFO approval for material ESG spend,Yes,IBMBOB_ESG_Cost_KPI_Mar2026.csv + Raw_GL_Export_With_CostCenters_Mar2026_IBMBOB_Enhanced.csv
IBM BOB 3 - ESG,2026-06,ESG-MAR26-0213,TXN006421,PNG01,ACT,Australian Capital Territory,Carbon offsets,5300,Professional Services,Energy Australia,BOB-ESG-0213,PO-ESG-9813,17343.48,audit_evidence_count,556.12,479.69,86.3,467.37,47.2,53,25298.03,-0.43,No,None,Missing,Ready,No action,No,IBMBOB_ESG_Cost_KPI_Mar2026.csv + Raw_GL_Export_With_CostCenters_Mar2026_IBMBOB_Enhanced.csv
IBM BOB 3 - ESG,2026-06,ESG-MAR26-0214,TXN006422,AUS01,QLD,Queensland Operations,Energy usage,5110,Utilities,EcoVadis,BOB-ESG-0214,PO-ESG-3456,39002.26,audit_evidence_count,303.01,251.01,82.8,104.73,39.9,65,-3943.69,-0.78,No,None,Complete,Needs review,CFO approval for material ESG spend,Yes,IBMBOB_ESG_Cost_KPI_Mar2026.csv + Raw_GL_Export_With_CostCenters_Mar2026_IBMBOB_Enhanced.csv
IBM BOB 3 - ESG,2026-06,ESG-MAR26-0215,TXN006423,FJI01,NT,Northern Territory Operations,Sustainable packaging,6010,Direct Materials,Sustainable Packaging Co,BOB-ESG-0215,PO-ESG-2567,58815.07,renewable_kwh,853.99,1050.47,123.0,191.38,83.3,74,-25538.73,-0.5,Yes,ESG spend posted to non-ESG account or missing KPI link,Partial,Needs review,CFO approval for material ESG spend,Yes,IBMBOB_ESG_Cost_KPI_Mar2026.csv + Raw_GL_Export_With_CostCenters_Mar2026_IBMBOB_Enhanced.csv
IBM BOB 3 - ESG,2026-06,ESG-MAR26-0216,TXN006424,NZL01,MKT,Marketing & Sales,Compliance assurance,5320,Audit Fees,EcoVadis,BOB-ESG-0216,PO-ESG-7575,22595.56,audit_evidence_count,141.03,142.36,100.9,122.84,48.6,51,-13386.37,0.29,No,None,Complete,Partial,No action,No,IBMBOB_ESG_Cost_KPI_Mar2026.csv + Raw_GL_Export_With_CostCenters_Mar2026_IBMBOB_Enhanced.csv
IBM BOB 3 - ESG,2026-06,ESG-MAR26-0217,TXN006425,AUS01,ACT,Australian Capital Territory,Sustainable packaging,6010,Direct Materials,Sustainable Packaging Co,BOB-ESG-0217,PO-ESG-4232,9005.37,supplier_score,669.74,787.98,117.7,214.12,54.8,64,23405.31,-0.17,No,None,Partial,Partial,No action,No,IBMBOB_ESG_Cost_KPI_Mar2026.csv + Raw_GL_Export_With_CostCenters_Mar2026_IBMBOB_Enhanced.csv
IBM BOB 3 - ESG,2026-06,ESG-MAR26-0218,TXN006426,NZL01,TAS,Tasmania Operations,Carbon offsets,5300,Professional Services,Bureau Veritas,BOB-ESG-0218,PO-ESG-3839,109517.28,tCO2e avoided,325.52,278.92,85.7,374.64,92.0,70,-20762.54,0.02,Yes,ESG spend posted to non-ESG account or missing KPI link,Missing,Ready,CFO approval for material ESG spend,Yes,IBMBOB_ESG_Cost_KPI_Mar2026.csv + Raw_GL_Export_With_CostCenters_Mar2026_IBMBOB_Enhanced.csv
IBM BOB 3 - ESG,2026-06,ESG-MAR26-0219,TXN006427,NZL01,IT,Information Technology,Waste reduction,5600,Telecommunications,Green Freight,BOB-ESG-0219,PO-ESG-9390,85744.32,waste_kg_reduced,666.53,541.6,81.3,211.03,55.9,92,-1694.11,-0.33,Yes,ESG spend posted to non-ESG account or missing KPI link,Partial,Partial,Reclassify and link to KPI evidence,Yes,IBMBOB_ESG_Cost_KPI_Mar2026.csv + Raw_GL_Export_With_CostCenters_Mar2026_IBMBOB_Enhanced.csv
IBM BOB 3 - ESG,2026-06,ESG-MAR26-0220,TXN006428,FJI01,FIN,Finance & Accounting,Energy usage,5110,Utilities,Energy Australia,BOB-ESG-0220,PO-ESG-4437,19388.98,supplier_score,394.27,484.35,122.8,536.03,97.0,74,29789.8,-0.46,No,None,Partial,Partial,No action,No,IBMBOB_ESG_Cost_KPI_Mar2026.csv + Raw_GL_Export_With_CostCenters_Mar2026_IBMBOB_Enhanced.csv
IBM BOB 3 - ESG,2026-06,ESG-MAR26-0221,TXN006429,AUS01,VIC,Victoria Operations,Supplier ESG premium,6010,Direct Materials,Bureau Veritas,BOB-ESG-0221,PO-ESG-8714,86422.38,audit_evidence_count,546.65,632.46,115.7,418.49,7.5,58,-41828.49,-0.12,No,None,Missing,Ready,No action,No,IBMBOB_ESG_Cost_KPI_Mar2026.csv + Raw_GL_Export_With_CostCenters_Mar2026_IBMBOB_Enhanced.csv
IBM BOB 3 - ESG,2026-06,ESG-MAR26-0222,TXN006430,PNG01,WA,Western Australia Operations,Renewable sourcing premium,6000,Cost of Goods Sold,Bureau Veritas,BOB-ESG-0222,PO-ESG-2333,105306.26,renewable_kwh,161.99,127.59,78.8,279.9,43.8,83,3849.78,-0.67,No,None,Complete,Needs review,CFO approval for material ESG spend,Yes,IBMBOB_ESG_Cost_KPI_Mar2026.csv + Raw_GL_Export_With_CostCenters_Mar2026_IBMBOB_Enhanced.csv
IBM BOB 3 - ESG,2026-06,ESG-MAR26-0223,TXN006431,FJI01,OPS,Operations & Logistics,Carbon offsets,5300,Professional Services,Origin Energy,BOB-ESG-0223,PO-ESG-7675,16803.46,supplier_score,684.63,708.69,103.5,532.57,20.8,84,-12931.65,0.31,Yes,ESG spend posted to non-ESG account or missing KPI link,Partial,Ready,Reclassify and link to KPI evidence,Yes,IBMBOB_ESG_Cost_KPI_Mar2026.csv + Raw_GL_Export_With_CostCenters_Mar2026_IBMBOB_Enhanced.csv
IBM BOB 3 - ESG,2026-06,ESG-MAR26-0224,TXN006432,AUS01,ACT,Australian Capital Territory,Waste reduction,5600,Telecommunications,Origin Energy,BOB-ESG-0224,PO-ESG-8957,24664.74,audit_evidence_count,562.4,392.97,69.9,207.64,39.3,82,24345.77,-0.59,Yes,ESG spend posted to non-ESG account or missing KPI link,Partial,Ready,Reclassify and link to KPI evidence,Yes,IBMBOB_ESG_Cost_KPI_Mar2026.csv + Raw_GL_Export_With_CostCenters_Mar2026_IBMBOB_Enhanced.csv
IBM BOB 3 - ESG,2026-06,ESG-MAR26-0225,TXN006433,NZL01,FIN,Finance & Accounting,Compliance assurance,5320,Audit Fees,Bureau Veritas,BOB-ESG-0225,PO-ESG-4314,85671.05,supplier_score,109.43,81.84,74.8,336.31,1.9,62,31363.42,0.07,No,None,Partial,Needs review,CFO approval for material ESG spend,Yes,IBMBOB_ESG_Cost_KPI_Mar2026.csv + Raw_GL_Export_With_CostCenters_Mar2026_IBMBOB_Enhanced.csv
IBM BOB 3 - ESG,2026-06,ESG-MAR26-0226,TXN006434,AUS01,NSW,New South Wales Operations,Supplier ESG premium,6010,Direct Materials,EcoVadis,BOB-ESG-0226,PO-ESG-3672,47401.25,audit_evidence_count,737.39,897.99,121.8,311.73,34.2,81,78675.64,-0.21,No,None,Complete,Needs review,CFO approval for material ESG spend,Yes,IBMBOB_ESG_Cost_KPI_Mar2026.csv + Raw_GL_Export_With_CostCenters_Mar2026_IBMBOB_Enhanced.csv
IBM BOB 3 - ESG,2026-06,ESG-MAR26-0227,TXN006435,FJI01,QLD,Queensland Operations,Fleet emissions,5400,Travel,Bureau Veritas,BOB-ESG-0227,PO-ESG-6163,94564.51,renewable_kwh,426.6,341.03,79.9,547.96,96.6,80,17149.51,0.22,Yes,ESG spend posted to non-ESG account or missing KPI link,Complete,Ready,Reclassify and link to KPI evidence,Yes,IBMBOB_ESG_Cost_KPI_Mar2026.csv + Raw_GL_Export_With_CostCenters_Mar2026_IBMBOB_Enhanced.csv
IBM BOB 3 - ESG,2026-06,ESG-MAR26-0228,TXN006436,NZL01,IT,Information Technology,Renewable sourcing premium,6000,Cost of Goods Sold,Origin Energy,BOB-ESG-0228,PO-ESG-2337,113179.03,renewable_kwh,450.78,315.83,70.1,179.96,63.6,65,-8828.75,-0.48,No,None,Missing,Partial,CFO approval for material ESG spend,Yes,IBMBOB_ESG_Cost_KPI_Mar2026.csv + Raw_GL_Export_With_CostCenters_Mar2026_IBMBOB_Enhanced.csv
IBM BOB 3 - ESG,2026-06,ESG-MAR26-0229,TXN006437,PNG01,QLD,Queensland Operations,Compliance assurance,5320,Audit Fees,EcoVadis,BOB-ESG-0229,PO-ESG-1006,44290.87,waste_kg_reduced,539.0,508.92,94.4,313.69,47.1,81,53095.1,-0.47,No,None,Missing,Partial,No action,No,IBMBOB_ESG_Cost_KPI_Mar2026.csv + Raw_GL_Export_With_CostCenters_Mar2026_IBMBOB_Enhanced.csv
IBM BOB 3 - ESG,2026-06,ESG-MAR26-0230,TXN006438,PNG01,NSW,New South Wales Operations,Supplier ESG premium,6010,Direct Materials,EcoVadis,BOB-ESG-0230,PO-ESG-7339,36516.93,audit_evidence_count,133.91,135.94,101.5,452.36,77.2,73,-23968.43,0.18,No,None,Complete,Ready,No action,No,IBMBOB_ESG_Cost_KPI_Mar2026.csv + Raw_GL_Export_With_CostCenters_Mar2026_IBMBOB_Enhanced.csv
IBM BOB 3 - ESG,2026-06,ESG-MAR26-0231,TXN006439,FJI01,HR,Human Resources,Fleet emissions,5400,Travel,Bureau Veritas,BOB-ESG-0231,PO-ESG-1644,9153.8,waste_kg_reduced,649.38,433.55,66.8,36.33,13.3,90,46658.42,0.34,No,None,Complete,Partial,No action,No,IBMBOB_ESG_Cost_KPI_Mar2026.csv + Raw_GL_Export_With_CostCenters_Mar2026_IBMBOB_Enhanced.csv
IBM BOB 3 - ESG,2026-06,ESG-MAR26-0232,TXN006440,NZL01,TAS,Tasmania Operations,Carbon offsets,5300,Professional Services,Sustainable Packaging Co,BOB-ESG-0232,PO-ESG-9011,103049.97,supplier_score,61.94,63.77,103.0,35.29,19.5,73,3586.43,-0.7,No,None,Missing,Ready,CFO approval for material ESG spend,Yes,IBMBOB_ESG_Cost_KPI_Mar2026.csv + Raw_GL_Export_With_CostCenters_Mar2026_IBMBOB_Enhanced.csv
IBM BOB 3 - ESG,2026-06,ESG-MAR26-0233,TXN006441,AUS01,R&D,Research & Development,Supplier ESG premium,6010,Direct Materials,Climate Active Advisor,BOB-ESG-0233,PO-ESG-7541,98201.25,tCO2e avoided,287.37,252.92,88.0,427.38,93.2,66,-23397.64,-0.25,No,None,Partial,Needs review,CFO approval for material ESG spend,Yes,IBMBOB_ESG_Cost_KPI_Mar2026.csv + Raw_GL_Export_With_CostCenters_Mar2026_IBMBOB_Enhanced.csv
IBM BOB 3 - ESG,2026-06,ESG-MAR26-0234,TXN006442,NZL01,HR,Human Resources,Sustainable packaging,6010,Direct Materials,Climate Active Advisor,BOB-ESG-0234,PO-ESG-5551,106128.08,tCO2e avoided,270.69,245.83,90.8,379.13,72.4,48,46200.26,0.09,No,None,Partial,Partial,CFO approval for material ESG spend,Yes,IBMBOB_ESG_Cost_KPI_Mar2026.csv + Raw_GL_Export_With_CostCenters_Mar2026_IBMBOB_Enhanced.csv
IBM BOB 3 - ESG,2026-06,ESG-MAR26-0235,TXN006443,NZL01,MKT,Marketing & Sales,Energy usage,5110,Utilities,Climate Active Advisor,BOB-ESG-0235,PO-ESG-8173,85200.32,audit_evidence_count,892.22,738.27,82.7,330.93,11.6,92,33739.89,0.09,Yes,ESG spend posted to non-ESG account or missing KPI link,Complete,Needs review,CFO approval for material ESG spend,Yes,IBMBOB_ESG_Cost_KPI_Mar2026.csv + Raw_GL_Export_With_CostCenters_Mar2026_IBMBOB_Enhanced.csv
IBM BOB 3 - ESG,2026-06,ESG-MAR26-0236,TXN006444,PNG01,MKT,Marketing & Sales,Waste reduction,5600,Telecommunications,Origin Energy,BOB-ESG-0236,PO-ESG-6397,50330.01,renewable_kwh,297.99,266.99,89.6,231.66,69.1,72,28045.71,0.28,No,None,Partial,Partial,No action,No,IBMBOB_ESG_Cost_KPI_Mar2026.csv + Raw_GL_Export_With_CostCenters_Mar2026_IBMBOB_Enhanced.csv
IBM BOB 3 - ESG,2026-06,ESG-MAR26-0237,TXN006445,NZL01,IT,Information Technology,Supplier ESG premium,6010,Direct Materials,Climate Active Advisor,BOB-ESG-0237,PO-ESG-2076,32433.26,audit_evidence_count,653.71,661.75,101.2,44.43,43.3,78,84356.22,0.18,No,None,Missing,Ready,No action,No,IBMBOB_ESG_Cost_KPI_Mar2026.csv + Raw_GL_Export_With_CostCenters_Mar2026_IBMBOB_Enhanced.csv
IBM BOB 3 - ESG,2026-06,ESG-MAR26-0238,TXN006446,PNG01,NSW,New South Wales Operations,Sustainable packaging,6010,Direct Materials,Energy Australia,BOB-ESG-0238,PO-ESG-2409,3808.8,tCO2e avoided,648.66,428.62,66.1,338.38,32.8,50,6987.25,0.38,No,None,Complete,Ready,No action,No,IBMBOB_ESG_Cost_KPI_Mar2026.csv + Raw_GL_Export_With_CostCenters_Mar2026_IBMBOB_Enhanced.csv
IBM BOB 3 - ESG,2026-06,ESG-MAR26-0239,TXN006447,AUS01,IT,Information Technology,Supplier ESG premium,6010,Direct Materials,Carbon Neutral Pty Ltd,BOB-ESG-0239,PO-ESG-2259,44206.33,supplier_score,208.23,154.22,74.1,416.75,45.5,89,46326.3,-0.47,Yes,ESG spend posted to non-ESG account or missing KPI link,Missing,Needs review,CFO approval for material ESG spend,Yes,IBMBOB_ESG_Cost_KPI_Mar2026.csv + Raw_GL_Export_With_CostCenters_Mar2026_IBMBOB_Enhanced.csv
IBM BOB 3 - ESG,2026-06,ESG-MAR26-0240,TXN006448,FJI01,VIC,Victoria Operations,Waste reduction,5600,Telecommunications,Energy Australia,BOB-ESG-0240,PO-ESG-4885,52399.35,tCO2e avoided,161.83,137.28,84.8,162.28,55.7,70,-750.15,0.24,No,None,Complete,Ready,No action,No,IBMBOB_ESG_Cost_KPI_Mar2026.csv + Raw_GL_Export_With_CostCenters_Mar2026_IBMBOB_Enhanced.csv
IBM BOB 3 - ESG,2026-06,ESG-MAR26-0241,TXN006449,FJI01,R&D,Research & Development,Renewable sourcing premium,6000,Cost of Goods Sold,Energy Australia,BOB-ESG-0241,PO-ESG-1529,88650.17,waste_kg_reduced,659.94,466.18,70.6,231.05,66.5,55,-7614.72,-0.54,No,None,Missing,Partial,No action,No,IBMBOB_ESG_Cost_KPI_Mar2026.csv + Raw_GL_Export_With_CostCenters_Mar2026_IBMBOB_Enhanced.csv
IBM BOB 3 - ESG,2026-06,ESG-MAR26-0242,TXN006450,AUS01,VIC,Victoria Operations,Sustainable packaging,6010,Direct Materials,Green Freight,BOB-ESG-0242,PO-ESG-5996,119463.59,renewable_kwh,448.73,458.07,102.1,28.95,72.6,79,35744.37,0.29,Yes,ESG spend posted to non-ESG account or missing KPI link,Missing,Partial,CFO approval for material ESG spend,Yes,IBMBOB_ESG_Cost_KPI_Mar2026.csv + Raw_GL_Export_With_CostCenters_Mar2026_IBMBOB_Enhanced.csv
IBM BOB 3 - ESG,2026-06,ESG-MAR26-0243,TXN006451,PNG01,IT,Information Technology,Fleet emissions,5400,Travel,Climate Active Advisor,BOB-ESG-0243,PO-ESG-4118,9564.08,renewable_kwh,399.18,412.81,103.4,448.56,15.9,67,-37922.11,-0.23,Yes,ESG spend posted to non-ESG account or missing KPI link,Missing,Needs review,CFO approval for material ESG spend,Yes,IBMBOB_ESG_Cost_KPI_Mar2026.csv + Raw_GL_Export_With_CostCenters_Mar2026_IBMBOB_Enhanced.csv
IBM BOB 3 - ESG,2026-06,ESG-MAR26-0244,TXN006452,PNG01,FIN,Finance & Accounting,Fleet emissions,5400,Travel,Green Freight,BOB-ESG-0244,PO-ESG-6200,94679.63,tCO2e avoided,94.69,108.66,114.8,230.91,40.3,55,51793.39,0.28,No,None,Complete,Partial,No action,No,IBMBOB_ESG_Cost_KPI_Mar2026.csv + Raw_GL_Export_With_CostCenters_Mar2026_IBMBOB_Enhanced.csv
IBM BOB 3 - ESG,2026-06,ESG-MAR26-0245,TXN006453,AUS01,QLD,Queensland Operations,Fleet emissions,5400,Travel,Carbon Neutral Pty Ltd,BOB-ESG-0245,PO-ESG-5039,7044.14,audit_evidence_count,657.33,644.84,98.1,30.4,20.8,81,55833.32,-0.38,No,None,Partial,Needs review,CFO approval for material ESG spend,Yes,IBMBOB_ESG_Cost_KPI_Mar2026.csv + Raw_GL_Export_With_CostCenters_Mar2026_IBMBOB_Enhanced.csv
IBM BOB 3 - ESG,2026-06,ESG-MAR26-0246,TXN006454,PNG01,HR,Human Resources,Compliance assurance,5320,Audit Fees,Climate Active Advisor,BOB-ESG-0246,PO-ESG-6373,90522.21,waste_kg_reduced,952.65,976.91,102.5,270.6,28.4,60,84815.89,-0.19,No,None,Partial,Ready,No action,No,IBMBOB_ESG_Cost_KPI_Mar2026.csv + Raw_GL_Export_With_CostCenters_Mar2026_IBMBOB_Enhanced.csv
IBM BOB 3 - ESG,2026-06,ESG-MAR26-0247,TXN006455,FJI01,OPS,Operations & Logistics,Sustainable packaging,6010,Direct Materials,Green Freight,BOB-ESG-0247,PO-ESG-8847,43208.62,tCO2e avoided,128.55,113.39,88.2,516.26,57.0,56,28592.97,-0.55,Yes,ESG spend posted to non-ESG account or missing KPI link,Missing,Ready,Reclassify and link to KPI evidence,Yes,IBMBOB_ESG_Cost_KPI_Mar2026.csv + Raw_GL_Export_With_CostCenters_Mar2026_IBMBOB_Enhanced.csv
IBM BOB 3 - ESG,2026-06,ESG-MAR26-0248,TXN006456,AUS01,FIN,Finance & Accounting,Compliance assurance,5320,Audit Fees,Green Freight,BOB-ESG-0248,PO-ESG-6972,68857.66,renewable_kwh,210.01,188.71,89.9,83.32,22.6,52,61953.71,-0.47,Yes,ESG spend posted to non-ESG account or missing KPI link,Missing,Partial,Reclassify and link to KPI evidence,Yes,IBMBOB_ESG_Cost_KPI_Mar2026.csv + Raw_GL_Export_With_CostCenters_Mar2026_IBMBOB_Enhanced.csv
IBM BOB 3 - ESG,2026-06,ESG-MAR26-0249,TXN006457,NZL01,R&D,Research & Development,Energy usage,5110,Utilities,Sustainable Packaging Co,BOB-ESG-0249,PO-ESG-2617,74100.01,renewable_kwh,439.89,504.23,114.6,521.77,21.5,96,-19368.58,-0.79,No,None,Partial,Ready,No action,No,IBMBOB_ESG_Cost_KPI_Mar2026.csv + Raw_GL_Export_With_CostCenters_Mar2026_IBMBOB_Enhanced.csv
IBM BOB 3 - ESG,2026-06,ESG-MAR26-0250,TXN006458,AUS01,TAS,Tasmania Operations,Fleet emissions,5400,Travel,EcoVadis,BOB-ESG-0250,PO-ESG-8853,69920.92,renewable_kwh,452.84,440.67,97.3,291.76,65.7,51,70429.75,-0.38,No,None,Missing,Needs review,CFO approval for material ESG spend,Yes,IBMBOB_ESG_Cost_KPI_Mar2026.csv + Raw_GL_Export_With_CostCenters_Mar2026_IBMBOB_Enhanced.csv
IBM BOB 3 - ESG,2026-06,ESG-MAR26-0251,TXN006459,PNG01,IT,Information Technology,Carbon offsets,5300,Professional Services,Origin Energy,BOB-ESG-0251,PO-ESG-9102,18471.75,waste_kg_reduced,217.93,223.14,102.4,476.71,44.8,61,23247.0,-0.69,No,None,Complete,Ready,No action,No,IBMBOB_ESG_Cost_KPI_Mar2026.csv + Raw_GL_Export_With_CostCenters_Mar2026_IBMBOB_Enhanced.csv
IBM BOB 3 - ESG,2026-06,ESG-MAR26-0252,TXN006460,FJI01,VIC,Victoria Operations,Sustainable packaging,6010,Direct Materials,EcoVadis,BOB-ESG-0252,PO-ESG-2974,115797.87,waste_kg_reduced,986.13,1069.46,108.5,221.8,21.4,98,-3887.04,0.33,No,None,Missing,Partial,CFO approval for material ESG spend,Yes,IBMBOB_ESG_Cost_KPI_Mar2026.csv + Raw_GL_Export_With_CostCenters_Mar2026_IBMBOB_Enhanced.csv
IBM BOB 3 - ESG,2026-06,ESG-MAR26-0253,TXN006461,AUS01,VIC,Victoria Operations,Energy usage,5110,Utilities,Sustainable Packaging Co,BOB-ESG-0253,PO-ESG-3693,24747.32,audit_evidence_count,165.22,117.98,71.4,79.45,95.7,81,24653.21,-0.18,No,None,Missing,Ready,No action,No,IBMBOB_ESG_Cost_KPI_Mar2026.csv + Raw_GL_Export_With_CostCenters_Mar2026_IBMBOB_Enhanced.csv
IBM BOB 3 - ESG,2026-06,ESG-MAR26-0254,TXN006462,FJI01,QLD,Queensland Operations,Energy usage,5110,Utilities,Climate Active Advisor,BOB-ESG-0254,PO-ESG-8951,12458.34,tCO2e avoided,924.2,795.17,86.0,323.81,81.3,80,-11529.18,0.11,No,None,Partial,Partial,No action,No,IBMBOB_ESG_Cost_KPI_Mar2026.csv + Raw_GL_Export_With_CostCenters_Mar2026_IBMBOB_Enhanced.csv
IBM BOB 3 - ESG,2026-06,ESG-MAR26-0255,TXN006463,AUS01,WA,Western Australia Operations,Compliance assurance,5320,Audit Fees,Green Freight,BOB-ESG-0255,PO-ESG-1234,111919.07,audit_evidence_count,408.9,457.44,111.9,456.0,80.9,51,15358.65,0.13,No,None,Partial,Ready,CFO approval for material ESG spend,Yes,IBMBOB_ESG_Cost_KPI_Mar2026.csv + Raw_GL_Export_With_CostCenters_Mar2026_IBMBOB_Enhanced.csv
IBM BOB 3 - ESG,2026-06,ESG-MAR26-0256,TXN006464,AUS01,TAS,Tasmania Operations,Supplier ESG premium,6010,Direct Materials,Carbon Neutral Pty Ltd,BOB-ESG-0256,PO-ESG-1448,34608.64,audit_evidence_count,192.6,133.78,69.5,193.12,39.4,46,83649.39,-0.77,Yes,ESG spend posted to non-ESG account or missing KPI link,Partial,Ready,Reclassify and link to KPI evidence,Yes,IBMBOB_ESG_Cost_KPI_Mar2026.csv + Raw_GL_Export_With_CostCenters_Mar2026_IBMBOB_Enhanced.csv
IBM BOB 3 - ESG,2026-06,ESG-MAR26-0257,TXN006465,NZL01,OPS,Operations & Logistics,Fleet emissions,5400,Travel,Origin Energy,BOB-ESG-0257,PO-ESG-5152,48275.86,supplier_score,439.25,379.45,86.4,352.11,78.7,84,10197.84,-0.72,No,None,Missing,Partial,No action,No,IBMBOB_ESG_Cost_KPI_Mar2026.csv + Raw_GL_Export_With_CostCenters_Mar2026_IBMBOB_Enhanced.csv
IBM BOB 3 - ESG,2026-06,ESG-MAR26-0258,TXN006466,AUS01,HR,Human Resources,Renewable sourcing premium,6000,Cost of Goods Sold,Bureau Veritas,BOB-ESG-0258,PO-ESG-4852,54924.08,audit_evidence_count,620.16,473.59,76.4,79.1,41.6,71,-41051.98,-0.77,Yes,ESG spend posted to non-ESG account or missing KPI link,Complete,Partial,Reclassify and link to KPI evidence,Yes,IBMBOB_ESG_Cost_KPI_Mar2026.csv + Raw_GL_Export_With_CostCenters_Mar2026_IBMBOB_Enhanced.csv
IBM BOB 3 - ESG,2026-06,ESG-MAR26-0259,TXN006467,PNG01,CORP,Corporate Head Office,Renewable sourcing premium,6000,Cost of Goods Sold,Energy Australia,BOB-ESG-0259,PO-ESG-4727,22226.35,supplier_score,343.37,345.7,100.7,500.59,42.1,70,30947.66,-0.15,No,None,Missing,Ready,No action,No,IBMBOB_ESG_Cost_KPI_Mar2026.csv + Raw_GL_Export_With_CostCenters_Mar2026_IBMBOB_Enhanced.csv
IBM BOB 3 - ESG,2026-06,ESG-MAR26-0260,TXN006468,PNG01,IT,Information Technology,Compliance assurance,5320,Audit Fees,Sustainable Packaging Co,BOB-ESG-0260,PO-ESG-3522,105972.89,waste_kg_reduced,122.61,133.04,108.5,111.81,51.9,88,4015.19,0.22,No,None,Partial,Ready,CFO approval for material ESG spend,Yes,IBMBOB_ESG_Cost_KPI_Mar2026.csv + Raw_GL_Export_With_CostCenters_Mar2026_IBMBOB_Enhanced.csv
IBM BOB 3 - ESG,2026-06,ESG-MAR26-0261,TXN006469,FJI01,NSW,New South Wales Operations,Fleet emissions,5400,Travel,Energy Australia,BOB-ESG-0261,PO-ESG-7412,22712.97,audit_evidence_count,395.32,310.49,78.5,159.91,17.7,78,7138.6,-0.73,No,None,Complete,Partial,No action,No,IBMBOB_ESG_Cost_KPI_Mar2026.csv + Raw_GL_Export_With_CostCenters_Mar2026_IBMBOB_Enhanced.csv
IBM BOB 3 - ESG,2026-06,ESG-MAR26-0262,TXN006470,NZL01,VIC,Victoria Operations,Fleet emissions,5400,Travel,Energy Australia,BOB-ESG-0262,PO-ESG-4365,31265.01,tCO2e avoided,829.69,827.53,99.7,37.76,38.4,57,22960.71,-0.29,No,None,Complete,Ready,No action,No,IBMBOB_ESG_Cost_KPI_Mar2026.csv + Raw_GL_Export_With_CostCenters_Mar2026_IBMBOB_Enhanced.csv
IBM BOB 3 - ESG,2026-06,ESG-MAR26-0263,TXN006471,NZL01,CORP,Corporate Head Office,Sustainable packaging,6010,Direct Materials,Origin Energy,BOB-ESG-0263,PO-ESG-2497,4357.41,audit_evidence_count,854.91,744.24,87.1,265.64,15.5,80,11088.97,-0.0,No,None,Complete,Ready,No action,No,IBMBOB_ESG_Cost_KPI_Mar2026.csv + Raw_GL_Export_With_CostCenters_Mar2026_IBMBOB_Enhanced.csv
IBM BOB 3 - ESG,2026-06,ESG-MAR26-0264,TXN006472,FJI01,TAS,Tasmania Operations,Supplier ESG premium,6010,Direct Materials,Carbon Neutral Pty Ltd,BOB-ESG-0264,PO-ESG-5196,98152.5,waste_kg_reduced,334.11,306.25,91.7,269.12,82.1,72,-21308.3,0.14,No,None,Missing,Partial,No action,No,IBMBOB_ESG_Cost_KPI_Mar2026.csv + Raw_GL_Export_With_CostCenters_Mar2026_IBMBOB_Enhanced.csv
IBM BOB 3 - ESG,2026-06,ESG-MAR26-0265,TXN006473,NZL01,NT,Northern Territory Operations,Waste reduction,5600,Telecommunications,Energy Australia,BOB-ESG-0265,PO-ESG-1662,87413.44,tCO2e avoided,370.32,417.2,112.7,199.06,19.4,98,41640.49,0.34,No,None,Partial,Ready,No action,No,IBMBOB_ESG_Cost_KPI_Mar2026.csv + Raw_GL_Export_With_CostCenters_Mar2026_IBMBOB_Enhanced.csv
IBM BOB 3 - ESG,2026-06,ESG-MAR26-0266,TXN006474,FJI01,NSW,New South Wales Operations,Sustainable packaging,6010,Direct Materials,EcoVadis,BOB-ESG-0266,PO-ESG-4779,32556.77,renewable_kwh,683.62,479.09,70.1,335.42,54.4,81,5549.17,0.25,No,None,Partial,Needs review,CFO approval for material ESG spend,Yes,IBMBOB_ESG_Cost_KPI_Mar2026.csv + Raw_GL_Export_With_CostCenters_Mar2026_IBMBOB_Enhanced.csv
IBM BOB 3 - ESG,2026-06,ESG-MAR26-0267,TXN006475,NZL01,MKT,Marketing & Sales,Renewable sourcing premium,6000,Cost of Goods Sold,Sustainable Packaging Co,BOB-ESG-0267,PO-ESG-7154,27608.8,audit_evidence_count,654.13,469.23,71.7,391.02,35.8,75,17728.27,-0.22,No,None,Partial,Needs review,CFO approval for material ESG spend,Yes,IBMBOB_ESG_Cost_KPI_Mar2026.csv + Raw_GL_Export_With_CostCenters_Mar2026_IBMBOB_Enhanced.csv
IBM BOB 3 - ESG,2026-06,ESG-MAR26-0268,TXN006476,NZL01,SA,South Australia Operations,Waste reduction,5600,Telecommunications,Green Freight,BOB-ESG-0268,PO-ESG-5622,69753.02,tCO2e avoided,281.42,266.71,94.8,61.68,37.2,76,-5019.94,-0.06,No,None,Partial,Needs review,CFO approval for material ESG spend,Yes,IBMBOB_ESG_Cost_KPI_Mar2026.csv + Raw_GL_Export_With_CostCenters_Mar2026_IBMBOB_Enhanced.csv
IBM BOB 3 - ESG,2026-06,ESG-MAR26-0269,TXN006477,AUS01,MKT,Marketing & Sales,Fleet emissions,5400,Travel,Origin Energy,BOB-ESG-0269,PO-ESG-2631,31194.17,audit_evidence_count,335.15,405.85,121.1,469.81,72.9,78,32543.34,-0.79,No,None,Complete,Needs review,CFO approval for material ESG spend,Yes,IBMBOB_ESG_Cost_KPI_Mar2026.csv + Raw_GL_Export_With_CostCenters_Mar2026_IBMBOB_Enhanced.csv
IBM BOB 3 - ESG,2026-06,ESG-MAR26-0270,TXN006478,FJI01,OPS,Operations & Logistics,Renewable sourcing premium,6000,Cost of Goods Sold,Green Freight,BOB-ESG-0270,PO-ESG-1543,103644.85,tCO2e avoided,755.51,604.09,80.0,97.48,95.9,46,36504.13,-0.33,No,None,Complete,Partial,CFO approval for material ESG spend,Yes,IBMBOB_ESG_Cost_KPI_Mar2026.csv + Raw_GL_Export_With_CostCenters_Mar2026_IBMBOB_Enhanced.csv
IBM BOB 3 - ESG,2026-06,ESG-MAR26-0271,TXN006479,FJI01,OPS,Operations & Logistics,Compliance assurance,5320,Audit Fees,Climate Active Advisor,BOB-ESG-0271,PO-ESG-2662,17457.13,renewable_kwh,423.41,399.7,94.4,78.01,8.4,88,-28118.41,-0.31,Yes,ESG spend posted to non-ESG account or missing KPI link,Missing,Partial,Reclassify and link to KPI evidence,Yes,IBMBOB_ESG_Cost_KPI_Mar2026.csv + Raw_GL_Export_With_CostCenters_Mar2026_IBMBOB_Enhanced.csv
IBM BOB 3 - ESG,2026-06,ESG-MAR26-0272,TXN006480,NZL01,WA,Western Australia Operations,Energy usage,5110,Utilities,Green Freight,BOB-ESG-0272,PO-ESG-1440,23715.69,audit_evidence_count,274.78,281.53,102.5,334.17,41.2,76,39511.52,-0.8,No,None,Partial,Partial,No action,No,IBMBOB_ESG_Cost_KPI_Mar2026.csv + Raw_GL_Export_With_CostCenters_Mar2026_IBMBOB_Enhanced.csv
IBM BOB 3 - ESG,2026-06,ESG-MAR26-0273,TXN006481,AUS01,R&D,Research & Development,Sustainable packaging,6010,Direct Materials,Sustainable Packaging Co,BOB-ESG-0273,PO-ESG-7257,25026.93,audit_evidence_count,445.49,476.96,107.1,192.99,55.1,45,-10873.0,-0.14,No,None,Complete,Needs review,CFO approval for material ESG spend,Yes,IBMBOB_ESG_Cost_KPI_Mar2026.csv + Raw_GL_Export_With_CostCenters_Mar2026_IBMBOB_Enhanced.csv
IBM BOB 3 - ESG,2026-06,ESG-MAR26-0274,TXN006482,FJI01,MKT,Marketing & Sales,Renewable sourcing premium,6000,Cost of Goods Sold,Sustainable Packaging Co,BOB-ESG-0274,PO-ESG-8685,35907.1,audit_evidence_count,537.87,383.04,71.2,125.1,38.0,89,19750.27,-0.41,No,None,Missing,Partial,No action,No,IBMBOB_ESG_Cost_KPI_Mar2026.csv + Raw_GL_Export_With_CostCenters_Mar2026_IBMBOB_Enhanced.csv
IBM BOB 3 - ESG,2026-06,ESG-MAR26-0275,TXN006483,AUS01,VIC,Victoria Operations,Supplier ESG premium,6010,Direct Materials,Green Freight,BOB-ESG-0275,PO-ESG-1990,94521.79,waste_kg_reduced,933.66,1064.61,114.0,211.18,24.3,54,-14662.23,-0.76,Yes,ESG spend posted to non-ESG account or missing KPI link,Partial,Needs review,CFO approval for material ESG spend,Yes,IBMBOB_ESG_Cost_KPI_Mar2026.csv + Raw_GL_Export_With_CostCenters_Mar2026_IBMBOB_Enhanced.csv
IBM BOB 3 - ESG,2026-06,ESG-MAR26-0276,TXN006484,NZL01,NT,Northern Territory Operations,Energy usage,5110,Utilities,Sustainable Packaging Co,BOB-ESG-0276,PO-ESG-7284,116554.17,audit_evidence_count,285.5,193.23,67.7,499.46,37.1,91,-2783.83,-0.13,Yes,ESG spend posted to non-ESG account or missing KPI link,Partial,Partial,CFO approval for material ESG spend,Yes,IBMBOB_ESG_Cost_KPI_Mar2026.csv + Raw_GL_Export_With_CostCenters_Mar2026_IBMBOB_Enhanced.csv
IBM BOB 3 - ESG,2026-06,ESG-MAR26-0277,TXN006485,FJI01,IT,Information Technology,Fleet emissions,5400,Travel,EcoVadis,BOB-ESG-0277,PO-ESG-9434,20345.02,audit_evidence_count,381.72,269.25,70.5,236.71,74.0,56,23893.63,0.01,No,None,Missing,Needs review,CFO approval for material ESG spend,Yes,IBMBOB_ESG_Cost_KPI_Mar2026.csv + Raw_GL_Export_With_CostCenters_Mar2026_IBMBOB_Enhanced.csv
IBM BOB 3 - ESG,2026-06,ESG-MAR26-0278,TXN006486,PNG01,CORP,Corporate Head Office,Fleet emissions,5400,Travel,Carbon Neutral Pty Ltd,BOB-ESG-0278,PO-ESG-3084,50852.43,supplier_score,683.87,662.25,96.8,26.34,52.4,73,54786.98,0.35,Yes,ESG spend posted to non-ESG account or missing KPI link,Missing,Partial,Reclassify and link to KPI evidence,Yes,IBMBOB_ESG_Cost_KPI_Mar2026.csv + Raw_GL_Export_With_CostCenters_Mar2026_IBMBOB_Enhanced.csv
IBM BOB 3 - ESG,2026-06,ESG-MAR26-0279,TXN006487,FJI01,IT,Information Technology,Supplier ESG premium,6010,Direct Materials,EcoVadis,BOB-ESG-0279,PO-ESG-8845,10213.53,audit_evidence_count,255.46,232.92,91.2,374.63,50.3,53,13011.91,-0.15,Yes,ESG spend posted to non-ESG account or missing KPI link,Missing,Needs review,CFO approval for material ESG spend,Yes,IBMBOB_ESG_Cost_KPI_Mar2026.csv + Raw_GL_Export_With_CostCenters_Mar2026_IBMBOB_Enhanced.csv
IBM BOB 3 - ESG,2026-06,ESG-MAR26-0280,TXN006488,AUS01,NT,Northern Territory Operations,Supplier ESG premium,6010,Direct Materials,Sustainable Packaging Co,BOB-ESG-0280,PO-ESG-1281,22499.27,waste_kg_reduced,597.98,702.39,117.5,215.13,38.4,62,-40422.58,-0.64,No,None,Missing,Needs review,CFO approval for material ESG spend,Yes,IBMBOB_ESG_Cost_KPI_Mar2026.csv + Raw_GL_Export_With_CostCenters_Mar2026_IBMBOB_Enhanced.csv
IBM BOB 3 - ESG,2026-06,ESG-MAR26-0281,TXN006489,FJI01,R&D,Research & Development,Carbon offsets,5300,Professional Services,Sustainable Packaging Co,BOB-ESG-0281,PO-ESG-4838,25897.66,renewable_kwh,343.54,402.63,117.2,179.1,93.0,79,-29943.62,-0.59,Yes,ESG spend posted to non-ESG account or missing KPI link,Partial,Needs review,CFO approval for material ESG spend,Yes,IBMBOB_ESG_Cost_KPI_Mar2026.csv + Raw_GL_Export_With_CostCenters_Mar2026_IBMBOB_Enhanced.csv
IBM BOB 3 - ESG,2026-06,ESG-MAR26-0282,TXN006490,FJI01,FIN,Finance & Accounting,Waste reduction,5600,Telecommunications,Origin Energy,BOB-ESG-0282,PO-ESG-7403,29395.15,supplier_score,439.27,415.27,94.5,373.79,64.2,55,-13436.67,0.04,No,None,Missing,Partial,No action,No,IBMBOB_ESG_Cost_KPI_Mar2026.csv + Raw_GL_Export_With_CostCenters_Mar2026_IBMBOB_Enhanced.csv
IBM BOB 3 - ESG,2026-06,ESG-MAR26-0283,TXN006491,PNG01,SA,South Australia Operations,Fleet emissions,5400,Travel,Green Freight,BOB-ESG-0283,PO-ESG-2843,81897.99,audit_evidence_count,546.42,575.09,105.2,102.55,28.1,55,-19276.08,-0.63,No,None,Partial,Partial,No action,No,IBMBOB_ESG_Cost_KPI_Mar2026.csv + Raw_GL_Export_With_CostCenters_Mar2026_IBMBOB_Enhanced.csv
IBM BOB 3 - ESG,2026-06,ESG-MAR26-0284,TXN006492,AUS01,WA,Western Australia Operations,Compliance assurance,5320,Audit Fees,Climate Active Advisor,BOB-ESG-0284,PO-ESG-1309,28005.57,tCO2e avoided,195.37,130.32,66.7,40.87,20.4,94,-29584.46,-0.06,No,None,Missing,Ready,No action,No,IBMBOB_ESG_Cost_KPI_Mar2026.csv + Raw_GL_Export_With_CostCenters_Mar2026_IBMBOB_Enhanced.csv
IBM BOB 3 - ESG,2026-06,ESG-MAR26-0285,TXN006493,AUS01,MKT,Marketing & Sales,Renewable sourcing premium,6000,Cost of Goods Sold,Energy Australia,BOB-ESG-0285,PO-ESG-7449,38814.31,waste_kg_reduced,748.59,656.04,87.6,343.36,83.4,59,41280.22,-0.11,No,None,Partial,Ready,No action,No,IBMBOB_ESG_Cost_KPI_Mar2026.csv + Raw_GL_Export_With_CostCenters_Mar2026_IBMBOB_Enhanced.csv
IBM BOB 3 - ESG,2026-06,ESG-MAR26-0286,TXN006494,FJI01,MKT,Marketing & Sales,Energy usage,5110,Utilities,Climate Active Advisor,BOB-ESG-0286,PO-ESG-8079,108589.52,supplier_score,216.13,201.72,93.3,245.34,79.1,62,80245.02,-0.62,No,None,Missing,Ready,CFO approval for material ESG spend,Yes,IBMBOB_ESG_Cost_KPI_Mar2026.csv + Raw_GL_Export_With_CostCenters_Mar2026_IBMBOB_Enhanced.csv
IBM BOB 3 - ESG,2026-06,ESG-MAR26-0287,TXN006495,PNG01,OPS,Operations & Logistics,Carbon offsets,5300,Professional Services,EcoVadis,BOB-ESG-0287,PO-ESG-6919,98678.73,waste_kg_reduced,236.01,283.22,120.0,175.15,49.3,82,32861.08,-0.15,No,None,Missing,Ready,No action,No,IBMBOB_ESG_Cost_KPI_Mar2026.csv + Raw_GL_Export_With_CostCenters_Mar2026_IBMBOB_Enhanced.csv
IBM BOB 3 - ESG,2026-06,ESG-MAR26-0288,TXN006496,FJI01,QLD,Queensland Operations,Compliance assurance,5320,Audit Fees,Energy Australia,BOB-ESG-0288,PO-ESG-9810,19510.73,renewable_kwh,208.42,195.41,93.8,198.12,57.1,70,-39463.04,-0.3,No,None,Missing,Partial,No action,No,IBMBOB_ESG_Cost_KPI_Mar2026.csv + Raw_GL_Export_With_CostCenters_Mar2026_IBMBOB_Enhanced.csv
IBM BOB 3 - ESG,2026-06,ESG-MAR26-0289,TXN006497,FJI01,ACT,Australian Capital Territory,Supplier ESG premium,6010,Direct Materials,Origin Energy,BOB-ESG-0289,PO-ESG-9906,31451.75,audit_evidence_count,412.77,515.96,125.0,224.18,86.6,61,76904.78,0.14,No,None,Partial,Partial,No action,No,IBMBOB_ESG_Cost_KPI_Mar2026.csv + Raw_GL_Export_With_CostCenters_Mar2026_IBMBOB_Enhanced.csv
IBM BOB 3 - ESG,2026-06,ESG-MAR26-0290,TXN006498,PNG01,TAS,Tasmania Operations,Carbon offsets,5300,Professional Services,Energy Australia,BOB-ESG-0290,PO-ESG-3069,5688.02,supplier_score,664.74,468.71,70.5,394.15,84.8,89,-41416.46,-0.05,No,None,Complete,Partial,No action,No,IBMBOB_ESG_Cost_KPI_Mar2026.csv + Raw_GL_Export_With_CostCenters_Mar2026_IBMBOB_Enhanced.csv
IBM BOB 3 - ESG,2026-06,ESG-MAR26-0291,TXN006499,AUS01,TAS,Tasmania Operations,Compliance assurance,5320,Audit Fees,Origin Energy,BOB-ESG-0291,PO-ESG-9562,60420.24,supplier_score,580.13,519.51,89.6,513.37,25.7,91,30886.36,-0.21,No,None,Partial,Needs review,CFO approval for material ESG spend,Yes,IBMBOB_ESG_Cost_KPI_Mar2026.csv + Raw_GL_Export_With_CostCenters_Mar2026_IBMBOB_Enhanced.csv
IBM BOB 3 - ESG,2026-06,ESG-MAR26-0292,TXN006500,AUS01,R&D,Research & Development,Compliance assurance,5320,Audit Fees,Bureau Veritas,BOB-ESG-0292,PO-ESG-4772,68963.94,tCO2e avoided,750.97,723.45,96.3,247.18,84.0,78,13862.33,-0.74,No,None,Missing,Partial,No action,No,IBMBOB_ESG_Cost_KPI_Mar2026.csv + Raw_GL_Export_With_CostCenters_Mar2026_IBMBOB_Enhanced.csv
IBM BOB 3 - ESG,2026-06,ESG-MAR26-0293,TXN006501,NZL01,ACT,Australian Capital Territory,Energy usage,5110,Utilities,Bureau Veritas,BOB-ESG-0293,PO-ESG-5552,30706.16,tCO2e avoided,958.28,787.19,82.1,436.02,88.1,98,59948.07,0.14,No,None,Missing,Partial,No action,No,IBMBOB_ESG_Cost_KPI_Mar2026.csv + Raw_GL_Export_With_CostCenters_Mar2026_IBMBOB_Enhanced.csv
IBM BOB 3 - ESG,2026-06,ESG-MAR26-0294,TXN006502,NZL01,R&D,Research & Development,Waste reduction,5600,Telecommunications,Energy Australia,BOB-ESG-0294,PO-ESG-3017,5150.69,audit_evidence_count,383.81,253.88,66.1,240.73,78.0,67,-195.6,-0.45,No,None,Missing,Ready,No action,No,IBMBOB_ESG_Cost_KPI_Mar2026.csv + Raw_GL_Export_With_CostCenters_Mar2026_IBMBOB_Enhanced.csv
IBM BOB 3 - ESG,2026-06,ESG-MAR26-0295,TXN006503,NZL01,IT,Information Technology,Renewable sourcing premium,6000,Cost of Goods Sold,Green Freight,BOB-ESG-0295,PO-ESG-6672,93436.57,audit_evidence_count,90.81,94.29,103.8,368.73,77.8,50,-6645.67,-0.05,No,None,Complete,Partial,No action,No,IBMBOB_ESG_Cost_KPI_Mar2026.csv + Raw_GL_Export_With_CostCenters_Mar2026_IBMBOB_Enhanced.csv
IBM BOB 3 - ESG,2026-06,ESG-MAR26-0296,TXN006504,NZL01,NT,Northern Territory Operations,Waste reduction,5600,Telecommunications,Carbon Neutral Pty Ltd,BOB-ESG-0296,PO-ESG-4323,75511.62,waste_kg_reduced,738.56,498.97,67.6,259.73,81.3,97,51522.38,-0.69,No,None,Complete,Needs review,CFO approval for material ESG spend,Yes,IBMBOB_ESG_Cost_KPI_Mar2026.csv + Raw_GL_Export_With_CostCenters_Mar2026_IBMBOB_Enhanced.csv
IBM BOB 3 - ESG,2026-06,ESG-MAR26-0297,TXN006505,AUS01,VIC,Victoria Operations,Compliance assurance,5320,Audit Fees,Carbon Neutral Pty Ltd,BOB-ESG-0297,PO-ESG-6830,63544.35,supplier_score,496.7,338.71,68.2,497.93,57.5,93,-37478.56,-0.37,No,None,Partial,Needs review,CFO approval for material ESG spend,Yes,IBMBOB_ESG_Cost_KPI_Mar2026.csv + Raw_GL_Export_With_CostCenters_Mar2026_IBMBOB_Enhanced.csv
IBM BOB 3 - ESG,2026-06,ESG-MAR26-0298,TXN006506,NZL01,ACT,Australian Capital Territory,Sustainable packaging,6010,Direct Materials,Sustainable Packaging Co,BOB-ESG-0298,PO-ESG-8726,94762.78,tCO2e avoided,107.28,102.31,95.4,538.34,44.0,86,29305.61,-0.46,No,None,Partial,Needs review,CFO approval for material ESG spend,Yes,IBMBOB_ESG_Cost_KPI_Mar2026.csv + Raw_GL_Export_With_CostCenters_Mar2026_IBMBOB_Enhanced.csv
IBM BOB 3 - ESG,2026-06,ESG-MAR26-0299,TXN006507,AUS01,TAS,Tasmania Operations,Waste reduction,5600,Telecommunications,EcoVadis,BOB-ESG-0299,PO-ESG-7400,61088.89,supplier_score,685.06,715.75,104.5,544.22,41.8,86,16335.57,-0.25,No,None,Complete,Needs review,CFO approval for material ESG spend,Yes,IBMBOB_ESG_Cost_KPI_Mar2026.csv + Raw_GL_Export_With_CostCenters_Mar2026_IBMBOB_Enhanced.csv
IBM BOB 3 - ESG,2026-06,ESG-MAR26-0300,TXN006508,PNG01,MKT,Marketing & Sales,Sustainable packaging,6010,Direct Materials,Bureau Veritas,BOB-ESG-0300,PO-ESG-3443,63516.38,audit_evidence_count,403.31,389.4,96.6,409.12,36.2,84,76961.82,-0.34,No,None,Missing,Ready,No action,No,IBMBOB_ESG_Cost_KPI_Mar2026.csv + Raw_GL_Export_With_CostCenters_Mar2026_IBMBOB_Enhanced.csv
IBM BOB 3 - ESG,2026-06,ESG-MAR26-0301,TXN006509,FJI01,R&D,Research & Development,Carbon offsets,5300,Professional Services,Origin Energy,BOB-ESG-0301,PO-ESG-3993,11674.28,audit_evidence_count,694.96,671.16,96.6,386.83,20.7,66,43706.99,-0.57,No,None,Partial,Partial,No action,No,IBMBOB_ESG_Cost_KPI_Mar2026.csv + Raw_GL_Export_With_CostCenters_Mar2026_IBMBOB_Enhanced.csv
IBM BOB 3 - ESG,2026-06,ESG-MAR26-0302,TXN006510,PNG01,IT,Information Technology,Energy usage,5110,Utilities,Green Freight,BOB-ESG-0302,PO-ESG-1152,48747.64,tCO2e avoided,844.2,1008.4,119.5,284.72,31.0,87,83094.46,-0.78,No,None,Missing,Partial,No action,No,IBMBOB_ESG_Cost_KPI_Mar2026.csv + Raw_GL_Export_With_CostCenters_Mar2026_IBMBOB_Enhanced.csv
IBM BOB 3 - ESG,2026-06,ESG-MAR26-0303,TXN006511,FJI01,QLD,Queensland Operations,Supplier ESG premium,6010,Direct Materials,Climate Active Advisor,BOB-ESG-0303,PO-ESG-4978,42657.78,waste_kg_reduced,394.2,301.71,76.5,304.03,5.3,59,8807.11,-0.6,Yes,ESG spend posted to non-ESG account or missing KPI link,Complete,Partial,Reclassify and link to KPI evidence,Yes,IBMBOB_ESG_Cost_KPI_Mar2026.csv + Raw_GL_Export_With_CostCenters_Mar2026_IBMBOB_Enhanced.csv
IBM BOB 3 - ESG,2026-06,ESG-MAR26-0304,TXN006512,AUS01,NT,Northern Territory Operations,Compliance assurance,5320,Audit Fees,Bureau Veritas,BOB-ESG-0304,PO-ESG-5600,81159.47,waste_kg_reduced,107.44,91.32,85.0,60.4,7.3,80,-32089.36,-0.43,No,None,Missing,Ready,No action,No,IBMBOB_ESG_Cost_KPI_Mar2026.csv + Raw_GL_Export_With_CostCenters_Mar2026_IBMBOB_Enhanced.csv
IBM BOB 3 - ESG,2026-06,ESG-MAR26-0305,TXN006513,AUS01,SA,South Australia Operations,Renewable sourcing premium,6000,Cost of Goods Sold,Bureau Veritas,BOB-ESG-0305,PO-ESG-3155,4304.92,waste_kg_reduced,96.3,99.14,102.9,316.37,14.2,77,-34344.17,-0.63,No,None,Complete,Ready,No action,No,IBMBOB_ESG_Cost_KPI_Mar2026.csv + Raw_GL_Export_With_CostCenters_Mar2026_IBMBOB_Enhanced.csv
IBM BOB 3 - ESG,2026-06,ESG-MAR26-0306,TXN006514,PNG01,R&D,Research & Development,Compliance assurance,5320,Audit Fees,EcoVadis,BOB-ESG-0306,PO-ESG-6972,55158.4,supplier_score,483.83,410.72,84.9,91.05,90.0,80,-17238.77,-0.64,No,None,Missing,Ready,No action,No,IBMBOB_ESG_Cost_KPI_Mar2026.csv + Raw_GL_Export_With_CostCenters_Mar2026_IBMBOB_Enhanced.csv
IBM BOB 3 - ESG,2026-06,ESG-MAR26-0307,TXN006515,FJI01,OPS,Operations & Logistics,Supplier ESG premium,6010,Direct Materials,Climate Active Advisor,BOB-ESG-0307,PO-ESG-6031,28952.67,renewable_kwh,58.19,45.06,77.4,219.33,55.9,81,32880.41,-0.76,No,None,Missing,Partial,No action,No,IBMBOB_ESG_Cost_KPI_Mar2026.csv + Raw_GL_Export_With_CostCenters_Mar2026_IBMBOB_Enhanced.csv
IBM BOB 3 - ESG,2026-06,ESG-MAR26-0308,TXN006516,AUS01,MKT,Marketing & Sales,Carbon offsets,5300,Professional Services,Origin Energy,BOB-ESG-0308,PO-ESG-4791,75848.87,audit_evidence_count,470.49,404.51,86.0,223.13,73.8,61,-33635.56,0.08,No,None,Partial,Needs review,CFO approval for material ESG spend,Yes,IBMBOB_ESG_Cost_KPI_Mar2026.csv + Raw_GL_Export_With_CostCenters_Mar2026_IBMBOB_Enhanced.csv
IBM BOB 3 - ESG,2026-06,ESG-MAR26-0309,TXN006517,AUS01,VIC,Victoria Operations,Compliance assurance,5320,Audit Fees,Bureau Veritas,BOB-ESG-0309,PO-ESG-4177,93681.8,tCO2e avoided,229.78,151.07,65.7,403.18,61.3,49,-10984.11,-0.55,No,None,Complete,Partial,No action,No,IBMBOB_ESG_Cost_KPI_Mar2026.csv + Raw_GL_Export_With_CostCenters_Mar2026_IBMBOB_Enhanced.csv
IBM BOB 3 - ESG,2026-06,ESG-MAR26-0310,TXN006518,FJI01,R&D,Research & Development,Energy usage,5110,Utilities,Bureau Veritas,BOB-ESG-0310,PO-ESG-3427,103428.81,tCO2e avoided,64.61,74.98,116.1,151.89,9.9,73,-29611.74,-0.52,No,None,Missing,Partial,CFO approval for material ESG spend,Yes,IBMBOB_ESG_Cost_KPI_Mar2026.csv + Raw_GL_Export_With_CostCenters_Mar2026_IBMBOB_Enhanced.csv
IBM BOB 3 - ESG,2026-06,ESG-MAR26-0311,TXN006519,NZL01,SA,South Australia Operations,Carbon offsets,5300,Professional Services,Green Freight,BOB-ESG-0311,PO-ESG-5153,72065.32,waste_kg_reduced,254.54,282.63,111.0,481.18,89.2,54,44068.87,-0.27,No,None,Missing,Partial,No action,No,IBMBOB_ESG_Cost_KPI_Mar2026.csv + Raw_GL_Export_With_CostCenters_Mar2026_IBMBOB_Enhanced.csv
IBM BOB 3 - ESG,2026-06,ESG-MAR26-0312,TXN006520,AUS01,MKT,Marketing & Sales,Waste reduction,5600,Telecommunications,Energy Australia,BOB-ESG-0312,PO-ESG-1095,111460.16,audit_evidence_count,784.83,763.17,97.2,430.47,3.5,82,-10236.66,0.36,No,None,Complete,Partial,CFO approval for material ESG spend,Yes,IBMBOB_ESG_Cost_KPI_Mar2026.csv + Raw_GL_Export_With_CostCenters_Mar2026_IBMBOB_Enhanced.csv
IBM BOB 3 - ESG,2026-06,ESG-MAR26-0313,TXN006521,AUS01,QLD,Queensland Operations,Renewable sourcing premium,6000,Cost of Goods Sold,Green Freight,BOB-ESG-0313,PO-ESG-6971,20665.6,waste_kg_reduced,612.34,594.24,97.0,292.57,91.0,99,80949.74,-0.78,No,None,Partial,Needs review,CFO approval for material ESG spend,Yes,IBMBOB_ESG_Cost_KPI_Mar2026.csv + Raw_GL_Export_With_CostCenters_Mar2026_IBMBOB_Enhanced.csv
IBM BOB 3 - ESG,2026-06,ESG-MAR26-0314,TXN006522,FJI01,NT,Northern Territory Operations,Energy usage,5110,Utilities,Bureau Veritas,BOB-ESG-0314,PO-ESG-5688,52964.28,waste_kg_reduced,621.62,602.98,97.0,360.67,8.5,72,-42620.21,-0.64,No,None,Missing,Needs review,CFO approval for material ESG spend,Yes,IBMBOB_ESG_Cost_KPI_Mar2026.csv + Raw_GL_Export_With_CostCenters_Mar2026_IBMBOB_Enhanced.csv
IBM BOB 3 - ESG,2026-06,ESG-MAR26-0315,TXN006523,AUS01,FIN,Finance & Accounting,Energy usage,5110,Utilities,Climate Active Advisor,BOB-ESG-0315,PO-ESG-8741,15898.6,tCO2e avoided,974.04,716.36,73.5,239.98,30.5,88,75486.21,-0.1,Yes,ESG spend posted to non-ESG account or missing KPI link,Partial,Needs review,CFO approval for material ESG spend,Yes,IBMBOB_ESG_Cost_KPI_Mar2026.csv + Raw_GL_Export_With_CostCenters_Mar2026_IBMBOB_Enhanced.csv
IBM BOB 3 - ESG,2026-06,ESG-MAR26-0316,TXN006524,FJI01,MKT,Marketing & Sales,Renewable sourcing premium,6000,Cost of Goods Sold,Bureau Veritas,BOB-ESG-0316,PO-ESG-9956,84842.18,renewable_kwh,756.34,846.95,112.0,423.95,52.9,48,13112.03,-0.02,No,None,Complete,Needs review,CFO approval for material ESG spend,Yes,IBMBOB_ESG_Cost_KPI_Mar2026.csv + Raw_GL_Export_With_CostCenters_Mar2026_IBMBOB_Enhanced.csv
IBM BOB 3 - ESG,2026-06,ESG-MAR26-0317,TXN006525,AUS01,IT,Information Technology,Waste reduction,5600,Telecommunications,Green Freight,BOB-ESG-0317,PO-ESG-1115,40970.45,waste_kg_reduced,463.38,543.17,117.2,505.88,16.3,73,-9039.75,0.23,Yes,ESG spend posted to non-ESG account or missing KPI link,Partial,Partial,Reclassify and link to KPI evidence,Yes,IBMBOB_ESG_Cost_KPI_Mar2026.csv + Raw_GL_Export_With_CostCenters_Mar2026_IBMBOB_Enhanced.csv
IBM BOB 3 - ESG,2026-06,ESG-MAR26-0318,TXN006526,NZL01,CORP,Corporate Head Office,Fleet emissions,5400,Travel,Green Freight,BOB-ESG-0318,PO-ESG-3972,100960.28,audit_evidence_count,313.02,232.61,74.3,179.55,18.8,45,-38924.02,0.07,Yes,ESG spend posted to non-ESG account or missing KPI link,Missing,Ready,CFO approval for material ESG spend,Yes,IBMBOB_ESG_Cost_KPI_Mar2026.csv + Raw_GL_Export_With_CostCenters_Mar2026_IBMBOB_Enhanced.csv
IBM BOB 3 - ESG,2026-06,ESG-MAR26-0319,TXN006527,FJI01,HR,Human Resources,Renewable sourcing premium,6000,Cost of Goods Sold,Carbon Neutral Pty Ltd,BOB-ESG-0319,PO-ESG-1755,93478.0,renewable_kwh,902.72,882.97,97.8,37.77,86.5,47,58456.49,0.27,No,None,Partial,Needs review,CFO approval for material ESG spend,Yes,IBMBOB_ESG_Cost_KPI_Mar2026.csv + Raw_GL_Export_With_CostCenters_Mar2026_IBMBOB_Enhanced.csv
IBM BOB 3 - ESG,2026-06,ESG-MAR26-0320,TXN006528,NZL01,R&D,Research & Development,Energy usage,5110,Utilities,Climate Active Advisor,BOB-ESG-0320,PO-ESG-6504,101671.49,audit_evidence_count,98.52,79.44,80.6,500.58,48.7,61,56758.83,-0.18,No,None,Partial,Needs review,CFO approval for material ESG spend,Yes,IBMBOB_ESG_Cost_KPI_Mar2026.csv + Raw_GL_Export_With_CostCenters_Mar2026_IBMBOB_Enhanced.csv
IBM BOB 3 - ESG,2026-06,ESG-MAR26-0321,TXN006529,FJI01,VIC,Victoria Operations,Supplier ESG premium,6010,Direct Materials,Bureau Veritas,BOB-ESG-0321,PO-ESG-3700,85529.97,audit_evidence_count,749.14,489.42,65.3,247.39,46.8,57,-30055.91,0.28,No,None,Missing,Ready,No action,No,IBMBOB_ESG_Cost_KPI_Mar2026.csv + Raw_GL_Export_With_CostCenters_Mar2026_IBMBOB_Enhanced.csv
IBM BOB 3 - ESG,2026-06,ESG-MAR26-0322,TXN006530,NZL01,IT,Information Technology,Compliance assurance,5320,Audit Fees,Energy Australia,BOB-ESG-0322,PO-ESG-3211,34820.72,renewable_kwh,375.32,265.72,70.8,134.39,38.7,73,-3758.25,-0.11,No,None,Complete,Partial,No action,No,IBMBOB_ESG_Cost_KPI_Mar2026.csv + Raw_GL_Export_With_CostCenters_Mar2026_IBMBOB_Enhanced.csv
IBM BOB 3 - ESG,2026-06,ESG-MAR26-0323,TXN006531,PNG01,ACT,Australian Capital Territory,Carbon offsets,5300,Professional Services,Climate Active Advisor,BOB-ESG-0323,PO-ESG-9316,26467.21,audit_evidence_count,841.56,706.03,83.9,297.84,28.7,83,69436.57,-0.57,No,None,Complete,Partial,No action,No,IBMBOB_ESG_Cost_KPI_Mar2026.csv + Raw_GL_Export_With_CostCenters_Mar2026_IBMBOB_Enhanced.csv
IBM BOB 3 - ESG,2026-06,ESG-MAR26-0324,TXN006532,FJI01,OPS,Operations & Logistics,Energy usage,5110,Utilities,Sustainable Packaging Co,BOB-ESG-0324,PO-ESG-2982,88581.67,audit_evidence_count,883.06,837.89,94.9,197.43,78.5,98,69269.41,0.34,No,None,Missing,Ready,No action,No,IBMBOB_ESG_Cost_KPI_Mar2026.csv + Raw_GL_Export_With_CostCenters_Mar2026_IBMBOB_Enhanced.csv
IBM BOB 3 - ESG,2026-06,ESG-MAR26-0325,TXN006533,NZL01,HR,Human Resources,Renewable sourcing premium,6000,Cost of Goods Sold,Bureau Veritas,BOB-ESG-0325,PO-ESG-9209,39984.64,renewable_kwh,362.69,394.75,108.8,78.08,55.4,96,-18984.01,0.01,No,None,Complete,Ready,No action,No,IBMBOB_ESG_Cost_KPI_Mar2026.csv + Raw_GL_Export_With_CostCenters_Mar2026_IBMBOB_Enhanced.csv
IBM BOB 3 - ESG,2026-06,ESG-MAR26-0326,TXN006534,FJI01,HR,Human Resources,Fleet emissions,5400,Travel,EcoVadis,BOB-ESG-0326,PO-ESG-8386,112713.73,supplier_score,288.96,238.69,82.6,425.44,8.6,93,71141.27,-0.42,No,None,Missing,Ready,CFO approval for material ESG spend,Yes,IBMBOB_ESG_Cost_KPI_Mar2026.csv + Raw_GL_Export_With_CostCenters_Mar2026_IBMBOB_Enhanced.csv
IBM BOB 3 - ESG,2026-06,ESG-MAR26-0327,TXN006535,AUS01,NT,Northern Territory Operations,Fleet emissions,5400,Travel,Green Freight,BOB-ESG-0327,PO-ESG-4741,43099.22,renewable_kwh,473.8,561.46,118.5,118.24,9.0,66,-42172.26,0.14,Yes,ESG spend posted to non-ESG account or missing KPI link,Complete,Ready,Reclassify and link to KPI evidence,Yes,IBMBOB_ESG_Cost_KPI_Mar2026.csv + Raw_GL_Export_With_CostCenters_Mar2026_IBMBOB_Enhanced.csv
IBM BOB 3 - ESG,2026-06,ESG-MAR26-0328,TXN006536,NZL01,OPS,Operations & Logistics,Fleet emissions,5400,Travel,Sustainable Packaging Co,BOB-ESG-0328,PO-ESG-6948,54365.61,audit_evidence_count,63.16,49.26,78.0,242.3,94.2,68,24976.98,-0.51,No,None,Complete,Ready,No action,No,IBMBOB_ESG_Cost_KPI_Mar2026.csv + Raw_GL_Export_With_CostCenters_Mar2026_IBMBOB_Enhanced.csv
IBM BOB 3 - ESG,2026-06,ESG-MAR26-0329,TXN006537,FJI01,HR,Human Resources,Carbon offsets,5300,Professional Services,Energy Australia,BOB-ESG-0329,PO-ESG-2484,108492.56,audit_evidence_count,646.8,720.45,111.4,529.11,15.8,67,-30183.02,-0.11,No,None,Complete,Ready,CFO approval for material ESG spend,Yes,IBMBOB_ESG_Cost_KPI_Mar2026.csv + Raw_GL_Export_With_CostCenters_Mar2026_IBMBOB_Enhanced.csv
IBM BOB 3 - ESG,2026-06,ESG-MAR26-0330,TXN006538,PNG01,OPS,Operations & Logistics,Fleet emissions,5400,Travel,Bureau Veritas,BOB-ESG-0330,PO-ESG-1352,30461.76,tCO2e avoided,107.13,93.45,87.2,329.22,4.1,78,-39098.57,0.23,No,None,Missing,Needs review,CFO approval for material ESG spend,Yes,IBMBOB_ESG_Cost_KPI_Mar2026.csv + Raw_GL_Export_With_CostCenters_Mar2026_IBMBOB_Enhanced.csv
IBM BOB 3 - ESG,2026-06,ESG-MAR26-0331,TXN006539,PNG01,SA,South Australia Operations,Sustainable packaging,6010,Direct Materials,Bureau Veritas,BOB-ESG-0331,PO-ESG-1195,5804.4,audit_evidence_count,443.26,477.32,107.7,60.28,3.4,99,-7451.3,-0.52,No,None,Partial,Needs review,CFO approval for material ESG spend,Yes,IBMBOB_ESG_Cost_KPI_Mar2026.csv + Raw_GL_Export_With_CostCenters_Mar2026_IBMBOB_Enhanced.csv
IBM BOB 3 - ESG,2026-06,ESG-MAR26-0332,TXN006540,FJI01,R&D,Research & Development,Fleet emissions,5400,Travel,Green Freight,BOB-ESG-0332,PO-ESG-7069,12954.24,tCO2e avoided,907.94,670.85,73.9,65.56,33.7,76,-9321.04,-0.68,Yes,ESG spend posted to non-ESG account or missing KPI link,Complete,Needs review,CFO approval for material ESG spend,Yes,IBMBOB_ESG_Cost_KPI_Mar2026.csv + Raw_GL_Export_With_CostCenters_Mar2026_IBMBOB_Enhanced.csv
IBM BOB 3 - ESG,2026-06,ESG-MAR26-0333,TXN006541,NZL01,TAS,Tasmania Operations,Energy usage,5110,Utilities,Carbon Neutral Pty Ltd,BOB-ESG-0333,PO-ESG-3180,15402.18,waste_kg_reduced,699.26,537.68,76.9,492.26,16.5,98,74232.4,-0.56,No,None,Partial,Ready,No action,No,IBMBOB_ESG_Cost_KPI_Mar2026.csv + Raw_GL_Export_With_CostCenters_Mar2026_IBMBOB_Enhanced.csv
IBM BOB 3 - ESG,2026-06,ESG-MAR26-0334,TXN006542,FJI01,WA,Western Australia Operations,Compliance assurance,5320,Audit Fees,Climate Active Advisor,BOB-ESG-0334,PO-ESG-1982,8589.28,waste_kg_reduced,68.92,51.82,75.2,413.61,86.2,56,51701.33,-0.76,Yes,ESG spend posted to non-ESG account or missing KPI link,Complete,Ready,Reclassify and link to KPI evidence,Yes,IBMBOB_ESG_Cost_KPI_Mar2026.csv + Raw_GL_Export_With_CostCenters_Mar2026_IBMBOB_Enhanced.csv
IBM BOB 3 - ESG,2026-06,ESG-MAR26-0335,TXN006543,AUS01,CORP,Corporate Head Office,Fleet emissions,5400,Travel,Energy Australia,BOB-ESG-0335,PO-ESG-2965,32047.43,supplier_score,499.83,370.47,74.1,131.07,22.7,80,18669.75,-0.11,No,None,Partial,Needs review,CFO approval for material ESG spend,Yes,IBMBOB_ESG_Cost_KPI_Mar2026.csv + Raw_GL_Export_With_CostCenters_Mar2026_IBMBOB_Enhanced.csv
IBM BOB 3 - ESG,2026-06,ESG-MAR26-0336,TXN006544,NZL01,NSW,New South Wales Operations,Compliance assurance,5320,Audit Fees,Carbon Neutral Pty Ltd,BOB-ESG-0336,PO-ESG-2083,20464.79,supplier_score,527.89,404.2,76.6,436.9,27.7,84,20944.9,-0.59,Yes,ESG spend posted to non-ESG account or missing KPI link,Missing,Needs review,CFO approval for material ESG spend,Yes,IBMBOB_ESG_Cost_KPI_Mar2026.csv + Raw_GL_Export_With_CostCenters_Mar2026_IBMBOB_Enhanced.csv
IBM BOB 3 - ESG,2026-06,ESG-MAR26-0337,TXN006545,NZL01,IT,Information Technology,Waste reduction,5600,Telecommunications,Green Freight,BOB-ESG-0337,PO-ESG-1373,110809.31,supplier_score,836.93,1042.46,124.6,69.65,98.1,47,72334.82,0.4,No,None,Missing,Partial,CFO approval for material ESG spend,Yes,IBMBOB_ESG_Cost_KPI_Mar2026.csv + Raw_GL_Export_With_CostCenters_Mar2026_IBMBOB_Enhanced.csv
IBM BOB 3 - ESG,2026-06,ESG-MAR26-0338,TXN006546,PNG01,HR,Human Resources,Fleet emissions,5400,Travel,Sustainable Packaging Co,BOB-ESG-0338,PO-ESG-2708,81143.96,supplier_score,799.17,653.83,81.8,459.23,80.9,84,-7342.91,0.25,No,None,Missing,Partial,No action,No,IBMBOB_ESG_Cost_KPI_Mar2026.csv + Raw_GL_Export_With_CostCenters_Mar2026_IBMBOB_Enhanced.csv
IBM BOB 3 - ESG,2026-06,ESG-MAR26-0339,TXN006547,NZL01,QLD,Queensland Operations,Renewable sourcing premium,6000,Cost of Goods Sold,Origin Energy,BOB-ESG-0339,PO-ESG-3143,69657.21,waste_kg_reduced,446.64,412.99,92.5,497.79,45.4,65,-47369.24,0.27,No,None,Complete,Partial,No action,No,IBMBOB_ESG_Cost_KPI_Mar2026.csv + Raw_GL_Export_With_CostCenters_Mar2026_IBMBOB_Enhanced.csv
IBM BOB 3 - ESG,2026-06,ESG-MAR26-0340,TXN006548,NZL01,QLD,Queensland Operations,Waste reduction,5600,Telecommunications,Energy Australia,BOB-ESG-0340,PO-ESG-2364,97411.74,waste_kg_reduced,836.14,616.37,73.7,196.07,58.2,49,39869.04,0.25,Yes,ESG spend posted to non-ESG account or missing KPI link,Complete,Partial,Reclassify and link to KPI evidence,Yes,IBMBOB_ESG_Cost_KPI_Mar2026.csv + Raw_GL_Export_With_CostCenters_Mar2026_IBMBOB_Enhanced.csv
IBM BOB 3 - ESG,2026-06,ESG-MAR26-0341,TXN006549,NZL01,R&D,Research & Development,Compliance assurance,5320,Audit Fees,Green Freight,BOB-ESG-0341,PO-ESG-8773,67938.12,renewable_kwh,622.34,562.43,90.4,232.08,28.7,91,30862.12,0.33,Yes,ESG spend posted to non-ESG account or missing KPI link,Complete,Ready,Reclassify and link to KPI evidence,Yes,IBMBOB_ESG_Cost_KPI_Mar2026.csv + Raw_GL_Export_With_CostCenters_Mar2026_IBMBOB_Enhanced.csv
IBM BOB 3 - ESG,2026-06,ESG-MAR26-0342,TXN006550,AUS01,R&D,Research & Development,Energy usage,5110,Utilities,EcoVadis,BOB-ESG-0342,PO-ESG-2561,71671.0,supplier_score,440.68,436.74,99.1,420.0,27.6,49,84872.24,0.13,No,None,Partial,Needs review,CFO approval for material ESG spend,Yes,IBMBOB_ESG_Cost_KPI_Mar2026.csv + Raw_GL_Export_With_CostCenters_Mar2026_IBMBOB_Enhanced.csv
IBM BOB 3 - ESG,2026-06,ESG-MAR26-0343,TXN006551,PNG01,IT,Information Technology,Compliance assurance,5320,Audit Fees,EcoVadis,BOB-ESG-0343,PO-ESG-3196,90293.29,audit_evidence_count,637.66,644.53,101.1,479.28,41.7,90,7568.71,-0.47,No,None,Missing,Needs review,CFO approval for material ESG spend,Yes,IBMBOB_ESG_Cost_KPI_Mar2026.csv + Raw_GL_Export_With_CostCenters_Mar2026_IBMBOB_Enhanced.csv
IBM BOB 3 - ESG,2026-06,ESG-MAR26-0344,TXN006552,PNG01,FIN,Finance & Accounting,Fleet emissions,5400,Travel,Green Freight,BOB-ESG-0344,PO-ESG-4888,86835.06,tCO2e avoided,789.37,927.13,117.5,149.13,65.2,78,-20560.07,-0.66,No,None,Missing,Needs review,CFO approval for material ESG spend,Yes,IBMBOB_ESG_Cost_KPI_Mar2026.csv + Raw_GL_Export_With_CostCenters_Mar2026_IBMBOB_Enhanced.csv
IBM BOB 3 - ESG,2026-06,ESG-MAR26-0345,TXN006553,FJI01,R&D,Research & Development,Waste reduction,5600,Telecommunications,Sustainable Packaging Co,BOB-ESG-0345,PO-ESG-6899,116452.5,tCO2e avoided,371.86,362.01,97.4,518.27,36.0,66,-27453.61,-0.31,No,None,Missing,Needs review,CFO approval for material ESG spend,Yes,IBMBOB_ESG_Cost_KPI_Mar2026.csv + Raw_GL_Export_With_CostCenters_Mar2026_IBMBOB_Enhanced.csv
IBM BOB 3 - ESG,2026-06,ESG-MAR26-0346,TXN006554,FJI01,TAS,Tasmania Operations,Renewable sourcing premium,6000,Cost of Goods Sold,Bureau Veritas,BOB-ESG-0346,PO-ESG-1765,61333.27,supplier_score,578.37,499.93,86.4,387.48,47.1,69,32634.81,-0.04,Yes,ESG spend posted to non-ESG account or missing KPI link,Missing,Needs review,CFO approval for material ESG spend,Yes,IBMBOB_ESG_Cost_KPI_Mar2026.csv + Raw_GL_Export_With_CostCenters_Mar2026_IBMBOB_Enhanced.csv
IBM BOB 3 - ESG,2026-06,ESG-MAR26-0347,TXN006555,AUS01,QLD,Queensland Operations,Compliance assurance,5320,Audit Fees,Climate Active Advisor,BOB-ESG-0347,PO-ESG-5383,102662.47,tCO2e avoided,288.77,357.65,123.9,525.73,17.4,68,17866.88,-0.15,Yes,ESG spend posted to non-ESG account or missing KPI link,Missing,Partial,CFO approval for material ESG spend,Yes,IBMBOB_ESG_Cost_KPI_Mar2026.csv + Raw_GL_Export_With_CostCenters_Mar2026_IBMBOB_Enhanced.csv
IBM BOB 3 - ESG,2026-06,ESG-MAR26-0348,TXN006556,FJI01,WA,Western Australia Operations,Waste reduction,5600,Telecommunications,Climate Active Advisor,BOB-ESG-0348,PO-ESG-6286,68466.59,waste_kg_reduced,926.67,792.23,85.5,367.71,93.5,97,-14594.46,0.13,No,None,Missing,Ready,No action,No,IBMBOB_ESG_Cost_KPI_Mar2026.csv + Raw_GL_Export_With_CostCenters_Mar2026_IBMBOB_Enhanced.csv
IBM BOB 3 - ESG,2026-06,ESG-MAR26-0349,TXN006557,FJI01,NT,Northern Territory Operations,Energy usage,5110,Utilities,Bureau Veritas,BOB-ESG-0349,PO-ESG-1258,67398.09,renewable_kwh,347.22,409.28,117.9,289.16,22.8,86,-4641.31,-0.45,Yes,ESG spend posted to non-ESG account or missing KPI link,Missing,Needs review,CFO approval for material ESG spend,Yes,IBMBOB_ESG_Cost_KPI_Mar2026.csv + Raw_GL_Export_With_CostCenters_Mar2026_IBMBOB_Enhanced.csv
IBM BOB 3 - ESG,2026-06,ESG-MAR26-0350,TXN006558,AUS01,CORP,Corporate Head Office,Compliance assurance,5320,Audit Fees,Sustainable Packaging Co,BOB-ESG-0350,PO-ESG-4089,56777.09,waste_kg_reduced,385.23,311.82,80.9,457.53,15.9,65,43821.33,-0.22,No,None,Missing,Needs review,CFO approval for material ESG spend,Yes,IBMBOB_ESG_Cost_KPI_Mar2026.csv + Raw_GL_Export_With_CostCenters_Mar2026_IBMBOB_Enhanced.csv
IBM BOB 3 - ESG,2026-06,ESG-MAR26-0351,TXN006559,AUS01,WA,Western Australia Operations,Carbon offsets,5300,Professional Services,Origin Energy,BOB-ESG-0351,PO-ESG-2762,72391.99,waste_kg_reduced,342.76,311.68,90.9,476.09,44.5,50,48529.44,-0.49,No,None,Complete,Ready,No action,No,IBMBOB_ESG_Cost_KPI_Mar2026.csv + Raw_GL_Export_With_CostCenters_Mar2026_IBMBOB_Enhanced.csv
IBM BOB 3 - ESG,2026-06,ESG-MAR26-0352,TXN006560,FJI01,SA,South Australia Operations,Renewable sourcing premium,6000,Cost of Goods Sold,EcoVadis,BOB-ESG-0352,PO-ESG-3498,62829.84,audit_evidence_count,699.79,672.17,96.1,105.88,7.7,72,47663.89,-0.2,No,None,Missing,Partial,No action,No,IBMBOB_ESG_Cost_KPI_Mar2026.csv + Raw_GL_Export_With_CostCenters_Mar2026_IBMBOB_Enhanced.csv
IBM BOB 3 - ESG,2026-06,ESG-MAR26-0353,TXN006561,PNG01,FIN,Finance & Accounting,Fleet emissions,5400,Travel,EcoVadis,BOB-ESG-0353,PO-ESG-2105,43793.81,waste_kg_reduced,539.77,508.92,94.3,271.29,19.3,47,-49938.36,-0.3,No,None,Partial,Partial,No action,No,IBMBOB_ESG_Cost_KPI_Mar2026.csv + Raw_GL_Export_With_CostCenters_Mar2026_IBMBOB_Enhanced.csv
IBM BOB 3 - ESG,2026-06,ESG-MAR26-0354,TXN006562,AUS01,TAS,Tasmania Operations,Sustainable packaging,6010,Direct Materials,EcoVadis,BOB-ESG-0354,PO-ESG-5927,22883.15,supplier_score,108.65,107.05,98.5,455.26,55.6,53,-23069.68,0.39,No,None,Partial,Needs review,CFO approval for material ESG spend,Yes,IBMBOB_ESG_Cost_KPI_Mar2026.csv + Raw_GL_Export_With_CostCenters_Mar2026_IBMBOB_Enhanced.csv
IBM BOB 3 - ESG,2026-06,ESG-MAR26-0355,TXN006563,FJI01,NT,Northern Territory Operations,Compliance assurance,5320,Audit Fees,Sustainable Packaging Co,BOB-ESG-0355,PO-ESG-5662,58958.34,tCO2e avoided,444.88,484.05,108.8,72.67,36.0,98,-3983.42,-0.23,Yes,ESG spend posted to non-ESG account or missing KPI link,Missing,Needs review,CFO approval for material ESG spend,Yes,IBMBOB_ESG_Cost_KPI_Mar2026.csv + Raw_GL_Export_With_CostCenters_Mar2026_IBMBOB_Enhanced.csv
IBM BOB 3 - ESG,2026-06,ESG-MAR26-0356,TXN006564,NZL01,MKT,Marketing & Sales,Waste reduction,5600,Telecommunications,Green Freight,BOB-ESG-0356,PO-ESG-3886,102404.1,audit_evidence_count,516.1,502.46,97.4,222.6,64.1,51,5340.32,0.33,No,None,Missing,Needs review,CFO approval for material ESG spend,Yes,IBMBOB_ESG_Cost_KPI_Mar2026.csv + Raw_GL_Export_With_CostCenters_Mar2026_IBMBOB_Enhanced.csv
IBM BOB 3 - ESG,2026-06,ESG-MAR26-0357,TXN006565,AUS01,NSW,New South Wales Operations,Carbon offsets,5300,Professional Services,Climate Active Advisor,BOB-ESG-0357,PO-ESG-3641,4011.26,waste_kg_reduced,294.01,221.77,75.4,179.02,50.8,84,23096.21,-0.1,Yes,ESG spend posted to non-ESG account or missing KPI link,Missing,Partial,Reclassify and link to KPI evidence,Yes,IBMBOB_ESG_Cost_KPI_Mar2026.csv + Raw_GL_Export_With_CostCenters_Mar2026_IBMBOB_Enhanced.csv
IBM BOB 3 - ESG,2026-06,ESG-MAR26-0358,TXN006566,FJI01,TAS,Tasmania Operations,Sustainable packaging,6010,Direct Materials,Energy Australia,BOB-ESG-0358,PO-ESG-5679,92559.73,audit_evidence_count,664.78,659.1,99.1,169.14,15.9,79,-31763.4,-0.23,No,None,Partial,Needs review,CFO approval for material ESG spend,Yes,IBMBOB_ESG_Cost_KPI_Mar2026.csv + Raw_GL_Export_With_CostCenters_Mar2026_IBMBOB_Enhanced.csv
IBM BOB 3 - ESG,2026-06,ESG-MAR26-0359,TXN006567,AUS01,WA,Western Australia Operations,Waste reduction,5600,Telecommunications,Sustainable Packaging Co,BOB-ESG-0359,PO-ESG-1751,86601.63,renewable_kwh,935.06,1073.59,114.8,301.21,6.1,84,72759.02,0.2,No,None,Complete,Needs review,CFO approval for material ESG spend,Yes,IBMBOB_ESG_Cost_KPI_Mar2026.csv + Raw_GL_Export_With_CostCenters_Mar2026_IBMBOB_Enhanced.csv
IBM BOB 3 - ESG,2026-06,ESG-MAR26-0360,TXN006568,AUS01,ACT,Australian Capital Territory,Carbon offsets,5300,Professional Services,Climate Active Advisor,BOB-ESG-0360,PO-ESG-4205,75035.4,waste_kg_reduced,389.19,440.38,113.2,103.68,82.5,70,35238.5,-0.0,Yes,ESG spend posted to non-ESG account or missing KPI link,Complete,Partial,Reclassify and link to KPI evidence,Yes,IBMBOB_ESG_Cost_KPI_Mar2026.csv + Raw_GL_Export_With_CostCenters_Mar2026_IBMBOB_Enhanced.csv
IBM BOB 3 - ESG,2026-06,ESG-MAR26-0361,TXN006569,NZL01,CORP,Corporate Head Office,Compliance assurance,5320,Audit Fees,EcoVadis,BOB-ESG-0361,PO-ESG-2401,12424.56,supplier_score,999.46,1012.22,101.3,513.31,97.0,64,30701.89,-0.36,No,None,Partial,Ready,No action,No,IBMBOB_ESG_Cost_KPI_Mar2026.csv + Raw_GL_Export_With_CostCenters_Mar2026_IBMBOB_Enhanced.csv
IBM BOB 3 - ESG,2026-06,ESG-MAR26-0362,TXN006570,AUS01,R&D,Research & Development,Sustainable packaging,6010,Direct Materials,EcoVadis,BOB-ESG-0362,PO-ESG-8886,59712.66,audit_evidence_count,615.43,759.92,123.5,419.7,95.6,94,53812.83,0.02,No,None,Complete,Partial,No action,No,IBMBOB_ESG_Cost_KPI_Mar2026.csv + Raw_GL_Export_With_CostCenters_Mar2026_IBMBOB_Enhanced.csv
IBM BOB 3 - ESG,2026-06,ESG-MAR26-0363,TXN006571,PNG01,IT,Information Technology,Sustainable packaging,6010,Direct Materials,Origin Energy,BOB-ESG-0363,PO-ESG-9100,91769.41,supplier_score,525.05,467.61,89.1,152.09,45.2,88,13323.14,-0.09,No,None,Complete,Ready,No action,No,IBMBOB_ESG_Cost_KPI_Mar2026.csv + Raw_GL_Export_With_CostCenters_Mar2026_IBMBOB_Enhanced.csv
IBM BOB 3 - ESG,2026-06,ESG-MAR26-0364,TXN006572,FJI01,NT,Northern Territory Operations,Compliance assurance,5320,Audit Fees,Bureau Veritas,BOB-ESG-0364,PO-ESG-3111,112549.49,audit_evidence_count,923.15,601.57,65.2,145.3,89.4,68,-24544.76,-0.12,No,None,Partial,Ready,CFO approval for material ESG spend,Yes,IBMBOB_ESG_Cost_KPI_Mar2026.csv + Raw_GL_Export_With_CostCenters_Mar2026_IBMBOB_Enhanced.csv
IBM BOB 3 - ESG,2026-06,ESG-MAR26-0365,TXN006573,NZL01,QLD,Queensland Operations,Compliance assurance,5320,Audit Fees,Sustainable Packaging Co,BOB-ESG-0365,PO-ESG-3549,98294.69,supplier_score,595.59,730.24,122.6,495.85,94.4,73,12293.65,0.29,No,None,Complete,Ready,No action,No,IBMBOB_ESG_Cost_KPI_Mar2026.csv + Raw_GL_Export_With_CostCenters_Mar2026_IBMBOB_Enhanced.csv
IBM BOB 3 - ESG,2026-06,ESG-MAR26-0366,TXN006574,NZL01,HR,Human Resources,Renewable sourcing premium,6000,Cost of Goods Sold,Climate Active Advisor,BOB-ESG-0366,PO-ESG-4633,51839.25,tCO2e avoided,540.64,535.64,99.1,205.54,51.1,60,-27329.16,-0.8,No,None,Complete,Needs review,CFO approval for material ESG spend,Yes,IBMBOB_ESG_Cost_KPI_Mar2026.csv + Raw_GL_Export_With_CostCenters_Mar2026_IBMBOB_Enhanced.csv
IBM BOB 3 - ESG,2026-06,ESG-MAR26-0367,TXN006575,NZL01,QLD,Queensland Operations,Waste reduction,5600,Telecommunications,Carbon Neutral Pty Ltd,BOB-ESG-0367,PO-ESG-5731,112153.94,waste_kg_reduced,424.46,520.91,122.7,350.57,70.9,71,44930.84,0.12,No,None,Complete,Partial,CFO approval for material ESG spend,Yes,IBMBOB_ESG_Cost_KPI_Mar2026.csv + Raw_GL_Export_With_CostCenters_Mar2026_IBMBOB_Enhanced.csv
IBM BOB 3 - ESG,2026-06,ESG-MAR26-0368,TXN006576,FJI01,QLD,Queensland Operations,Waste reduction,5600,Telecommunications,Green Freight,BOB-ESG-0368,PO-ESG-6145,25033.63,waste_kg_reduced,175.33,215.93,123.2,382.95,77.4,78,56170.3,0.25,Yes,ESG spend posted to non-ESG account or missing KPI link,Missing,Partial,Reclassify and link to KPI evidence,Yes,IBMBOB_ESG_Cost_KPI_Mar2026.csv + Raw_GL_Export_With_CostCenters_Mar2026_IBMBOB_Enhanced.csv
IBM BOB 3 - ESG,2026-06,ESG-MAR26-0369,TXN006577,NZL01,CORP,Corporate Head Office,Sustainable packaging,6010,Direct Materials,Origin Energy,BOB-ESG-0369,PO-ESG-4943,61586.19,waste_kg_reduced,684.29,846.55,123.7,217.17,86.5,64,75426.26,0.35,Yes,ESG spend posted to non-ESG account or missing KPI link,Partial,Ready,Reclassify and link to KPI evidence,Yes,IBMBOB_ESG_Cost_KPI_Mar2026.csv + Raw_GL_Export_With_CostCenters_Mar2026_IBMBOB_Enhanced.csv
IBM BOB 3 - ESG,2026-06,ESG-MAR26-0370,TXN006578,NZL01,NT,Northern Territory Operations,Waste reduction,5600,Telecommunications,Origin Energy,BOB-ESG-0370,PO-ESG-8857,106479.72,tCO2e avoided,386.82,322.76,83.4,71.09,91.9,50,-1458.07,-0.59,No,None,Partial,Needs review,CFO approval for material ESG spend,Yes,IBMBOB_ESG_Cost_KPI_Mar2026.csv + Raw_GL_Export_With_CostCenters_Mar2026_IBMBOB_Enhanced.csv
IBM BOB 3 - ESG,2026-06,ESG-MAR26-0371,TXN006579,NZL01,R&D,Research & Development,Renewable sourcing premium,6000,Cost of Goods Sold,Sustainable Packaging Co,BOB-ESG-0371,PO-ESG-3428,79000.61,audit_evidence_count,870.69,761.22,87.4,245.38,85.7,65,19748.81,0.18,No,None,Complete,Needs review,CFO approval for material ESG spend,Yes,IBMBOB_ESG_Cost_KPI_Mar2026.csv + Raw_GL_Export_With_CostCenters_Mar2026_IBMBOB_Enhanced.csv
IBM BOB 3 - ESG,2026-06,ESG-MAR26-0372,TXN006580,NZL01,SA,South Australia Operations,Renewable sourcing premium,6000,Cost of Goods Sold,Green Freight,BOB-ESG-0372,PO-ESG-4078,52900.78,tCO2e avoided,603.07,604.96,100.3,216.85,30.1,85,-32300.38,0.01,No,None,Partial,Ready,No action,No,IBMBOB_ESG_Cost_KPI_Mar2026.csv + Raw_GL_Export_With_CostCenters_Mar2026_IBMBOB_Enhanced.csv
IBM BOB 3 - ESG,2026-06,ESG-MAR26-0373,TXN006581,PNG01,NT,Northern Territory Operations,Waste reduction,5600,Telecommunications,Carbon Neutral Pty Ltd,BOB-ESG-0373,PO-ESG-5973,37842.74,audit_evidence_count,879.11,674.08,76.7,182.86,11.7,72,17919.89,-0.63,No,None,Complete,Ready,No action,No,IBMBOB_ESG_Cost_KPI_Mar2026.csv + Raw_GL_Export_With_CostCenters_Mar2026_IBMBOB_Enhanced.csv
IBM BOB 3 - ESG,2026-06,ESG-MAR26-0374,TXN006582,NZL01,TAS,Tasmania Operations,Renewable sourcing premium,6000,Cost of Goods Sold,Carbon Neutral Pty Ltd,BOB-ESG-0374,PO-ESG-1305,111911.53,audit_evidence_count,658.09,578.59,87.9,213.31,64.9,85,35017.5,-0.76,No,None,Partial,Needs review,CFO approval for material ESG spend,Yes,IBMBOB_ESG_Cost_KPI_Mar2026.csv + Raw_GL_Export_With_CostCenters_Mar2026_IBMBOB_Enhanced.csv
IBM BOB 3 - ESG,2026-06,ESG-MAR26-0375,TXN006583,PNG01,TAS,Tasmania Operations,Renewable sourcing premium,6000,Cost of Goods Sold,EcoVadis,BOB-ESG-0375,PO-ESG-4628,32133.34,waste_kg_reduced,841.77,957.19,113.7,341.74,24.0,93,58933.89,0.16,No,None,Partial,Partial,No action,No,IBMBOB_ESG_Cost_KPI_Mar2026.csv + Raw_GL_Export_With_CostCenters_Mar2026_IBMBOB_Enhanced.csv
IBM BOB 3 - ESG,2026-06,ESG-MAR26-0376,TXN006584,AUS01,SA,South Australia Operations,Sustainable packaging,6010,Direct Materials,Bureau Veritas,BOB-ESG-0376,PO-ESG-6758,116228.86,tCO2e avoided,836.43,916.45,109.6,498.31,61.9,69,78881.21,0.22,No,None,Complete,Ready,CFO approval for material ESG spend,Yes,IBMBOB_ESG_Cost_KPI_Mar2026.csv + Raw_GL_Export_With_CostCenters_Mar2026_IBMBOB_Enhanced.csv
IBM BOB 3 - ESG,2026-06,ESG-MAR26-0377,TXN006585,FJI01,NSW,New South Wales Operations,Renewable sourcing premium,6000,Cost of Goods Sold,Climate Active Advisor,BOB-ESG-0377,PO-ESG-2483,66759.69,tCO2e avoided,862.14,702.19,81.4,142.5,78.1,50,53166.79,-0.23,No,None,Missing,Partial,No action,No,IBMBOB_ESG_Cost_KPI_Mar2026.csv + Raw_GL_Export_With_CostCenters_Mar2026_IBMBOB_Enhanced.csv
IBM BOB 3 - ESG,2026-06,ESG-MAR26-0378,TXN006586,NZL01,QLD,Queensland Operations,Fleet emissions,5400,Travel,Sustainable Packaging Co,BOB-ESG-0378,PO-ESG-5268,45396.4,supplier_score,144.06,134.54,93.4,223.06,75.8,78,34302.62,0.24,No,None,Missing,Partial,No action,No,IBMBOB_ESG_Cost_KPI_Mar2026.csv + Raw_GL_Export_With_CostCenters_Mar2026_IBMBOB_Enhanced.csv
IBM BOB 3 - ESG,2026-06,ESG-MAR26-0379,TXN006587,NZL01,HR,Human Resources,Compliance assurance,5320,Audit Fees,Sustainable Packaging Co,BOB-ESG-0379,PO-ESG-4440,48288.21,supplier_score,575.28,488.0,84.8,66.11,7.9,45,-40780.13,0.25,No,None,Partial,Partial,No action,No,IBMBOB_ESG_Cost_KPI_Mar2026.csv + Raw_GL_Export_With_CostCenters_Mar2026_IBMBOB_Enhanced.csv
IBM BOB 3 - ESG,2026-06,ESG-MAR26-0380,TXN006588,FJI01,OPS,Operations & Logistics,Sustainable packaging,6010,Direct Materials,Origin Energy,BOB-ESG-0380,PO-ESG-6337,10682.96,waste_kg_reduced,976.6,1033.34,105.8,246.98,49.1,62,33310.21,-0.4,No,None,Complete,Ready,No action,No,IBMBOB_ESG_Cost_KPI_Mar2026.csv + Raw_GL_Export_With_CostCenters_Mar2026_IBMBOB_Enhanced.csv
IBM BOB 3 - ESG,2026-06,ESG-MAR26-0381,TXN006589,FJI01,R&D,Research & Development,Carbon offsets,5300,Professional Services,EcoVadis,BOB-ESG-0381,PO-ESG-4963,11186.34,audit_evidence_count,954.8,1085.82,113.7,297.55,31.8,54,28542.91,-0.06,No,None,Complete,Ready,No action,No,IBMBOB_ESG_Cost_KPI_Mar2026.csv + Raw_GL_Export_With_CostCenters_Mar2026_IBMBOB_Enhanced.csv
IBM BOB 3 - ESG,2026-06,ESG-MAR26-0382,TXN006590,NZL01,CORP,Corporate Head Office,Compliance assurance,5320,Audit Fees,Climate Active Advisor,BOB-ESG-0382,PO-ESG-7258,49050.86,audit_evidence_count,277.53,250.22,90.2,308.08,44.9,68,3331.2,-0.14,No,None,Partial,Needs review,CFO approval for material ESG spend,Yes,IBMBOB_ESG_Cost_KPI_Mar2026.csv + Raw_GL_Export_With_CostCenters_Mar2026_IBMBOB_Enhanced.csv
IBM BOB 3 - ESG,2026-06,ESG-MAR26-0383,TXN006591,PNG01,MKT,Marketing & Sales,Renewable sourcing premium,6000,Cost of Goods Sold,Climate Active Advisor,BOB-ESG-0383,PO-ESG-4383,83598.33,tCO2e avoided,171.8,197.95,115.2,166.34,39.1,55,13996.96,-0.25,Yes,ESG spend posted to non-ESG account or missing KPI link,Missing,Partial,Reclassify and link to KPI evidence,Yes,IBMBOB_ESG_Cost_KPI_Mar2026.csv + Raw_GL_Export_With_CostCenters_Mar2026_IBMBOB_Enhanced.csv
IBM BOB 3 - ESG,2026-06,ESG-MAR26-0384,TXN006592,PNG01,WA,Western Australia Operations,Energy usage,5110,Utilities,EcoVadis,BOB-ESG-0384,PO-ESG-4015,104133.59,supplier_score,119.62,103.88,86.8,549.14,66.1,84,49548.36,-0.17,No,None,Missing,Needs review,CFO approval for material ESG spend,Yes,IBMBOB_ESG_Cost_KPI_Mar2026.csv + Raw_GL_Export_With_CostCenters_Mar2026_IBMBOB_Enhanced.csv
IBM BOB 3 - ESG,2026-06,ESG-MAR26-0385,TXN006593,FJI01,MKT,Marketing & Sales,Carbon offsets,5300,Professional Services,Energy Australia,BOB-ESG-0385,PO-ESG-7307,34201.31,audit_evidence_count,105.06,104.46,99.4,113.06,16.5,99,-37962.24,0.05,Yes,ESG spend posted to non-ESG account or missing KPI link,Missing,Ready,Reclassify and link to KPI evidence,Yes,IBMBOB_ESG_Cost_KPI_Mar2026.csv + Raw_GL_Export_With_CostCenters_Mar2026_IBMBOB_Enhanced.csv
IBM BOB 3 - ESG,2026-06,ESG-MAR26-0386,TXN006594,PNG01,SA,South Australia Operations,Waste reduction,5600,Telecommunications,Climate Active Advisor,BOB-ESG-0386,PO-ESG-4308,44773.22,supplier_score,377.9,471.87,124.9,122.13,10.3,88,-94.03,0.11,No,None,Partial,Ready,No action,No,IBMBOB_ESG_Cost_KPI_Mar2026.csv + Raw_GL_Export_With_CostCenters_Mar2026_IBMBOB_Enhanced.csv
IBM BOB 3 - ESG,2026-06,ESG-MAR26-0387,TXN006595,NZL01,CORP,Corporate Head Office,Supplier ESG premium,6010,Direct Materials,Origin Energy,BOB-ESG-0387,PO-ESG-2392,64142.15,audit_evidence_count,169.51,176.25,104.0,362.46,66.6,61,-20068.3,0.33,No,None,Partial,Partial,No action,No,IBMBOB_ESG_Cost_KPI_Mar2026.csv + Raw_GL_Export_With_CostCenters_Mar2026_IBMBOB_Enhanced.csv
IBM BOB 3 - ESG,2026-06,ESG-MAR26-0388,TXN006596,AUS01,WA,Western Australia Operations,Supplier ESG premium,6010,Direct Materials,Green Freight,BOB-ESG-0388,PO-ESG-9413,8917.08,audit_evidence_count,158.55,176.99,111.6,348.97,64.8,63,-16471.84,0.28,No,None,Partial,Partial,No action,No,IBMBOB_ESG_Cost_KPI_Mar2026.csv + Raw_GL_Export_With_CostCenters_Mar2026_IBMBOB_Enhanced.csv
IBM BOB 3 - ESG,2026-06,ESG-MAR26-0389,TXN006597,FJI01,TAS,Tasmania Operations,Renewable sourcing premium,6000,Cost of Goods Sold,Climate Active Advisor,BOB-ESG-0389,PO-ESG-8528,12073.77,supplier_score,417.28,476.71,114.2,357.48,2.4,74,78217.79,-0.57,No,None,Complete,Partial,No action,No,IBMBOB_ESG_Cost_KPI_Mar2026.csv + Raw_GL_Export_With_CostCenters_Mar2026_IBMBOB_Enhanced.csv
IBM BOB 3 - ESG,2026-06,ESG-MAR26-0390,TXN006598,AUS01,R&D,Research & Development,Fleet emissions,5400,Travel,Green Freight,BOB-ESG-0390,PO-ESG-4994,75489.64,supplier_score,602.37,632.97,105.1,85.8,35.6,85,-5278.32,0.34,No,None,Complete,Ready,No action,No,IBMBOB_ESG_Cost_KPI_Mar2026.csv + Raw_GL_Export_With_CostCenters_Mar2026_IBMBOB_Enhanced.csv
IBM BOB 3 - ESG,2026-06,ESG-MAR26-0391,TXN006599,NZL01,TAS,Tasmania Operations,Sustainable packaging,6010,Direct Materials,Carbon Neutral Pty Ltd,BOB-ESG-0391,PO-ESG-9739,43584.81,renewable_kwh,368.01,346.05,94.0,358.05,37.5,76,73733.59,0.38,No,None,Missing,Ready,No action,No,IBMBOB_ESG_Cost_KPI_Mar2026.csv + Raw_GL_Export_With_CostCenters_Mar2026_IBMBOB_Enhanced.csv
IBM BOB 3 - ESG,2026-06,ESG-MAR26-0392,TXN006600,AUS01,ACT,Australian Capital Territory,Fleet emissions,5400,Travel,Origin Energy,BOB-ESG-0392,PO-ESG-8081,115105.18,renewable_kwh,255.26,288.08,112.9,423.98,98.5,99,13355.1,0.15,No,None,Complete,Partial,CFO approval for material ESG spend,Yes,IBMBOB_ESG_Cost_KPI_Mar2026.csv + Raw_GL_Export_With_CostCenters_Mar2026_IBMBOB_Enhanced.csv
IBM BOB 3 - ESG,2026-06,ESG-MAR26-0393,TXN006601,FJI01,NSW,New South Wales Operations,Supplier ESG premium,6010,Direct Materials,Climate Active Advisor,BOB-ESG-0393,PO-ESG-1002,23370.13,supplier_score,499.84,492.18,98.5,244.82,70.3,83,26456.25,0.09,No,None,Complete,Ready,No action,No,IBMBOB_ESG_Cost_KPI_Mar2026.csv + Raw_GL_Export_With_CostCenters_Mar2026_IBMBOB_Enhanced.csv
IBM BOB 3 - ESG,2026-06,ESG-MAR26-0394,TXN006602,PNG01,MKT,Marketing & Sales,Energy usage,5110,Utilities,Carbon Neutral Pty Ltd,BOB-ESG-0394,PO-ESG-1152,68039.36,supplier_score,106.33,115.9,109.0,407.8,15.9,47,75619.11,-0.53,Yes,ESG spend posted to non-ESG account or missing KPI link,Missing,Needs review,CFO approval for material ESG spend,Yes,IBMBOB_ESG_Cost_KPI_Mar2026.csv + Raw_GL_Export_With_CostCenters_Mar2026_IBMBOB_Enhanced.csv
IBM BOB 3 - ESG,2026-06,ESG-MAR26-0395,TXN006603,PNG01,IT,Information Technology,Supplier ESG premium,6010,Direct Materials,Climate Active Advisor,BOB-ESG-0395,PO-ESG-5097,4027.54,tCO2e avoided,233.13,269.66,115.7,459.54,44.5,67,50903.49,-0.65,No,None,Missing,Partial,No action,No,IBMBOB_ESG_Cost_KPI_Mar2026.csv + Raw_GL_Export_With_CostCenters_Mar2026_IBMBOB_Enhanced.csv
IBM BOB 3 - ESG,2026-06,ESG-MAR26-0396,TXN006604,AUS01,FIN,Finance & Accounting,Carbon offsets,5300,Professional Services,Sustainable Packaging Co,BOB-ESG-0396,PO-ESG-5334,73833.9,supplier_score,700.55,833.58,119.0,229.9,91.0,63,-28450.06,-0.33,Yes,ESG spend posted to non-ESG account or missing KPI link,Complete,Needs review,CFO approval for material ESG spend,Yes,IBMBOB_ESG_Cost_KPI_Mar2026.csv + Raw_GL_Export_With_CostCenters_Mar2026_IBMBOB_Enhanced.csv
IBM BOB 3 - ESG,2026-06,ESG-MAR26-0397,TXN006605,NZL01,MKT,Marketing & Sales,Sustainable packaging,6010,Direct Materials,Green Freight,BOB-ESG-0397,PO-ESG-8696,105471.67,waste_kg_reduced,838.19,744.54,88.8,50.69,39.8,57,-9498.74,-0.1,Yes,ESG spend posted to non-ESG account or missing KPI link,Complete,Needs review,CFO approval for material ESG spend,Yes,IBMBOB_ESG_Cost_KPI_Mar2026.csv + Raw_GL_Export_With_CostCenters_Mar2026_IBMBOB_Enhanced.csv
IBM BOB 3 - ESG,2026-06,ESG-MAR26-0398,TXN006606,AUS01,QLD,Queensland Operations,Sustainable packaging,6010,Direct Materials,Green Freight,BOB-ESG-0398,PO-ESG-3427,85699.51,tCO2e avoided,938.41,724.44,77.2,42.39,48.8,87,13867.66,-0.17,No,None,Missing,Partial,No action,No,IBMBOB_ESG_Cost_KPI_Mar2026.csv + Raw_GL_Export_With_CostCenters_Mar2026_IBMBOB_Enhanced.csv
IBM BOB 3 - ESG,2026-06,ESG-MAR26-0399,TXN006607,FJI01,WA,Western Australia Operations,Waste reduction,5600,Telecommunications,Energy Australia,BOB-ESG-0399,PO-ESG-5977,66308.95,renewable_kwh,356.78,391.11,109.6,405.69,34.0,73,57310.58,0.32,Yes,ESG spend posted to non-ESG account or missing KPI link,Missing,Ready,Reclassify and link to KPI evidence,Yes,IBMBOB_ESG_Cost_KPI_Mar2026.csv + Raw_GL_Export_With_CostCenters_Mar2026_IBMBOB_Enhanced.csv
IBM BOB 3 - ESG,2026-06,ESG-MAR26-0400,TXN006608,NZL01,VIC,Victoria Operations,Compliance assurance,5320,Audit Fees,Carbon Neutral Pty Ltd,BOB-ESG-0400,PO-ESG-5742,28870.46,renewable_kwh,209.19,220.9,105.6,186.14,69.2,91,-47084.44,-0.39,No,None,Missing,Partial,No action,No,IBMBOB_ESG_Cost_KPI_Mar2026.csv + Raw_GL_Export_With_CostCenters_Mar2026_IBMBOB_Enhanced.csv
IBM BOB 3 - ESG,2026-06,ESG-MAR26-0401,TXN006609,AUS01,IT,Information Technology,Renewable sourcing premium,6000,Cost of Goods Sold,Energy Australia,BOB-ESG-0401,PO-ESG-9623,27172.45,waste_kg_reduced,64.72,52.67,81.4,211.19,85.2,69,73900.34,-0.17,No,None,Complete,Ready,No action,No,IBMBOB_ESG_Cost_KPI_Mar2026.csv + Raw_GL_Export_With_CostCenters_Mar2026_IBMBOB_Enhanced.csv
IBM BOB 3 - ESG,2026-06,ESG-MAR26-0402,TXN006610,AUS01,FIN,Finance & Accounting,Carbon offsets,5300,Professional Services,Origin Energy,BOB-ESG-0402,PO-ESG-7134,31351.02,waste_kg_reduced,348.44,249.39,71.6,338.85,91.1,51,11737.43,0.09,Yes,ESG spend posted to non-ESG account or missing KPI link,Partial,Needs review,CFO approval for material ESG spend,Yes,IBMBOB_ESG_Cost_KPI_Mar2026.csv + Raw_GL_Export_With_CostCenters_Mar2026_IBMBOB_Enhanced.csv
IBM BOB 3 - ESG,2026-06,ESG-MAR26-0403,TXN006611,AUS01,FIN,Finance & Accounting,Sustainable packaging,6010,Direct Materials,Carbon Neutral Pty Ltd,BOB-ESG-0403,PO-ESG-8065,117314.08,waste_kg_reduced,133.64,132.89,99.4,68.18,9.5,45,11107.46,0.01,No,None,Complete,Ready,CFO approval for material ESG spend,Yes,IBMBOB_ESG_Cost_KPI_Mar2026.csv + Raw_GL_Export_With_CostCenters_Mar2026_IBMBOB_Enhanced.csv
IBM BOB 3 - ESG,2026-06,ESG-MAR26-0404,TXN006612,AUS01,NT,Northern Territory Operations,Sustainable packaging,6010,Direct Materials,Carbon Neutral Pty Ltd,BOB-ESG-0404,PO-ESG-9931,9259.61,supplier_score,56.85,64.05,112.7,28.82,84.8,83,5127.73,-0.07,No,None,Partial,Needs review,CFO approval for material ESG spend,Yes,IBMBOB_ESG_Cost_KPI_Mar2026.csv + Raw_GL_Export_With_CostCenters_Mar2026_IBMBOB_Enhanced.csv
IBM BOB 3 - ESG,2026-06,ESG-MAR26-0405,TXN006613,FJI01,IT,Information Technology,Renewable sourcing premium,6000,Cost of Goods Sold,Green Freight,BOB-ESG-0405,PO-ESG-5756,50270.72,renewable_kwh,602.2,554.24,92.0,372.66,76.7,69,58350.92,-0.53,No,None,Complete,Partial,No action,No,IBMBOB_ESG_Cost_KPI_Mar2026.csv + Raw_GL_Export_With_CostCenters_Mar2026_IBMBOB_Enhanced.csv
IBM BOB 3 - ESG,2026-06,ESG-MAR26-0406,TXN006614,PNG01,QLD,Queensland Operations,Waste reduction,5600,Telecommunications,Bureau Veritas,BOB-ESG-0406,PO-ESG-3107,70330.23,supplier_score,139.39,158.22,113.5,503.86,28.2,67,18388.02,0.35,No,None,Complete,Ready,No action,No,IBMBOB_ESG_Cost_KPI_Mar2026.csv + Raw_GL_Export_With_CostCenters_Mar2026_IBMBOB_Enhanced.csv
IBM BOB 3 - ESG,2026-06,ESG-MAR26-0407,TXN006615,AUS01,ACT,Australian Capital Territory,Energy usage,5110,Utilities,Energy Australia,BOB-ESG-0407,PO-ESG-2783,68126.15,supplier_score,324.98,225.5,69.4,424.99,66.1,48,12657.07,-0.54,Yes,ESG spend posted to non-ESG account or missing KPI link,Complete,Partial,Reclassify and link to KPI evidence,Yes,IBMBOB_ESG_Cost_KPI_Mar2026.csv + Raw_GL_Export_With_CostCenters_Mar2026_IBMBOB_Enhanced.csv
IBM BOB 3 - ESG,2026-06,ESG-MAR26-0408,TXN006616,AUS01,IT,Information Technology,Carbon offsets,5300,Professional Services,Green Freight,BOB-ESG-0408,PO-ESG-6613,96208.39,renewable_kwh,742.17,779.41,105.0,382.56,64.1,94,-35611.12,-0.29,No,None,Partial,Needs review,CFO approval for material ESG spend,Yes,IBMBOB_ESG_Cost_KPI_Mar2026.csv + Raw_GL_Export_With_CostCenters_Mar2026_IBMBOB_Enhanced.csv
IBM BOB 3 - ESG,2026-06,ESG-MAR26-0409,TXN006617,AUS01,WA,Western Australia Operations,Waste reduction,5600,Telecommunications,Green Freight,BOB-ESG-0409,PO-ESG-5808,29577.37,audit_evidence_count,704.5,813.01,115.4,493.48,6.4,57,-10218.83,-0.15,No,None,Partial,Partial,No action,No,IBMBOB_ESG_Cost_KPI_Mar2026.csv + Raw_GL_Export_With_CostCenters_Mar2026_IBMBOB_Enhanced.csv
IBM BOB 3 - ESG,2026-06,ESG-MAR26-0410,TXN006618,PNG01,FIN,Finance & Accounting,Sustainable packaging,6010,Direct Materials,Green Freight,BOB-ESG-0410,PO-ESG-8719,102595.46,supplier_score,159.07,114.41,71.9,93.25,28.5,86,54926.46,-0.74,No,None,Missing,Needs review,CFO approval for material ESG spend,Yes,IBMBOB_ESG_Cost_KPI_Mar2026.csv + Raw_GL_Export_With_CostCenters_Mar2026_IBMBOB_Enhanced.csv
IBM BOB 3 - ESG,2026-06,ESG-MAR26-0411,TXN006619,AUS01,IT,Information Technology,Supplier ESG premium,6010,Direct Materials,Sustainable Packaging Co,BOB-ESG-0411,PO-ESG-7600,89347.79,tCO2e avoided,677.27,473.55,69.9,28.33,65.3,80,-21550.7,0.3,No,None,Missing,Ready,No action,No,IBMBOB_ESG_Cost_KPI_Mar2026.csv + Raw_GL_Export_With_CostCenters_Mar2026_IBMBOB_Enhanced.csv
IBM BOB 3 - ESG,2026-06,ESG-MAR26-0412,TXN006620,PNG01,TAS,Tasmania Operations,Sustainable packaging,6010,Direct Materials,Climate Active Advisor,BOB-ESG-0412,PO-ESG-4063,38098.38,tCO2e avoided,62.41,62.7,100.5,443.17,67.0,66,-49606.78,-0.07,No,None,Partial,Ready,No action,No,IBMBOB_ESG_Cost_KPI_Mar2026.csv + Raw_GL_Export_With_CostCenters_Mar2026_IBMBOB_Enhanced.csv
IBM BOB 3 - ESG,2026-06,ESG-MAR26-0413,TXN006621,AUS01,OPS,Operations & Logistics,Supplier ESG premium,6010,Direct Materials,Green Freight,BOB-ESG-0413,PO-ESG-7218,40058.06,renewable_kwh,331.32,290.6,87.7,479.06,26.1,59,-12937.71,-0.78,No,None,Complete,Needs review,CFO approval for material ESG spend,Yes,IBMBOB_ESG_Cost_KPI_Mar2026.csv + Raw_GL_Export_With_CostCenters_Mar2026_IBMBOB_Enhanced.csv
IBM BOB 3 - ESG,2026-06,ESG-MAR26-0414,TXN006622,FJI01,R&D,Research & Development,Supplier ESG premium,6010,Direct Materials,Climate Active Advisor,BOB-ESG-0414,PO-ESG-7519,5961.37,renewable_kwh,675.42,589.24,87.2,503.98,40.6,60,39422.78,-0.3,No,None,Partial,Needs review,CFO approval for material ESG spend,Yes,IBMBOB_ESG_Cost_KPI_Mar2026.csv + Raw_GL_Export_With_CostCenters_Mar2026_IBMBOB_Enhanced.csv
IBM BOB 3 - ESG,2026-06,ESG-MAR26-0415,TXN006623,PNG01,VIC,Victoria Operations,Renewable sourcing premium,6000,Cost of Goods Sold,Climate Active Advisor,BOB-ESG-0415,PO-ESG-4242,73576.03,renewable_kwh,603.38,612.06,101.4,448.46,71.9,80,-44023.42,-0.32,No,None,Partial,Ready,No action,No,IBMBOB_ESG_Cost_KPI_Mar2026.csv + Raw_GL_Export_With_CostCenters_Mar2026_IBMBOB_Enhanced.csv
IBM BOB 3 - ESG,2026-06,ESG-MAR26-0416,TXN006624,FJI01,R&D,Research & Development,Supplier ESG premium,6010,Direct Materials,Green Freight,BOB-ESG-0416,PO-ESG-5524,119339.23,renewable_kwh,741.08,591.2,79.8,157.38,85.2,83,29967.05,-0.07,No,None,Missing,Ready,CFO approval for material ESG spend,Yes,IBMBOB_ESG_Cost_KPI_Mar2026.csv + Raw_GL_Export_With_CostCenters_Mar2026_IBMBOB_Enhanced.csv
IBM BOB 3 - ESG,2026-06,ESG-MAR26-0417,TXN006625,AUS01,OPS,Operations & Logistics,Sustainable packaging,6010,Direct Materials,Carbon Neutral Pty Ltd,BOB-ESG-0417,PO-ESG-5455,110944.24,waste_kg_reduced,843.49,715.72,84.9,269.94,73.3,51,23569.22,-0.02,Yes,ESG spend posted to non-ESG account or missing KPI link,Partial,Ready,CFO approval for material ESG spend,Yes,IBMBOB_ESG_Cost_KPI_Mar2026.csv + Raw_GL_Export_With_CostCenters_Mar2026_IBMBOB_Enhanced.csv
IBM BOB 3 - ESG,2026-06,ESG-MAR26-0418,TXN006626,FJI01,ACT,Australian Capital Territory,Carbon offsets,5300,Professional Services,Carbon Neutral Pty Ltd,BOB-ESG-0418,PO-ESG-1411,44028.03,renewable_kwh,419.16,303.85,72.5,123.94,97.2,63,35567.72,0.31,No,None,Complete,Ready,No action,No,IBMBOB_ESG_Cost_KPI_Mar2026.csv + Raw_GL_Export_With_CostCenters_Mar2026_IBMBOB_Enhanced.csv
IBM BOB 3 - ESG,2026-06,ESG-MAR26-0419,TXN006627,AUS01,NT,Northern Territory Operations,Carbon offsets,5300,Professional Services,EcoVadis,BOB-ESG-0419,PO-ESG-5070,115019.17,supplier_score,992.19,790.91,79.7,388.64,86.7,65,83153.11,-0.47,Yes,ESG spend posted to non-ESG account or missing KPI link,Partial,Ready,CFO approval for material ESG spend,Yes,IBMBOB_ESG_Cost_KPI_Mar2026.csv + Raw_GL_Export_With_CostCenters_Mar2026_IBMBOB_Enhanced.csv
IBM BOB 3 - ESG,2026-06,ESG-MAR26-0420,TXN006628,FJI01,NSW,New South Wales Operations,Waste reduction,5600,Telecommunications,EcoVadis,BOB-ESG-0420,PO-ESG-2915,99156.85,supplier_score,953.59,958.88,100.6,82.83,79.9,62,47352.05,-0.71,No,None,Partial,Needs review,CFO approval for material ESG spend,Yes,IBMBOB_ESG_Cost_KPI_Mar2026.csv + Raw_GL_Export_With_CostCenters_Mar2026_IBMBOB_Enhanced.csv
IBM BOB 3 - ESG,2026-06,ESG-MAR26-0421,TXN006629,AUS01,MKT,Marketing & Sales,Supplier ESG premium,6010,Direct Materials,Energy Australia,BOB-ESG-0421,PO-ESG-6191,69285.4,audit_evidence_count,640.42,654.47,102.2,74.86,96.9,65,77028.07,-0.4,No,None,Complete,Ready,No action,No,IBMBOB_ESG_Cost_KPI_Mar2026.csv + Raw_GL_Export_With_CostCenters_Mar2026_IBMBOB_Enhanced.csv
IBM BOB 3 - ESG,2026-06,ESG-MAR26-0422,TXN006630,NZL01,OPS,Operations & Logistics,Energy usage,5110,Utilities,Carbon Neutral Pty Ltd,BOB-ESG-0422,PO-ESG-3472,5481.44,audit_evidence_count,370.96,287.29,77.4,245.99,30.3,70,-35296.11,0.3,No,None,Missing,Ready,No action,No,IBMBOB_ESG_Cost_KPI_Mar2026.csv + Raw_GL_Export_With_CostCenters_Mar2026_IBMBOB_Enhanced.csv
IBM BOB 3 - ESG,2026-06,ESG-MAR26-0423,TXN006631,PNG01,NT,Northern Territory Operations,Compliance assurance,5320,Audit Fees,EcoVadis,BOB-ESG-0423,PO-ESG-1939,10062.76,supplier_score,858.61,617.32,71.9,22.63,57.9,52,-40966.47,-0.1,No,None,Complete,Ready,No action,No,IBMBOB_ESG_Cost_KPI_Mar2026.csv + Raw_GL_Export_With_CostCenters_Mar2026_IBMBOB_Enhanced.csv
IBM BOB 3 - ESG,2026-06,ESG-MAR26-0424,TXN006632,AUS01,OPS,Operations & Logistics,Carbon offsets,5300,Professional Services,Origin Energy,BOB-ESG-0424,PO-ESG-9221,59324.08,supplier_score,314.7,374.62,119.0,512.27,66.7,98,46195.11,-0.32,No,None,Partial,Needs review,CFO approval for material ESG spend,Yes,IBMBOB_ESG_Cost_KPI_Mar2026.csv + Raw_GL_Export_With_CostCenters_Mar2026_IBMBOB_Enhanced.csv
IBM BOB 3 - ESG,2026-06,ESG-MAR26-0425,TXN006633,NZL01,TAS,Tasmania Operations,Renewable sourcing premium,6000,Cost of Goods Sold,Climate Active Advisor,BOB-ESG-0425,PO-ESG-1913,34040.22,tCO2e avoided,370.66,433.83,117.0,281.84,73.1,76,23836.12,0.22,No,None,Missing,Ready,No action,No,IBMBOB_ESG_Cost_KPI_Mar2026.csv + Raw_GL_Export_With_CostCenters_Mar2026_IBMBOB_Enhanced.csv
IBM BOB 3 - ESG,2026-06,ESG-MAR26-0426,TXN006634,PNG01,SA,South Australia Operations,Energy usage,5110,Utilities,Climate Active Advisor,BOB-ESG-0426,PO-ESG-3545,36974.74,waste_kg_reduced,695.07,697.62,100.4,154.57,91.8,72,-20692.72,-0.03,Yes,ESG spend posted to non-ESG account or missing KPI link,Complete,Ready,Reclassify and link to KPI evidence,Yes,IBMBOB_ESG_Cost_KPI_Mar2026.csv + Raw_GL_Export_With_CostCenters_Mar2026_IBMBOB_Enhanced.csv
IBM BOB 3 - ESG,2026-06,ESG-MAR26-0427,TXN006635,AUS01,WA,Western Australia Operations,Fleet emissions,5400,Travel,Energy Australia,BOB-ESG-0427,PO-ESG-6412,73762.12,renewable_kwh,573.56,481.11,83.9,436.72,25.5,53,44399.4,0.0,No,None,Complete,Partial,No action,No,IBMBOB_ESG_Cost_KPI_Mar2026.csv + Raw_GL_Export_With_CostCenters_Mar2026_IBMBOB_Enhanced.csv
IBM BOB 3 - ESG,2026-06,ESG-MAR26-0428,TXN006636,AUS01,FIN,Finance & Accounting,Waste reduction,5600,Telecommunications,Origin Energy,BOB-ESG-0428,PO-ESG-4020,39456.21,tCO2e avoided,990.21,689.06,69.6,322.52,82.0,91,72633.58,0.11,Yes,ESG spend posted to non-ESG account or missing KPI link,Complete,Needs review,CFO approval for material ESG spend,Yes,IBMBOB_ESG_Cost_KPI_Mar2026.csv + Raw_GL_Export_With_CostCenters_Mar2026_IBMBOB_Enhanced.csv
IBM BOB 3 - ESG,2026-06,ESG-MAR26-0429,TXN006637,NZL01,HR,Human Resources,Supplier ESG premium,6010,Direct Materials,Bureau Veritas,BOB-ESG-0429,PO-ESG-5951,108821.63,audit_evidence_count,863.88,992.85,114.9,163.92,54.3,51,31635.02,0.39,No,None,Complete,Needs review,CFO approval for material ESG spend,Yes,IBMBOB_ESG_Cost_KPI_Mar2026.csv + Raw_GL_Export_With_CostCenters_Mar2026_IBMBOB_Enhanced.csv
IBM BOB 3 - ESG,2026-06,ESG-MAR26-0430,TXN006638,AUS01,MKT,Marketing & Sales,Fleet emissions,5400,Travel,Origin Energy,BOB-ESG-0430,PO-ESG-5917,31069.09,renewable_kwh,999.23,1010.2,101.1,543.75,74.8,87,21534.22,-0.75,No,None,Missing,Partial,No action,No,IBMBOB_ESG_Cost_KPI_Mar2026.csv + Raw_GL_Export_With_CostCenters_Mar2026_IBMBOB_Enhanced.csv
IBM BOB 3 - ESG,2026-06,ESG-MAR26-0431,TXN006639,FJI01,HR,Human Resources,Fleet emissions,5400,Travel,Carbon Neutral Pty Ltd,BOB-ESG-0431,PO-ESG-4937,95317.19,supplier_score,56.12,47.62,84.9,321.25,86.9,95,83990.16,0.12,No,None,Missing,Needs review,CFO approval for material ESG spend,Yes,IBMBOB_ESG_Cost_KPI_Mar2026.csv + Raw_GL_Export_With_CostCenters_Mar2026_IBMBOB_Enhanced.csv
IBM BOB 3 - ESG,2026-06,ESG-MAR26-0432,TXN006640,NZL01,CORP,Corporate Head Office,Carbon offsets,5300,Professional Services,Green Freight,BOB-ESG-0432,PO-ESG-1475,19895.79,waste_kg_reduced,653.18,633.12,96.9,389.18,60.4,70,-44264.15,-0.56,No,None,Missing,Ready,No action,No,IBMBOB_ESG_Cost_KPI_Mar2026.csv + Raw_GL_Export_With_CostCenters_Mar2026_IBMBOB_Enhanced.csv
IBM BOB 3 - ESG,2026-06,ESG-MAR26-0433,TXN006641,NZL01,NT,Northern Territory Operations,Renewable sourcing premium,6000,Cost of Goods Sold,Energy Australia,BOB-ESG-0433,PO-ESG-8944,87809.76,waste_kg_reduced,943.15,956.76,101.4,219.54,36.2,46,-30795.15,0.28,Yes,ESG spend posted to non-ESG account or missing KPI link,Complete,Needs review,CFO approval for material ESG spend,Yes,IBMBOB_ESG_Cost_KPI_Mar2026.csv + Raw_GL_Export_With_CostCenters_Mar2026_IBMBOB_Enhanced.csv
IBM BOB 3 - ESG,2026-06,ESG-MAR26-0434,TXN006642,FJI01,MKT,Marketing & Sales,Supplier ESG premium,6010,Direct Materials,Energy Australia,BOB-ESG-0434,PO-ESG-9463,51051.97,waste_kg_reduced,147.04,129.15,87.8,189.66,87.6,48,-36041.92,-0.4,No,None,Complete,Ready,No action,No,IBMBOB_ESG_Cost_KPI_Mar2026.csv + Raw_GL_Export_With_CostCenters_Mar2026_IBMBOB_Enhanced.csv
IBM BOB 3 - ESG,2026-06,ESG-MAR26-0435,TXN006643,FJI01,R&D,Research & Development,Waste reduction,5600,Telecommunications,Origin Energy,BOB-ESG-0435,PO-ESG-4739,105411.25,renewable_kwh,140.13,161.43,115.2,99.57,65.3,83,77305.06,0.33,Yes,ESG spend posted to non-ESG account or missing KPI link,Complete,Needs review,CFO approval for material ESG spend,Yes,IBMBOB_ESG_Cost_KPI_Mar2026.csv + Raw_GL_Export_With_CostCenters_Mar2026_IBMBOB_Enhanced.csv
IBM BOB 3 - ESG,2026-06,ESG-MAR26-0436,TXN006644,PNG01,CORP,Corporate Head Office,Supplier ESG premium,6010,Direct Materials,EcoVadis,BOB-ESG-0436,PO-ESG-9563,66335.52,audit_evidence_count,810.8,907.08,111.9,259.69,57.8,94,57722.15,0.26,No,None,Missing,Partial,No action,No,IBMBOB_ESG_Cost_KPI_Mar2026.csv + Raw_GL_Export_With_CostCenters_Mar2026_IBMBOB_Enhanced.csv
IBM BOB 3 - ESG,2026-06,ESG-MAR26-0437,TXN006645,FJI01,TAS,Tasmania Operations,Waste reduction,5600,Telecommunications,Bureau Veritas,BOB-ESG-0437,PO-ESG-1412,41618.1,supplier_score,379.38,373.53,98.5,353.83,54.3,49,41755.35,-0.55,No,None,Complete,Needs review,CFO approval for material ESG spend,Yes,IBMBOB_ESG_Cost_KPI_Mar2026.csv + Raw_GL_Export_With_CostCenters_Mar2026_IBMBOB_Enhanced.csv
IBM BOB 3 - ESG,2026-06,ESG-MAR26-0438,TXN006646,AUS01,R&D,Research & Development,Fleet emissions,5400,Travel,Energy Australia,BOB-ESG-0438,PO-ESG-5039,98250.35,renewable_kwh,505.27,595.96,117.9,42.63,39.5,53,-42556.86,0.05,Yes,ESG spend posted to non-ESG account or missing KPI link,Partial,Ready,Reclassify and link to KPI evidence,Yes,IBMBOB_ESG_Cost_KPI_Mar2026.csv + Raw_GL_Export_With_CostCenters_Mar2026_IBMBOB_Enhanced.csv
IBM BOB 3 - ESG,2026-06,ESG-MAR26-0439,TXN006647,PNG01,MKT,Marketing & Sales,Carbon offsets,5300,Professional Services,Energy Australia,BOB-ESG-0439,PO-ESG-9325,22388.24,tCO2e avoided,610.52,653.3,107.0,27.17,72.7,70,-28134.18,-0.2,No,None,Missing,Needs review,CFO approval for material ESG spend,Yes,IBMBOB_ESG_Cost_KPI_Mar2026.csv + Raw_GL_Export_With_CostCenters_Mar2026_IBMBOB_Enhanced.csv
IBM BOB 3 - ESG,2026-06,ESG-MAR26-0440,TXN006648,FJI01,CORP,Corporate Head Office,Energy usage,5110,Utilities,Carbon Neutral Pty Ltd,BOB-ESG-0440,PO-ESG-1706,63672.95,tCO2e avoided,420.86,518.33,123.2,418.34,46.9,63,-2372.79,-0.72,No,None,Partial,Partial,No action,No,IBMBOB_ESG_Cost_KPI_Mar2026.csv + Raw_GL_Export_With_CostCenters_Mar2026_IBMBOB_Enhanced.csv
IBM BOB 3 - ESG,2026-06,ESG-MAR26-0441,TXN006649,AUS01,FIN,Finance & Accounting,Energy usage,5110,Utilities,Energy Australia,BOB-ESG-0441,PO-ESG-7951,105415.81,waste_kg_reduced,450.76,374.59,83.1,207.52,39.6,81,79373.65,-0.19,No,None,Missing,Partial,CFO approval for material ESG spend,Yes,IBMBOB_ESG_Cost_KPI_Mar2026.csv + Raw_GL_Export_With_CostCenters_Mar2026_IBMBOB_Enhanced.csv
IBM BOB 3 - ESG,2026-06,ESG-MAR26-0442,TXN006650,FJI01,R&D,Research & Development,Fleet emissions,5400,Travel,Origin Energy,BOB-ESG-0442,PO-ESG-1319,63852.61,audit_evidence_count,109.52,74.05,67.6,355.65,53.6,54,-38841.01,-0.48,No,None,Partial,Needs review,CFO approval for material ESG spend,Yes,IBMBOB_ESG_Cost_KPI_Mar2026.csv + Raw_GL_Export_With_CostCenters_Mar2026_IBMBOB_Enhanced.csv
IBM BOB 3 - ESG,2026-06,ESG-MAR26-0443,TXN006651,PNG01,NT,Northern Territory Operations,Fleet emissions,5400,Travel,Energy Australia,BOB-ESG-0443,PO-ESG-9355,6868.84,audit_evidence_count,98.24,114.87,116.9,306.94,48.0,81,30823.27,0.09,No,None,Missing,Needs review,CFO approval for material ESG spend,Yes,IBMBOB_ESG_Cost_KPI_Mar2026.csv + Raw_GL_Export_With_CostCenters_Mar2026_IBMBOB_Enhanced.csv
IBM BOB 3 - ESG,2026-06,ESG-MAR26-0444,TXN006652,PNG01,NSW,New South Wales Operations,Renewable sourcing premium,6000,Cost of Goods Sold,EcoVadis,BOB-ESG-0444,PO-ESG-7559,118826.62,tCO2e avoided,196.14,148.98,76.0,528.89,17.4,87,20299.32,-0.73,No,None,Missing,Ready,CFO approval for material ESG spend,Yes,IBMBOB_ESG_Cost_KPI_Mar2026.csv + Raw_GL_Export_With_CostCenters_Mar2026_IBMBOB_Enhanced.csv
IBM BOB 3 - ESG,2026-06,ESG-MAR26-0445,TXN006653,AUS01,NSW,New South Wales Operations,Compliance assurance,5320,Audit Fees,Green Freight,BOB-ESG-0445,PO-ESG-7834,27485.72,tCO2e avoided,896.79,620.7,69.2,42.74,85.9,95,-46512.86,-0.76,No,None,Missing,Ready,No action,No,IBMBOB_ESG_Cost_KPI_Mar2026.csv + Raw_GL_Export_With_CostCenters_Mar2026_IBMBOB_Enhanced.csv
IBM BOB 3 - ESG,2026-06,ESG-MAR26-0446,TXN006654,AUS01,FIN,Finance & Accounting,Energy usage,5110,Utilities,Sustainable Packaging Co,BOB-ESG-0446,PO-ESG-5939,75192.78,supplier_score,523.05,369.2,70.6,489.7,63.2,68,-34579.65,-0.14,No,None,Complete,Ready,No action,No,IBMBOB_ESG_Cost_KPI_Mar2026.csv + Raw_GL_Export_With_CostCenters_Mar2026_IBMBOB_Enhanced.csv
IBM BOB 3 - ESG,2026-06,ESG-MAR26-0447,TXN006655,NZL01,WA,Western Australia Operations,Waste reduction,5600,Telecommunications,Bureau Veritas,BOB-ESG-0447,PO-ESG-6880,33057.64,tCO2e avoided,368.49,409.63,111.2,303.93,97.6,45,10117.67,0.13,Yes,ESG spend posted to non-ESG account or missing KPI link,Complete,Partial,Reclassify and link to KPI evidence,Yes,IBMBOB_ESG_Cost_KPI_Mar2026.csv + Raw_GL_Export_With_CostCenters_Mar2026_IBMBOB_Enhanced.csv
IBM BOB 3 - ESG,2026-06,ESG-MAR26-0448,TXN006656,AUS01,FIN,Finance & Accounting,Carbon offsets,5300,Professional Services,Origin Energy,BOB-ESG-0448,PO-ESG-4577,77373.78,tCO2e avoided,678.68,807.33,119.0,444.99,79.2,76,-49274.68,-0.01,No,None,Complete,Ready,No action,No,IBMBOB_ESG_Cost_KPI_Mar2026.csv + Raw_GL_Export_With_CostCenters_Mar2026_IBMBOB_Enhanced.csv
IBM BOB 3 - ESG,2026-06,ESG-MAR26-0449,TXN006657,AUS01,MKT,Marketing & Sales,Supplier ESG premium,6010,Direct Materials,Carbon Neutral Pty Ltd,BOB-ESG-0449,PO-ESG-1732,60946.01,audit_evidence_count,195.66,236.47,120.9,410.76,89.1,69,-5909.73,-0.13,No,None,Complete,Partial,No action,No,IBMBOB_ESG_Cost_KPI_Mar2026.csv + Raw_GL_Export_With_CostCenters_Mar2026_IBMBOB_Enhanced.csv
IBM BOB 3 - ESG,2026-06,ESG-MAR26-0450,TXN006658,AUS01,MKT,Marketing & Sales,Renewable sourcing premium,6000,Cost of Goods Sold,Bureau Veritas,BOB-ESG-0450,PO-ESG-3100,36812.51,renewable_kwh,361.57,369.09,102.1,193.82,57.0,74,-44851.05,-0.71,No,None,Complete,Ready,No action,No,IBMBOB_ESG_Cost_KPI_Mar2026.csv + Raw_GL_Export_With_CostCenters_Mar2026_IBMBOB_Enhanced.csv
IBM BOB 3 - ESG,2026-06,ESG-MAR26-0451,TXN006659,FJI01,FIN,Finance & Accounting,Compliance assurance,5320,Audit Fees,EcoVadis,BOB-ESG-0451,PO-ESG-7557,8936.7,tCO2e avoided,499.49,483.54,96.8,384.75,59.7,76,-18805.71,-0.61,No,None,Partial,Partial,No action,No,IBMBOB_ESG_Cost_KPI_Mar2026.csv + Raw_GL_Export_With_CostCenters_Mar2026_IBMBOB_Enhanced.csv
IBM BOB 3 - ESG,2026-06,ESG-MAR26-0452,TXN006660,AUS01,QLD,Queensland Operations,Waste reduction,5600,Telecommunications,Sustainable Packaging Co,BOB-ESG-0452,PO-ESG-8667,95651.03,supplier_score,518.63,525.75,101.4,243.77,15.0,72,5134.51,0.26,Yes,ESG spend posted to non-ESG account or missing KPI link,Partial,Needs review,CFO approval for material ESG spend,Yes,IBMBOB_ESG_Cost_KPI_Mar2026.csv + Raw_GL_Export_With_CostCenters_Mar2026_IBMBOB_Enhanced.csv
IBM BOB 3 - ESG,2026-06,ESG-MAR26-0453,TXN006661,NZL01,NT,Northern Territory Operations,Waste reduction,5600,Telecommunications,Climate Active Advisor,BOB-ESG-0453,PO-ESG-6843,88464.04,supplier_score,694.07,747.46,107.7,268.22,44.9,63,47105.39,-0.48,Yes,ESG spend posted to non-ESG account or missing KPI link,Complete,Partial,Reclassify and link to KPI evidence,Yes,IBMBOB_ESG_Cost_KPI_Mar2026.csv + Raw_GL_Export_With_CostCenters_Mar2026_IBMBOB_Enhanced.csv
IBM BOB 3 - ESG,2026-06,ESG-MAR26-0454,TXN006662,PNG01,MKT,Marketing & Sales,Supplier ESG premium,6010,Direct Materials,Carbon Neutral Pty Ltd,BOB-ESG-0454,PO-ESG-6109,53095.77,tCO2e avoided,806.15,868.68,107.8,237.18,31.0,53,33789.21,-0.18,No,None,Missing,Partial,No action,No,IBMBOB_ESG_Cost_KPI_Mar2026.csv + Raw_GL_Export_With_CostCenters_Mar2026_IBMBOB_Enhanced.csv
IBM BOB 3 - ESG,2026-06,ESG-MAR26-0455,TXN006663,AUS01,FIN,Finance & Accounting,Supplier ESG premium,6010,Direct Materials,EcoVadis,BOB-ESG-0455,PO-ESG-2145,20319.77,waste_kg_reduced,679.54,683.66,100.6,496.93,62.1,59,36302.52,-0.34,No,None,Complete,Ready,No action,No,IBMBOB_ESG_Cost_KPI_Mar2026.csv + Raw_GL_Export_With_CostCenters_Mar2026_IBMBOB_Enhanced.csv
IBM BOB 3 - ESG,2026-06,ESG-MAR26-0456,TXN006664,NZL01,MKT,Marketing & Sales,Sustainable packaging,6010,Direct Materials,Carbon Neutral Pty Ltd,BOB-ESG-0456,PO-ESG-6921,22471.56,renewable_kwh,692.95,548.55,79.2,284.96,75.1,49,-11732.26,0.4,No,None,Partial,Ready,No action,No,IBMBOB_ESG_Cost_KPI_Mar2026.csv + Raw_GL_Export_With_CostCenters_Mar2026_IBMBOB_Enhanced.csv
IBM BOB 3 - ESG,2026-06,ESG-MAR26-0457,TXN006665,PNG01,SA,South Australia Operations,Fleet emissions,5400,Travel,Bureau Veritas,BOB-ESG-0457,PO-ESG-9077,62090.7,renewable_kwh,934.79,801.89,85.8,36.23,44.3,47,57168.76,-0.3,No,None,Partial,Ready,No action,No,IBMBOB_ESG_Cost_KPI_Mar2026.csv + Raw_GL_Export_With_CostCenters_Mar2026_IBMBOB_Enhanced.csv
IBM BOB 3 - ESG,2026-06,ESG-MAR26-0458,TXN006666,AUS01,ACT,Australian Capital Territory,Compliance assurance,5320,Audit Fees,Sustainable Packaging Co,BOB-ESG-0458,PO-ESG-9652,24535.59,renewable_kwh,181.37,128.67,70.9,326.26,3.7,83,-660.37,-0.38,Yes,ESG spend posted to non-ESG account or missing KPI link,Complete,Partial,Reclassify and link to KPI evidence,Yes,IBMBOB_ESG_Cost_KPI_Mar2026.csv + Raw_GL_Export_With_CostCenters_Mar2026_IBMBOB_Enhanced.csv
IBM BOB 3 - ESG,2026-06,ESG-MAR26-0459,TXN006667,FJI01,QLD,Queensland Operations,Renewable sourcing premium,6000,Cost of Goods Sold,Carbon Neutral Pty Ltd,BOB-ESG-0459,PO-ESG-7159,85513.02,waste_kg_reduced,690.73,627.47,90.8,133.8,52.1,95,40633.27,0.08,No,None,Partial,Needs review,CFO approval for material ESG spend,Yes,IBMBOB_ESG_Cost_KPI_Mar2026.csv + Raw_GL_Export_With_CostCenters_Mar2026_IBMBOB_Enhanced.csv
IBM BOB 3 - ESG,2026-06,ESG-MAR26-0460,TXN006668,PNG01,CORP,Corporate Head Office,Supplier ESG premium,6010,Direct Materials,Origin Energy,BOB-ESG-0460,PO-ESG-7064,119191.43,audit_evidence_count,867.64,578.68,66.7,407.31,12.9,83,23877.16,-0.46,Yes,ESG spend posted to non-ESG account or missing KPI link,Partial,Ready,CFO approval for material ESG spend,Yes,IBMBOB_ESG_Cost_KPI_Mar2026.csv + Raw_GL_Export_With_CostCenters_Mar2026_IBMBOB_Enhanced.csv
IBM BOB 3 - ESG,2026-06,ESG-MAR26-0461,TXN006669,FJI01,FIN,Finance & Accounting,Energy usage,5110,Utilities,Bureau Veritas,BOB-ESG-0461,PO-ESG-1420,76478.22,tCO2e avoided,362.88,300.1,82.7,246.35,45.6,91,35349.21,-0.67,No,None,Complete,Ready,No action,No,IBMBOB_ESG_Cost_KPI_Mar2026.csv + Raw_GL_Export_With_CostCenters_Mar2026_IBMBOB_Enhanced.csv
IBM BOB 3 - ESG,2026-06,ESG-MAR26-0462,TXN006670,AUS01,HR,Human Resources,Energy usage,5110,Utilities,Energy Australia,BOB-ESG-0462,PO-ESG-9488,15539.35,waste_kg_reduced,209.75,240.47,114.6,253.95,27.7,46,37608.95,0.31,No,None,Complete,Ready,No action,No,IBMBOB_ESG_Cost_KPI_Mar2026.csv + Raw_GL_Export_With_CostCenters_Mar2026_IBMBOB_Enhanced.csv
IBM BOB 3 - ESG,2026-06,ESG-MAR26-0463,TXN006671,FJI01,WA,Western Australia Operations,Carbon offsets,5300,Professional Services,Green Freight,BOB-ESG-0463,PO-ESG-1770,68032.35,supplier_score,567.55,621.76,109.6,63.95,21.1,54,-33295.09,-0.75,Yes,ESG spend posted to non-ESG account or missing KPI link,Complete,Ready,Reclassify and link to KPI evidence,Yes,IBMBOB_ESG_Cost_KPI_Mar2026.csv + Raw_GL_Export_With_CostCenters_Mar2026_IBMBOB_Enhanced.csv
IBM BOB 3 - ESG,2026-06,ESG-MAR26-0464,TXN006672,NZL01,HR,Human Resources,Carbon offsets,5300,Professional Services,Carbon Neutral Pty Ltd,BOB-ESG-0464,PO-ESG-2009,89002.52,tCO2e avoided,792.03,657.05,83.0,28.86,33.8,68,26577.8,-0.49,No,None,Complete,Partial,No action,No,IBMBOB_ESG_Cost_KPI_Mar2026.csv + Raw_GL_Export_With_CostCenters_Mar2026_IBMBOB_Enhanced.csv
IBM BOB 3 - ESG,2026-06,ESG-MAR26-0465,TXN006673,NZL01,TAS,Tasmania Operations,Carbon offsets,5300,Professional Services,Climate Active Advisor,BOB-ESG-0465,PO-ESG-3066,5658.0,waste_kg_reduced,679.05,499.75,73.6,476.07,44.4,77,-19806.79,0.05,No,None,Missing,Ready,No action,No,IBMBOB_ESG_Cost_KPI_Mar2026.csv + Raw_GL_Export_With_CostCenters_Mar2026_IBMBOB_Enhanced.csv
IBM BOB 3 - ESG,2026-06,ESG-MAR26-0466,TXN006674,FJI01,TAS,Tasmania Operations,Supplier ESG premium,6010,Direct Materials,Origin Energy,BOB-ESG-0466,PO-ESG-2727,10116.14,audit_evidence_count,359.73,266.55,74.1,332.09,77.8,66,41655.03,0.06,No,None,Partial,Partial,No action,No,IBMBOB_ESG_Cost_KPI_Mar2026.csv + Raw_GL_Export_With_CostCenters_Mar2026_IBMBOB_Enhanced.csv
IBM BOB 3 - ESG,2026-06,ESG-MAR26-0467,TXN006675,FJI01,NSW,New South Wales Operations,Waste reduction,5600,Telecommunications,Climate Active Advisor,BOB-ESG-0467,PO-ESG-9385,26194.83,waste_kg_reduced,565.09,519.01,91.8,47.91,92.6,92,-16036.63,-0.09,Yes,ESG spend posted to non-ESG account or missing KPI link,Complete,Needs review,CFO approval for material ESG spend,Yes,IBMBOB_ESG_Cost_KPI_Mar2026.csv + Raw_GL_Export_With_CostCenters_Mar2026_IBMBOB_Enhanced.csv
IBM BOB 3 - ESG,2026-06,ESG-MAR26-0468,TXN006676,PNG01,NT,Northern Territory Operations,Carbon offsets,5300,Professional Services,Bureau Veritas,BOB-ESG-0468,PO-ESG-9358,93560.1,audit_evidence_count,749.21,608.09,81.2,370.04,98.5,60,81398.75,0.12,Yes,ESG spend posted to non-ESG account or missing KPI link,Missing,Ready,Reclassify and link to KPI evidence,Yes,IBMBOB_ESG_Cost_KPI_Mar2026.csv + Raw_GL_Export_With_CostCenters_Mar2026_IBMBOB_Enhanced.csv
IBM BOB 3 - ESG,2026-06,ESG-MAR26-0469,TXN006677,PNG01,ACT,Australian Capital Territory,Energy usage,5110,Utilities,Sustainable Packaging Co,BOB-ESG-0469,PO-ESG-2211,90700.72,renewable_kwh,569.85,682.36,119.7,107.73,47.2,71,62436.56,-0.1,No,None,Complete,Ready,No action,No,IBMBOB_ESG_Cost_KPI_Mar2026.csv + Raw_GL_Export_With_CostCenters_Mar2026_IBMBOB_Enhanced.csv
IBM BOB 3 - ESG,2026-06,ESG-MAR26-0470,TXN006678,PNG01,WA,Western Australia Operations,Waste reduction,5600,Telecommunications,EcoVadis,BOB-ESG-0470,PO-ESG-1309,115281.67,waste_kg_reduced,365.22,412.71,113.0,27.04,45.0,54,-6026.62,-0.7,No,None,Partial,Ready,CFO approval for material ESG spend,Yes,IBMBOB_ESG_Cost_KPI_Mar2026.csv + Raw_GL_Export_With_CostCenters_Mar2026_IBMBOB_Enhanced.csv
IBM BOB 3 - ESG,2026-06,ESG-MAR26-0471,TXN006679,AUS01,ACT,Australian Capital Territory,Renewable sourcing premium,6000,Cost of Goods Sold,EcoVadis,BOB-ESG-0471,PO-ESG-1105,118589.89,supplier_score,621.66,509.72,82.0,77.86,58.5,48,-35205.45,-0.01,No,None,Partial,Partial,CFO approval for material ESG spend,Yes,IBMBOB_ESG_Cost_KPI_Mar2026.csv + Raw_GL_Export_With_CostCenters_Mar2026_IBMBOB_Enhanced.csv
IBM BOB 3 - ESG,2026-06,ESG-MAR26-0472,TXN006680,FJI01,NT,Northern Territory Operations,Energy usage,5110,Utilities,Energy Australia,BOB-ESG-0472,PO-ESG-3276,34313.33,renewable_kwh,112.52,106.9,95.0,172.61,1.5,74,540.16,0.4,No,None,Partial,Partial,No action,No,IBMBOB_ESG_Cost_KPI_Mar2026.csv + Raw_GL_Export_With_CostCenters_Mar2026_IBMBOB_Enhanced.csv
IBM BOB 3 - ESG,2026-06,ESG-MAR26-0473,TXN006681,FJI01,R&D,Research & Development,Energy usage,5110,Utilities,Carbon Neutral Pty Ltd,BOB-ESG-0473,PO-ESG-9951,94384.61,waste_kg_reduced,279.33,290.32,103.9,170.96,64.7,79,-39262.51,-0.74,Yes,ESG spend posted to non-ESG account or missing KPI link,Missing,Partial,Reclassify and link to KPI evidence,Yes,IBMBOB_ESG_Cost_KPI_Mar2026.csv + Raw_GL_Export_With_CostCenters_Mar2026_IBMBOB_Enhanced.csv
IBM BOB 3 - ESG,2026-06,ESG-MAR26-0474,TXN006682,NZL01,R&D,Research & Development,Carbon offsets,5300,Professional Services,Sustainable Packaging Co,BOB-ESG-0474,PO-ESG-4176,90667.88,tCO2e avoided,896.83,901.1,100.5,408.25,60.6,78,-47236.44,-0.22,No,None,Missing,Partial,No action,No,IBMBOB_ESG_Cost_KPI_Mar2026.csv + Raw_GL_Export_With_CostCenters_Mar2026_IBMBOB_Enhanced.csv
IBM BOB 3 - ESG,2026-06,ESG-MAR26-0475,TXN006683,NZL01,HR,Human Resources,Supplier ESG premium,6010,Direct Materials,Carbon Neutral Pty Ltd,BOB-ESG-0475,PO-ESG-4234,42716.16,waste_kg_reduced,629.32,739.88,117.6,226.58,93.1,73,-8611.39,-0.12,No,None,Missing,Needs review,CFO approval for material ESG spend,Yes,IBMBOB_ESG_Cost_KPI_Mar2026.csv + Raw_GL_Export_With_CostCenters_Mar2026_IBMBOB_Enhanced.csv
IBM BOB 3 - ESG,2026-06,ESG-MAR26-0476,TXN006684,FJI01,ACT,Australian Capital Territory,Fleet emissions,5400,Travel,EcoVadis,BOB-ESG-0476,PO-ESG-3842,114397.97,waste_kg_reduced,816.59,598.76,73.3,65.15,41.7,77,37473.4,-0.75,No,None,Missing,Needs review,CFO approval for material ESG spend,Yes,IBMBOB_ESG_Cost_KPI_Mar2026.csv + Raw_GL_Export_With_CostCenters_Mar2026_IBMBOB_Enhanced.csv
IBM BOB 3 - ESG,2026-06,ESG-MAR26-0477,TXN006685,NZL01,ACT,Australian Capital Territory,Renewable sourcing premium,6000,Cost of Goods Sold,Energy Australia,BOB-ESG-0477,PO-ESG-9903,79163.33,supplier_score,859.64,662.25,77.0,451.62,35.3,95,-36657.6,0.27,No,None,Partial,Needs review,CFO approval for material ESG spend,Yes,IBMBOB_ESG_Cost_KPI_Mar2026.csv + Raw_GL_Export_With_CostCenters_Mar2026_IBMBOB_Enhanced.csv
IBM BOB 3 - ESG,2026-06,ESG-MAR26-0478,TXN006686,PNG01,FIN,Finance & Accounting,Compliance assurance,5320,Audit Fees,Origin Energy,BOB-ESG-0478,PO-ESG-6540,78410.75,renewable_kwh,98.37,89.12,90.6,79.87,87.3,79,34198.29,0.31,No,None,Complete,Ready,No action,No,IBMBOB_ESG_Cost_KPI_Mar2026.csv + Raw_GL_Export_With_CostCenters_Mar2026_IBMBOB_Enhanced.csv
IBM BOB 3 - ESG,2026-06,ESG-MAR26-0479,TXN006687,FJI01,MKT,Marketing & Sales,Waste reduction,5600,Telecommunications,EcoVadis,BOB-ESG-0479,PO-ESG-2957,65174.44,supplier_score,192.44,167.09,86.8,389.38,22.8,92,-6234.37,-0.24,No,None,Partial,Needs review,CFO approval for material ESG spend,Yes,IBMBOB_ESG_Cost_KPI_Mar2026.csv + Raw_GL_Export_With_CostCenters_Mar2026_IBMBOB_Enhanced.csv
IBM BOB 3 - ESG,2026-06,ESG-MAR26-0480,TXN006688,FJI01,QLD,Queensland Operations,Fleet emissions,5400,Travel,Origin Energy,BOB-ESG-0480,PO-ESG-5908,52595.57,waste_kg_reduced,63.21,61.98,98.1,522.7,46.6,68,-3584.18,-0.48,No,None,Partial,Partial,No action,No,IBMBOB_ESG_Cost_KPI_Mar2026.csv + Raw_GL_Export_With_CostCenters_Mar2026_IBMBOB_Enhanced.csv
IBM BOB 3 - ESG,2026-06,ESG-MAR26-0481,TXN006689,NZL01,CORP,Corporate Head Office,Fleet emissions,5400,Travel,Energy Australia,BOB-ESG-0481,PO-ESG-2105,97803.07,audit_evidence_count,308.96,384.06,124.3,54.14,69.5,85,2903.15,-0.74,Yes,ESG spend posted to non-ESG account or missing KPI link,Partial,Ready,Reclassify and link to KPI evidence,Yes,IBMBOB_ESG_Cost_KPI_Mar2026.csv + Raw_GL_Export_With_CostCenters_Mar2026_IBMBOB_Enhanced.csv
IBM BOB 3 - ESG,2026-06,ESG-MAR26-0482,TXN006690,AUS01,CORP,Corporate Head Office,Compliance assurance,5320,Audit Fees,Carbon Neutral Pty Ltd,BOB-ESG-0482,PO-ESG-8984,43142.21,waste_kg_reduced,106.88,82.99,77.6,85.48,62.6,95,-2507.78,0.24,No,None,Partial,Ready,No action,No,IBMBOB_ESG_Cost_KPI_Mar2026.csv + Raw_GL_Export_With_CostCenters_Mar2026_IBMBOB_Enhanced.csv
IBM BOB 3 - ESG,2026-06,ESG-MAR26-0483,TXN006691,PNG01,ACT,Australian Capital Territory,Compliance assurance,5320,Audit Fees,Sustainable Packaging Co,BOB-ESG-0483,PO-ESG-3063,55012.93,waste_kg_reduced,511.81,573.42,112.0,473.89,21.7,65,47046.72,-0.28,No,None,Complete,Ready,No action,No,IBMBOB_ESG_Cost_KPI_Mar2026.csv + Raw_GL_Export_With_CostCenters_Mar2026_IBMBOB_Enhanced.csv
IBM BOB 3 - ESG,2026-06,ESG-MAR26-0484,TXN006692,AUS01,QLD,Queensland Operations,Supplier ESG premium,6010,Direct Materials,EcoVadis,BOB-ESG-0484,PO-ESG-9340,12337.01,renewable_kwh,507.43,490.65,96.7,402.04,75.7,91,13824.62,-0.09,No,None,Partial,Partial,No action,No,IBMBOB_ESG_Cost_KPI_Mar2026.csv + Raw_GL_Export_With_CostCenters_Mar2026_IBMBOB_Enhanced.csv
IBM BOB 3 - ESG,2026-06,ESG-MAR26-0485,TXN006693,NZL01,WA,Western Australia Operations,Renewable sourcing premium,6000,Cost of Goods Sold,Energy Australia,BOB-ESG-0485,PO-ESG-6127,20725.32,audit_evidence_count,626.01,562.82,89.9,74.37,1.9,46,72720.56,0.1,Yes,ESG spend posted to non-ESG account or missing KPI link,Missing,Needs review,CFO approval for material ESG spend,Yes,IBMBOB_ESG_Cost_KPI_Mar2026.csv + Raw_GL_Export_With_CostCenters_Mar2026_IBMBOB_Enhanced.csv
IBM BOB 3 - ESG,2026-06,ESG-MAR26-0486,TXN006694,NZL01,SA,South Australia Operations,Supplier ESG premium,6010,Direct Materials,Climate Active Advisor,BOB-ESG-0486,PO-ESG-2619,90608.08,waste_kg_reduced,105.5,117.11,111.0,277.73,69.3,49,-22660.29,-0.09,No,None,Complete,Ready,No action,No,IBMBOB_ESG_Cost_KPI_Mar2026.csv + Raw_GL_Export_With_CostCenters_Mar2026_IBMBOB_Enhanced.csv
IBM BOB 3 - ESG,2026-06,ESG-MAR26-0487,TXN006695,NZL01,OPS,Operations & Logistics,Compliance assurance,5320,Audit Fees,Origin Energy,BOB-ESG-0487,PO-ESG-9369,84004.42,waste_kg_reduced,106.74,87.29,81.8,147.03,85.6,90,-38949.08,0.08,No,None,Complete,Partial,No action,No,IBMBOB_ESG_Cost_KPI_Mar2026.csv + Raw_GL_Export_With_CostCenters_Mar2026_IBMBOB_Enhanced.csv
IBM BOB 3 - ESG,2026-06,ESG-MAR26-0488,TXN006696,FJI01,NSW,New South Wales Operations,Supplier ESG premium,6010,Direct Materials,EcoVadis,BOB-ESG-0488,PO-ESG-9389,51865.01,renewable_kwh,954.5,630.64,66.1,238.79,43.4,49,-4144.92,-0.23,Yes,ESG spend posted to non-ESG account or missing KPI link,Complete,Needs review,CFO approval for material ESG spend,Yes,IBMBOB_ESG_Cost_KPI_Mar2026.csv + Raw_GL_Export_With_CostCenters_Mar2026_IBMBOB_Enhanced.csv
IBM BOB 3 - ESG,2026-06,ESG-MAR26-0489,TXN006697,PNG01,NT,Northern Territory Operations,Supplier ESG premium,6010,Direct Materials,Carbon Neutral Pty Ltd,BOB-ESG-0489,PO-ESG-4704,26359.36,audit_evidence_count,702.42,789.07,112.3,174.29,4.0,66,53358.7,-0.1,Yes,ESG spend posted to non-ESG account or missing KPI link,Complete,Partial,Reclassify and link to KPI evidence,Yes,IBMBOB_ESG_Cost_KPI_Mar2026.csv + Raw_GL_Export_With_CostCenters_Mar2026_IBMBOB_Enhanced.csv
IBM BOB 3 - ESG,2026-06,ESG-MAR26-0490,TXN006698,FJI01,FIN,Finance & Accounting,Supplier ESG premium,6010,Direct Materials,EcoVadis,BOB-ESG-0490,PO-ESG-1195,117996.72,renewable_kwh,852.94,910.89,106.8,322.76,20.9,56,37374.17,-0.75,Yes,ESG spend posted to non-ESG account or missing KPI link,Missing,Partial,CFO approval for material ESG spend,Yes,IBMBOB_ESG_Cost_KPI_Mar2026.csv + Raw_GL_Export_With_CostCenters_Mar2026_IBMBOB_Enhanced.csv
IBM BOB 3 - ESG,2026-06,ESG-MAR26-0491,TXN006699,PNG01,SA,South Australia Operations,Supplier ESG premium,6010,Direct Materials,Carbon Neutral Pty Ltd,BOB-ESG-0491,PO-ESG-4392,101455.32,waste_kg_reduced,917.96,829.23,90.3,543.08,35.1,55,66879.53,-0.04,No,None,Missing,Needs review,CFO approval for material ESG spend,Yes,IBMBOB_ESG_Cost_KPI_Mar2026.csv + Raw_GL_Export_With_CostCenters_Mar2026_IBMBOB_Enhanced.csv
IBM BOB 3 - ESG,2026-06,ESG-MAR26-0492,TXN006700,AUS01,FIN,Finance & Accounting,Renewable sourcing premium,6000,Cost of Goods Sold,Carbon Neutral Pty Ltd,BOB-ESG-0492,PO-ESG-7018,55484.92,renewable_kwh,293.78,288.42,98.2,28.14,29.3,62,-27468.87,-0.22,Yes,ESG spend posted to non-ESG account or missing KPI link,Missing,Needs review,CFO approval for material ESG spend,Yes,IBMBOB_ESG_Cost_KPI_Mar2026.csv + Raw_GL_Export_With_CostCenters_Mar2026_IBMBOB_Enhanced.csv
IBM BOB 3 - ESG,2026-06,ESG-MAR26-0493,TXN006701,NZL01,MKT,Marketing & Sales,Supplier ESG premium,6010,Direct Materials,EcoVadis,BOB-ESG-0493,PO-ESG-1232,93251.07,waste_kg_reduced,943.33,1069.29,113.4,184.11,29.8,76,39490.06,-0.32,No,None,Partial,Needs review,CFO approval for material ESG spend,Yes,IBMBOB_ESG_Cost_KPI_Mar2026.csv + Raw_GL_Export_With_CostCenters_Mar2026_IBMBOB_Enhanced.csv
IBM BOB 3 - ESG,2026-06,ESG-MAR26-0494,TXN006702,FJI01,VIC,Victoria Operations,Renewable sourcing premium,6000,Cost of Goods Sold,Bureau Veritas,BOB-ESG-0494,PO-ESG-5942,51262.29,waste_kg_reduced,693.81,513.62,74.0,462.35,60.1,71,66981.18,-0.18,No,None,Complete,Ready,No action,No,IBMBOB_ESG_Cost_KPI_Mar2026.csv + Raw_GL_Export_With_CostCenters_Mar2026_IBMBOB_Enhanced.csv
IBM BOB 3 - ESG,2026-06,ESG-MAR26-0495,TXN006703,NZL01,VIC,Victoria Operations,Carbon offsets,5300,Professional Services,Sustainable Packaging Co,BOB-ESG-0495,PO-ESG-5857,79030.71,renewable_kwh,154.76,171.05,110.5,268.28,60.1,60,68355.85,-0.24,No,None,Complete,Needs review,CFO approval for material ESG spend,Yes,IBMBOB_ESG_Cost_KPI_Mar2026.csv + Raw_GL_Export_With_CostCenters_Mar2026_IBMBOB_Enhanced.csv
IBM BOB 3 - ESG,2026-06,ESG-MAR26-0496,TXN006704,PNG01,VIC,Victoria Operations,Renewable sourcing premium,6000,Cost of Goods Sold,Energy Australia,BOB-ESG-0496,PO-ESG-6364,21225.7,renewable_kwh,776.99,633.87,81.6,242.52,82.3,75,-36165.79,0.2,No,None,Partial,Partial,No action,No,IBMBOB_ESG_Cost_KPI_Mar2026.csv + Raw_GL_Export_With_CostCenters_Mar2026_IBMBOB_Enhanced.csv
IBM BOB 3 - ESG,2026-06,ESG-MAR26-0497,TXN006705,PNG01,VIC,Victoria Operations,Compliance assurance,5320,Audit Fees,Green Freight,BOB-ESG-0497,PO-ESG-5813,116272.48,audit_evidence_count,375.53,404.04,107.6,222.85,73.9,59,22735.2,-0.69,No,None,Partial,Needs review,CFO approval for material ESG spend,Yes,IBMBOB_ESG_Cost_KPI_Mar2026.csv + Raw_GL_Export_With_CostCenters_Mar2026_IBMBOB_Enhanced.csv
IBM BOB 3 - ESG,2026-06,ESG-MAR26-0498,TXN006706,AUS01,SA,South Australia Operations,Sustainable packaging,6010,Direct Materials,Green Freight,BOB-ESG-0498,PO-ESG-8413,50684.98,renewable_kwh,329.31,281.57,85.5,511.64,3.8,77,-6729.75,-0.32,Yes,ESG spend posted to non-ESG account or missing KPI link,Complete,Ready,Reclassify and link to KPI evidence,Yes,IBMBOB_ESG_Cost_KPI_Mar2026.csv + Raw_GL_Export_With_CostCenters_Mar2026_IBMBOB_Enhanced.csv
IBM BOB 3 - ESG,2026-06,ESG-MAR26-0499,TXN006707,PNG01,IT,Information Technology,Sustainable packaging,6010,Direct Materials,Sustainable Packaging Co,BOB-ESG-0499,PO-ESG-9655,14943.32,renewable_kwh,316.66,329.01,103.9,309.26,33.5,82,-13097.6,-0.14,No,None,Missing,Needs review,CFO approval for material ESG spend,Yes,IBMBOB_ESG_Cost_KPI_Mar2026.csv + Raw_GL_Export_With_CostCenters_Mar2026_IBMBOB_Enhanced.csv
IBM BOB 3 - ESG,2026-06,ESG-MAR26-0500,TXN006708,FJI01,SA,South Australia Operations,Carbon offsets,5300,Professional Services,Origin Energy,BOB-ESG-0500,PO-ESG-5276,7962.49,audit_evidence_count,998.09,752.76,75.4,117.31,3.4,67,82328.36,-0.46,Yes,ESG spend posted to non-ESG account or missing KPI link,Partial,Partial,Reclassify and link to KPI evidence,Yes,IBMBOB_ESG_Cost_KPI_Mar2026.csv + Raw_GL_Export_With_CostCenters_Mar2026_IBMBOB_Enhanced.csv
IBM BOB 3 - ESG,2026-06,ESG-MAR26-0501,TXN006709,AUS01,HR,Human Resources,Waste reduction,5600,Telecommunications,Carbon Neutral Pty Ltd,BOB-ESG-0501,PO-ESG-7551,22587.53,audit_evidence_count,257.37,211.76,82.3,310.32,22.8,76,51345.97,-0.46,Yes,ESG spend posted to non-ESG account or missing KPI link,Complete,Partial,Reclassify and link to KPI evidence,Yes,IBMBOB_ESG_Cost_KPI_Mar2026.csv + Raw_GL_Export_With_CostCenters_Mar2026_IBMBOB_Enhanced.csv
IBM BOB 3 - ESG,2026-06,ESG-MAR26-0502,TXN006710,FJI01,VIC,Victoria Operations,Renewable sourcing premium,6000,Cost of Goods Sold,Climate Active Advisor,BOB-ESG-0502,PO-ESG-1197,54942.37,tCO2e avoided,593.87,465.07,78.3,294.15,68.4,63,-17157.44,-0.34,No,None,Complete,Needs review,CFO approval for material ESG spend,Yes,IBMBOB_ESG_Cost_KPI_Mar2026.csv + Raw_GL_Export_With_CostCenters_Mar2026_IBMBOB_Enhanced.csv
IBM BOB 3 - ESG,2026-06,ESG-MAR26-0503,TXN006711,NZL01,NT,Northern Territory Operations,Fleet emissions,5400,Travel,Climate Active Advisor,BOB-ESG-0503,PO-ESG-3599,64138.64,renewable_kwh,747.37,812.03,108.7,323.57,9.3,85,-14093.41,-0.54,No,None,Missing,Ready,No action,No,IBMBOB_ESG_Cost_KPI_Mar2026.csv + Raw_GL_Export_With_CostCenters_Mar2026_IBMBOB_Enhanced.csv
IBM BOB 3 - ESG,2026-06,ESG-MAR26-0504,TXN006712,NZL01,OPS,Operations & Logistics,Sustainable packaging,6010,Direct Materials,Bureau Veritas,BOB-ESG-0504,PO-ESG-9812,38260.15,waste_kg_reduced,760.69,708.48,93.1,193.24,43.2,96,-25813.57,-0.63,Yes,ESG spend posted to non-ESG account or missing KPI link,Missing,Needs review,CFO approval for material ESG spend,Yes,IBMBOB_ESG_Cost_KPI_Mar2026.csv + Raw_GL_Export_With_CostCenters_Mar2026_IBMBOB_Enhanced.csv
IBM BOB 3 - ESG,2026-06,ESG-MAR26-0505,TXN006713,PNG01,WA,Western Australia Operations,Sustainable packaging,6010,Direct Materials,Sustainable Packaging Co,BOB-ESG-0505,PO-ESG-1113,118308.31,renewable_kwh,751.81,763.06,101.5,505.42,68.3,46,67892.61,-0.2,No,None,Missing,Needs review,CFO approval for material ESG spend,Yes,IBMBOB_ESG_Cost_KPI_Mar2026.csv + Raw_GL_Export_With_CostCenters_Mar2026_IBMBOB_Enhanced.csv
IBM BOB 3 - ESG,2026-06,ESG-MAR26-0506,TXN006714,FJI01,QLD,Queensland Operations,Fleet emissions,5400,Travel,Bureau Veritas,BOB-ESG-0506,PO-ESG-1463,108266.5,audit_evidence_count,789.6,863.55,109.4,59.23,63.1,49,-43724.92,-0.38,Yes,ESG spend posted to non-ESG account or missing KPI link,Partial,Ready,CFO approval for material ESG spend,Yes,IBMBOB_ESG_Cost_KPI_Mar2026.csv + Raw_GL_Export_With_CostCenters_Mar2026_IBMBOB_Enhanced.csv
IBM BOB 3 - ESG,2026-06,ESG-MAR26-0507,TXN006715,FJI01,MKT,Marketing & Sales,Waste reduction,5600,Telecommunications,EcoVadis,BOB-ESG-0507,PO-ESG-7963,14103.98,supplier_score,58.36,63.86,109.4,57.15,57.7,79,5033.64,-0.12,Yes,ESG spend posted to non-ESG account or missing KPI link,Partial,Partial,Reclassify and link to KPI evidence,Yes,IBMBOB_ESG_Cost_KPI_Mar2026.csv + Raw_GL_Export_With_CostCenters_Mar2026_IBMBOB_Enhanced.csv
IBM BOB 3 - ESG,2026-06,ESG-MAR26-0508,TXN006716,PNG01,TAS,Tasmania Operations,Waste reduction,5600,Telecommunications,Green Freight,BOB-ESG-0508,PO-ESG-7909,80007.55,renewable_kwh,433.67,288.21,66.5,150.42,22.3,82,-20311.66,0.03,No,None,Partial,Partial,No action,No,IBMBOB_ESG_Cost_KPI_Mar2026.csv + Raw_GL_Export_With_CostCenters_Mar2026_IBMBOB_Enhanced.csv
IBM BOB 3 - ESG,2026-06,ESG-MAR26-0509,TXN006717,NZL01,VIC,Victoria Operations,Fleet emissions,5400,Travel,Origin Energy,BOB-ESG-0509,PO-ESG-4803,12383.72,supplier_score,788.33,754.06,95.7,537.94,35.9,65,57533.31,0.34,No,None,Partial,Needs review,CFO approval for material ESG spend,Yes,IBMBOB_ESG_Cost_KPI_Mar2026.csv + Raw_GL_Export_With_CostCenters_Mar2026_IBMBOB_Enhanced.csv
IBM BOB 3 - ESG,2026-06,ESG-MAR26-0510,TXN006718,PNG01,OPS,Operations & Logistics,Fleet emissions,5400,Travel,EcoVadis,BOB-ESG-0510,PO-ESG-2050,9906.56,supplier_score,114.02,140.24,123.0,196.3,79.6,49,-44726.86,-0.53,No,None,Missing,Needs review,CFO approval for material ESG spend,Yes,IBMBOB_ESG_Cost_KPI_Mar2026.csv + Raw_GL_Export_With_CostCenters_Mar2026_IBMBOB_Enhanced.csv
IBM BOB 3 - ESG,2026-06,ESG-MAR26-0511,TXN006719,FJI01,IT,Information Technology,Carbon offsets,5300,Professional Services,Carbon Neutral Pty Ltd,BOB-ESG-0511,PO-ESG-6418,115100.27,audit_evidence_count,148.81,180.49,121.3,167.51,44.7,70,46735.1,0.33,No,None,Partial,Partial,CFO approval for material ESG spend,Yes,IBMBOB_ESG_Cost_KPI_Mar2026.csv + Raw_GL_Export_With_CostCenters_Mar2026_IBMBOB_Enhanced.csv
IBM BOB 3 - ESG,2026-06,ESG-MAR26-0512,TXN006720,PNG01,IT,Information Technology,Sustainable packaging,6010,Direct Materials,Climate Active Advisor,BOB-ESG-0512,PO-ESG-1246,17135.74,audit_evidence_count,804.39,674.52,83.9,39.11,33.8,64,9599.88,-0.3,No,None,Missing,Needs review,CFO approval for material ESG spend,Yes,IBMBOB_ESG_Cost_KPI_Mar2026.csv + Raw_GL_Export_With_CostCenters_Mar2026_IBMBOB_Enhanced.csv
IBM BOB 3 - ESG,2026-06,ESG-MAR26-0513,TXN006721,NZL01,SA,South Australia Operations,Energy usage,5110,Utilities,Carbon Neutral Pty Ltd,BOB-ESG-0513,PO-ESG-5296,68904.38,tCO2e avoided,877.99,672.36,76.6,68.98,41.5,46,-5154.8,-0.56,Yes,ESG spend posted to non-ESG account or missing KPI link,Partial,Ready,Reclassify and link to KPI evidence,Yes,IBMBOB_ESG_Cost_KPI_Mar2026.csv + Raw_GL_Export_With_CostCenters_Mar2026_IBMBOB_Enhanced.csv
IBM BOB 3 - ESG,2026-06,ESG-MAR26-0514,TXN006722,NZL01,QLD,Queensland Operations,Waste reduction,5600,Telecommunications,Carbon Neutral Pty Ltd,BOB-ESG-0514,PO-ESG-4822,26248.15,supplier_score,609.92,473.44,77.6,184.83,90.9,77,-8341.24,0.01,Yes,ESG spend posted to non-ESG account or missing KPI link,Partial,Partial,Reclassify and link to KPI evidence,Yes,IBMBOB_ESG_Cost_KPI_Mar2026.csv + Raw_GL_Export_With_CostCenters_Mar2026_IBMBOB_Enhanced.csv
IBM BOB 3 - ESG,2026-06,ESG-MAR26-0515,TXN006723,PNG01,NSW,New South Wales Operations,Sustainable packaging,6010,Direct Materials,Carbon Neutral Pty Ltd,BOB-ESG-0515,PO-ESG-5580,111098.73,audit_evidence_count,939.85,792.27,84.3,429.8,58.7,80,-4455.13,-0.47,No,None,Missing,Partial,CFO approval for material ESG spend,Yes,IBMBOB_ESG_Cost_KPI_Mar2026.csv + Raw_GL_Export_With_CostCenters_Mar2026_IBMBOB_Enhanced.csv
IBM BOB 3 - ESG,2026-06,ESG-MAR26-0516,TXN006724,AUS01,NT,Northern Territory Operations,Carbon offsets,5300,Professional Services,Carbon Neutral Pty Ltd,BOB-ESG-0516,PO-ESG-5303,30302.23,waste_kg_reduced,885.13,847.26,95.7,431.39,24.9,92,-33747.73,-0.34,No,None,Missing,Needs review,CFO approval for material ESG spend,Yes,IBMBOB_ESG_Cost_KPI_Mar2026.csv + Raw_GL_Export_With_CostCenters_Mar2026_IBMBOB_Enhanced.csv
IBM BOB 3 - ESG,2026-06,ESG-MAR26-0517,TXN006725,AUS01,WA,Western Australia Operations,Renewable sourcing premium,6000,Cost of Goods Sold,Climate Active Advisor,BOB-ESG-0517,PO-ESG-3711,51289.85,tCO2e avoided,516.63,581.42,112.5,374.96,2.8,47,60590.76,-0.25,No,None,Partial,Ready,No action,No,IBMBOB_ESG_Cost_KPI_Mar2026.csv + Raw_GL_Export_With_CostCenters_Mar2026_IBMBOB_Enhanced.csv
IBM BOB 3 - ESG,2026-06,ESG-MAR26-0518,TXN006726,NZL01,QLD,Queensland Operations,Fleet emissions,5400,Travel,Carbon Neutral Pty Ltd,BOB-ESG-0518,PO-ESG-5116,51197.4,audit_evidence_count,707.46,821.29,116.1,157.02,75.0,82,78716.89,-0.54,No,None,Partial,Needs review,CFO approval for material ESG spend,Yes,IBMBOB_ESG_Cost_KPI_Mar2026.csv + Raw_GL_Export_With_CostCenters_Mar2026_IBMBOB_Enhanced.csv
IBM BOB 3 - ESG,2026-06,ESG-MAR26-0519,TXN006727,AUS01,MKT,Marketing & Sales,Renewable sourcing premium,6000,Cost of Goods Sold,Carbon Neutral Pty Ltd,BOB-ESG-0519,PO-ESG-1330,115416.2,tCO2e avoided,993.6,755.94,76.1,342.83,58.5,51,28859.72,-0.76,No,None,Complete,Needs review,CFO approval for material ESG spend,Yes,IBMBOB_ESG_Cost_KPI_Mar2026.csv + Raw_GL_Export_With_CostCenters_Mar2026_IBMBOB_Enhanced.csv
IBM BOB 3 - ESG,2026-06,ESG-MAR26-0520,TXN006728,NZL01,WA,Western Australia Operations,Compliance assurance,5320,Audit Fees,EcoVadis,BOB-ESG-0520,PO-ESG-8726,85099.1,audit_evidence_count,380.42,348.45,91.6,492.4,82.6,59,76010.48,-0.37,Yes,ESG spend posted to non-ESG account or missing KPI link,Complete,Partial,Reclassify and link to KPI evidence,Yes,IBMBOB_ESG_Cost_KPI_Mar2026.csv + Raw_GL_Export_With_CostCenters_Mar2026_IBMBOB_Enhanced.csv
IBM BOB 3 - ESG,2026-06,ESG-MAR26-0521,TXN006729,AUS01,MKT,Marketing & Sales,Renewable sourcing premium,6000,Cost of Goods Sold,Energy Australia,BOB-ESG-0521,PO-ESG-3961,30989.86,supplier_score,175.16,189.56,108.2,332.45,34.3,46,-30176.86,-0.08,No,None,Partial,Ready,No action,No,IBMBOB_ESG_Cost_KPI_Mar2026.csv + Raw_GL_Export_With_CostCenters_Mar2026_IBMBOB_Enhanced.csv
IBM BOB 3 - ESG,2026-06,ESG-MAR26-0522,TXN006730,NZL01,WA,Western Australia Operations,Renewable sourcing premium,6000,Cost of Goods Sold,Bureau Veritas,BOB-ESG-0522,PO-ESG-1064,12014.68,renewable_kwh,368.57,451.13,122.4,526.12,53.1,46,-6462.88,0.33,No,None,Missing,Needs review,CFO approval for material ESG spend,Yes,IBMBOB_ESG_Cost_KPI_Mar2026.csv + Raw_GL_Export_With_CostCenters_Mar2026_IBMBOB_Enhanced.csv
IBM BOB 3 - ESG,2026-06,ESG-MAR26-0523,TXN006731,PNG01,VIC,Victoria Operations,Renewable sourcing premium,6000,Cost of Goods Sold,Green Freight,BOB-ESG-0523,PO-ESG-6479,6173.22,audit_evidence_count,442.32,427.51,96.7,239.64,63.7,49,430.08,-0.31,No,None,Partial,Needs review,CFO approval for material ESG spend,Yes,IBMBOB_ESG_Cost_KPI_Mar2026.csv + Raw_GL_Export_With_CostCenters_Mar2026_IBMBOB_Enhanced.csv
IBM BOB 3 - ESG,2026-06,ESG-MAR26-0524,TXN006732,NZL01,QLD,Queensland Operations,Renewable sourcing premium,6000,Cost of Goods Sold,Sustainable Packaging Co,BOB-ESG-0524,PO-ESG-7483,90705.45,supplier_score,459.82,546.38,118.8,231.6,28.5,58,54902.71,0.38,No,None,Partial,Needs review,CFO approval for material ESG spend,Yes,IBMBOB_ESG_Cost_KPI_Mar2026.csv + Raw_GL_Export_With_CostCenters_Mar2026_IBMBOB_Enhanced.csv
IBM BOB 3 - ESG,2026-06,ESG-MAR26-0525,TXN006733,NZL01,ACT,Australian Capital Territory,Waste reduction,5600,Telecommunications,Climate Active Advisor,BOB-ESG-0525,PO-ESG-5561,119066.63,supplier_score,101.05,78.5,77.7,123.48,5.6,80,1985.28,0.21,No,None,Partial,Ready,CFO approval for material ESG spend,Yes,IBMBOB_ESG_Cost_KPI_Mar2026.csv + Raw_GL_Export_With_CostCenters_Mar2026_IBMBOB_Enhanced.csv
IBM BOB 3 - ESG,2026-06,ESG-MAR26-0526,TXN006734,AUS01,ACT,Australian Capital Territory,Renewable sourcing premium,6000,Cost of Goods Sold,Sustainable Packaging Co,BOB-ESG-0526,PO-ESG-5858,46635.46,supplier_score,434.38,404.45,93.1,151.9,8.0,84,-20312.06,-0.48,Yes,ESG spend posted to non-ESG account or missing KPI link,Partial,Needs review,CFO approval for material ESG spend,Yes,IBMBOB_ESG_Cost_KPI_Mar2026.csv + Raw_GL_Export_With_CostCenters_Mar2026_IBMBOB_Enhanced.csv
IBM BOB 3 - ESG,2026-06,ESG-MAR26-0527,TXN006735,FJI01,NT,Northern Territory Operations,Renewable sourcing premium,6000,Cost of Goods Sold,Carbon Neutral Pty Ltd,BOB-ESG-0527,PO-ESG-3732,100282.83,supplier_score,485.54,381.68,78.6,246.67,29.5,57,-49289.71,0.33,No,None,Complete,Partial,CFO approval for material ESG spend,Yes,IBMBOB_ESG_Cost_KPI_Mar2026.csv + Raw_GL_Export_With_CostCenters_Mar2026_IBMBOB_Enhanced.csv
IBM BOB 3 - ESG,2026-06,ESG-MAR26-0528,TXN006736,NZL01,FIN,Finance & Accounting,Compliance assurance,5320,Audit Fees,Sustainable Packaging Co,BOB-ESG-0528,PO-ESG-2570,5490.41,renewable_kwh,515.84,568.38,110.2,279.89,49.3,85,72970.14,-0.11,No,None,Missing,Needs review,CFO approval for material ESG spend,Yes,IBMBOB_ESG_Cost_KPI_Mar2026.csv + Raw_GL_Export_With_CostCenters_Mar2026_IBMBOB_Enhanced.csv
IBM BOB 3 - ESG,2026-06,ESG-MAR26-0529,TXN006737,FJI01,ACT,Australian Capital Territory,Supplier ESG premium,6010,Direct Materials,Climate Active Advisor,BOB-ESG-0529,PO-ESG-4132,83079.67,renewable_kwh,315.47,299.85,95.0,165.39,14.3,57,-7516.8,-0.16,Yes,ESG spend posted to non-ESG account or missing KPI link,Partial,Partial,Reclassify and link to KPI evidence,Yes,IBMBOB_ESG_Cost_KPI_Mar2026.csv + Raw_GL_Export_With_CostCenters_Mar2026_IBMBOB_Enhanced.csv
IBM BOB 3 - ESG,2026-06,ESG-MAR26-0530,TXN006738,PNG01,SA,South Australia Operations,Supplier ESG premium,6010,Direct Materials,EcoVadis,BOB-ESG-0530,PO-ESG-6340,106290.13,audit_evidence_count,755.18,926.52,122.7,115.26,20.7,50,83848.9,-0.44,No,None,Partial,Needs review,CFO approval for material ESG spend,Yes,IBMBOB_ESG_Cost_KPI_Mar2026.csv + Raw_GL_Export_With_CostCenters_Mar2026_IBMBOB_Enhanced.csv
IBM BOB 3 - ESG,2026-06,ESG-MAR26-0531,TXN006739,FJI01,NT,Northern Territory Operations,Carbon offsets,5300,Professional Services,Energy Australia,BOB-ESG-0531,PO-ESG-4169,38465.14,renewable_kwh,673.27,670.62,99.6,483.48,36.9,76,-5007.48,-0.75,No,None,Complete,Ready,No action,No,IBMBOB_ESG_Cost_KPI_Mar2026.csv + Raw_GL_Export_With_CostCenters_Mar2026_IBMBOB_Enhanced.csv
IBM BOB 3 - ESG,2026-06,ESG-MAR26-0532,TXN006740,FJI01,FIN,Finance & Accounting,Renewable sourcing premium,6000,Cost of Goods Sold,Sustainable Packaging Co,BOB-ESG-0532,PO-ESG-2006,119971.18,audit_evidence_count,802.17,805.72,100.4,81.29,9.1,55,47333.19,0.38,No,None,Missing,Ready,CFO approval for material ESG spend,Yes,IBMBOB_ESG_Cost_KPI_Mar2026.csv + Raw_GL_Export_With_CostCenters_Mar2026_IBMBOB_Enhanced.csv
IBM BOB 3 - ESG,2026-06,ESG-MAR26-0533,TXN006741,PNG01,CORP,Corporate Head Office,Carbon offsets,5300,Professional Services,Origin Energy,BOB-ESG-0533,PO-ESG-6449,84641.29,waste_kg_reduced,504.32,603.9,119.7,200.65,82.8,51,40322.2,-0.45,No,None,Missing,Partial,No action,No,IBMBOB_ESG_Cost_KPI_Mar2026.csv + Raw_GL_Export_With_CostCenters_Mar2026_IBMBOB_Enhanced.csv
IBM BOB 3 - ESG,2026-06,ESG-MAR26-0534,TXN006742,AUS01,SA,South Australia Operations,Energy usage,5110,Utilities,EcoVadis,BOB-ESG-0534,PO-ESG-2267,93100.51,renewable_kwh,61.47,55.68,90.6,81.2,49.5,69,-1221.11,0.39,No,None,Partial,Ready,No action,No,IBMBOB_ESG_Cost_KPI_Mar2026.csv + Raw_GL_Export_With_CostCenters_Mar2026_IBMBOB_Enhanced.csv
IBM BOB 3 - ESG,2026-06,ESG-MAR26-0535,TXN006743,NZL01,HR,Human Resources,Compliance assurance,5320,Audit Fees,Green Freight,BOB-ESG-0535,PO-ESG-8219,16268.54,waste_kg_reduced,857.31,838.81,97.8,504.39,9.0,55,-15849.06,0.12,No,None,Partial,Needs review,CFO approval for material ESG spend,Yes,IBMBOB_ESG_Cost_KPI_Mar2026.csv + Raw_GL_Export_With_CostCenters_Mar2026_IBMBOB_Enhanced.csv
IBM BOB 3 - ESG,2026-06,ESG-MAR26-0536,TXN006744,PNG01,FIN,Finance & Accounting,Renewable sourcing premium,6000,Cost of Goods Sold,Sustainable Packaging Co,BOB-ESG-0536,PO-ESG-2401,84501.84,renewable_kwh,451.48,509.9,112.9,252.32,48.8,74,44226.16,0.0,No,None,Missing,Partial,No action,No,IBMBOB_ESG_Cost_KPI_Mar2026.csv + Raw_GL_Export_With_CostCenters_Mar2026_IBMBOB_Enhanced.csv
IBM BOB 3 - ESG,2026-06,ESG-MAR26-0537,TXN006745,PNG01,ACT,Australian Capital Territory,Waste reduction,5600,Telecommunications,Green Freight,BOB-ESG-0537,PO-ESG-6605,61409.62,waste_kg_reduced,267.66,333.1,124.4,336.32,83.8,60,-34628.49,-0.49,Yes,ESG spend posted to non-ESG account or missing KPI link,Complete,Partial,Reclassify and link to KPI evidence,Yes,IBMBOB_ESG_Cost_KPI_Mar2026.csv + Raw_GL_Export_With_CostCenters_Mar2026_IBMBOB_Enhanced.csv
IBM BOB 3 - ESG,2026-06,ESG-MAR26-0538,TXN006746,PNG01,QLD,Queensland Operations,Compliance assurance,5320,Audit Fees,Sustainable Packaging Co,BOB-ESG-0538,PO-ESG-9486,19466.84,supplier_score,628.47,511.42,81.4,548.43,5.8,94,31247.78,-0.31,No,None,Missing,Partial,No action,No,IBMBOB_ESG_Cost_KPI_Mar2026.csv + Raw_GL_Export_With_CostCenters_Mar2026_IBMBOB_Enhanced.csv
IBM BOB 3 - ESG,2026-06,ESG-MAR26-0539,TXN006747,NZL01,FIN,Finance & Accounting,Carbon offsets,5300,Professional Services,Bureau Veritas,BOB-ESG-0539,PO-ESG-8573,58928.29,supplier_score,391.95,349.33,89.1,310.59,16.8,95,21841.15,-0.68,Yes,ESG spend posted to non-ESG account or missing KPI link,Partial,Ready,Reclassify and link to KPI evidence,Yes,IBMBOB_ESG_Cost_KPI_Mar2026.csv + Raw_GL_Export_With_CostCenters_Mar2026_IBMBOB_Enhanced.csv
IBM BOB 3 - ESG,2026-06,ESG-MAR26-0540,TXN006748,AUS01,MKT,Marketing & Sales,Fleet emissions,5400,Travel,Green Freight,BOB-ESG-0540,PO-ESG-4279,19212.96,waste_kg_reduced,284.63,335.42,117.8,286.44,3.0,52,81195.94,-0.49,No,None,Complete,Needs review,CFO approval for material ESG spend,Yes,IBMBOB_ESG_Cost_KPI_Mar2026.csv + Raw_GL_Export_With_CostCenters_Mar2026_IBMBOB_Enhanced.csv
IBM BOB 3 - ESG,2026-06,ESG-MAR26-0541,TXN006749,PNG01,QLD,Queensland Operations,Waste reduction,5600,Telecommunications,Carbon Neutral Pty Ltd,BOB-ESG-0541,PO-ESG-4224,15965.82,tCO2e avoided,891.26,634.69,71.2,495.57,73.0,53,827.6,0.28,No,None,Missing,Ready,No action,No,IBMBOB_ESG_Cost_KPI_Mar2026.csv + Raw_GL_Export_With_CostCenters_Mar2026_IBMBOB_Enhanced.csv
IBM BOB 3 - ESG,2026-06,ESG-MAR26-0542,TXN006750,PNG01,OPS,Operations & Logistics,Supplier ESG premium,6010,Direct Materials,Energy Australia,BOB-ESG-0542,PO-ESG-4928,31354.25,tCO2e avoided,668.99,449.52,67.2,398.78,82.7,83,2667.07,-0.38,Yes,ESG spend posted to non-ESG account or missing KPI link,Complete,Ready,Reclassify and link to KPI evidence,Yes,IBMBOB_ESG_Cost_KPI_Mar2026.csv + Raw_GL_Export_With_CostCenters_Mar2026_IBMBOB_Enhanced.csv
IBM BOB 3 - ESG,2026-06,ESG-MAR26-0543,TXN006751,FJI01,WA,Western Australia Operations,Energy usage,5110,Utilities,Green Freight,BOB-ESG-0543,PO-ESG-4395,81021.91,waste_kg_reduced,548.75,393.12,71.6,257.61,12.8,61,-1492.89,0.31,No,None,Missing,Ready,No action,No,IBMBOB_ESG_Cost_KPI_Mar2026.csv + Raw_GL_Export_With_CostCenters_Mar2026_IBMBOB_Enhanced.csv
IBM BOB 3 - ESG,2026-06,ESG-MAR26-0544,TXN006752,FJI01,HR,Human Resources,Waste reduction,5600,Telecommunications,Sustainable Packaging Co,BOB-ESG-0544,PO-ESG-1129,66763.3,tCO2e avoided,437.11,510.97,116.9,516.48,15.8,82,57352.51,-0.21,No,None,Missing,Partial,No action,No,IBMBOB_ESG_Cost_KPI_Mar2026.csv + Raw_GL_Export_With_CostCenters_Mar2026_IBMBOB_Enhanced.csv
IBM BOB 3 - ESG,2026-06,ESG-MAR26-0545,TXN006753,PNG01,FIN,Finance & Accounting,Fleet emissions,5400,Travel,Green Freight,BOB-ESG-0545,PO-ESG-7221,56499.87,supplier_score,481.22,547.96,113.9,22.39,90.9,45,41638.15,0.11,No,None,Partial,Partial,No action,No,IBMBOB_ESG_Cost_KPI_Mar2026.csv + Raw_GL_Export_With_CostCenters_Mar2026_IBMBOB_Enhanced.csv
IBM BOB 3 - ESG,2026-06,ESG-MAR26-0546,TXN006754,FJI01,FIN,Finance & Accounting,Sustainable packaging,6010,Direct Materials,Carbon Neutral Pty Ltd,BOB-ESG-0546,PO-ESG-7345,44079.4,tCO2e avoided,855.29,737.6,86.2,504.85,91.5,52,59378.43,-0.54,No,None,Missing,Needs review,CFO approval for material ESG spend,Yes,IBMBOB_ESG_Cost_KPI_Mar2026.csv + Raw_GL_Export_With_CostCenters_Mar2026_IBMBOB_Enhanced.csv
IBM BOB 3 - ESG,2026-06,ESG-MAR26-0547,TXN006755,FJI01,QLD,Queensland Operations,Supplier ESG premium,6010,Direct Materials,Carbon Neutral Pty Ltd,BOB-ESG-0547,PO-ESG-1577,101289.72,tCO2e avoided,372.42,329.75,88.5,162.67,29.4,67,10050.15,-0.49,No,None,Complete,Ready,CFO approval for material ESG spend,Yes,IBMBOB_ESG_Cost_KPI_Mar2026.csv + Raw_GL_Export_With_CostCenters_Mar2026_IBMBOB_Enhanced.csv
IBM BOB 3 - ESG,2026-06,ESG-MAR26-0548,TXN006756,FJI01,HR,Human Resources,Carbon offsets,5300,Professional Services,Sustainable Packaging Co,BOB-ESG-0548,PO-ESG-1949,108534.38,audit_evidence_count,880.1,688.05,78.2,64.41,88.1,69,70347.79,-0.5,Yes,ESG spend posted to non-ESG account or missing KPI link,Partial,Ready,CFO approval for material ESG spend,Yes,IBMBOB_ESG_Cost_KPI_Mar2026.csv + Raw_GL_Export_With_CostCenters_Mar2026_IBMBOB_Enhanced.csv
IBM BOB 3 - ESG,2026-06,ESG-MAR26-0549,TXN006757,PNG01,CORP,Corporate Head Office,Carbon offsets,5300,Professional Services,Energy Australia,BOB-ESG-0549,PO-ESG-5264,103703.84,tCO2e avoided,79.65,52.43,65.8,435.61,93.5,51,-18859.96,0.33,No,None,Missing,Ready,CFO approval for material ESG spend,Yes,IBMBOB_ESG_Cost_KPI_Mar2026.csv + Raw_GL_Export_With_CostCenters_Mar2026_IBMBOB_Enhanced.csv
IBM BOB 3 - ESG,2026-06,ESG-MAR26-0550,TXN006758,AUS01,IT,Information Technology,Fleet emissions,5400,Travel,Origin Energy,BOB-ESG-0550,PO-ESG-2333,106887.95,renewable_kwh,562.89,574.54,102.1,303.87,71.3,60,-40975.8,0.33,No,None,Missing,Ready,CFO approval for material ESG spend,Yes,IBMBOB_ESG_Cost_KPI_Mar2026.csv + Raw_GL_Export_With_CostCenters_Mar2026_IBMBOB_Enhanced.csv
IBM BOB 3 - ESG,2026-06,ESG-MAR26-0551,TXN006759,FJI01,IT,Information Technology,Sustainable packaging,6010,Direct Materials,Energy Australia,BOB-ESG-0551,PO-ESG-6229,52607.04,supplier_score,401.81,467.79,116.4,540.23,95.2,61,-10229.67,-0.6,No,None,Missing,Ready,No action,No,IBMBOB_ESG_Cost_KPI_Mar2026.csv + Raw_GL_Export_With_CostCenters_Mar2026_IBMBOB_Enhanced.csv
IBM BOB 3 - ESG,2026-06,ESG-MAR26-0552,TXN006760,PNG01,SA,South Australia Operations,Waste reduction,5600,Telecommunications,Bureau Veritas,BOB-ESG-0552,PO-ESG-4184,70341.58,tCO2e avoided,729.98,510.98,70.0,125.76,34.6,50,-32498.66,-0.35,No,None,Complete,Needs review,CFO approval for material ESG spend,Yes,IBMBOB_ESG_Cost_KPI_Mar2026.csv + Raw_GL_Export_With_CostCenters_Mar2026_IBMBOB_Enhanced.csv
IBM BOB 3 - ESG,2026-06,ESG-MAR26-0553,TXN006761,PNG01,ACT,Australian Capital Territory,Fleet emissions,5400,Travel,Green Freight,BOB-ESG-0553,PO-ESG-1234,118994.82,tCO2e avoided,362.06,332.77,91.9,336.68,38.5,75,10858.78,-0.5,Yes,ESG spend posted to non-ESG account or missing KPI link,Partial,Needs review,CFO approval for material ESG spend,Yes,IBMBOB_ESG_Cost_KPI_Mar2026.csv + Raw_GL_Export_With_CostCenters_Mar2026_IBMBOB_Enhanced.csv
IBM BOB 3 - ESG,2026-06,ESG-MAR26-0554,TXN006762,FJI01,NSW,New South Wales Operations,Sustainable packaging,6010,Direct Materials,Sustainable Packaging Co,BOB-ESG-0554,PO-ESG-1218,108539.38,waste_kg_reduced,580.8,459.49,79.1,135.84,1.2,59,72548.91,-0.19,No,None,Missing,Needs review,CFO approval for material ESG spend,Yes,IBMBOB_ESG_Cost_KPI_Mar2026.csv + Raw_GL_Export_With_CostCenters_Mar2026_IBMBOB_Enhanced.csv
IBM BOB 3 - ESG,2026-06,ESG-MAR26-0555,TXN006763,NZL01,VIC,Victoria Operations,Carbon offsets,5300,Professional Services,Origin Energy,BOB-ESG-0555,PO-ESG-1267,44447.92,renewable_kwh,397.65,414.96,104.4,208.14,57.1,72,6267.46,-0.59,No,None,Missing,Partial,No action,No,IBMBOB_ESG_Cost_KPI_Mar2026.csv + Raw_GL_Export_With_CostCenters_Mar2026_IBMBOB_Enhanced.csv
IBM BOB 3 - ESG,2026-06,ESG-MAR26-0556,TXN006764,NZL01,VIC,Victoria Operations,Compliance assurance,5320,Audit Fees,Climate Active Advisor,BOB-ESG-0556,PO-ESG-3491,34893.6,supplier_score,757.16,500.19,66.1,346.68,64.5,96,-6965.42,-0.67,No,None,Missing,Needs review,CFO approval for material ESG spend,Yes,IBMBOB_ESG_Cost_KPI_Mar2026.csv + Raw_GL_Export_With_CostCenters_Mar2026_IBMBOB_Enhanced.csv
IBM BOB 3 - ESG,2026-06,ESG-MAR26-0557,TXN006765,AUS01,FIN,Finance & Accounting,Renewable sourcing premium,6000,Cost of Goods Sold,Sustainable Packaging Co,BOB-ESG-0557,PO-ESG-3572,52538.01,tCO2e avoided,530.23,504.09,95.1,319.63,48.6,83,10230.99,-0.64,No,None,Complete,Ready,No action,No,IBMBOB_ESG_Cost_KPI_Mar2026.csv + Raw_GL_Export_With_CostCenters_Mar2026_IBMBOB_Enhanced.csv
IBM BOB 3 - ESG,2026-06,ESG-MAR26-0558,TXN006766,AUS01,OPS,Operations & Logistics,Renewable sourcing premium,6000,Cost of Goods Sold,Energy Australia,BOB-ESG-0558,PO-ESG-8477,29960.46,audit_evidence_count,151.53,99.59,65.7,163.4,72.1,65,67081.04,0.19,No,None,Partial,Needs review,CFO approval for material ESG spend,Yes,IBMBOB_ESG_Cost_KPI_Mar2026.csv + Raw_GL_Export_With_CostCenters_Mar2026_IBMBOB_Enhanced.csv
IBM BOB 3 - ESG,2026-06,ESG-MAR26-0559,TXN006767,PNG01,OPS,Operations & Logistics,Fleet emissions,5400,Travel,Energy Australia,BOB-ESG-0559,PO-ESG-9656,48648.89,tCO2e avoided,256.77,194.71,75.8,185.27,61.2,72,33446.28,0.11,Yes,ESG spend posted to non-ESG account or missing KPI link,Partial,Partial,Reclassify and link to KPI evidence,Yes,IBMBOB_ESG_Cost_KPI_Mar2026.csv + Raw_GL_Export_With_CostCenters_Mar2026_IBMBOB_Enhanced.csv
IBM BOB 3 - ESG,2026-06,ESG-MAR26-0560,TXN006768,AUS01,MKT,Marketing & Sales,Sustainable packaging,6010,Direct Materials,Climate Active Advisor,BOB-ESG-0560,PO-ESG-7660,37938.3,renewable_kwh,904.54,753.7,83.3,124.17,50.5,68,23661.79,0.13,No,None,Complete,Needs review,CFO approval for material ESG spend,Yes,IBMBOB_ESG_Cost_KPI_Mar2026.csv + Raw_GL_Export_With_CostCenters_Mar2026_IBMBOB_Enhanced.csv
IBM BOB 3 - ESG,2026-06,ESG-MAR26-0561,TXN006769,NZL01,QLD,Queensland Operations,Compliance assurance,5320,Audit Fees,Climate Active Advisor,BOB-ESG-0561,PO-ESG-6772,43476.5,supplier_score,687.92,842.31,122.4,544.26,79.9,79,-21698.59,-0.02,No,None,Missing,Needs review,CFO approval for material ESG spend,Yes,IBMBOB_ESG_Cost_KPI_Mar2026.csv + Raw_GL_Export_With_CostCenters_Mar2026_IBMBOB_Enhanced.csv
IBM BOB 3 - ESG,2026-06,ESG-MAR26-0562,TXN006770,FJI01,TAS,Tasmania Operations,Fleet emissions,5400,Travel,Green Freight,BOB-ESG-0562,PO-ESG-9479,76884.96,audit_evidence_count,174.48,122.67,70.3,456.62,46.4,85,-45216.53,0.05,No,None,Complete,Needs review,CFO approval for material ESG spend,Yes,IBMBOB_ESG_Cost_KPI_Mar2026.csv + Raw_GL_Export_With_CostCenters_Mar2026_IBMBOB_Enhanced.csv
IBM BOB 3 - ESG,2026-06,ESG-MAR26-0563,TXN006771,FJI01,WA,Western Australia Operations,Renewable sourcing premium,6000,Cost of Goods Sold,Carbon Neutral Pty Ltd,BOB-ESG-0563,PO-ESG-4456,36765.31,audit_evidence_count,913.06,686.65,75.2,341.13,93.4,51,17838.66,-0.79,No,None,Complete,Partial,No action,No,IBMBOB_ESG_Cost_KPI_Mar2026.csv + Raw_GL_Export_With_CostCenters_Mar2026_IBMBOB_Enhanced.csv
IBM BOB 3 - ESG,2026-06,ESG-MAR26-0564,TXN006772,NZL01,HR,Human Resources,Compliance assurance,5320,Audit Fees,Origin Energy,BOB-ESG-0564,PO-ESG-2383,32713.32,audit_evidence_count,490.27,487.42,99.4,279.18,6.5,54,42332.05,0.02,Yes,ESG spend posted to non-ESG account or missing KPI link,Missing,Partial,Reclassify and link to KPI evidence,Yes,IBMBOB_ESG_Cost_KPI_Mar2026.csv + Raw_GL_Export_With_CostCenters_Mar2026_IBMBOB_Enhanced.csv
IBM BOB 3 - ESG,2026-06,ESG-MAR26-0565,TXN006773,NZL01,VIC,Victoria Operations,Fleet emissions,5400,Travel,Climate Active Advisor,BOB-ESG-0565,PO-ESG-3171,96976.88,supplier_score,125.55,142.66,113.6,237.35,9.3,49,-46580.47,-0.58,No,None,Complete,Needs review,CFO approval for material ESG spend,Yes,IBMBOB_ESG_Cost_KPI_Mar2026.csv + Raw_GL_Export_With_CostCenters_Mar2026_IBMBOB_Enhanced.csv
IBM BOB 3 - ESG,2026-06,ESG-MAR26-0566,TXN006774,NZL01,VIC,Victoria Operations,Compliance assurance,5320,Audit Fees,Climate Active Advisor,BOB-ESG-0566,PO-ESG-9032,86200.87,audit_evidence_count,510.21,336.39,65.9,451.56,74.8,55,14862.13,0.2,No,None,Partial,Ready,No action,No,IBMBOB_ESG_Cost_KPI_Mar2026.csv + Raw_GL_Export_With_CostCenters_Mar2026_IBMBOB_Enhanced.csv
IBM BOB 3 - ESG,2026-06,ESG-MAR26-0567,TXN006775,FJI01,QLD,Queensland Operations,Sustainable packaging,6010,Direct Materials,Sustainable Packaging Co,BOB-ESG-0567,PO-ESG-3102,50282.56,tCO2e avoided,153.05,100.35,65.6,90.88,90.5,65,-11446.98,-0.25,Yes,ESG spend posted to non-ESG account or missing KPI link,Partial,Partial,Reclassify and link to KPI evidence,Yes,IBMBOB_ESG_Cost_KPI_Mar2026.csv + Raw_GL_Export_With_CostCenters_Mar2026_IBMBOB_Enhanced.csv
IBM BOB 3 - ESG,2026-06,ESG-MAR26-0568,TXN006776,PNG01,ACT,Australian Capital Territory,Sustainable packaging,6010,Direct Materials,Carbon Neutral Pty Ltd,BOB-ESG-0568,PO-ESG-7383,32132.18,supplier_score,886.76,633.67,71.5,264.23,24.5,64,13781.67,-0.75,No,None,Partial,Partial,No action,No,IBMBOB_ESG_Cost_KPI_Mar2026.csv + Raw_GL_Export_With_CostCenters_Mar2026_IBMBOB_Enhanced.csv
IBM BOB 3 - ESG,2026-06,ESG-MAR26-0569,TXN006777,NZL01,FIN,Finance & Accounting,Waste reduction,5600,Telecommunications,Energy Australia,BOB-ESG-0569,PO-ESG-9920,73824.83,renewable_kwh,438.73,302.43,68.9,503.69,95.9,47,5630.44,0.16,No,None,Complete,Ready,No action,No,IBMBOB_ESG_Cost_KPI_Mar2026.csv + Raw_GL_Export_With_CostCenters_Mar2026_IBMBOB_Enhanced.csv
IBM BOB 3 - ESG,2026-06,ESG-MAR26-0570,TXN006778,FJI01,R&D,Research & Development,Compliance assurance,5320,Audit Fees,Climate Active Advisor,BOB-ESG-0570,PO-ESG-6707,95983.77,supplier_score,82.89,57.19,69.0,411.09,52.1,97,-42011.12,-0.52,No,None,Partial,Ready,No action,No,IBMBOB_ESG_Cost_KPI_Mar2026.csv + Raw_GL_Export_With_CostCenters_Mar2026_IBMBOB_Enhanced.csv
IBM BOB 3 - ESG,2026-06,ESG-MAR26-0571,TXN006779,NZL01,HR,Human Resources,Compliance assurance,5320,Audit Fees,Energy Australia,BOB-ESG-0571,PO-ESG-7674,113679.17,supplier_score,924.53,857.16,92.7,31.25,26.9,48,15132.83,-0.35,No,None,Partial,Partial,CFO approval for material ESG spend,Yes,IBMBOB_ESG_Cost_KPI_Mar2026.csv + Raw_GL_Export_With_CostCenters_Mar2026_IBMBOB_Enhanced.csv
IBM BOB 3 - ESG,2026-06,ESG-MAR26-0572,TXN006780,AUS01,NSW,New South Wales Operations,Waste reduction,5600,Telecommunications,Bureau Veritas,BOB-ESG-0572,PO-ESG-3901,98063.0,waste_kg_reduced,531.23,406.25,76.5,301.75,54.0,49,56032.18,-0.07,No,None,Missing,Ready,No action,No,IBMBOB_ESG_Cost_KPI_Mar2026.csv + Raw_GL_Export_With_CostCenters_Mar2026_IBMBOB_Enhanced.csv
IBM BOB 3 - ESG,2026-06,ESG-MAR26-0573,TXN006781,PNG01,VIC,Victoria Operations,Sustainable packaging,6010,Direct Materials,Energy Australia,BOB-ESG-0573,PO-ESG-8992,65496.56,waste_kg_reduced,376.22,359.79,95.6,356.62,92.3,88,46577.56,-0.43,No,None,Missing,Needs review,CFO approval for material ESG spend,Yes,IBMBOB_ESG_Cost_KPI_Mar2026.csv + Raw_GL_Export_With_CostCenters_Mar2026_IBMBOB_Enhanced.csv
IBM BOB 3 - ESG,2026-06,ESG-MAR26-0574,TXN006782,PNG01,IT,Information Technology,Renewable sourcing premium,6000,Cost of Goods Sold,Sustainable Packaging Co,BOB-ESG-0574,PO-ESG-7335,92583.99,waste_kg_reduced,739.15,495.06,67.0,122.03,38.4,91,64902.12,0.04,No,None,Partial,Ready,No action,No,IBMBOB_ESG_Cost_KPI_Mar2026.csv + Raw_GL_Export_With_CostCenters_Mar2026_IBMBOB_Enhanced.csv
IBM BOB 3 - ESG,2026-06,ESG-MAR26-0575,TXN006783,PNG01,SA,South Australia Operations,Waste reduction,5600,Telecommunications,Sustainable Packaging Co,BOB-ESG-0575,PO-ESG-1287,51843.86,audit_evidence_count,162.16,193.29,119.2,428.52,51.3,54,8965.83,-0.51,Yes,ESG spend posted to non-ESG account or missing KPI link,Complete,Ready,Reclassify and link to KPI evidence,Yes,IBMBOB_ESG_Cost_KPI_Mar2026.csv + Raw_GL_Export_With_CostCenters_Mar2026_IBMBOB_Enhanced.csv
IBM BOB 3 - ESG,2026-06,ESG-MAR26-0576,TXN006784,NZL01,FIN,Finance & Accounting,Energy usage,5110,Utilities,Bureau Veritas,BOB-ESG-0576,PO-ESG-3544,29359.69,waste_kg_reduced,191.54,128.37,67.0,285.01,49.7,55,-16927.17,0.21,No,None,Missing,Ready,No action,No,IBMBOB_ESG_Cost_KPI_Mar2026.csv + Raw_GL_Export_With_CostCenters_Mar2026_IBMBOB_Enhanced.csv
IBM BOB 3 - ESG,2026-06,ESG-MAR26-0577,TXN006785,PNG01,WA,Western Australia Operations,Supplier ESG premium,6010,Direct Materials,Green Freight,BOB-ESG-0577,PO-ESG-3698,118336.04,tCO2e avoided,296.13,365.18,123.3,74.18,29.8,51,-28503.39,0.23,Yes,ESG spend posted to non-ESG account or missing KPI link,Complete,Partial,CFO approval for material ESG spend,Yes,IBMBOB_ESG_Cost_KPI_Mar2026.csv + Raw_GL_Export_With_CostCenters_Mar2026_IBMBOB_Enhanced.csv
IBM BOB 3 - ESG,2026-06,ESG-MAR26-0578,TXN006786,FJI01,VIC,Victoria Operations,Energy usage,5110,Utilities,Green Freight,BOB-ESG-0578,PO-ESG-5669,25198.76,tCO2e avoided,72.02,82.91,115.1,462.64,54.3,97,-34034.54,-0.36,No,None,Complete,Partial,No action,No,IBMBOB_ESG_Cost_KPI_Mar2026.csv + Raw_GL_Export_With_CostCenters_Mar2026_IBMBOB_Enhanced.csv
IBM BOB 3 - ESG,2026-06,ESG-MAR26-0579,TXN006787,FJI01,OPS,Operations & Logistics,Sustainable packaging,6010,Direct Materials,Sustainable Packaging Co,BOB-ESG-0579,PO-ESG-8312,80629.08,waste_kg_reduced,106.6,118.1,110.8,75.79,43.1,61,-2363.78,-0.62,Yes,ESG spend posted to non-ESG account or missing KPI link,Complete,Needs review,CFO approval for material ESG spend,Yes,IBMBOB_ESG_Cost_KPI_Mar2026.csv + Raw_GL_Export_With_CostCenters_Mar2026_IBMBOB_Enhanced.csv
IBM BOB 3 - ESG,2026-06,ESG-MAR26-0580,TXN006788,NZL01,NT,Northern Territory Operations,Supplier ESG premium,6010,Direct Materials,Sustainable Packaging Co,BOB-ESG-0580,PO-ESG-4991,30112.43,renewable_kwh,208.13,188.61,90.6,258.12,77.4,70,81584.41,-0.75,No,None,Missing,Needs review,CFO approval for material ESG spend,Yes,IBMBOB_ESG_Cost_KPI_Mar2026.csv + Raw_GL_Export_With_CostCenters_Mar2026_IBMBOB_Enhanced.csv
IBM BOB 3 - ESG,2026-06,ESG-MAR26-0581,TXN006789,PNG01,NSW,New South Wales Operations,Carbon offsets,5300,Professional Services,Climate Active Advisor,BOB-ESG-0581,PO-ESG-6053,88489.75,renewable_kwh,702.25,557.91,79.4,303.69,18.7,76,12273.75,-0.32,Yes,ESG spend posted to non-ESG account or missing KPI link,Complete,Ready,Reclassify and link to KPI evidence,Yes,IBMBOB_ESG_Cost_KPI_Mar2026.csv + Raw_GL_Export_With_CostCenters_Mar2026_IBMBOB_Enhanced.csv
IBM BOB 3 - ESG,2026-06,ESG-MAR26-0582,TXN006790,AUS01,NT,Northern Territory Operations,Sustainable packaging,6010,Direct Materials,Sustainable Packaging Co,BOB-ESG-0582,PO-ESG-1384,54151.18,waste_kg_reduced,504.6,438.0,86.8,314.13,95.8,61,81369.31,-0.49,Yes,ESG spend posted to non-ESG account or missing KPI link,Missing,Ready,Reclassify and link to KPI evidence,Yes,IBMBOB_ESG_Cost_KPI_Mar2026.csv + Raw_GL_Export_With_CostCenters_Mar2026_IBMBOB_Enhanced.csv
IBM BOB 3 - ESG,2026-06,ESG-MAR26-0583,TXN006791,NZL01,NT,Northern Territory Operations,Carbon offsets,5300,Professional Services,Origin Energy,BOB-ESG-0583,PO-ESG-9045,31070.42,audit_evidence_count,946.95,1115.66,117.8,464.49,62.6,56,-1802.82,-0.39,No,None,Complete,Needs review,CFO approval for material ESG spend,Yes,IBMBOB_ESG_Cost_KPI_Mar2026.csv + Raw_GL_Export_With_CostCenters_Mar2026_IBMBOB_Enhanced.csv
IBM BOB 3 - ESG,2026-06,ESG-MAR26-0584,TXN006792,FJI01,NSW,New South Wales Operations,Waste reduction,5600,Telecommunications,Energy Australia,BOB-ESG-0584,PO-ESG-1803,20028.52,supplier_score,960.41,950.74,99.0,338.48,14.8,94,-36442.89,0.01,No,None,Complete,Ready,No action,No,IBMBOB_ESG_Cost_KPI_Mar2026.csv + Raw_GL_Export_With_CostCenters_Mar2026_IBMBOB_Enhanced.csv
IBM BOB 3 - ESG,2026-06,ESG-MAR26-0585,TXN006793,PNG01,OPS,Operations & Logistics,Compliance assurance,5320,Audit Fees,Green Freight,BOB-ESG-0585,PO-ESG-4543,90838.14,tCO2e avoided,168.47,113.49,67.4,232.79,34.6,55,8749.24,-0.06,No,None,Partial,Ready,No action,No,IBMBOB_ESG_Cost_KPI_Mar2026.csv + Raw_GL_Export_With_CostCenters_Mar2026_IBMBOB_Enhanced.csv
IBM BOB 3 - ESG,2026-06,ESG-MAR26-0586,TXN006794,NZL01,IT,Information Technology,Compliance assurance,5320,Audit Fees,Bureau Veritas,BOB-ESG-0586,PO-ESG-3402,85491.9,tCO2e avoided,393.97,400.04,101.5,83.23,66.8,87,81746.98,-0.52,No,None,Complete,Ready,No action,No,IBMBOB_ESG_Cost_KPI_Mar2026.csv + Raw_GL_Export_With_CostCenters_Mar2026_IBMBOB_Enhanced.csv
IBM BOB 3 - ESG,2026-06,ESG-MAR26-0587,TXN006795,AUS01,QLD,Queensland Operations,Compliance assurance,5320,Audit Fees,Origin Energy,BOB-ESG-0587,PO-ESG-7248,70654.99,tCO2e avoided,352.56,292.91,83.1,471.6,7.5,54,11254.07,0.28,No,None,Partial,Ready,No action,No,IBMBOB_ESG_Cost_KPI_Mar2026.csv + Raw_GL_Export_With_CostCenters_Mar2026_IBMBOB_Enhanced.csv
IBM BOB 3 - ESG,2026-06,ESG-MAR26-0588,TXN006796,PNG01,OPS,Operations & Logistics,Compliance assurance,5320,Audit Fees,Carbon Neutral Pty Ltd,BOB-ESG-0588,PO-ESG-7419,116812.96,tCO2e avoided,170.66,213.28,125.0,276.86,43.3,47,31286.97,0.35,No,None,Partial,Partial,CFO approval for material ESG spend,Yes,IBMBOB_ESG_Cost_KPI_Mar2026.csv + Raw_GL_Export_With_CostCenters_Mar2026_IBMBOB_Enhanced.csv
IBM BOB 3 - ESG,2026-06,ESG-MAR26-0589,TXN006797,PNG01,WA,Western Australia Operations,Fleet emissions,5400,Travel,Origin Energy,BOB-ESG-0589,PO-ESG-7134,60529.75,supplier_score,250.33,190.71,76.2,228.33,69.8,48,-13184.54,-0.31,No,None,Complete,Needs review,CFO approval for material ESG spend,Yes,IBMBOB_ESG_Cost_KPI_Mar2026.csv + Raw_GL_Export_With_CostCenters_Mar2026_IBMBOB_Enhanced.csv
IBM BOB 3 - ESG,2026-06,ESG-MAR26-0590,TXN006798,AUS01,MKT,Marketing & Sales,Fleet emissions,5400,Travel,Carbon Neutral Pty Ltd,BOB-ESG-0590,PO-ESG-8871,7950.09,renewable_kwh,747.72,597.06,79.9,407.42,17.5,51,-18784.3,-0.27,No,None,Missing,Ready,No action,No,IBMBOB_ESG_Cost_KPI_Mar2026.csv + Raw_GL_Export_With_CostCenters_Mar2026_IBMBOB_Enhanced.csv
IBM BOB 3 - ESG,2026-06,ESG-MAR26-0591,TXN006799,FJI01,SA,South Australia Operations,Carbon offsets,5300,Professional Services,EcoVadis,BOB-ESG-0591,PO-ESG-1676,85991.29,renewable_kwh,352.9,238.46,67.6,78.74,77.8,61,-9731.88,0.16,No,None,Partial,Needs review,CFO approval for material ESG spend,Yes,IBMBOB_ESG_Cost_KPI_Mar2026.csv + Raw_GL_Export_With_CostCenters_Mar2026_IBMBOB_Enhanced.csv
IBM BOB 3 - ESG,2026-06,ESG-MAR26-0592,TXN006800,NZL01,VIC,Victoria Operations,Carbon offsets,5300,Professional Services,Green Freight,BOB-ESG-0592,PO-ESG-9442,66611.06,waste_kg_reduced,311.91,360.1,115.4,484.25,29.3,73,-41123.71,0.06,Yes,ESG spend posted to non-ESG account or missing KPI link,Missing,Ready,Reclassify and link to KPI evidence,Yes,IBMBOB_ESG_Cost_KPI_Mar2026.csv + Raw_GL_Export_With_CostCenters_Mar2026_IBMBOB_Enhanced.csv
IBM BOB 3 - ESG,2026-06,ESG-MAR26-0593,TXN006801,AUS01,NSW,New South Wales Operations,Waste reduction,5600,Telecommunications,Origin Energy,BOB-ESG-0593,PO-ESG-3624,80579.54,waste_kg_reduced,842.83,599.32,71.1,352.79,67.0,73,-16114.44,-0.71,No,None,Partial,Ready,No action,No,IBMBOB_ESG_Cost_KPI_Mar2026.csv + Raw_GL_Export_With_CostCenters_Mar2026_IBMBOB_Enhanced.csv
IBM BOB 3 - ESG,2026-06,ESG-MAR26-0594,TXN006802,PNG01,ACT,Australian Capital Territory,Waste reduction,5600,Telecommunications,Bureau Veritas,BOB-ESG-0594,PO-ESG-8644,5318.17,supplier_score,945.3,805.15,85.2,104.66,65.1,76,-6851.98,-0.45,No,None,Missing,Ready,No action,No,IBMBOB_ESG_Cost_KPI_Mar2026.csv + Raw_GL_Export_With_CostCenters_Mar2026_IBMBOB_Enhanced.csv
IBM BOB 3 - ESG,2026-06,ESG-MAR26-0595,TXN006803,AUS01,OPS,Operations & Logistics,Energy usage,5110,Utilities,Green Freight,BOB-ESG-0595,PO-ESG-1513,33216.02,supplier_score,462.73,543.16,117.4,306.78,77.8,90,-28833.83,-0.76,No,None,Complete,Partial,No action,No,IBMBOB_ESG_Cost_KPI_Mar2026.csv + Raw_GL_Export_With_CostCenters_Mar2026_IBMBOB_Enhanced.csv
IBM BOB 3 - ESG,2026-06,ESG-MAR26-0596,TXN006804,FJI01,TAS,Tasmania Operations,Carbon offsets,5300,Professional Services,Energy Australia,BOB-ESG-0596,PO-ESG-3888,86011.26,renewable_kwh,937.36,881.17,94.0,437.66,97.5,71,-10205.25,-0.64,No,None,Partial,Ready,No action,No,IBMBOB_ESG_Cost_KPI_Mar2026.csv + Raw_GL_Export_With_CostCenters_Mar2026_IBMBOB_Enhanced.csv
IBM BOB 3 - ESG,2026-06,ESG-MAR26-0597,TXN006805,FJI01,QLD,Queensland Operations,Sustainable packaging,6010,Direct Materials,Origin Energy,BOB-ESG-0597,PO-ESG-3708,67002.68,renewable_kwh,578.8,416.33,71.9,68.56,54.3,95,26440.71,-0.06,No,None,Complete,Partial,No action,No,IBMBOB_ESG_Cost_KPI_Mar2026.csv + Raw_GL_Export_With_CostCenters_Mar2026_IBMBOB_Enhanced.csv
IBM BOB 3 - ESG,2026-06,ESG-MAR26-0598,TXN006806,AUS01,TAS,Tasmania Operations,Carbon offsets,5300,Professional Services,Green Freight,BOB-ESG-0598,PO-ESG-5922,79835.32,renewable_kwh,402.82,498.68,123.8,488.97,93.6,64,-10516.99,-0.72,Yes,ESG spend posted to non-ESG account or missing KPI link,Partial,Ready,Reclassify and link to KPI evidence,Yes,IBMBOB_ESG_Cost_KPI_Mar2026.csv + Raw_GL_Export_With_CostCenters_Mar2026_IBMBOB_Enhanced.csv
IBM BOB 3 - ESG,2026-06,ESG-MAR26-0599,TXN006807,AUS01,R&D,Research & Development,Compliance assurance,5320,Audit Fees,EcoVadis,BOB-ESG-0599,PO-ESG-1155,70172.06,audit_evidence_count,369.95,282.7,76.4,160.16,8.0,82,28363.4,0.32,No,None,Missing,Needs review,CFO approval for material ESG spend,Yes,IBMBOB_ESG_Cost_KPI_Mar2026.csv + Raw_GL_Export_With_CostCenters_Mar2026_IBMBOB_Enhanced.csv
IBM BOB 3 - ESG,2026-06,ESG-MAR26-0600,TXN006808,PNG01,HR,Human Resources,Carbon offsets,5300,Professional Services,EcoVadis,BOB-ESG-0600,PO-ESG-2425,42607.87,waste_kg_reduced,809.98,896.17,110.6,115.67,22.4,45,52474.35,-0.35,No,None,Complete,Ready,No action,No,IBMBOB_ESG_Cost_KPI_Mar2026.csv + Raw_GL_Export_With_CostCenters_Mar2026_IBMBOB_Enhanced.csv
IBM BOB 3 - ESG,2026-06,ESG-MAR26-0601,TXN006809,AUS01,TAS,Tasmania Operations,Renewable sourcing premium,6000,Cost of Goods Sold,Origin Energy,BOB-ESG-0601,PO-ESG-6804,119533.5,tCO2e avoided,935.48,651.71,69.7,523.53,24.3,98,15408.68,-0.65,No,None,Partial,Ready,CFO approval for material ESG spend,Yes,IBMBOB_ESG_Cost_KPI_Mar2026.csv + Raw_GL_Export_With_CostCenters_Mar2026_IBMBOB_Enhanced.csv
IBM BOB 3 - ESG,2026-06,ESG-MAR26-0602,TXN006810,PNG01,QLD,Queensland Operations,Renewable sourcing premium,6000,Cost of Goods Sold,Climate Active Advisor,BOB-ESG-0602,PO-ESG-9540,99470.74,waste_kg_reduced,795.25,911.52,114.6,369.35,29.9,98,-19411.82,0.33,No,None,Partial,Needs review,CFO approval for material ESG spend,Yes,IBMBOB_ESG_Cost_KPI_Mar2026.csv + Raw_GL_Export_With_CostCenters_Mar2026_IBMBOB_Enhanced.csv
IBM BOB 3 - ESG,2026-06,ESG-MAR26-0603,TXN006811,AUS01,NT,Northern Territory Operations,Carbon offsets,5300,Professional Services,Green Freight,BOB-ESG-0603,PO-ESG-5019,86362.18,audit_evidence_count,762.51,821.1,107.7,38.32,43.3,81,-376.28,-0.36,No,None,Complete,Ready,No action,No,IBMBOB_ESG_Cost_KPI_Mar2026.csv + Raw_GL_Export_With_CostCenters_Mar2026_IBMBOB_Enhanced.csv
IBM BOB 3 - ESG,2026-06,ESG-MAR26-0604,TXN006812,NZL01,MKT,Marketing & Sales,Sustainable packaging,6010,Direct Materials,Carbon Neutral Pty Ltd,BOB-ESG-0604,PO-ESG-8710,56157.82,renewable_kwh,534.46,526.34,98.5,408.19,92.4,63,55254.76,0.12,No,None,Missing,Partial,No action,No,IBMBOB_ESG_Cost_KPI_Mar2026.csv + Raw_GL_Export_With_CostCenters_Mar2026_IBMBOB_Enhanced.csv
IBM BOB 3 - ESG,2026-06,ESG-MAR26-0605,TXN006813,NZL01,NT,Northern Territory Operations,Compliance assurance,5320,Audit Fees,Bureau Veritas,BOB-ESG-0605,PO-ESG-4753,104922.16,audit_evidence_count,678.86,548.24,80.8,201.96,8.9,65,-30773.33,-0.05,Yes,ESG spend posted to non-ESG account or missing KPI link,Missing,Needs review,CFO approval for material ESG spend,Yes,IBMBOB_ESG_Cost_KPI_Mar2026.csv + Raw_GL_Export_With_CostCenters_Mar2026_IBMBOB_Enhanced.csv
IBM BOB 3 - ESG,2026-06,ESG-MAR26-0606,TXN006814,NZL01,FIN,Finance & Accounting,Waste reduction,5600,Telecommunications,EcoVadis,BOB-ESG-0606,PO-ESG-7268,69516.26,tCO2e avoided,855.28,663.93,77.6,359.66,53.5,79,-2365.52,0.21,Yes,ESG spend posted to non-ESG account or missing KPI link,Complete,Partial,Reclassify and link to KPI evidence,Yes,IBMBOB_ESG_Cost_KPI_Mar2026.csv + Raw_GL_Export_With_CostCenters_Mar2026_IBMBOB_Enhanced.csv
IBM BOB 3 - ESG,2026-06,ESG-MAR26-0607,TXN006815,FJI01,VIC,Victoria Operations,Carbon offsets,5300,Professional Services,Carbon Neutral Pty Ltd,BOB-ESG-0607,PO-ESG-3715,59498.38,supplier_score,690.32,590.11,85.5,97.04,7.1,66,23984.85,-0.19,No,None,Missing,Ready,No action,No,IBMBOB_ESG_Cost_KPI_Mar2026.csv + Raw_GL_Export_With_CostCenters_Mar2026_IBMBOB_Enhanced.csv
IBM BOB 3 - ESG,2026-06,ESG-MAR26-0608,TXN006816,NZL01,MKT,Marketing & Sales,Waste reduction,5600,Telecommunications,Bureau Veritas,BOB-ESG-0608,PO-ESG-7314,69641.05,renewable_kwh,771.63,785.6,101.8,87.11,57.9,91,48663.1,0.16,No,None,Missing,Ready,No action,No,IBMBOB_ESG_Cost_KPI_Mar2026.csv + Raw_GL_Export_With_CostCenters_Mar2026_IBMBOB_Enhanced.csv
IBM BOB 3 - ESG,2026-06,ESG-MAR26-0609,TXN006817,FJI01,NSW,New South Wales Operations,Sustainable packaging,6010,Direct Materials,Sustainable Packaging Co,BOB-ESG-0609,PO-ESG-4390,115451.57,tCO2e avoided,409.03,403.45,98.6,243.92,94.2,83,25415.95,-0.41,No,None,Complete,Needs review,CFO approval for material ESG spend,Yes,IBMBOB_ESG_Cost_KPI_Mar2026.csv + Raw_GL_Export_With_CostCenters_Mar2026_IBMBOB_Enhanced.csv
IBM BOB 3 - ESG,2026-06,ESG-MAR26-0610,TXN006818,NZL01,NSW,New South Wales Operations,Sustainable packaging,6010,Direct Materials,Sustainable Packaging Co,BOB-ESG-0610,PO-ESG-6746,18672.78,renewable_kwh,922.64,725.5,78.6,50.51,93.3,50,29569.49,-0.44,No,None,Partial,Needs review,CFO approval for material ESG spend,Yes,IBMBOB_ESG_Cost_KPI_Mar2026.csv + Raw_GL_Export_With_CostCenters_Mar2026_IBMBOB_Enhanced.csv
IBM BOB 3 - ESG,2026-06,ESG-MAR26-0611,TXN006819,FJI01,CORP,Corporate Head Office,Energy usage,5110,Utilities,Green Freight,BOB-ESG-0611,PO-ESG-7822,17823.75,renewable_kwh,662.4,634.13,95.7,212.94,89.9,96,-28644.81,-0.43,No,None,Complete,Partial,No action,No,IBMBOB_ESG_Cost_KPI_Mar2026.csv + Raw_GL_Export_With_CostCenters_Mar2026_IBMBOB_Enhanced.csv
IBM BOB 3 - ESG,2026-06,ESG-MAR26-0612,TXN006820,AUS01,VIC,Victoria Operations,Renewable sourcing premium,6000,Cost of Goods Sold,Carbon Neutral Pty Ltd,BOB-ESG-0612,PO-ESG-2573,67311.37,waste_kg_reduced,944.88,778.64,82.4,220.3,87.3,87,59830.72,0.07,No,None,Partial,Ready,No action,No,IBMBOB_ESG_Cost_KPI_Mar2026.csv + Raw_GL_Export_With_CostCenters_Mar2026_IBMBOB_Enhanced.csv
IBM BOB 3 - ESG,2026-06,ESG-MAR26-0613,TXN006821,FJI01,QLD,Queensland Operations,Supplier ESG premium,6010,Direct Materials,Origin Energy,BOB-ESG-0613,PO-ESG-8244,36640.05,renewable_kwh,853.29,896.39,105.1,322.36,44.8,63,-5307.56,-0.62,No,None,Complete,Partial,No action,No,IBMBOB_ESG_Cost_KPI_Mar2026.csv + Raw_GL_Export_With_CostCenters_Mar2026_IBMBOB_Enhanced.csv
IBM BOB 3 - ESG,2026-06,ESG-MAR26-0614,TXN006822,AUS01,NT,Northern Territory Operations,Renewable sourcing premium,6000,Cost of Goods Sold,EcoVadis,BOB-ESG-0614,PO-ESG-9709,67539.46,supplier_score,719.95,748.29,103.9,386.73,13.1,94,-2226.62,-0.53,No,None,Complete,Partial,No action,No,IBMBOB_ESG_Cost_KPI_Mar2026.csv + Raw_GL_Export_With_CostCenters_Mar2026_IBMBOB_Enhanced.csv
IBM BOB 3 - ESG,2026-06,ESG-MAR26-0615,TXN006823,AUS01,TAS,Tasmania Operations,Renewable sourcing premium,6000,Cost of Goods Sold,Bureau Veritas,BOB-ESG-0615,PO-ESG-4029,103065.95,waste_kg_reduced,720.95,794.43,110.2,465.25,5.4,84,-43935.39,-0.65,Yes,ESG spend posted to non-ESG account or missing KPI link,Partial,Needs review,CFO approval for material ESG spend,Yes,IBMBOB_ESG_Cost_KPI_Mar2026.csv + Raw_GL_Export_With_CostCenters_Mar2026_IBMBOB_Enhanced.csv
IBM BOB 3 - ESG,2026-06,ESG-MAR26-0616,TXN006824,PNG01,NSW,New South Wales Operations,Energy usage,5110,Utilities,Climate Active Advisor,BOB-ESG-0616,PO-ESG-6077,65885.7,waste_kg_reduced,218.22,264.34,121.1,367.52,27.4,96,64236.8,-0.56,No,None,Partial,Partial,No action,No,IBMBOB_ESG_Cost_KPI_Mar2026.csv + Raw_GL_Export_With_CostCenters_Mar2026_IBMBOB_Enhanced.csv
IBM BOB 3 - ESG,2026-06,ESG-MAR26-0617,TXN006825,NZL01,SA,South Australia Operations,Carbon offsets,5300,Professional Services,Sustainable Packaging Co,BOB-ESG-0617,PO-ESG-9202,21004.39,renewable_kwh,844.61,691.09,81.8,118.68,98.6,52,40785.71,-0.16,No,None,Missing,Partial,No action,No,IBMBOB_ESG_Cost_KPI_Mar2026.csv + Raw_GL_Export_With_CostCenters_Mar2026_IBMBOB_Enhanced.csv
IBM BOB 3 - ESG,2026-06,ESG-MAR26-0618,TXN006826,PNG01,NT,Northern Territory Operations,Compliance assurance,5320,Audit Fees,Origin Energy,BOB-ESG-0618,PO-ESG-9036,19229.52,supplier_score,632.13,419.57,66.4,204.25,58.6,73,-36632.42,0.12,No,None,Complete,Partial,No action,No,IBMBOB_ESG_Cost_KPI_Mar2026.csv + Raw_GL_Export_With_CostCenters_Mar2026_IBMBOB_Enhanced.csv
IBM BOB 3 - ESG,2026-06,ESG-MAR26-0619,TXN006827,FJI01,IT,Information Technology,Compliance assurance,5320,Audit Fees,Bureau Veritas,BOB-ESG-0619,PO-ESG-6323,92309.85,waste_kg_reduced,888.92,1011.2,113.8,207.42,29.8,90,49434.14,-0.17,No,None,Partial,Partial,No action,No,IBMBOB_ESG_Cost_KPI_Mar2026.csv + Raw_GL_Export_With_CostCenters_Mar2026_IBMBOB_Enhanced.csv
IBM BOB 3 - ESG,2026-06,ESG-MAR26-0620,TXN006828,NZL01,VIC,Victoria Operations,Compliance assurance,5320,Audit Fees,Green Freight,BOB-ESG-0620,PO-ESG-6354,62373.35,tCO2e avoided,111.26,115.84,104.1,128.02,97.0,92,750.79,0.03,No,None,Partial,Partial,No action,No,IBMBOB_ESG_Cost_KPI_Mar2026.csv + Raw_GL_Export_With_CostCenters_Mar2026_IBMBOB_Enhanced.csv
IBM BOB 3 - ESG,2026-06,ESG-MAR26-0621,TXN006829,NZL01,WA,Western Australia Operations,Waste reduction,5600,Telecommunications,Bureau Veritas,BOB-ESG-0621,PO-ESG-9701,115713.53,renewable_kwh,897.23,598.77,66.7,261.88,19.7,66,52277.07,-0.67,Yes,ESG spend posted to non-ESG account or missing KPI link,Missing,Ready,CFO approval for material ESG spend,Yes,IBMBOB_ESG_Cost_KPI_Mar2026.csv + Raw_GL_Export_With_CostCenters_Mar2026_IBMBOB_Enhanced.csv
IBM BOB 3 - ESG,2026-06,ESG-MAR26-0622,TXN006830,PNG01,CORP,Corporate Head Office,Renewable sourcing premium,6000,Cost of Goods Sold,Climate Active Advisor,BOB-ESG-0622,PO-ESG-2163,10870.49,tCO2e avoided,86.56,96.4,111.4,35.11,84.6,81,68195.31,-0.26,No,None,Complete,Needs review,CFO approval for material ESG spend,Yes,IBMBOB_ESG_Cost_KPI_Mar2026.csv + Raw_GL_Export_With_CostCenters_Mar2026_IBMBOB_Enhanced.csv
IBM BOB 3 - ESG,2026-06,ESG-MAR26-0623,TXN006831,NZL01,FIN,Finance & Accounting,Supplier ESG premium,6010,Direct Materials,Origin Energy,BOB-ESG-0623,PO-ESG-6323,20978.09,audit_evidence_count,944.67,745.73,78.9,459.67,17.8,78,8968.24,-0.79,No,None,Complete,Needs review,CFO approval for material ESG spend,Yes,IBMBOB_ESG_Cost_KPI_Mar2026.csv + Raw_GL_Export_With_CostCenters_Mar2026_IBMBOB_Enhanced.csv
IBM BOB 3 - ESG,2026-06,ESG-MAR26-0624,TXN006832,PNG01,OPS,Operations & Logistics,Carbon offsets,5300,Professional Services,Origin Energy,BOB-ESG-0624,PO-ESG-8938,91585.31,tCO2e avoided,342.75,285.55,83.3,523.32,15.7,99,49758.54,-0.46,No,None,Missing,Ready,No action,No,IBMBOB_ESG_Cost_KPI_Mar2026.csv + Raw_GL_Export_With_CostCenters_Mar2026_IBMBOB_Enhanced.csv
IBM BOB 3 - ESG,2026-06,ESG-MAR26-0625,TXN006833,AUS01,IT,Information Technology,Compliance assurance,5320,Audit Fees,Climate Active Advisor,BOB-ESG-0625,PO-ESG-6456,96106.75,supplier_score,728.12,708.59,97.3,451.51,49.8,67,80997.23,-0.74,No,None,Partial,Ready,No action,No,IBMBOB_ESG_Cost_KPI_Mar2026.csv + Raw_GL_Export_With_CostCenters_Mar2026_IBMBOB_Enhanced.csv
IBM BOB 3 - ESG,2026-06,ESG-MAR26-0626,TXN006834,NZL01,MKT,Marketing & Sales,Compliance assurance,5320,Audit Fees,Green Freight,BOB-ESG-0626,PO-ESG-1081,9227.17,waste_kg_reduced,163.78,155.68,95.1,416.08,95.9,77,25097.39,0.39,No,None,Complete,Ready,No action,No,IBMBOB_ESG_Cost_KPI_Mar2026.csv + Raw_GL_Export_With_CostCenters_Mar2026_IBMBOB_Enhanced.csv
IBM BOB 3 - ESG,2026-06,ESG-MAR26-0627,TXN006835,NZL01,CORP,Corporate Head Office,Carbon offsets,5300,Professional Services,EcoVadis,BOB-ESG-0627,PO-ESG-7432,107130.07,tCO2e avoided,652.99,651.84,99.8,257.64,41.9,66,74531.21,0.31,No,None,Missing,Needs review,CFO approval for material ESG spend,Yes,IBMBOB_ESG_Cost_KPI_Mar2026.csv + Raw_GL_Export_With_CostCenters_Mar2026_IBMBOB_Enhanced.csv
IBM BOB 3 - ESG,2026-06,ESG-MAR26-0628,TXN006836,AUS01,SA,South Australia Operations,Sustainable packaging,6010,Direct Materials,Carbon Neutral Pty Ltd,BOB-ESG-0628,PO-ESG-4470,23564.15,audit_evidence_count,384.25,281.03,73.1,106.68,83.7,94,23018.35,-0.15,No,None,Partial,Needs review,CFO approval for material ESG spend,Yes,IBMBOB_ESG_Cost_KPI_Mar2026.csv + Raw_GL_Export_With_CostCenters_Mar2026_IBMBOB_Enhanced.csv
IBM BOB 3 - ESG,2026-06,ESG-MAR26-0629,TXN006837,NZL01,QLD,Queensland Operations,Carbon offsets,5300,Professional Services,Energy Australia,BOB-ESG-0629,PO-ESG-7768,5400.82,audit_evidence_count,844.27,940.06,111.3,158.09,84.5,93,39826.7,-0.08,Yes,ESG spend posted to non-ESG account or missing KPI link,Complete,Partial,Reclassify and link to KPI evidence,Yes,IBMBOB_ESG_Cost_KPI_Mar2026.csv + Raw_GL_Export_With_CostCenters_Mar2026_IBMBOB_Enhanced.csv
IBM BOB 3 - ESG,2026-06,ESG-MAR26-0630,TXN006838,FJI01,OPS,Operations & Logistics,Energy usage,5110,Utilities,Climate Active Advisor,BOB-ESG-0630,PO-ESG-1862,25984.9,tCO2e avoided,529.16,633.82,119.8,48.75,3.6,45,25318.18,-0.19,Yes,ESG spend posted to non-ESG account or missing KPI link,Partial,Ready,Reclassify and link to KPI evidence,Yes,IBMBOB_ESG_Cost_KPI_Mar2026.csv + Raw_GL_Export_With_CostCenters_Mar2026_IBMBOB_Enhanced.csv
IBM BOB 3 - ESG,2026-06,ESG-MAR26-0631,TXN006839,FJI01,MKT,Marketing & Sales,Supplier ESG premium,6010,Direct Materials,Green Freight,BOB-ESG-0631,PO-ESG-9525,40692.59,supplier_score,367.61,257.46,70.0,33.83,26.5,53,-49251.38,0.4,Yes,ESG spend posted to non-ESG account or missing KPI link,Missing,Partial,Reclassify and link to KPI evidence,Yes,IBMBOB_ESG_Cost_KPI_Mar2026.csv + Raw_GL_Export_With_CostCenters_Mar2026_IBMBOB_Enhanced.csv
IBM BOB 3 - ESG,2026-06,ESG-MAR26-0632,TXN006840,NZL01,HR,Human Resources,Renewable sourcing premium,6000,Cost of Goods Sold,Origin Energy,BOB-ESG-0632,PO-ESG-2820,12735.2,renewable_kwh,739.26,849.42,114.9,192.26,90.5,78,-31028.14,0.07,No,None,Partial,Partial,No action,No,IBMBOB_ESG_Cost_KPI_Mar2026.csv + Raw_GL_Export_With_CostCenters_Mar2026_IBMBOB_Enhanced.csv
IBM BOB 3 - ESG,2026-06,ESG-MAR26-0633,TXN006841,FJI01,R&D,Research & Development,Fleet emissions,5400,Travel,Green Freight,BOB-ESG-0633,PO-ESG-4870,44711.75,renewable_kwh,57.92,68.86,118.9,363.54,45.0,51,56394.2,-0.55,No,None,Partial,Needs review,CFO approval for material ESG spend,Yes,IBMBOB_ESG_Cost_KPI_Mar2026.csv + Raw_GL_Export_With_CostCenters_Mar2026_IBMBOB_Enhanced.csv
IBM BOB 3 - ESG,2026-06,ESG-MAR26-0634,TXN006842,FJI01,ACT,Australian Capital Territory,Supplier ESG premium,6010,Direct Materials,Climate Active Advisor,BOB-ESG-0634,PO-ESG-5018,109344.11,tCO2e avoided,857.4,870.1,101.5,299.65,87.6,80,-41577.6,-0.17,No,None,Partial,Needs review,CFO approval for material ESG spend,Yes,IBMBOB_ESG_Cost_KPI_Mar2026.csv + Raw_GL_Export_With_CostCenters_Mar2026_IBMBOB_Enhanced.csv
IBM BOB 3 - ESG,2026-06,ESG-MAR26-0635,TXN006843,NZL01,ACT,Australian Capital Territory,Renewable sourcing premium,6000,Cost of Goods Sold,Sustainable Packaging Co,BOB-ESG-0635,PO-ESG-4075,104387.58,renewable_kwh,738.95,713.66,96.6,430.13,77.8,91,55149.36,0.18,No,None,Missing,Ready,CFO approval for material ESG spend,Yes,IBMBOB_ESG_Cost_KPI_Mar2026.csv + Raw_GL_Export_With_CostCenters_Mar2026_IBMBOB_Enhanced.csv
IBM BOB 3 - ESG,2026-06,ESG-MAR26-0636,TXN006844,AUS01,SA,South Australia Operations,Fleet emissions,5400,Travel,EcoVadis,BOB-ESG-0636,PO-ESG-9462,89220.8,audit_evidence_count,221.0,235.68,106.6,169.99,7.5,82,76460.95,0.36,Yes,ESG spend posted to non-ESG account or missing KPI link,Partial,Needs review,CFO approval for material ESG spend,Yes,IBMBOB_ESG_Cost_KPI_Mar2026.csv + Raw_GL_Export_With_CostCenters_Mar2026_IBMBOB_Enhanced.csv
IBM BOB 3 - ESG,2026-06,ESG-MAR26-0637,TXN006845,PNG01,NSW,New South Wales Operations,Supplier ESG premium,6010,Direct Materials,Sustainable Packaging Co,BOB-ESG-0637,PO-ESG-2488,78181.77,audit_evidence_count,250.88,190.79,76.0,339.56,44.1,75,45478.04,0.17,Yes,ESG spend posted to non-ESG account or missing KPI link,Partial,Partial,Reclassify and link to KPI evidence,Yes,IBMBOB_ESG_Cost_KPI_Mar2026.csv + Raw_GL_Export_With_CostCenters_Mar2026_IBMBOB_Enhanced.csv
IBM BOB 3 - ESG,2026-06,ESG-MAR26-0638,TXN006846,NZL01,MKT,Marketing & Sales,Renewable sourcing premium,6000,Cost of Goods Sold,Green Freight,BOB-ESG-0638,PO-ESG-3119,86752.83,audit_evidence_count,633.19,475.09,75.0,269.78,90.8,67,1882.74,-0.55,No,None,Complete,Needs review,CFO approval for material ESG spend,Yes,IBMBOB_ESG_Cost_KPI_Mar2026.csv + Raw_GL_Export_With_CostCenters_Mar2026_IBMBOB_Enhanced.csv
IBM BOB 3 - ESG,2026-06,ESG-MAR26-0639,TXN006847,FJI01,TAS,Tasmania Operations,Fleet emissions,5400,Travel,Green Freight,BOB-ESG-0639,PO-ESG-6483,87213.23,supplier_score,290.65,281.3,96.8,433.94,67.3,97,-25479.35,-0.33,No,None,Partial,Needs review,CFO approval for material ESG spend,Yes,IBMBOB_ESG_Cost_KPI_Mar2026.csv + Raw_GL_Export_With_CostCenters_Mar2026_IBMBOB_Enhanced.csv
IBM BOB 3 - ESG,2026-06,ESG-MAR26-0640,TXN006848,FJI01,WA,Western Australia Operations,Compliance assurance,5320,Audit Fees,Green Freight,BOB-ESG-0640,PO-ESG-7081,20172.98,waste_kg_reduced,264.43,291.65,110.3,59.52,47.9,88,-23980.18,-0.29,Yes,ESG spend posted to non-ESG account or missing KPI link,Complete,Partial,Reclassify and link to KPI evidence,Yes,IBMBOB_ESG_Cost_KPI_Mar2026.csv + Raw_GL_Export_With_CostCenters_Mar2026_IBMBOB_Enhanced.csv
IBM BOB 3 - ESG,2026-06,ESG-MAR26-0641,TXN006849,AUS01,TAS,Tasmania Operations,Fleet emissions,5400,Travel,Origin Energy,BOB-ESG-0641,PO-ESG-2248,24958.07,supplier_score,545.25,605.03,111.0,380.89,26.1,87,-36742.04,-0.72,Yes,ESG spend posted to non-ESG account or missing KPI link,Partial,Needs review,CFO approval for material ESG spend,Yes,IBMBOB_ESG_Cost_KPI_Mar2026.csv + Raw_GL_Export_With_CostCenters_Mar2026_IBMBOB_Enhanced.csv
IBM BOB 3 - ESG,2026-06,ESG-MAR26-0642,TXN006850,FJI01,NT,Northern Territory Operations,Sustainable packaging,6010,Direct Materials,Climate Active Advisor,BOB-ESG-0642,PO-ESG-9075,79398.24,supplier_score,548.39,554.46,101.1,282.04,66.2,50,-34860.1,-0.34,No,None,Complete,Ready,No action,No,IBMBOB_ESG_Cost_KPI_Mar2026.csv + Raw_GL_Export_With_CostCenters_Mar2026_IBMBOB_Enhanced.csv
IBM BOB 3 - ESG,2026-06,ESG-MAR26-0643,TXN006851,PNG01,SA,South Australia Operations,Fleet emissions,5400,Travel,Green Freight,BOB-ESG-0643,PO-ESG-5600,70482.46,waste_kg_reduced,880.06,952.23,108.2,192.19,9.2,97,71705.59,-0.6,No,None,Missing,Needs review,CFO approval for material ESG spend,Yes,IBMBOB_ESG_Cost_KPI_Mar2026.csv + Raw_GL_Export_With_CostCenters_Mar2026_IBMBOB_Enhanced.csv
IBM BOB 3 - ESG,2026-06,ESG-MAR26-0644,TXN006852,NZL01,WA,Western Australia Operations,Fleet emissions,5400,Travel,Carbon Neutral Pty Ltd,BOB-ESG-0644,PO-ESG-2640,44411.97,supplier_score,313.43,256.64,81.9,125.55,17.6,88,23978.63,-0.18,No,None,Partial,Partial,No action,No,IBMBOB_ESG_Cost_KPI_Mar2026.csv + Raw_GL_Export_With_CostCenters_Mar2026_IBMBOB_Enhanced.csv
IBM BOB 3 - ESG,2026-06,ESG-MAR26-0645,TXN006853,AUS01,VIC,Victoria Operations,Fleet emissions,5400,Travel,Origin Energy,BOB-ESG-0645,PO-ESG-9210,109604.11,renewable_kwh,577.1,478.16,82.9,487.48,47.8,85,3760.53,-0.29,No,None,Complete,Partial,CFO approval for material ESG spend,Yes,IBMBOB_ESG_Cost_KPI_Mar2026.csv + Raw_GL_Export_With_CostCenters_Mar2026_IBMBOB_Enhanced.csv
IBM BOB 3 - ESG,2026-06,ESG-MAR26-0646,TXN006854,NZL01,HR,Human Resources,Fleet emissions,5400,Travel,Carbon Neutral Pty Ltd,BOB-ESG-0646,PO-ESG-4655,61402.48,audit_evidence_count,632.7,680.09,107.5,56.35,83.1,63,45909.06,-0.6,No,None,Complete,Ready,No action,No,IBMBOB_ESG_Cost_KPI_Mar2026.csv + Raw_GL_Export_With_CostCenters_Mar2026_IBMBOB_Enhanced.csv
IBM BOB 3 - ESG,2026-06,ESG-MAR26-0647,TXN006855,AUS01,TAS,Tasmania Operations,Sustainable packaging,6010,Direct Materials,Climate Active Advisor,BOB-ESG-0647,PO-ESG-7506,103344.46,audit_evidence_count,340.58,413.01,121.3,495.79,51.9,65,7749.18,0.24,No,None,Partial,Ready,CFO approval for material ESG spend,Yes,IBMBOB_ESG_Cost_KPI_Mar2026.csv + Raw_GL_Export_With_CostCenters_Mar2026_IBMBOB_Enhanced.csv
IBM BOB 3 - ESG,2026-06,ESG-MAR26-0648,TXN006856,NZL01,MKT,Marketing & Sales,Energy usage,5110,Utilities,Energy Australia,BOB-ESG-0648,PO-ESG-4983,116784.81,supplier_score,383.84,269.29,70.2,157.58,93.4,45,4888.74,0.16,No,None,Complete,Ready,CFO approval for material ESG spend,Yes,IBMBOB_ESG_Cost_KPI_Mar2026.csv + Raw_GL_Export_With_CostCenters_Mar2026_IBMBOB_Enhanced.csv
IBM BOB 3 - ESG,2026-06,ESG-MAR26-0649,TXN006857,PNG01,QLD,Queensland Operations,Sustainable packaging,6010,Direct Materials,Sustainable Packaging Co,BOB-ESG-0649,PO-ESG-4401,6091.04,renewable_kwh,398.86,426.31,106.9,530.76,5.0,55,29691.86,-0.09,No,None,Complete,Needs review,CFO approval for material ESG spend,Yes,IBMBOB_ESG_Cost_KPI_Mar2026.csv + Raw_GL_Export_With_CostCenters_Mar2026_IBMBOB_Enhanced.csv
IBM BOB 3 - ESG,2026-06,ESG-MAR26-0650,TXN006858,AUS01,SA,South Australia Operations,Carbon offsets,5300,Professional Services,Sustainable Packaging Co,BOB-ESG-0650,PO-ESG-1797,61077.5,audit_evidence_count,160.84,151.43,94.1,351.67,87.0,47,65709.72,-0.46,No,None,Complete,Needs review,CFO approval for material ESG spend,Yes,IBMBOB_ESG_Cost_KPI_Mar2026.csv + Raw_GL_Export_With_CostCenters_Mar2026_IBMBOB_Enhanced.csv
IBM BOB 3 - ESG,2026-06,ESG-MAR26-0651,TXN006859,AUS01,R&D,Research & Development,Fleet emissions,5400,Travel,Origin Energy,BOB-ESG-0651,PO-ESG-2309,101828.98,audit_evidence_count,472.17,353.1,74.8,272.46,49.1,46,55207.58,-0.75,No,None,Complete,Ready,CFO approval for material ESG spend,Yes,IBMBOB_ESG_Cost_KPI_Mar2026.csv + Raw_GL_Export_With_CostCenters_Mar2026_IBMBOB_Enhanced.csv
IBM BOB 3 - ESG,2026-06,ESG-MAR26-0652,TXN006860,NZL01,NT,Northern Territory Operations,Compliance assurance,5320,Audit Fees,Green Freight,BOB-ESG-0652,PO-ESG-3930,119717.11,renewable_kwh,737.28,906.51,123.0,356.74,89.1,56,-32127.89,0.36,No,None,Complete,Partial,CFO approval for material ESG spend,Yes,IBMBOB_ESG_Cost_KPI_Mar2026.csv + Raw_GL_Export_With_CostCenters_Mar2026_IBMBOB_Enhanced.csv
IBM BOB 3 - ESG,2026-06,ESG-MAR26-0653,TXN006861,AUS01,QLD,Queensland Operations,Waste reduction,5600,Telecommunications,Green Freight,BOB-ESG-0653,PO-ESG-4581,118108.04,tCO2e avoided,838.69,877.72,104.7,23.07,9.9,86,47825.41,-0.39,No,None,Complete,Needs review,CFO approval for material ESG spend,Yes,IBMBOB_ESG_Cost_KPI_Mar2026.csv + Raw_GL_Export_With_CostCenters_Mar2026_IBMBOB_Enhanced.csv
IBM BOB 3 - ESG,2026-06,ESG-MAR26-0654,TXN006862,AUS01,HR,Human Resources,Supplier ESG premium,6010,Direct Materials,Bureau Veritas,BOB-ESG-0654,PO-ESG-7246,65410.45,supplier_score,706.69,532.83,75.4,369.09,54.9,52,-41902.04,-0.6,No,None,Missing,Ready,No action,No,IBMBOB_ESG_Cost_KPI_Mar2026.csv + Raw_GL_Export_With_CostCenters_Mar2026_IBMBOB_Enhanced.csv
IBM BOB 3 - ESG,2026-06,ESG-MAR26-0655,TXN006863,NZL01,NSW,New South Wales Operations,Sustainable packaging,6010,Direct Materials,Energy Australia,BOB-ESG-0655,PO-ESG-4537,99722.44,audit_evidence_count,930.1,611.36,65.7,507.39,34.4,90,3653.78,-0.41,No,None,Complete,Needs review,CFO approval for material ESG spend,Yes,IBMBOB_ESG_Cost_KPI_Mar2026.csv + Raw_GL_Export_With_CostCenters_Mar2026_IBMBOB_Enhanced.csv
IBM BOB 3 - ESG,2026-06,ESG-MAR26-0656,TXN006864,AUS01,HR,Human Resources,Carbon offsets,5300,Professional Services,EcoVadis,BOB-ESG-0656,PO-ESG-1086,62250.87,waste_kg_reduced,544.74,521.57,95.7,346.7,70.4,90,-45763.14,-0.44,No,None,Missing,Ready,No action,No,IBMBOB_ESG_Cost_KPI_Mar2026.csv + Raw_GL_Export_With_CostCenters_Mar2026_IBMBOB_Enhanced.csv
IBM BOB 3 - ESG,2026-06,ESG-MAR26-0657,TXN006865,FJI01,OPS,Operations & Logistics,Supplier ESG premium,6010,Direct Materials,Climate Active Advisor,BOB-ESG-0657,PO-ESG-6746,119621.05,renewable_kwh,275.56,207.08,75.1,106.74,52.4,46,-46280.42,0.15,No,None,Complete,Partial,CFO approval for material ESG spend,Yes,IBMBOB_ESG_Cost_KPI_Mar2026.csv + Raw_GL_Export_With_CostCenters_Mar2026_IBMBOB_Enhanced.csv
IBM BOB 3 - ESG,2026-06,ESG-MAR26-0658,TXN006866,PNG01,IT,Information Technology,Waste reduction,5600,Telecommunications,Energy Australia,BOB-ESG-0658,PO-ESG-2091,25511.0,audit_evidence_count,503.74,477.21,94.7,236.78,79.8,54,17344.64,-0.6,No,None,Complete,Needs review,CFO approval for material ESG spend,Yes,IBMBOB_ESG_Cost_KPI_Mar2026.csv + Raw_GL_Export_With_CostCenters_Mar2026_IBMBOB_Enhanced.csv
IBM BOB 3 - ESG,2026-06,ESG-MAR26-0659,TXN006867,NZL01,QLD,Queensland Operations,Compliance assurance,5320,Audit Fees,EcoVadis,BOB-ESG-0659,PO-ESG-8097,104106.48,tCO2e avoided,401.41,365.64,91.1,532.82,93.2,78,-48361.09,0.07,No,None,Missing,Partial,CFO approval for material ESG spend,Yes,IBMBOB_ESG_Cost_KPI_Mar2026.csv + Raw_GL_Export_With_CostCenters_Mar2026_IBMBOB_Enhanced.csv
IBM BOB 3 - ESG,2026-06,ESG-MAR26-0660,TXN006868,AUS01,IT,Information Technology,Carbon offsets,5300,Professional Services,Green Freight,BOB-ESG-0660,PO-ESG-2290,99009.14,waste_kg_reduced,238.3,194.25,81.5,430.72,98.1,78,-31132.26,-0.1,No,None,Partial,Ready,No action,No,IBMBOB_ESG_Cost_KPI_Mar2026.csv + Raw_GL_Export_With_CostCenters_Mar2026_IBMBOB_Enhanced.csv
IBM BOB 3 - ESG,2026-06,ESG-MAR26-0661,TXN006869,PNG01,WA,Western Australia Operations,Sustainable packaging,6010,Direct Materials,Climate Active Advisor,BOB-ESG-0661,PO-ESG-6135,35067.34,tCO2e avoided,738.81,672.85,91.1,452.6,85.0,78,51117.78,-0.09,No,None,Partial,Partial,No action,No,IBMBOB_ESG_Cost_KPI_Mar2026.csv + Raw_GL_Export_With_CostCenters_Mar2026_IBMBOB_Enhanced.csv
IBM BOB 3 - ESG,2026-06,ESG-MAR26-0662,TXN006870,FJI01,NT,Northern Territory Operations,Supplier ESG premium,6010,Direct Materials,Climate Active Advisor,BOB-ESG-0662,PO-ESG-9545,35301.58,supplier_score,263.17,273.19,103.8,505.91,7.2,58,-2737.91,-0.59,Yes,ESG spend posted to non-ESG account or missing KPI link,Complete,Needs review,CFO approval for material ESG spend,Yes,IBMBOB_ESG_Cost_KPI_Mar2026.csv + Raw_GL_Export_With_CostCenters_Mar2026_IBMBOB_Enhanced.csv
IBM BOB 3 - ESG,2026-06,ESG-MAR26-0663,TXN006871,NZL01,FIN,Finance & Accounting,Fleet emissions,5400,Travel,Energy Australia,BOB-ESG-0663,PO-ESG-2803,10109.89,supplier_score,771.47,606.78,78.7,40.73,91.9,98,47687.34,-0.25,No,None,Complete,Needs review,CFO approval for material ESG spend,Yes,IBMBOB_ESG_Cost_KPI_Mar2026.csv + Raw_GL_Export_With_CostCenters_Mar2026_IBMBOB_Enhanced.csv
IBM BOB 3 - ESG,2026-06,ESG-MAR26-0664,TXN006872,NZL01,WA,Western Australia Operations,Energy usage,5110,Utilities,Carbon Neutral Pty Ltd,BOB-ESG-0664,PO-ESG-3171,50127.05,renewable_kwh,738.13,856.45,116.0,55.57,67.1,85,36288.47,0.35,No,None,Missing,Ready,No action,No,IBMBOB_ESG_Cost_KPI_Mar2026.csv + Raw_GL_Export_With_CostCenters_Mar2026_IBMBOB_Enhanced.csv
IBM BOB 3 - ESG,2026-06,ESG-MAR26-0665,TXN006873,FJI01,SA,South Australia Operations,Renewable sourcing premium,6000,Cost of Goods Sold,Green Freight,BOB-ESG-0665,PO-ESG-4390,54204.93,supplier_score,188.08,150.29,79.9,320.23,65.2,87,-32885.32,-0.73,No,None,Missing,Needs review,CFO approval for material ESG spend,Yes,IBMBOB_ESG_Cost_KPI_Mar2026.csv + Raw_GL_Export_With_CostCenters_Mar2026_IBMBOB_Enhanced.csv
IBM BOB 3 - ESG,2026-06,ESG-MAR26-0666,TXN006874,FJI01,NSW,New South Wales Operations,Energy usage,5110,Utilities,Origin Energy,BOB-ESG-0666,PO-ESG-2608,43911.38,supplier_score,137.75,151.0,109.6,148.45,46.9,51,29868.09,-0.51,No,None,Complete,Needs review,CFO approval for material ESG spend,Yes,IBMBOB_ESG_Cost_KPI_Mar2026.csv + Raw_GL_Export_With_CostCenters_Mar2026_IBMBOB_Enhanced.csv
IBM BOB 3 - ESG,2026-06,ESG-MAR26-0667,TXN006875,PNG01,MKT,Marketing & Sales,Energy usage,5110,Utilities,Climate Active Advisor,BOB-ESG-0667,PO-ESG-2897,18020.35,waste_kg_reduced,551.83,367.14,66.5,334.26,44.8,73,74912.62,0.32,Yes,ESG spend posted to non-ESG account or missing KPI link,Partial,Needs review,CFO approval for material ESG spend,Yes,IBMBOB_ESG_Cost_KPI_Mar2026.csv + Raw_GL_Export_With_CostCenters_Mar2026_IBMBOB_Enhanced.csv
IBM BOB 3 - ESG,2026-06,ESG-MAR26-0668,TXN006876,FJI01,QLD,Queensland Operations,Renewable sourcing premium,6000,Cost of Goods Sold,Climate Active Advisor,BOB-ESG-0668,PO-ESG-6846,80070.54,supplier_score,781.61,512.31,65.5,361.09,12.7,56,54307.35,-0.06,No,None,Partial,Ready,No action,No,IBMBOB_ESG_Cost_KPI_Mar2026.csv + Raw_GL_Export_With_CostCenters_Mar2026_IBMBOB_Enhanced.csv
IBM BOB 3 - ESG,2026-06,ESG-MAR26-0669,TXN006877,FJI01,HR,Human Resources,Supplier ESG premium,6010,Direct Materials,Origin Energy,BOB-ESG-0669,PO-ESG-8080,92336.33,tCO2e avoided,631.43,749.98,118.8,292.06,14.1,74,26461.2,-0.72,No,None,Missing,Partial,No action,No,IBMBOB_ESG_Cost_KPI_Mar2026.csv + Raw_GL_Export_With_CostCenters_Mar2026_IBMBOB_Enhanced.csv
IBM BOB 3 - ESG,2026-06,ESG-MAR26-0670,TXN006878,PNG01,NSW,New South Wales Operations,Supplier ESG premium,6010,Direct Materials,EcoVadis,BOB-ESG-0670,PO-ESG-4218,32499.08,supplier_score,595.13,686.85,115.4,549.33,11.1,94,-27691.06,0.34,Yes,ESG spend posted to non-ESG account or missing KPI link,Complete,Needs review,CFO approval for material ESG spend,Yes,IBMBOB_ESG_Cost_KPI_Mar2026.csv + Raw_GL_Export_With_CostCenters_Mar2026_IBMBOB_Enhanced.csv
IBM BOB 3 - ESG,2026-06,ESG-MAR26-0671,TXN006879,FJI01,SA,South Australia Operations,Fleet emissions,5400,Travel,Climate Active Advisor,BOB-ESG-0671,PO-ESG-4954,28534.59,waste_kg_reduced,505.65,402.71,79.6,218.28,82.0,49,-19833.02,-0.42,No,None,Complete,Ready,No action,No,IBMBOB_ESG_Cost_KPI_Mar2026.csv + Raw_GL_Export_With_CostCenters_Mar2026_IBMBOB_Enhanced.csv
IBM BOB 3 - ESG,2026-06,ESG-MAR26-0672,TXN006880,AUS01,NSW,New South Wales Operations,Supplier ESG premium,6010,Direct Materials,Origin Energy,BOB-ESG-0672,PO-ESG-9620,111989.07,renewable_kwh,893.94,894.54,100.1,321.44,74.6,45,-4203.6,-0.64,No,None,Missing,Needs review,CFO approval for material ESG spend,Yes,IBMBOB_ESG_Cost_KPI_Mar2026.csv + Raw_GL_Export_With_CostCenters_Mar2026_IBMBOB_Enhanced.csv
IBM BOB 3 - ESG,2026-06,ESG-MAR26-0673,TXN006881,FJI01,CORP,Corporate Head Office,Sustainable packaging,6010,Direct Materials,Energy Australia,BOB-ESG-0673,PO-ESG-1516,95810.78,waste_kg_reduced,107.71,103.46,96.1,276.45,22.4,48,45366.53,-0.31,No,None,Missing,Ready,No action,No,IBMBOB_ESG_Cost_KPI_Mar2026.csv + Raw_GL_Export_With_CostCenters_Mar2026_IBMBOB_Enhanced.csv
IBM BOB 3 - ESG,2026-06,ESG-MAR26-0674,TXN006882,FJI01,FIN,Finance & Accounting,Sustainable packaging,6010,Direct Materials,Energy Australia,BOB-ESG-0674,PO-ESG-8581,113661.08,tCO2e avoided,592.84,730.44,123.2,346.02,28.0,70,57561.7,-0.1,No,None,Partial,Ready,CFO approval for material ESG spend,Yes,IBMBOB_ESG_Cost_KPI_Mar2026.csv + Raw_GL_Export_With_CostCenters_Mar2026_IBMBOB_Enhanced.csv
IBM BOB 3 - ESG,2026-06,ESG-MAR26-0675,TXN006883,FJI01,OPS,Operations & Logistics,Renewable sourcing premium,6000,Cost of Goods Sold,EcoVadis,BOB-ESG-0675,PO-ESG-2435,115840.1,tCO2e avoided,333.9,317.99,95.2,506.75,84.3,61,61901.4,-0.77,No,None,Missing,Ready,CFO approval for material ESG spend,Yes,IBMBOB_ESG_Cost_KPI_Mar2026.csv + Raw_GL_Export_With_CostCenters_Mar2026_IBMBOB_Enhanced.csv
IBM BOB 3 - ESG,2026-06,ESG-MAR26-0676,TXN006884,PNG01,R&D,Research & Development,Renewable sourcing premium,6000,Cost of Goods Sold,Carbon Neutral Pty Ltd,BOB-ESG-0676,PO-ESG-5428,45763.09,tCO2e avoided,733.27,801.26,109.3,373.5,46.5,99,16242.0,-0.12,No,None,Partial,Ready,No action,No,IBMBOB_ESG_Cost_KPI_Mar2026.csv + Raw_GL_Export_With_CostCenters_Mar2026_IBMBOB_Enhanced.csv
IBM BOB 3 - ESG,2026-06,ESG-MAR26-0677,TXN006885,PNG01,NT,Northern Territory Operations,Supplier ESG premium,6010,Direct Materials,Sustainable Packaging Co,BOB-ESG-0677,PO-ESG-7482,35082.25,renewable_kwh,473.22,438.14,92.6,159.9,5.7,54,76759.73,-0.67,No,None,Complete,Ready,No action,No,IBMBOB_ESG_Cost_KPI_Mar2026.csv + Raw_GL_Export_With_CostCenters_Mar2026_IBMBOB_Enhanced.csv
IBM BOB 3 - ESG,2026-06,ESG-MAR26-0678,TXN006886,PNG01,ACT,Australian Capital Territory,Energy usage,5110,Utilities,Climate Active Advisor,BOB-ESG-0678,PO-ESG-8400,60852.11,renewable_kwh,386.19,342.15,88.6,499.46,39.3,88,54099.51,-0.0,No,None,Complete,Needs review,CFO approval for material ESG spend,Yes,IBMBOB_ESG_Cost_KPI_Mar2026.csv + Raw_GL_Export_With_CostCenters_Mar2026_IBMBOB_Enhanced.csv
IBM BOB 3 - ESG,2026-06,ESG-MAR26-0679,TXN006887,FJI01,R&D,Research & Development,Waste reduction,5600,Telecommunications,Carbon Neutral Pty Ltd,BOB-ESG-0679,PO-ESG-7024,108545.19,audit_evidence_count,839.54,721.28,85.9,75.7,3.4,45,13443.4,-0.61,No,None,Complete,Ready,CFO approval for material ESG spend,Yes,IBMBOB_ESG_Cost_KPI_Mar2026.csv + Raw_GL_Export_With_CostCenters_Mar2026_IBMBOB_Enhanced.csv
IBM BOB 3 - ESG,2026-06,ESG-MAR26-0680,TXN006888,PNG01,QLD,Queensland Operations,Energy usage,5110,Utilities,Sustainable Packaging Co,BOB-ESG-0680,PO-ESG-2355,18575.06,supplier_score,871.36,1040.59,119.4,501.77,15.8,77,-40342.83,-0.61,No,None,Complete,Needs review,CFO approval for material ESG spend,Yes,IBMBOB_ESG_Cost_KPI_Mar2026.csv + Raw_GL_Export_With_CostCenters_Mar2026_IBMBOB_Enhanced.csv
IBM BOB 3 - ESG,2026-06,ESG-MAR26-0681,TXN006889,NZL01,SA,South Australia Operations,Compliance assurance,5320,Audit Fees,Origin Energy,BOB-ESG-0681,PO-ESG-9486,16867.4,supplier_score,758.81,611.55,80.6,476.53,9.2,87,65816.7,-0.02,Yes,ESG spend posted to non-ESG account or missing KPI link,Missing,Partial,Reclassify and link to KPI evidence,Yes,IBMBOB_ESG_Cost_KPI_Mar2026.csv + Raw_GL_Export_With_CostCenters_Mar2026_IBMBOB_Enhanced.csv
IBM BOB 3 - ESG,2026-06,ESG-MAR26-0682,TXN006890,NZL01,VIC,Victoria Operations,Sustainable packaging,6010,Direct Materials,Climate Active Advisor,BOB-ESG-0682,PO-ESG-1642,26332.55,tCO2e avoided,595.56,411.96,69.2,72.69,7.1,76,-9393.43,-0.22,No,None,Missing,Needs review,CFO approval for material ESG spend,Yes,IBMBOB_ESG_Cost_KPI_Mar2026.csv + Raw_GL_Export_With_CostCenters_Mar2026_IBMBOB_Enhanced.csv
IBM BOB 3 - ESG,2026-06,ESG-MAR26-0683,TXN006891,NZL01,NT,Northern Territory Operations,Compliance assurance,5320,Audit Fees,EcoVadis,BOB-ESG-0683,PO-ESG-9603,33823.95,renewable_kwh,672.36,823.27,122.4,185.86,58.1,48,-848.85,-0.32,Yes,ESG spend posted to non-ESG account or missing KPI link,Partial,Needs review,CFO approval for material ESG spend,Yes,IBMBOB_ESG_Cost_KPI_Mar2026.csv + Raw_GL_Export_With_CostCenters_Mar2026_IBMBOB_Enhanced.csv
IBM BOB 3 - ESG,2026-06,ESG-MAR26-0684,TXN006892,PNG01,WA,Western Australia Operations,Compliance assurance,5320,Audit Fees,Energy Australia,BOB-ESG-0684,PO-ESG-4388,48612.01,audit_evidence_count,106.06,71.12,67.1,465.71,4.9,72,-28305.17,-0.71,Yes,ESG spend posted to non-ESG account or missing KPI link,Partial,Ready,Reclassify and link to KPI evidence,Yes,IBMBOB_ESG_Cost_KPI_Mar2026.csv + Raw_GL_Export_With_CostCenters_Mar2026_IBMBOB_Enhanced.csv
IBM BOB 3 - ESG,2026-06,ESG-MAR26-0685,TXN006893,NZL01,R&D,Research & Development,Energy usage,5110,Utilities,EcoVadis,BOB-ESG-0685,PO-ESG-6348,15773.07,supplier_score,240.0,294.57,122.7,330.09,1.5,54,-7700.16,0.35,No,None,Complete,Ready,No action,No,IBMBOB_ESG_Cost_KPI_Mar2026.csv + Raw_GL_Export_With_CostCenters_Mar2026_IBMBOB_Enhanced.csv
IBM BOB 3 - ESG,2026-06,ESG-MAR26-0686,TXN006894,NZL01,CORP,Corporate Head Office,Waste reduction,5600,Telecommunications,Carbon Neutral Pty Ltd,BOB-ESG-0686,PO-ESG-8117,87551.95,waste_kg_reduced,919.84,675.64,73.5,505.03,93.1,58,72996.57,-0.4,No,None,Missing,Ready,No action,No,IBMBOB_ESG_Cost_KPI_Mar2026.csv + Raw_GL_Export_With_CostCenters_Mar2026_IBMBOB_Enhanced.csv
IBM BOB 3 - ESG,2026-06,ESG-MAR26-0687,TXN006895,FJI01,MKT,Marketing & Sales,Compliance assurance,5320,Audit Fees,Bureau Veritas,BOB-ESG-0687,PO-ESG-2721,29686.02,waste_kg_reduced,824.96,872.29,105.7,332.23,31.6,88,48040.09,-0.12,No,None,Missing,Partial,No action,No,IBMBOB_ESG_Cost_KPI_Mar2026.csv + Raw_GL_Export_With_CostCenters_Mar2026_IBMBOB_Enhanced.csv
IBM BOB 3 - ESG,2026-06,ESG-MAR26-0688,TXN006896,FJI01,MKT,Marketing & Sales,Renewable sourcing premium,6000,Cost of Goods Sold,Energy Australia,BOB-ESG-0688,PO-ESG-8781,93748.99,supplier_score,160.6,192.19,119.7,391.18,59.7,72,1243.18,0.33,No,None,Partial,Needs review,CFO approval for material ESG spend,Yes,IBMBOB_ESG_Cost_KPI_Mar2026.csv + Raw_GL_Export_With_CostCenters_Mar2026_IBMBOB_Enhanced.csv
IBM BOB 3 - ESG,2026-06,ESG-MAR26-0689,TXN006897,AUS01,WA,Western Australia Operations,Waste reduction,5600,Telecommunications,Climate Active Advisor,BOB-ESG-0689,PO-ESG-2391,59633.72,tCO2e avoided,521.86,414.65,79.5,297.55,56.2,95,-2669.53,-0.64,Yes,ESG spend posted to non-ESG account or missing KPI link,Complete,Ready,Reclassify and link to KPI evidence,Yes,IBMBOB_ESG_Cost_KPI_Mar2026.csv + Raw_GL_Export_With_CostCenters_Mar2026_IBMBOB_Enhanced.csv
IBM BOB 3 - ESG,2026-06,ESG-MAR26-0690,TXN006898,AUS01,TAS,Tasmania Operations,Supplier ESG premium,6010,Direct Materials,Energy Australia,BOB-ESG-0690,PO-ESG-7866,11442.95,waste_kg_reduced,259.45,302.4,116.6,286.87,38.3,85,32170.39,0.18,No,None,Partial,Partial,No action,No,IBMBOB_ESG_Cost_KPI_Mar2026.csv + Raw_GL_Export_With_CostCenters_Mar2026_IBMBOB_Enhanced.csv
IBM BOB 3 - ESG,2026-06,ESG-MAR26-0691,TXN006899,NZL01,FIN,Finance & Accounting,Supplier ESG premium,6010,Direct Materials,Bureau Veritas,BOB-ESG-0691,PO-ESG-2068,81983.35,tCO2e avoided,622.42,523.83,84.2,57.97,67.7,82,49648.48,0.24,No,None,Complete,Needs review,CFO approval for material ESG spend,Yes,IBMBOB_ESG_Cost_KPI_Mar2026.csv + Raw_GL_Export_With_CostCenters_Mar2026_IBMBOB_Enhanced.csv
IBM BOB 3 - ESG,2026-06,ESG-MAR26-0692,TXN006900,NZL01,ACT,Australian Capital Territory,Compliance assurance,5320,Audit Fees,Origin Energy,BOB-ESG-0692,PO-ESG-6289,34195.38,supplier_score,794.01,777.56,97.9,509.66,62.5,83,-40044.89,-0.12,No,None,Complete,Needs review,CFO approval for material ESG spend,Yes,IBMBOB_ESG_Cost_KPI_Mar2026.csv + Raw_GL_Export_With_CostCenters_Mar2026_IBMBOB_Enhanced.csv
IBM BOB 3 - ESG,2026-06,ESG-MAR26-0693,TXN006901,PNG01,SA,South Australia Operations,Sustainable packaging,6010,Direct Materials,Green Freight,BOB-ESG-0693,PO-ESG-9611,103047.66,renewable_kwh,430.86,478.47,111.0,250.59,63.1,61,41360.99,-0.74,No,None,Complete,Ready,CFO approval for material ESG spend,Yes,IBMBOB_ESG_Cost_KPI_Mar2026.csv + Raw_GL_Export_With_CostCenters_Mar2026_IBMBOB_Enhanced.csv
IBM BOB 3 - ESG,2026-06,ESG-MAR26-0694,TXN006902,FJI01,MKT,Marketing & Sales,Carbon offsets,5300,Professional Services,Climate Active Advisor,BOB-ESG-0694,PO-ESG-3818,29124.5,supplier_score,663.44,529.18,79.8,369.54,22.2,46,-37435.15,-0.16,No,None,Partial,Partial,No action,No,IBMBOB_ESG_Cost_KPI_Mar2026.csv + Raw_GL_Export_With_CostCenters_Mar2026_IBMBOB_Enhanced.csv
IBM BOB 3 - ESG,2026-06,ESG-MAR26-0695,TXN006903,PNG01,QLD,Queensland Operations,Supplier ESG premium,6010,Direct Materials,EcoVadis,BOB-ESG-0695,PO-ESG-3286,19933.39,audit_evidence_count,944.07,769.68,81.5,420.24,27.5,54,-27499.24,-0.63,No,None,Missing,Needs review,CFO approval for material ESG spend,Yes,IBMBOB_ESG_Cost_KPI_Mar2026.csv + Raw_GL_Export_With_CostCenters_Mar2026_IBMBOB_Enhanced.csv
IBM BOB 3 - ESG,2026-06,ESG-MAR26-0696,TXN006904,PNG01,FIN,Finance & Accounting,Fleet emissions,5400,Travel,Bureau Veritas,BOB-ESG-0696,PO-ESG-8714,90216.81,supplier_score,691.72,801.72,115.9,117.01,68.4,63,17092.08,0.39,No,None,Missing,Ready,No action,No,IBMBOB_ESG_Cost_KPI_Mar2026.csv + Raw_GL_Export_With_CostCenters_Mar2026_IBMBOB_Enhanced.csv
IBM BOB 3 - ESG,2026-06,ESG-MAR26-0697,TXN006905,NZL01,IT,Information Technology,Sustainable packaging,6010,Direct Materials,Carbon Neutral Pty Ltd,BOB-ESG-0697,PO-ESG-7266,64197.55,renewable_kwh,746.14,930.21,124.7,106.62,71.3,81,25212.0,-0.61,Yes,ESG spend posted to non-ESG account or missing KPI link,Partial,Ready,Reclassify and link to KPI evidence,Yes,IBMBOB_ESG_Cost_KPI_Mar2026.csv + Raw_GL_Export_With_CostCenters_Mar2026_IBMBOB_Enhanced.csv
IBM BOB 3 - ESG,2026-06,ESG-MAR26-0698,TXN006906,PNG01,FIN,Finance & Accounting,Supplier ESG premium,6010,Direct Materials,Bureau Veritas,BOB-ESG-0698,PO-ESG-3568,63048.16,renewable_kwh,949.64,768.7,80.9,324.16,25.8,81,-23802.27,-0.21,No,None,Partial,Partial,No action,No,IBMBOB_ESG_Cost_KPI_Mar2026.csv + Raw_GL_Export_With_CostCenters_Mar2026_IBMBOB_Enhanced.csv
IBM BOB 3 - ESG,2026-06,ESG-MAR26-0699,TXN006907,AUS01,MKT,Marketing & Sales,Fleet emissions,5400,Travel,EcoVadis,BOB-ESG-0699,PO-ESG-2042,55943.85,waste_kg_reduced,906.48,961.08,106.0,448.32,56.7,53,-14673.05,-0.48,No,None,Complete,Partial,No action,No,IBMBOB_ESG_Cost_KPI_Mar2026.csv + Raw_GL_Export_With_CostCenters_Mar2026_IBMBOB_Enhanced.csv
IBM BOB 3 - ESG,2026-06,ESG-MAR26-0700,TXN006908,NZL01,MKT,Marketing & Sales,Sustainable packaging,6010,Direct Materials,Sustainable Packaging Co,BOB-ESG-0700,PO-ESG-5193,24066.06,audit_evidence_count,487.88,489.05,100.2,242.92,30.4,80,21600.79,0.08,No,None,Complete,Partial,No action,No,IBMBOB_ESG_Cost_KPI_Mar2026.csv + Raw_GL_Export_With_CostCenters_Mar2026_IBMBOB_Enhanced.csv
IBM BOB 3 - ESG,2026-06,ESG-MAR26-0701,TXN006909,FJI01,CORP,Corporate Head Office,Fleet emissions,5400,Travel,Energy Australia,BOB-ESG-0701,PO-ESG-1498,119451.06,tCO2e avoided,372.88,323.28,86.7,325.11,15.0,65,-3089.37,0.22,Yes,ESG spend posted to non-ESG account or missing KPI link,Complete,Partial,CFO approval for material ESG spend,Yes,IBMBOB_ESG_Cost_KPI_Mar2026.csv + Raw_GL_Export_With_CostCenters_Mar2026_IBMBOB_Enhanced.csv
IBM BOB 3 - ESG,2026-06,ESG-MAR26-0702,TXN006910,NZL01,ACT,Australian Capital Territory,Sustainable packaging,6010,Direct Materials,Green Freight,BOB-ESG-0702,PO-ESG-9467,60286.96,supplier_score,980.27,768.97,78.4,418.77,32.3,89,10853.83,-0.44,No,None,Partial,Partial,No action,No,IBMBOB_ESG_Cost_KPI_Mar2026.csv + Raw_GL_Export_With_CostCenters_Mar2026_IBMBOB_Enhanced.csv
IBM BOB 3 - ESG,2026-06,ESG-MAR26-0703,TXN006911,FJI01,QLD,Queensland Operations,Sustainable packaging,6010,Direct Materials,Sustainable Packaging Co,BOB-ESG-0703,PO-ESG-5998,6103.18,audit_evidence_count,724.61,585.87,80.9,111.73,18.3,46,69970.8,0.29,No,None,Missing,Partial,No action,No,IBMBOB_ESG_Cost_KPI_Mar2026.csv + Raw_GL_Export_With_CostCenters_Mar2026_IBMBOB_Enhanced.csv
IBM BOB 3 - ESG,2026-06,ESG-MAR26-0704,TXN006912,FJI01,OPS,Operations & Logistics,Sustainable packaging,6010,Direct Materials,Origin Energy,BOB-ESG-0704,PO-ESG-1468,46782.22,waste_kg_reduced,146.88,127.71,86.9,135.64,77.3,81,39588.37,-0.03,No,None,Partial,Needs review,CFO approval for material ESG spend,Yes,IBMBOB_ESG_Cost_KPI_Mar2026.csv + Raw_GL_Export_With_CostCenters_Mar2026_IBMBOB_Enhanced.csv
IBM BOB 3 - ESG,2026-06,ESG-MAR26-0705,TXN006913,NZL01,ACT,Australian Capital Territory,Renewable sourcing premium,6000,Cost of Goods Sold,Sustainable Packaging Co,BOB-ESG-0705,PO-ESG-2210,96419.67,renewable_kwh,941.65,970.41,103.1,154.84,7.5,93,-26126.78,-0.3,No,None,Missing,Partial,No action,No,IBMBOB_ESG_Cost_KPI_Mar2026.csv + Raw_GL_Export_With_CostCenters_Mar2026_IBMBOB_Enhanced.csv
IBM BOB 3 - ESG,2026-06,ESG-MAR26-0706,TXN006914,AUS01,CORP,Corporate Head Office,Energy usage,5110,Utilities,Energy Australia,BOB-ESG-0706,PO-ESG-4475,66969.2,tCO2e avoided,317.37,391.85,123.5,375.92,45.3,69,-18476.5,0.09,No,None,Missing,Needs review,CFO approval for material ESG spend,Yes,IBMBOB_ESG_Cost_KPI_Mar2026.csv + Raw_GL_Export_With_CostCenters_Mar2026_IBMBOB_Enhanced.csv
IBM BOB 3 - ESG,2026-06,ESG-MAR26-0707,TXN006915,PNG01,MKT,Marketing & Sales,Compliance assurance,5320,Audit Fees,Energy Australia,BOB-ESG-0707,PO-ESG-3974,114126.05,supplier_score,968.41,1191.16,123.0,104.24,21.2,54,56087.1,0.06,Yes,ESG spend posted to non-ESG account or missing KPI link,Complete,Ready,CFO approval for material ESG spend,Yes,IBMBOB_ESG_Cost_KPI_Mar2026.csv + Raw_GL_Export_With_CostCenters_Mar2026_IBMBOB_Enhanced.csv
IBM BOB 3 - ESG,2026-06,ESG-MAR26-0708,TXN006916,AUS01,CORP,Corporate Head Office,Sustainable packaging,6010,Direct Materials,Carbon Neutral Pty Ltd,BOB-ESG-0708,PO-ESG-3030,109277.27,audit_evidence_count,252.67,260.42,103.1,327.94,78.1,59,-25450.45,0.09,Yes,ESG spend posted to non-ESG account or missing KPI link,Complete,Needs review,CFO approval for material ESG spend,Yes,IBMBOB_ESG_Cost_KPI_Mar2026.csv + Raw_GL_Export_With_CostCenters_Mar2026_IBMBOB_Enhanced.csv
IBM BOB 3 - ESG,2026-06,ESG-MAR26-0709,TXN006917,AUS01,TAS,Tasmania Operations,Energy usage,5110,Utilities,Climate Active Advisor,BOB-ESG-0709,PO-ESG-1230,116661.87,waste_kg_reduced,351.46,343.13,97.6,320.6,16.4,66,5585.42,0.39,No,None,Complete,Ready,CFO approval for material ESG spend,Yes,IBMBOB_ESG_Cost_KPI_Mar2026.csv + Raw_GL_Export_With_CostCenters_Mar2026_IBMBOB_Enhanced.csv
IBM BOB 3 - ESG,2026-06,ESG-MAR26-0710,TXN006918,FJI01,MKT,Marketing & Sales,Carbon offsets,5300,Professional Services,Green Freight,BOB-ESG-0710,PO-ESG-8225,91190.07,waste_kg_reduced,599.59,673.57,112.3,266.32,14.0,45,6599.78,-0.57,No,None,Partial,Partial,No action,No,IBMBOB_ESG_Cost_KPI_Mar2026.csv + Raw_GL_Export_With_CostCenters_Mar2026_IBMBOB_Enhanced.csv
IBM BOB 3 - ESG,2026-06,ESG-MAR26-0711,TXN006919,NZL01,NSW,New South Wales Operations,Renewable sourcing premium,6000,Cost of Goods Sold,EcoVadis,BOB-ESG-0711,PO-ESG-5291,16274.05,renewable_kwh,580.62,451.0,77.7,25.9,78.2,61,-12423.48,-0.35,Yes,ESG spend posted to non-ESG account or missing KPI link,Complete,Needs review,CFO approval for material ESG spend,Yes,IBMBOB_ESG_Cost_KPI_Mar2026.csv + Raw_GL_Export_With_CostCenters_Mar2026_IBMBOB_Enhanced.csv
IBM BOB 3 - ESG,2026-06,ESG-MAR26-0712,TXN006920,AUS01,SA,South Australia Operations,Supplier ESG premium,6010,Direct Materials,Energy Australia,BOB-ESG-0712,PO-ESG-2900,65345.18,supplier_score,991.13,1236.14,124.7,470.95,13.8,88,-18287.58,-0.65,No,None,Partial,Needs review,CFO approval for material ESG spend,Yes,IBMBOB_ESG_Cost_KPI_Mar2026.csv + Raw_GL_Export_With_CostCenters_Mar2026_IBMBOB_Enhanced.csv
IBM BOB 3 - ESG,2026-06,ESG-MAR26-0713,TXN006921,PNG01,NT,Northern Territory Operations,Supplier ESG premium,6010,Direct Materials,Bureau Veritas,BOB-ESG-0713,PO-ESG-5076,42294.38,renewable_kwh,405.0,387.27,95.6,160.29,70.4,59,57827.63,-0.35,No,None,Missing,Needs review,CFO approval for material ESG spend,Yes,IBMBOB_ESG_Cost_KPI_Mar2026.csv + Raw_GL_Export_With_CostCenters_Mar2026_IBMBOB_Enhanced.csv
IBM BOB 3 - ESG,2026-06,ESG-MAR26-0714,TXN006922,FJI01,FIN,Finance & Accounting,Sustainable packaging,6010,Direct Materials,Bureau Veritas,BOB-ESG-0714,PO-ESG-6776,46414.15,audit_evidence_count,83.3,86.58,103.9,482.02,69.5,58,77130.44,-0.23,Yes,ESG spend posted to non-ESG account or missing KPI link,Complete,Ready,Reclassify and link to KPI evidence,Yes,IBMBOB_ESG_Cost_KPI_Mar2026.csv + Raw_GL_Export_With_CostCenters_Mar2026_IBMBOB_Enhanced.csv
IBM BOB 3 - ESG,2026-06,ESG-MAR26-0715,TXN006923,AUS01,VIC,Victoria Operations,Compliance assurance,5320,Audit Fees,Bureau Veritas,BOB-ESG-0715,PO-ESG-3085,5869.95,renewable_kwh,427.45,458.26,107.2,226.3,57.1,92,54961.55,0.2,No,None,Partial,Partial,No action,No,IBMBOB_ESG_Cost_KPI_Mar2026.csv + Raw_GL_Export_With_CostCenters_Mar2026_IBMBOB_Enhanced.csv
IBM BOB 3 - ESG,2026-06,ESG-MAR26-0716,TXN006924,PNG01,NT,Northern Territory Operations,Fleet emissions,5400,Travel,Sustainable Packaging Co,BOB-ESG-0716,PO-ESG-3723,113841.85,renewable_kwh,416.82,517.39,124.1,411.07,55.9,66,73532.16,-0.37,No,None,Missing,Needs review,CFO approval for material ESG spend,Yes,IBMBOB_ESG_Cost_KPI_Mar2026.csv + Raw_GL_Export_With_CostCenters_Mar2026_IBMBOB_Enhanced.csv
IBM BOB 3 - ESG,2026-06,ESG-MAR26-0717,TXN006925,FJI01,ACT,Australian Capital Territory,Energy usage,5110,Utilities,Bureau Veritas,BOB-ESG-0717,PO-ESG-4751,66073.64,tCO2e avoided,182.95,197.31,107.8,524.67,61.9,59,8452.8,0.17,No,None,Complete,Needs review,CFO approval for material ESG spend,Yes,IBMBOB_ESG_Cost_KPI_Mar2026.csv + Raw_GL_Export_With_CostCenters_Mar2026_IBMBOB_Enhanced.csv
IBM BOB 3 - ESG,2026-06,ESG-MAR26-0718,TXN006926,PNG01,IT,Information Technology,Compliance assurance,5320,Audit Fees,Sustainable Packaging Co,BOB-ESG-0718,PO-ESG-4721,54587.83,audit_evidence_count,516.36,548.91,106.3,392.94,3.7,76,-2799.05,0.25,No,None,Missing,Needs review,CFO approval for material ESG spend,Yes,IBMBOB_ESG_Cost_KPI_Mar2026.csv + Raw_GL_Export_With_CostCenters_Mar2026_IBMBOB_Enhanced.csv
IBM BOB 3 - ESG,2026-06,ESG-MAR26-0719,TXN006927,NZL01,SA,South Australia Operations,Fleet emissions,5400,Travel,EcoVadis,BOB-ESG-0719,PO-ESG-9450,57334.52,renewable_kwh,755.17,591.47,78.3,282.36,21.3,85,35401.87,-0.23,No,None,Partial,Needs review,CFO approval for material ESG spend,Yes,IBMBOB_ESG_Cost_KPI_Mar2026.csv + Raw_GL_Export_With_CostCenters_Mar2026_IBMBOB_Enhanced.csv
IBM BOB 3 - ESG,2026-06,ESG-MAR26-0720,TXN006928,NZL01,NSW,New South Wales Operations,Carbon offsets,5300,Professional Services,Energy Australia,BOB-ESG-0720,PO-ESG-1281,119018.9,audit_evidence_count,660.02,538.36,81.6,543.83,14.5,98,63336.04,-0.71,No,None,Partial,Needs review,CFO approval for material ESG spend,Yes,IBMBOB_ESG_Cost_KPI_Mar2026.csv + Raw_GL_Export_With_CostCenters_Mar2026_IBMBOB_Enhanced.csv
IBM BOB 3 - ESG,2026-06,ESG-MAR26-0721,TXN006929,AUS01,NSW,New South Wales Operations,Fleet emissions,5400,Travel,Origin Energy,BOB-ESG-0721,PO-ESG-7379,75814.23,supplier_score,324.76,388.46,119.6,195.86,16.2,84,58784.47,0.1,Yes,ESG spend posted to non-ESG account or missing KPI link,Partial,Partial,Reclassify and link to KPI evidence,Yes,IBMBOB_ESG_Cost_KPI_Mar2026.csv + Raw_GL_Export_With_CostCenters_Mar2026_IBMBOB_Enhanced.csv
IBM BOB 3 - ESG,2026-06,ESG-MAR26-0722,TXN006930,AUS01,NT,Northern Territory Operations,Waste reduction,5600,Telecommunications,EcoVadis,BOB-ESG-0722,PO-ESG-1186,8022.52,audit_evidence_count,769.27,788.53,102.5,414.61,28.6,50,-11928.94,0.23,No,None,Partial,Partial,No action,No,IBMBOB_ESG_Cost_KPI_Mar2026.csv + Raw_GL_Export_With_CostCenters_Mar2026_IBMBOB_Enhanced.csv
IBM BOB 3 - ESG,2026-06,ESG-MAR26-0723,TXN006931,NZL01,WA,Western Australia Operations,Sustainable packaging,6010,Direct Materials,Energy Australia,BOB-ESG-0723,PO-ESG-5038,51619.42,renewable_kwh,190.27,183.43,96.4,141.14,24.1,93,20979.73,-0.58,No,None,Complete,Ready,No action,No,IBMBOB_ESG_Cost_KPI_Mar2026.csv + Raw_GL_Export_With_CostCenters_Mar2026_IBMBOB_Enhanced.csv
IBM BOB 3 - ESG,2026-06,ESG-MAR26-0724,TXN006932,FJI01,SA,South Australia Operations,Sustainable packaging,6010,Direct Materials,Energy Australia,BOB-ESG-0724,PO-ESG-7864,32588.39,renewable_kwh,243.66,166.43,68.3,168.41,10.5,45,-36638.22,-0.74,Yes,ESG spend posted to non-ESG account or missing KPI link,Missing,Ready,Reclassify and link to KPI evidence,Yes,IBMBOB_ESG_Cost_KPI_Mar2026.csv + Raw_GL_Export_With_CostCenters_Mar2026_IBMBOB_Enhanced.csv
IBM BOB 3 - ESG,2026-06,ESG-MAR26-0725,TXN006933,AUS01,NSW,New South Wales Operations,Carbon offsets,5300,Professional Services,Green Freight,BOB-ESG-0725,PO-ESG-8148,81109.56,supplier_score,601.9,518.11,86.1,164.42,91.7,72,-263.5,-0.23,No,None,Missing,Partial,No action,No,IBMBOB_ESG_Cost_KPI_Mar2026.csv + Raw_GL_Export_With_CostCenters_Mar2026_IBMBOB_Enhanced.csv
IBM BOB 3 - ESG,2026-06,ESG-MAR26-0726,TXN006934,FJI01,MKT,Marketing & Sales,Supplier ESG premium,6010,Direct Materials,Bureau Veritas,BOB-ESG-0726,PO-ESG-3238,19843.0,waste_kg_reduced,694.14,714.06,102.9,454.53,14.5,57,-37507.43,-0.75,No,None,Missing,Needs review,CFO approval for material ESG spend,Yes,IBMBOB_ESG_Cost_KPI_Mar2026.csv + Raw_GL_Export_With_CostCenters_Mar2026_IBMBOB_Enhanced.csv
IBM BOB 3 - ESG,2026-06,ESG-MAR26-0727,TXN006935,FJI01,NT,Northern Territory Operations,Energy usage,5110,Utilities,Carbon Neutral Pty Ltd,BOB-ESG-0727,PO-ESG-4053,33150.77,renewable_kwh,267.17,256.41,96.0,157.26,82.4,68,-36351.88,-0.6,No,None,Missing,Needs review,CFO approval for material ESG spend,Yes,IBMBOB_ESG_Cost_KPI_Mar2026.csv + Raw_GL_Export_With_CostCenters_Mar2026_IBMBOB_Enhanced.csv
IBM BOB 3 - ESG,2026-06,ESG-MAR26-0728,TXN006936,NZL01,NSW,New South Wales Operations,Carbon offsets,5300,Professional Services,Climate Active Advisor,BOB-ESG-0728,PO-ESG-4869,9772.47,tCO2e avoided,862.12,616.72,71.5,362.33,10.3,99,57014.14,-0.49,No,None,Partial,Partial,No action,No,IBMBOB_ESG_Cost_KPI_Mar2026.csv + Raw_GL_Export_With_CostCenters_Mar2026_IBMBOB_Enhanced.csv
IBM BOB 3 - ESG,2026-06,ESG-MAR26-0729,TXN006937,NZL01,NT,Northern Territory Operations,Waste reduction,5600,Telecommunications,Green Freight,BOB-ESG-0729,PO-ESG-8757,32177.82,audit_evidence_count,906.72,687.66,75.8,518.75,36.8,67,42991.94,-0.06,No,None,Partial,Partial,No action,No,IBMBOB_ESG_Cost_KPI_Mar2026.csv + Raw_GL_Export_With_CostCenters_Mar2026_IBMBOB_Enhanced.csv
IBM BOB 3 - ESG,2026-06,ESG-MAR26-0730,TXN006938,FJI01,SA,South Australia Operations,Sustainable packaging,6010,Direct Materials,EcoVadis,BOB-ESG-0730,PO-ESG-8139,73075.53,audit_evidence_count,337.26,308.41,91.4,20.16,77.0,80,-14970.04,0.05,No,None,Missing,Partial,No action,No,IBMBOB_ESG_Cost_KPI_Mar2026.csv + Raw_GL_Export_With_CostCenters_Mar2026_IBMBOB_Enhanced.csv
IBM BOB 3 - ESG,2026-06,ESG-MAR26-0731,TXN006939,PNG01,QLD,Queensland Operations,Fleet emissions,5400,Travel,Sustainable Packaging Co,BOB-ESG-0731,PO-ESG-1593,68439.14,tCO2e avoided,541.32,570.29,105.4,389.59,89.2,98,-4944.42,-0.74,No,None,Partial,Needs review,CFO approval for material ESG spend,Yes,IBMBOB_ESG_Cost_KPI_Mar2026.csv + Raw_GL_Export_With_CostCenters_Mar2026_IBMBOB_Enhanced.csv
IBM BOB 3 - ESG,2026-06,ESG-MAR26-0732,TXN006940,FJI01,IT,Information Technology,Waste reduction,5600,Telecommunications,Origin Energy,BOB-ESG-0732,PO-ESG-3235,102066.81,supplier_score,950.59,798.56,84.0,425.3,80.5,57,18572.0,-0.01,No,None,Partial,Ready,CFO approval for material ESG spend,Yes,IBMBOB_ESG_Cost_KPI_Mar2026.csv + Raw_GL_Export_With_CostCenters_Mar2026_IBMBOB_Enhanced.csv
IBM BOB 3 - ESG,2026-06,ESG-MAR26-0733,TXN006941,FJI01,HR,Human Resources,Supplier ESG premium,6010,Direct Materials,Energy Australia,BOB-ESG-0733,PO-ESG-6103,18539.45,renewable_kwh,184.54,209.3,113.4,268.13,32.4,91,-10846.44,-0.42,Yes,ESG spend posted to non-ESG account or missing KPI link,Missing,Ready,Reclassify and link to KPI evidence,Yes,IBMBOB_ESG_Cost_KPI_Mar2026.csv + Raw_GL_Export_With_CostCenters_Mar2026_IBMBOB_Enhanced.csv
IBM BOB 3 - ESG,2026-06,ESG-MAR26-0734,TXN006942,PNG01,ACT,Australian Capital Territory,Waste reduction,5600,Telecommunications,EcoVadis,BOB-ESG-0734,PO-ESG-8135,59113.35,audit_evidence_count,552.19,376.79,68.2,41.58,27.7,45,72376.44,0.2,No,None,Complete,Partial,No action,No,IBMBOB_ESG_Cost_KPI_Mar2026.csv + Raw_GL_Export_With_CostCenters_Mar2026_IBMBOB_Enhanced.csv
IBM BOB 3 - ESG,2026-06,ESG-MAR26-0735,TXN006943,NZL01,VIC,Victoria Operations,Energy usage,5110,Utilities,Energy Australia,BOB-ESG-0735,PO-ESG-8995,67422.43,renewable_kwh,335.98,392.86,116.9,369.93,72.8,51,-31482.3,0.34,No,None,Partial,Partial,No action,No,IBMBOB_ESG_Cost_KPI_Mar2026.csv + Raw_GL_Export_With_CostCenters_Mar2026_IBMBOB_Enhanced.csv
IBM BOB 3 - ESG,2026-06,ESG-MAR26-0736,TXN006944,FJI01,QLD,Queensland Operations,Compliance assurance,5320,Audit Fees,Climate Active Advisor,BOB-ESG-0736,PO-ESG-6121,85973.69,waste_kg_reduced,345.98,274.27,79.3,482.34,62.8,89,29868.89,-0.47,No,None,Partial,Needs review,CFO approval for material ESG spend,Yes,IBMBOB_ESG_Cost_KPI_Mar2026.csv + Raw_GL_Export_With_CostCenters_Mar2026_IBMBOB_Enhanced.csv
IBM BOB 3 - ESG,2026-06,ESG-MAR26-0737,TXN006945,NZL01,VIC,Victoria Operations,Fleet emissions,5400,Travel,Energy Australia,BOB-ESG-0737,PO-ESG-3841,52128.16,waste_kg_reduced,762.24,686.79,90.1,33.85,37.4,71,11040.58,-0.69,Yes,ESG spend posted to non-ESG account or missing KPI link,Missing,Needs review,CFO approval for material ESG spend,Yes,IBMBOB_ESG_Cost_KPI_Mar2026.csv + Raw_GL_Export_With_CostCenters_Mar2026_IBMBOB_Enhanced.csv
IBM BOB 3 - ESG,2026-06,ESG-MAR26-0738,TXN006946,NZL01,ACT,Australian Capital Territory,Supplier ESG premium,6010,Direct Materials,Climate Active Advisor,BOB-ESG-0738,PO-ESG-1930,100228.89,supplier_score,548.87,424.52,77.3,95.12,78.9,82,27881.27,-0.57,Yes,ESG spend posted to non-ESG account or missing KPI link,Complete,Needs review,CFO approval for material ESG spend,Yes,IBMBOB_ESG_Cost_KPI_Mar2026.csv + Raw_GL_Export_With_CostCenters_Mar2026_IBMBOB_Enhanced.csv
IBM BOB 3 - ESG,2026-06,ESG-MAR26-0739,TXN006947,PNG01,ACT,Australian Capital Territory,Waste reduction,5600,Telecommunications,Origin Energy,BOB-ESG-0739,PO-ESG-3001,105433.28,audit_evidence_count,216.45,197.98,91.5,338.5,12.6,48,55115.82,-0.7,No,None,Missing,Needs review,CFO approval for material ESG spend,Yes,IBMBOB_ESG_Cost_KPI_Mar2026.csv + Raw_GL_Export_With_CostCenters_Mar2026_IBMBOB_Enhanced.csv
IBM BOB 3 - ESG,2026-06,ESG-MAR26-0740,TXN006948,NZL01,VIC,Victoria Operations,Compliance assurance,5320,Audit Fees,Carbon Neutral Pty Ltd,BOB-ESG-0740,PO-ESG-4517,88692.45,supplier_score,143.72,93.76,65.2,368.84,98.9,71,-2825.04,0.26,No,None,Missing,Needs review,CFO approval for material ESG spend,Yes,IBMBOB_ESG_Cost_KPI_Mar2026.csv + Raw_GL_Export_With_CostCenters_Mar2026_IBMBOB_Enhanced.csv
IBM BOB 3 - ESG,2026-06,ESG-MAR26-0741,TXN006949,PNG01,NT,Northern Territory Operations,Compliance assurance,5320,Audit Fees,EcoVadis,BOB-ESG-0741,PO-ESG-1992,20555.23,supplier_score,183.43,226.41,123.4,525.57,50.2,74,12743.87,0.07,No,None,Complete,Needs review,CFO approval for material ESG spend,Yes,IBMBOB_ESG_Cost_KPI_Mar2026.csv + Raw_GL_Export_With_CostCenters_Mar2026_IBMBOB_Enhanced.csv
IBM BOB 3 - ESG,2026-06,ESG-MAR26-0742,TXN006950,PNG01,CORP,Corporate Head Office,Sustainable packaging,6010,Direct Materials,Bureau Veritas,BOB-ESG-0742,PO-ESG-4231,49311.86,renewable_kwh,441.8,327.67,74.2,332.67,87.5,65,21510.64,-0.48,No,None,Partial,Needs review,CFO approval for material ESG spend,Yes,IBMBOB_ESG_Cost_KPI_Mar2026.csv + Raw_GL_Export_With_CostCenters_Mar2026_IBMBOB_Enhanced.csv
IBM BOB 3 - ESG,2026-06,ESG-MAR26-0743,TXN006951,NZL01,IT,Information Technology,Energy usage,5110,Utilities,Carbon Neutral Pty Ltd,BOB-ESG-0743,PO-ESG-3546,54505.47,supplier_score,692.3,757.29,109.4,272.04,73.0,75,-16180.89,0.24,No,None,Missing,Ready,No action,No,IBMBOB_ESG_Cost_KPI_Mar2026.csv + Raw_GL_Export_With_CostCenters_Mar2026_IBMBOB_Enhanced.csv
IBM BOB 3 - ESG,2026-06,ESG-MAR26-0744,TXN006952,FJI01,NT,Northern Territory Operations,Waste reduction,5600,Telecommunications,Energy Australia,BOB-ESG-0744,PO-ESG-8691,48652.1,waste_kg_reduced,138.9,126.23,90.9,477.98,17.7,74,76351.99,-0.18,No,None,Missing,Partial,No action,No,IBMBOB_ESG_Cost_KPI_Mar2026.csv + Raw_GL_Export_With_CostCenters_Mar2026_IBMBOB_Enhanced.csv
IBM BOB 3 - ESG,2026-06,ESG-MAR26-0745,TXN006953,PNG01,HR,Human Resources,Compliance assurance,5320,Audit Fees,Green Freight,BOB-ESG-0745,PO-ESG-1055,24403.77,audit_evidence_count,898.34,1120.1,124.7,430.78,47.2,64,76501.66,-0.39,No,None,Complete,Needs review,CFO approval for material ESG spend,Yes,IBMBOB_ESG_Cost_KPI_Mar2026.csv + Raw_GL_Export_With_CostCenters_Mar2026_IBMBOB_Enhanced.csv
IBM BOB 3 - ESG,2026-06,ESG-MAR26-0746,TXN006954,PNG01,IT,Information Technology,Fleet emissions,5400,Travel,EcoVadis,BOB-ESG-0746,PO-ESG-7257,62310.17,renewable_kwh,941.12,1126.79,119.7,214.91,42.4,67,22868.41,-0.32,No,None,Complete,Partial,No action,No,IBMBOB_ESG_Cost_KPI_Mar2026.csv + Raw_GL_Export_With_CostCenters_Mar2026_IBMBOB_Enhanced.csv
IBM BOB 3 - ESG,2026-06,ESG-MAR26-0747,TXN006955,NZL01,SA,South Australia Operations,Fleet emissions,5400,Travel,Origin Energy,BOB-ESG-0747,PO-ESG-1309,101485.56,supplier_score,671.39,596.94,88.9,178.39,75.6,90,54087.75,-0.31,Yes,ESG spend posted to non-ESG account or missing KPI link,Complete,Partial,CFO approval for material ESG spend,Yes,IBMBOB_ESG_Cost_KPI_Mar2026.csv + Raw_GL_Export_With_CostCenters_Mar2026_IBMBOB_Enhanced.csv
IBM BOB 3 - ESG,2026-06,ESG-MAR26-0748,TXN006956,NZL01,WA,Western Australia Operations,Fleet emissions,5400,Travel,Energy Australia,BOB-ESG-0748,PO-ESG-1067,92966.01,tCO2e avoided,316.56,347.52,109.8,76.1,33.2,80,-2457.89,-0.14,No,None,Complete,Partial,No action,No,IBMBOB_ESG_Cost_KPI_Mar2026.csv + Raw_GL_Export_With_CostCenters_Mar2026_IBMBOB_Enhanced.csv
IBM BOB 3 - ESG,2026-06,ESG-MAR26-0749,TXN006957,NZL01,WA,Western Australia Operations,Fleet emissions,5400,Travel,Bureau Veritas,BOB-ESG-0749,PO-ESG-4585,11442.88,renewable_kwh,274.94,256.06,93.1,197.42,54.9,69,57499.09,0.23,No,None,Partial,Needs review,CFO approval for material ESG spend,Yes,IBMBOB_ESG_Cost_KPI_Mar2026.csv + Raw_GL_Export_With_CostCenters_Mar2026_IBMBOB_Enhanced.csv
IBM BOB 3 - ESG,2026-06,ESG-MAR26-0750,TXN006958,NZL01,MKT,Marketing & Sales,Energy usage,5110,Utilities,Carbon Neutral Pty Ltd,BOB-ESG-0750,PO-ESG-1439,21006.77,tCO2e avoided,460.92,465.25,100.9,428.59,23.7,82,83735.63,0.07,Yes,ESG spend posted to non-ESG account or missing KPI link,Missing,Ready,Reclassify and link to KPI evidence,Yes,IBMBOB_ESG_Cost_KPI_Mar2026.csv + Raw_GL_Export_With_CostCenters_Mar2026_IBMBOB_Enhanced.csv
IBM BOB 3 - ESG,2026-06,ESG-MAR26-0751,TXN006959,PNG01,HR,Human Resources,Waste reduction,5600,Telecommunications,Green Freight,BOB-ESG-0751,PO-ESG-4766,41923.01,renewable_kwh,759.77,904.0,119.0,164.25,42.6,62,53989.52,-0.04,No,None,Complete,Needs review,CFO approval for material ESG spend,Yes,IBMBOB_ESG_Cost_KPI_Mar2026.csv + Raw_GL_Export_With_CostCenters_Mar2026_IBMBOB_Enhanced.csv
IBM BOB 3 - ESG,2026-06,ESG-MAR26-0752,TXN006960,NZL01,FIN,Finance & Accounting,Energy usage,5110,Utilities,Energy Australia,BOB-ESG-0752,PO-ESG-6203,50103.5,waste_kg_reduced,760.15,948.82,124.8,543.96,96.9,77,-31435.63,-0.43,Yes,ESG spend posted to non-ESG account or missing KPI link,Partial,Needs review,CFO approval for material ESG spend,Yes,IBMBOB_ESG_Cost_KPI_Mar2026.csv + Raw_GL_Export_With_CostCenters_Mar2026_IBMBOB_Enhanced.csv
IBM BOB 3 - ESG,2026-06,ESG-MAR26-0753,TXN006961,AUS01,NSW,New South Wales Operations,Waste reduction,5600,Telecommunications,EcoVadis,BOB-ESG-0753,PO-ESG-2573,67727.07,audit_evidence_count,118.25,144.27,122.0,487.48,40.4,54,44942.56,-0.12,No,None,Missing,Ready,No action,No,IBMBOB_ESG_Cost_KPI_Mar2026.csv + Raw_GL_Export_With_CostCenters_Mar2026_IBMBOB_Enhanced.csv
IBM BOB 3 - ESG,2026-06,ESG-MAR26-0754,TXN006962,PNG01,ACT,Australian Capital Territory,Waste reduction,5600,Telecommunications,Green Freight,BOB-ESG-0754,PO-ESG-1443,6399.04,tCO2e avoided,718.3,496.47,69.1,546.43,43.1,47,-25227.53,-0.77,No,None,Complete,Needs review,CFO approval for material ESG spend,Yes,IBMBOB_ESG_Cost_KPI_Mar2026.csv + Raw_GL_Export_With_CostCenters_Mar2026_IBMBOB_Enhanced.csv
IBM BOB 3 - ESG,2026-06,ESG-MAR26-0755,TXN006963,AUS01,ACT,Australian Capital Territory,Energy usage,5110,Utilities,Bureau Veritas,BOB-ESG-0755,PO-ESG-2924,110050.68,audit_evidence_count,702.15,473.96,67.5,184.99,81.8,66,8147.2,-0.56,Yes,ESG spend posted to non-ESG account or missing KPI link,Missing,Needs review,CFO approval for material ESG spend,Yes,IBMBOB_ESG_Cost_KPI_Mar2026.csv + Raw_GL_Export_With_CostCenters_Mar2026_IBMBOB_Enhanced.csv
IBM BOB 3 - ESG,2026-06,ESG-MAR26-0756,TXN006964,FJI01,TAS,Tasmania Operations,Supplier ESG premium,6010,Direct Materials,Bureau Veritas,BOB-ESG-0756,PO-ESG-5665,18422.57,renewable_kwh,407.56,365.88,89.8,154.18,17.5,46,-23904.03,-0.7,No,None,Partial,Needs review,CFO approval for material ESG spend,Yes,IBMBOB_ESG_Cost_KPI_Mar2026.csv + Raw_GL_Export_With_CostCenters_Mar2026_IBMBOB_Enhanced.csv
IBM BOB 3 - ESG,2026-06,ESG-MAR26-0757,TXN006965,NZL01,NSW,New South Wales Operations,Waste reduction,5600,Telecommunications,EcoVadis,BOB-ESG-0757,PO-ESG-2662,114671.97,renewable_kwh,162.58,165.76,102.0,187.93,49.1,48,37907.73,0.2,Yes,ESG spend posted to non-ESG account or missing KPI link,Complete,Needs review,CFO approval for material ESG spend,Yes,IBMBOB_ESG_Cost_KPI_Mar2026.csv + Raw_GL_Export_With_CostCenters_Mar2026_IBMBOB_Enhanced.csv
IBM BOB 3 - ESG,2026-06,ESG-MAR26-0758,TXN006966,NZL01,HR,Human Resources,Carbon offsets,5300,Professional Services,Sustainable Packaging Co,BOB-ESG-0758,PO-ESG-6960,91938.37,tCO2e avoided,274.15,178.47,65.1,424.91,1.9,62,39327.46,-0.31,No,None,Complete,Needs review,CFO approval for material ESG spend,Yes,IBMBOB_ESG_Cost_KPI_Mar2026.csv + Raw_GL_Export_With_CostCenters_Mar2026_IBMBOB_Enhanced.csv
IBM BOB 3 - ESG,2026-06,ESG-MAR26-0759,TXN006967,FJI01,TAS,Tasmania Operations,Fleet emissions,5400,Travel,Sustainable Packaging Co,BOB-ESG-0759,PO-ESG-7544,47291.26,audit_evidence_count,540.77,528.84,97.8,173.51,29.5,99,37113.37,0.21,No,None,Missing,Needs review,CFO approval for material ESG spend,Yes,IBMBOB_ESG_Cost_KPI_Mar2026.csv + Raw_GL_Export_With_CostCenters_Mar2026_IBMBOB_Enhanced.csv
IBM BOB 3 - ESG,2026-06,ESG-MAR26-0760,TXN006968,PNG01,ACT,Australian Capital Territory,Renewable sourcing premium,6000,Cost of Goods Sold,Sustainable Packaging Co,BOB-ESG-0760,PO-ESG-6941,87747.83,waste_kg_reduced,724.92,704.89,97.2,462.53,39.5,97,-3729.27,-0.05,Yes,ESG spend posted to non-ESG account or missing KPI link,Complete,Ready,Reclassify and link to KPI evidence,Yes,IBMBOB_ESG_Cost_KPI_Mar2026.csv + Raw_GL_Export_With_CostCenters_Mar2026_IBMBOB_Enhanced.csv
IBM BOB 3 - ESG,2026-06,ESG-MAR26-0761,TXN006969,NZL01,R&D,Research & Development,Compliance assurance,5320,Audit Fees,Sustainable Packaging Co,BOB-ESG-0761,PO-ESG-7876,3964.85,waste_kg_reduced,162.47,151.76,93.4,447.63,98.6,63,16895.06,0.06,No,None,Missing,Needs review,CFO approval for material ESG spend,Yes,IBMBOB_ESG_Cost_KPI_Mar2026.csv + Raw_GL_Export_With_CostCenters_Mar2026_IBMBOB_Enhanced.csv
IBM BOB 3 - ESG,2026-06,ESG-MAR26-0762,TXN006970,PNG01,CORP,Corporate Head Office,Waste reduction,5600,Telecommunications,Origin Energy,BOB-ESG-0762,PO-ESG-8057,57861.24,tCO2e avoided,131.33,99.3,75.6,86.2,65.0,59,-5522.16,0.22,No,None,Complete,Ready,No action,No,IBMBOB_ESG_Cost_KPI_Mar2026.csv + Raw_GL_Export_With_CostCenters_Mar2026_IBMBOB_Enhanced.csv
IBM BOB 3 - ESG,2026-06,ESG-MAR26-0763,TXN006971,PNG01,QLD,Queensland Operations,Waste reduction,5600,Telecommunications,EcoVadis,BOB-ESG-0763,PO-ESG-7214,12987.68,waste_kg_reduced,936.98,1092.96,116.6,132.73,4.0,90,65034.4,-0.53,No,None,Complete,Ready,No action,No,IBMBOB_ESG_Cost_KPI_Mar2026.csv + Raw_GL_Export_With_CostCenters_Mar2026_IBMBOB_Enhanced.csv
IBM BOB 3 - ESG,2026-06,ESG-MAR26-0764,TXN006972,FJI01,WA,Western Australia Operations,Carbon offsets,5300,Professional Services,Sustainable Packaging Co,BOB-ESG-0764,PO-ESG-2766,117347.63,supplier_score,306.27,292.24,95.4,50.77,82.2,58,-49360.33,0.34,Yes,ESG spend posted to non-ESG account or missing KPI link,Complete,Partial,CFO approval for material ESG spend,Yes,IBMBOB_ESG_Cost_KPI_Mar2026.csv + Raw_GL_Export_With_CostCenters_Mar2026_IBMBOB_Enhanced.csv
IBM BOB 3 - ESG,2026-06,ESG-MAR26-0765,TXN006973,PNG01,NT,Northern Territory Operations,Compliance assurance,5320,Audit Fees,Climate Active Advisor,BOB-ESG-0765,PO-ESG-9866,19850.14,renewable_kwh,754.86,735.32,97.4,398.49,27.4,79,40956.97,0.02,Yes,ESG spend posted to non-ESG account or missing KPI link,Missing,Needs review,CFO approval for material ESG spend,Yes,IBMBOB_ESG_Cost_KPI_Mar2026.csv + Raw_GL_Export_With_CostCenters_Mar2026_IBMBOB_Enhanced.csv
IBM BOB 3 - ESG,2026-06,ESG-MAR26-0766,TXN006974,PNG01,TAS,Tasmania Operations,Renewable sourcing premium,6000,Cost of Goods Sold,Sustainable Packaging Co,BOB-ESG-0766,PO-ESG-7960,83401.58,supplier_score,693.5,620.03,89.4,214.89,15.1,69,57770.29,-0.14,Yes,ESG spend posted to non-ESG account or missing KPI link,Complete,Ready,Reclassify and link to KPI evidence,Yes,IBMBOB_ESG_Cost_KPI_Mar2026.csv + Raw_GL_Export_With_CostCenters_Mar2026_IBMBOB_Enhanced.csv
IBM BOB 3 - ESG,2026-06,ESG-MAR26-0767,TXN006975,PNG01,HR,Human Resources,Sustainable packaging,6010,Direct Materials,EcoVadis,BOB-ESG-0767,PO-ESG-1044,53652.75,tCO2e avoided,857.71,910.28,106.1,342.79,92.7,59,22538.98,-0.31,No,None,Missing,Ready,No action,No,IBMBOB_ESG_Cost_KPI_Mar2026.csv + Raw_GL_Export_With_CostCenters_Mar2026_IBMBOB_Enhanced.csv
IBM BOB 3 - ESG,2026-06,ESG-MAR26-0768,TXN006976,PNG01,WA,Western Australia Operations,Renewable sourcing premium,6000,Cost of Goods Sold,Climate Active Advisor,BOB-ESG-0768,PO-ESG-1762,5116.84,waste_kg_reduced,455.67,300.32,65.9,256.42,60.2,46,-3231.73,-0.05,No,None,Partial,Partial,No action,No,IBMBOB_ESG_Cost_KPI_Mar2026.csv + Raw_GL_Export_With_CostCenters_Mar2026_IBMBOB_Enhanced.csv
IBM BOB 3 - ESG,2026-06,ESG-MAR26-0769,TXN006977,FJI01,NT,Northern Territory Operations,Compliance assurance,5320,Audit Fees,Sustainable Packaging Co,BOB-ESG-0769,PO-ESG-6595,73568.92,audit_evidence_count,189.45,176.08,92.9,186.74,12.2,69,59000.24,0.28,No,None,Missing,Ready,No action,No,IBMBOB_ESG_Cost_KPI_Mar2026.csv + Raw_GL_Export_With_CostCenters_Mar2026_IBMBOB_Enhanced.csv
IBM BOB 3 - ESG,2026-06,ESG-MAR26-0770,TXN006978,NZL01,SA,South Australia Operations,Waste reduction,5600,Telecommunications,Energy Australia,BOB-ESG-0770,PO-ESG-8679,81178.69,audit_evidence_count,230.29,216.09,93.8,384.98,28.6,57,-28806.76,0.23,No,None,Missing,Partial,No action,No,IBMBOB_ESG_Cost_KPI_Mar2026.csv + Raw_GL_Export_With_CostCenters_Mar2026_IBMBOB_Enhanced.csv
IBM BOB 3 - ESG,2026-06,ESG-MAR26-0771,TXN006979,AUS01,OPS,Operations & Logistics,Fleet emissions,5400,Travel,Origin Energy,BOB-ESG-0771,PO-ESG-1668,89285.97,waste_kg_reduced,943.46,965.92,102.4,232.27,34.5,55,-25625.83,-0.05,Yes,ESG spend posted to non-ESG account or missing KPI link,Partial,Ready,Reclassify and link to KPI evidence,Yes,IBMBOB_ESG_Cost_KPI_Mar2026.csv + Raw_GL_Export_With_CostCenters_Mar2026_IBMBOB_Enhanced.csv
IBM BOB 3 - ESG,2026-06,ESG-MAR26-0772,TXN006980,FJI01,OPS,Operations & Logistics,Sustainable packaging,6010,Direct Materials,Carbon Neutral Pty Ltd,BOB-ESG-0772,PO-ESG-3109,67270.9,tCO2e avoided,564.41,533.25,94.5,451.54,42.5,89,-3778.43,-0.06,No,None,Partial,Ready,No action,No,IBMBOB_ESG_Cost_KPI_Mar2026.csv + Raw_GL_Export_With_CostCenters_Mar2026_IBMBOB_Enhanced.csv
IBM BOB 3 - ESG,2026-06,ESG-MAR26-0773,TXN006981,PNG01,MKT,Marketing & Sales,Sustainable packaging,6010,Direct Materials,Sustainable Packaging Co,BOB-ESG-0773,PO-ESG-8496,84469.12,renewable_kwh,789.69,977.51,123.8,535.6,29.4,62,34657.58,-0.69,No,None,Partial,Partial,No action,No,IBMBOB_ESG_Cost_KPI_Mar2026.csv + Raw_GL_Export_With_CostCenters_Mar2026_IBMBOB_Enhanced.csv
IBM BOB 3 - ESG,2026-06,ESG-MAR26-0774,TXN006982,AUS01,CORP,Corporate Head Office,Supplier ESG premium,6010,Direct Materials,Green Freight,BOB-ESG-0774,PO-ESG-6650,56595.32,supplier_score,604.7,408.67,67.6,433.87,78.1,56,42806.57,-0.45,No,None,Missing,Partial,No action,No,IBMBOB_ESG_Cost_KPI_Mar2026.csv + Raw_GL_Export_With_CostCenters_Mar2026_IBMBOB_Enhanced.csv
IBM BOB 3 - ESG,2026-06,ESG-MAR26-0775,TXN006983,AUS01,HR,Human Resources,Sustainable packaging,6010,Direct Materials,Sustainable Packaging Co,BOB-ESG-0775,PO-ESG-7354,112894.91,supplier_score,617.83,536.13,86.8,320.54,13.4,75,-9703.85,-0.5,No,None,Complete,Needs review,CFO approval for material ESG spend,Yes,IBMBOB_ESG_Cost_KPI_Mar2026.csv + Raw_GL_Export_With_CostCenters_Mar2026_IBMBOB_Enhanced.csv
IBM BOB 3 - ESG,2026-06,ESG-MAR26-0776,TXN006984,NZL01,R&D,Research & Development,Sustainable packaging,6010,Direct Materials,Green Freight,BOB-ESG-0776,PO-ESG-6366,86742.42,waste_kg_reduced,573.03,680.48,118.8,449.4,68.3,47,28821.39,-0.1,Yes,ESG spend posted to non-ESG account or missing KPI link,Missing,Partial,Reclassify and link to KPI evidence,Yes,IBMBOB_ESG_Cost_KPI_Mar2026.csv + Raw_GL_Export_With_CostCenters_Mar2026_IBMBOB_Enhanced.csv
IBM BOB 3 - ESG,2026-06,ESG-MAR26-0777,TXN006985,PNG01,ACT,Australian Capital Territory,Renewable sourcing premium,6000,Cost of Goods Sold,Sustainable Packaging Co,BOB-ESG-0777,PO-ESG-6184,64115.5,tCO2e avoided,648.74,621.16,95.7,505.62,69.8,95,39760.96,0.31,Yes,ESG spend posted to non-ESG account or missing KPI link,Missing,Ready,Reclassify and link to KPI evidence,Yes,IBMBOB_ESG_Cost_KPI_Mar2026.csv + Raw_GL_Export_With_CostCenters_Mar2026_IBMBOB_Enhanced.csv
IBM BOB 3 - ESG,2026-06,ESG-MAR26-0778,TXN006986,FJI01,ACT,Australian Capital Territory,Energy usage,5110,Utilities,Sustainable Packaging Co,BOB-ESG-0778,PO-ESG-5371,62936.97,waste_kg_reduced,921.2,694.69,75.4,235.68,11.0,47,-27551.61,-0.27,Yes,ESG spend posted to non-ESG account or missing KPI link,Partial,Needs review,CFO approval for material ESG spend,Yes,IBMBOB_ESG_Cost_KPI_Mar2026.csv + Raw_GL_Export_With_CostCenters_Mar2026_IBMBOB_Enhanced.csv
IBM BOB 3 - ESG,2026-06,ESG-MAR26-0779,TXN006987,NZL01,R&D,Research & Development,Supplier ESG premium,6010,Direct Materials,Climate Active Advisor,BOB-ESG-0779,PO-ESG-2337,35735.48,supplier_score,695.79,821.5,118.1,320.59,88.9,63,20090.51,-0.46,No,None,Missing,Ready,No action,No,IBMBOB_ESG_Cost_KPI_Mar2026.csv + Raw_GL_Export_With_CostCenters_Mar2026_IBMBOB_Enhanced.csv
IBM BOB 3 - ESG,2026-06,ESG-MAR26-0780,TXN006988,NZL01,WA,Western Australia Operations,Carbon offsets,5300,Professional Services,Energy Australia,BOB-ESG-0780,PO-ESG-7806,91581.42,waste_kg_reduced,910.59,1135.63,124.7,425.91,90.8,54,75791.79,0.14,No,None,Partial,Partial,No action,No,IBMBOB_ESG_Cost_KPI_Mar2026.csv + Raw_GL_Export_With_CostCenters_Mar2026_IBMBOB_Enhanced.csv
IBM BOB 3 - ESG,2026-06,ESG-MAR26-0781,TXN006989,AUS01,NSW,New South Wales Operations,Supplier ESG premium,6010,Direct Materials,Sustainable Packaging Co,BOB-ESG-0781,PO-ESG-6319,16103.63,waste_kg_reduced,151.02,151.51,100.3,485.22,61.6,58,67007.86,0.31,No,None,Partial,Needs review,CFO approval for material ESG spend,Yes,IBMBOB_ESG_Cost_KPI_Mar2026.csv + Raw_GL_Export_With_CostCenters_Mar2026_IBMBOB_Enhanced.csv
IBM BOB 3 - ESG,2026-06,ESG-MAR26-0782,TXN006990,NZL01,R&D,Research & Development,Energy usage,5110,Utilities,Climate Active Advisor,BOB-ESG-0782,PO-ESG-1631,59917.64,renewable_kwh,525.33,632.64,120.4,176.66,46.1,71,-48987.26,-0.07,No,None,Missing,Partial,No action,No,IBMBOB_ESG_Cost_KPI_Mar2026.csv + Raw_GL_Export_With_CostCenters_Mar2026_IBMBOB_Enhanced.csv
IBM BOB 3 - ESG,2026-06,ESG-MAR26-0783,TXN006991,NZL01,TAS,Tasmania Operations,Renewable sourcing premium,6000,Cost of Goods Sold,Green Freight,BOB-ESG-0783,PO-ESG-3869,60545.51,supplier_score,564.63,649.14,115.0,305.01,43.8,59,-26036.55,-0.03,No,None,Partial,Partial,No action,No,IBMBOB_ESG_Cost_KPI_Mar2026.csv + Raw_GL_Export_With_CostCenters_Mar2026_IBMBOB_Enhanced.csv
IBM BOB 3 - ESG,2026-06,ESG-MAR26-0784,TXN006992,AUS01,IT,Information Technology,Compliance assurance,5320,Audit Fees,EcoVadis,BOB-ESG-0784,PO-ESG-6702,53436.49,audit_evidence_count,886.67,768.67,86.7,309.1,90.0,63,-16799.04,-0.76,Yes,ESG spend posted to non-ESG account or missing KPI link,Complete,Partial,Reclassify and link to KPI evidence,Yes,IBMBOB_ESG_Cost_KPI_Mar2026.csv + Raw_GL_Export_With_CostCenters_Mar2026_IBMBOB_Enhanced.csv
IBM BOB 3 - ESG,2026-06,ESG-MAR26-0785,TXN006993,FJI01,SA,South Australia Operations,Renewable sourcing premium,6000,Cost of Goods Sold,Origin Energy,BOB-ESG-0785,PO-ESG-4511,40871.79,supplier_score,597.87,591.54,98.9,348.49,83.2,58,31541.41,-0.07,No,None,Partial,Needs review,CFO approval for material ESG spend,Yes,IBMBOB_ESG_Cost_KPI_Mar2026.csv + Raw_GL_Export_With_CostCenters_Mar2026_IBMBOB_Enhanced.csv
IBM BOB 3 - ESG,2026-06,ESG-MAR26-0786,TXN006994,AUS01,OPS,Operations & Logistics,Compliance assurance,5320,Audit Fees,Carbon Neutral Pty Ltd,BOB-ESG-0786,PO-ESG-8122,117037.67,renewable_kwh,551.35,663.62,120.4,412.32,72.4,64,-13432.42,0.28,No,None,Partial,Partial,CFO approval for material ESG spend,Yes,IBMBOB_ESG_Cost_KPI_Mar2026.csv + Raw_GL_Export_With_CostCenters_Mar2026_IBMBOB_Enhanced.csv
IBM BOB 3 - ESG,2026-06,ESG-MAR26-0787,TXN006995,NZL01,R&D,Research & Development,Carbon offsets,5300,Professional Services,Sustainable Packaging Co,BOB-ESG-0787,PO-ESG-4650,46425.74,audit_evidence_count,613.19,443.47,72.3,517.25,57.2,79,-33643.89,-0.4,No,None,Complete,Needs review,CFO approval for material ESG spend,Yes,IBMBOB_ESG_Cost_KPI_Mar2026.csv + Raw_GL_Export_With_CostCenters_Mar2026_IBMBOB_Enhanced.csv
IBM BOB 3 - ESG,2026-06,ESG-MAR26-0788,TXN006996,PNG01,WA,Western Australia Operations,Carbon offsets,5300,Professional Services,EcoVadis,BOB-ESG-0788,PO-ESG-2169,96591.01,audit_evidence_count,237.68,180.75,76.0,530.48,1.2,79,-41350.59,-0.74,No,None,Missing,Partial,No action,No,IBMBOB_ESG_Cost_KPI_Mar2026.csv + Raw_GL_Export_With_CostCenters_Mar2026_IBMBOB_Enhanced.csv
IBM BOB 3 - ESG,2026-06,ESG-MAR26-0789,TXN006997,FJI01,ACT,Australian Capital Territory,Waste reduction,5600,Telecommunications,Bureau Veritas,BOB-ESG-0789,PO-ESG-8717,82657.1,renewable_kwh,764.27,579.22,75.8,135.78,23.0,73,62535.34,0.38,No,None,Complete,Partial,No action,No,IBMBOB_ESG_Cost_KPI_Mar2026.csv + Raw_GL_Export_With_CostCenters_Mar2026_IBMBOB_Enhanced.csv
IBM BOB 3 - ESG,2026-06,ESG-MAR26-0790,TXN006998,NZL01,QLD,Queensland Operations,Waste reduction,5600,Telecommunications,EcoVadis,BOB-ESG-0790,PO-ESG-4464,75851.5,supplier_score,709.15,508.5,71.7,23.66,77.9,55,48174.78,0.23,No,None,Missing,Needs review,CFO approval for material ESG spend,Yes,IBMBOB_ESG_Cost_KPI_Mar2026.csv + Raw_GL_Export_With_CostCenters_Mar2026_IBMBOB_Enhanced.csv
IBM BOB 3 - ESG,2026-06,ESG-MAR26-0791,TXN006999,PNG01,ACT,Australian Capital Territory,Energy usage,5110,Utilities,Bureau Veritas,BOB-ESG-0791,PO-ESG-7307,12559.8,renewable_kwh,780.8,808.25,103.5,263.38,55.5,90,37651.05,0.16,Yes,ESG spend posted to non-ESG account or missing KPI link,Missing,Needs review,CFO approval for material ESG spend,Yes,IBMBOB_ESG_Cost_KPI_Mar2026.csv + Raw_GL_Export_With_CostCenters_Mar2026_IBMBOB_Enhanced.csv
IBM BOB 3 - ESG,2026-06,ESG-MAR26-0792,TXN007000,NZL01,QLD,Queensland Operations,Energy usage,5110,Utilities,Climate Active Advisor,BOB-ESG-0792,PO-ESG-7391,84468.51,tCO2e avoided,435.5,445.78,102.4,136.17,94.5,86,-18144.63,-0.7,No,None,Complete,Partial,No action,No,IBMBOB_ESG_Cost_KPI_Mar2026.csv + Raw_GL_Export_With_CostCenters_Mar2026_IBMBOB_Enhanced.csv
IBM BOB 3 - ESG,2026-06,ESG-MAR26-0793,TXN007001,PNG01,HR,Human Resources,Supplier ESG premium,6010,Direct Materials,Green Freight,BOB-ESG-0793,PO-ESG-4871,113437.89,audit_evidence_count,606.81,599.38,98.8,303.62,79.1,51,50048.72,0.16,No,None,Missing,Partial,CFO approval for material ESG spend,Yes,IBMBOB_ESG_Cost_KPI_Mar2026.csv + Raw_GL_Export_With_CostCenters_Mar2026_IBMBOB_Enhanced.csv
IBM BOB 3 - ESG,2026-06,ESG-MAR26-0794,TXN007002,NZL01,CORP,Corporate Head Office,Compliance assurance,5320,Audit Fees,EcoVadis,BOB-ESG-0794,PO-ESG-5267,16981.93,supplier_score,309.26,351.02,113.5,154.51,85.9,45,7762.36,-0.3,No,None,Partial,Ready,No action,No,IBMBOB_ESG_Cost_KPI_Mar2026.csv + Raw_GL_Export_With_CostCenters_Mar2026_IBMBOB_Enhanced.csv
IBM BOB 3 - ESG,2026-06,ESG-MAR26-0795,TXN007003,NZL01,CORP,Corporate Head Office,Fleet emissions,5400,Travel,Climate Active Advisor,BOB-ESG-0795,PO-ESG-7213,27935.67,waste_kg_reduced,715.6,712.42,99.6,166.45,19.4,85,-34495.67,0.28,No,None,Complete,Ready,No action,No,IBMBOB_ESG_Cost_KPI_Mar2026.csv + Raw_GL_Export_With_CostCenters_Mar2026_IBMBOB_Enhanced.csv
IBM BOB 3 - ESG,2026-06,ESG-MAR26-0796,TXN007004,NZL01,NSW,New South Wales Operations,Energy usage,5110,Utilities,Carbon Neutral Pty Ltd,BOB-ESG-0796,PO-ESG-5480,55792.59,audit_evidence_count,334.67,380.75,113.8,200.62,91.8,87,-5834.63,0.01,No,None,Complete,Partial,No action,No,IBMBOB_ESG_Cost_KPI_Mar2026.csv + Raw_GL_Export_With_CostCenters_Mar2026_IBMBOB_Enhanced.csv
IBM BOB 3 - ESG,2026-06,ESG-MAR26-0797,TXN007005,PNG01,FIN,Finance & Accounting,Fleet emissions,5400,Travel,Energy Australia,BOB-ESG-0797,PO-ESG-5764,89706.68,supplier_score,119.66,99.99,83.6,31.15,18.6,50,-2903.95,0.29,No,None,Partial,Ready,No action,No,IBMBOB_ESG_Cost_KPI_Mar2026.csv + Raw_GL_Export_With_CostCenters_Mar2026_IBMBOB_Enhanced.csv
IBM BOB 3 - ESG,2026-06,ESG-MAR26-0798,TXN007006,FJI01,IT,Information Technology,Sustainable packaging,6010,Direct Materials,EcoVadis,BOB-ESG-0798,PO-ESG-5169,88531.75,supplier_score,998.13,1008.66,101.1,34.96,96.6,51,39833.0,-0.17,Yes,ESG spend posted to non-ESG account or missing KPI link,Missing,Ready,Reclassify and link to KPI evidence,Yes,IBMBOB_ESG_Cost_KPI_Mar2026.csv + Raw_GL_Export_With_CostCenters_Mar2026_IBMBOB_Enhanced.csv
IBM BOB 3 - ESG,2026-06,ESG-MAR26-0799,TXN007007,FJI01,CORP,Corporate Head Office,Sustainable packaging,6010,Direct Materials,Bureau Veritas,BOB-ESG-0799,PO-ESG-1036,53336.6,tCO2e avoided,189.84,151.68,79.9,234.33,30.2,96,64308.39,0.22,No,None,Missing,Partial,No action,No,IBMBOB_ESG_Cost_KPI_Mar2026.csv + Raw_GL_Export_With_CostCenters_Mar2026_IBMBOB_Enhanced.csv
IBM BOB 3 - ESG,2026-06,ESG-MAR26-0800,TXN007008,PNG01,WA,Western Australia Operations,Compliance assurance,5320,Audit Fees,Green Freight,BOB-ESG-0800,PO-ESG-9284,16535.99,tCO2e avoided,188.85,202.33,107.1,256.01,18.2,69,-48877.39,0.05,No,None,Missing,Partial,No action,No,IBMBOB_ESG_Cost_KPI_Mar2026.csv + Raw_GL_Export_With_CostCenters_Mar2026_IBMBOB_Enhanced.csv
IBM BOB 3 - ESG,2026-06,ESG-MAR26-0801,TXN007009,FJI01,QLD,Queensland Operations,Compliance assurance,5320,Audit Fees,Sustainable Packaging Co,BOB-ESG-0801,PO-ESG-8805,100049.66,audit_evidence_count,174.46,117.97,67.6,299.26,40.4,53,4318.08,0.3,Yes,ESG spend posted to non-ESG account or missing KPI link,Complete,Ready,CFO approval for material ESG spend,Yes,IBMBOB_ESG_Cost_KPI_Mar2026.csv + Raw_GL_Export_With_CostCenters_Mar2026_IBMBOB_Enhanced.csv
IBM BOB 3 - ESG,2026-06,ESG-MAR26-0802,TXN007010,NZL01,IT,Information Technology,Carbon offsets,5300,Professional Services,Carbon Neutral Pty Ltd,BOB-ESG-0802,PO-ESG-9173,20509.59,tCO2e avoided,572.3,525.53,91.8,207.24,21.9,75,-32278.26,-0.02,Yes,ESG spend posted to non-ESG account or missing KPI link,Missing,Ready,Reclassify and link to KPI evidence,Yes,IBMBOB_ESG_Cost_KPI_Mar2026.csv + Raw_GL_Export_With_CostCenters_Mar2026_IBMBOB_Enhanced.csv
IBM BOB 3 - ESG,2026-06,ESG-MAR26-0803,TXN007011,NZL01,FIN,Finance & Accounting,Waste reduction,5600,Telecommunications,EcoVadis,BOB-ESG-0803,PO-ESG-7240,102994.13,renewable_kwh,559.82,699.38,124.9,442.8,13.8,69,41448.02,0.26,No,None,Complete,Partial,CFO approval for material ESG spend,Yes,IBMBOB_ESG_Cost_KPI_Mar2026.csv + Raw_GL_Export_With_CostCenters_Mar2026_IBMBOB_Enhanced.csv
IBM BOB 3 - ESG,2026-06,ESG-MAR26-0804,TXN007012,NZL01,NT,Northern Territory Operations,Compliance assurance,5320,Audit Fees,Energy Australia,BOB-ESG-0804,PO-ESG-2271,51603.62,waste_kg_reduced,616.87,481.72,78.1,335.37,26.6,85,44998.7,-0.09,No,None,Complete,Needs review,CFO approval for material ESG spend,Yes,IBMBOB_ESG_Cost_KPI_Mar2026.csv + Raw_GL_Export_With_CostCenters_Mar2026_IBMBOB_Enhanced.csv
IBM BOB 3 - ESG,2026-06,ESG-MAR26-0805,TXN007013,AUS01,VIC,Victoria Operations,Waste reduction,5600,Telecommunications,Climate Active Advisor,BOB-ESG-0805,PO-ESG-2601,22084.19,renewable_kwh,167.3,199.48,119.2,158.54,29.0,98,81100.5,0.3,No,None,Complete,Needs review,CFO approval for material ESG spend,Yes,IBMBOB_ESG_Cost_KPI_Mar2026.csv + Raw_GL_Export_With_CostCenters_Mar2026_IBMBOB_Enhanced.csv
IBM BOB 3 - ESG,2026-06,ESG-MAR26-0806,TXN007014,AUS01,CORP,Corporate Head Office,Energy usage,5110,Utilities,EcoVadis,BOB-ESG-0806,PO-ESG-6678,47810.77,audit_evidence_count,108.57,127.4,117.3,50.3,79.4,68,29588.44,0.18,Yes,ESG spend posted to non-ESG account or missing KPI link,Missing,Ready,Reclassify and link to KPI evidence,Yes,IBMBOB_ESG_Cost_KPI_Mar2026.csv + Raw_GL_Export_With_CostCenters_Mar2026_IBMBOB_Enhanced.csv
IBM BOB 3 - ESG,2026-06,ESG-MAR26-0807,TXN007015,FJI01,MKT,Marketing & Sales,Waste reduction,5600,Telecommunications,Green Freight,BOB-ESG-0807,PO-ESG-7950,57484.64,waste_kg_reduced,688.48,492.02,71.5,488.95,52.4,59,68440.38,-0.19,No,None,Missing,Needs review,CFO approval for material ESG spend,Yes,IBMBOB_ESG_Cost_KPI_Mar2026.csv + Raw_GL_Export_With_CostCenters_Mar2026_IBMBOB_Enhanced.csv
IBM BOB 3 - ESG,2026-06,ESG-MAR26-0808,TXN007016,FJI01,HR,Human Resources,Sustainable packaging,6010,Direct Materials,Bureau Veritas,BOB-ESG-0808,PO-ESG-2278,67510.74,tCO2e avoided,74.48,77.24,103.7,310.27,4.5,53,71354.74,0.23,No,None,Missing,Ready,No action,No,IBMBOB_ESG_Cost_KPI_Mar2026.csv + Raw_GL_Export_With_CostCenters_Mar2026_IBMBOB_Enhanced.csv
IBM BOB 3 - ESG,2026-06,ESG-MAR26-0809,TXN007017,AUS01,QLD,Queensland Operations,Compliance assurance,5320,Audit Fees,Origin Energy,BOB-ESG-0809,PO-ESG-2972,43287.89,waste_kg_reduced,811.04,669.65,82.6,381.64,71.0,61,-45149.66,0.02,No,None,Partial,Ready,No action,No,IBMBOB_ESG_Cost_KPI_Mar2026.csv + Raw_GL_Export_With_CostCenters_Mar2026_IBMBOB_Enhanced.csv
IBM BOB 3 - ESG,2026-06,ESG-MAR26-0810,TXN007018,NZL01,HR,Human Resources,Supplier ESG premium,6010,Direct Materials,Carbon Neutral Pty Ltd,BOB-ESG-0810,PO-ESG-4746,43360.48,supplier_score,491.64,325.25,66.2,488.07,50.6,76,18045.27,-0.71,No,None,Missing,Ready,No action,No,IBMBOB_ESG_Cost_KPI_Mar2026.csv + Raw_GL_Export_With_CostCenters_Mar2026_IBMBOB_Enhanced.csv
IBM BOB 3 - ESG,2026-06,ESG-MAR26-0811,TXN007019,NZL01,HR,Human Resources,Supplier ESG premium,6010,Direct Materials,EcoVadis,BOB-ESG-0811,PO-ESG-8175,93460.29,waste_kg_reduced,523.59,567.53,108.4,194.43,9.2,61,17849.5,0.18,No,None,Missing,Needs review,CFO approval for material ESG spend,Yes,IBMBOB_ESG_Cost_KPI_Mar2026.csv + Raw_GL_Export_With_CostCenters_Mar2026_IBMBOB_Enhanced.csv
IBM BOB 3 - ESG,2026-06,ESG-MAR26-0812,TXN007020,NZL01,ACT,Australian Capital Territory,Energy usage,5110,Utilities,Energy Australia,BOB-ESG-0812,PO-ESG-9079,117382.99,renewable_kwh,450.06,530.67,117.9,130.12,61.6,90,23682.43,0.11,No,None,Complete,Needs review,CFO approval for material ESG spend,Yes,IBMBOB_ESG_Cost_KPI_Mar2026.csv + Raw_GL_Export_With_CostCenters_Mar2026_IBMBOB_Enhanced.csv
IBM BOB 3 - ESG,2026-06,ESG-MAR26-0813,TXN007021,FJI01,WA,Western Australia Operations,Energy usage,5110,Utilities,Green Freight,BOB-ESG-0813,PO-ESG-1551,97916.12,waste_kg_reduced,155.87,161.38,103.5,61.53,95.7,89,42007.02,-0.08,No,None,Complete,Needs review,CFO approval for material ESG spend,Yes,IBMBOB_ESG_Cost_KPI_Mar2026.csv + Raw_GL_Export_With_CostCenters_Mar2026_IBMBOB_Enhanced.csv
IBM BOB 3 - ESG,2026-06,ESG-MAR26-0814,TXN007022,PNG01,WA,Western Australia Operations,Energy usage,5110,Utilities,Origin Energy,BOB-ESG-0814,PO-ESG-1790,109610.21,audit_evidence_count,233.97,191.1,81.7,65.33,46.1,47,-35714.47,-0.71,No,None,Missing,Ready,CFO approval for material ESG spend,Yes,IBMBOB_ESG_Cost_KPI_Mar2026.csv + Raw_GL_Export_With_CostCenters_Mar2026_IBMBOB_Enhanced.csv
IBM BOB 3 - ESG,2026-06,ESG-MAR26-0815,TXN007023,FJI01,WA,Western Australia Operations,Energy usage,5110,Utilities,Carbon Neutral Pty Ltd,BOB-ESG-0815,PO-ESG-4682,10942.13,tCO2e avoided,809.0,973.27,120.3,540.9,24.0,62,41842.11,-0.45,No,None,Partial,Partial,No action,No,IBMBOB_ESG_Cost_KPI_Mar2026.csv + Raw_GL_Export_With_CostCenters_Mar2026_IBMBOB_Enhanced.csv
IBM BOB 3 - ESG,2026-06,ESG-MAR26-0816,TXN007024,AUS01,NSW,New South Wales Operations,Supplier ESG premium,6010,Direct Materials,Bureau Veritas,BOB-ESG-0816,PO-ESG-5670,78035.09,audit_evidence_count,767.46,819.92,106.8,98.38,7.5,64,68299.45,-0.77,No,None,Complete,Ready,No action,No,IBMBOB_ESG_Cost_KPI_Mar2026.csv + Raw_GL_Export_With_CostCenters_Mar2026_IBMBOB_Enhanced.csv
IBM BOB 3 - ESG,2026-06,ESG-MAR26-0817,TXN007025,NZL01,ACT,Australian Capital Territory,Renewable sourcing premium,6000,Cost of Goods Sold,Origin Energy,BOB-ESG-0817,PO-ESG-3176,26488.07,renewable_kwh,98.56,89.25,90.6,142.01,63.2,80,-29015.21,-0.31,Yes,ESG spend posted to non-ESG account or missing KPI link,Missing,Partial,Reclassify and link to KPI evidence,Yes,IBMBOB_ESG_Cost_KPI_Mar2026.csv + Raw_GL_Export_With_CostCenters_Mar2026_IBMBOB_Enhanced.csv
IBM BOB 3 - ESG,2026-06,ESG-MAR26-0818,TXN007026,NZL01,FIN,Finance & Accounting,Carbon offsets,5300,Professional Services,Sustainable Packaging Co,BOB-ESG-0818,PO-ESG-4205,67322.92,waste_kg_reduced,488.02,552.46,113.2,83.73,35.5,61,52815.79,-0.36,No,None,Missing,Ready,No action,No,IBMBOB_ESG_Cost_KPI_Mar2026.csv + Raw_GL_Export_With_CostCenters_Mar2026_IBMBOB_Enhanced.csv
IBM BOB 3 - ESG,2026-06,ESG-MAR26-0819,TXN007027,FJI01,NSW,New South Wales Operations,Fleet emissions,5400,Travel,EcoVadis,BOB-ESG-0819,PO-ESG-6435,75169.72,audit_evidence_count,254.72,181.56,71.3,499.81,73.8,56,26525.42,-0.69,No,None,Missing,Ready,No action,No,IBMBOB_ESG_Cost_KPI_Mar2026.csv + Raw_GL_Export_With_CostCenters_Mar2026_IBMBOB_Enhanced.csv
IBM BOB 3 - ESG,2026-06,ESG-MAR26-0820,TXN007028,AUS01,SA,South Australia Operations,Renewable sourcing premium,6000,Cost of Goods Sold,Carbon Neutral Pty Ltd,BOB-ESG-0820,PO-ESG-9077,46706.95,supplier_score,540.24,637.33,118.0,40.88,97.7,52,-41584.38,-0.78,No,None,Complete,Needs review,CFO approval for material ESG spend,Yes,IBMBOB_ESG_Cost_KPI_Mar2026.csv + Raw_GL_Export_With_CostCenters_Mar2026_IBMBOB_Enhanced.csv
IBM BOB 3 - ESG,2026-06,ESG-MAR26-0821,TXN007029,PNG01,OPS,Operations & Logistics,Sustainable packaging,6010,Direct Materials,EcoVadis,BOB-ESG-0821,PO-ESG-3386,91072.65,audit_evidence_count,790.82,714.42,90.3,333.59,8.4,81,-21771.52,0.15,Yes,ESG spend posted to non-ESG account or missing KPI link,Missing,Needs review,CFO approval for material ESG spend,Yes,IBMBOB_ESG_Cost_KPI_Mar2026.csv + Raw_GL_Export_With_CostCenters_Mar2026_IBMBOB_Enhanced.csv
IBM BOB 3 - ESG,2026-06,ESG-MAR26-0822,TXN007030,NZL01,FIN,Finance & Accounting,Waste reduction,5600,Telecommunications,Bureau Veritas,BOB-ESG-0822,PO-ESG-7750,15145.39,supplier_score,154.62,192.31,124.4,23.24,35.1,55,51202.43,0.15,No,None,Complete,Needs review,CFO approval for material ESG spend,Yes,IBMBOB_ESG_Cost_KPI_Mar2026.csv + Raw_GL_Export_With_CostCenters_Mar2026_IBMBOB_Enhanced.csv
IBM BOB 3 - ESG,2026-06,ESG-MAR26-0823,TXN007031,NZL01,HR,Human Resources,Fleet emissions,5400,Travel,Sustainable Packaging Co,BOB-ESG-0823,PO-ESG-8106,95921.66,renewable_kwh,411.44,458.69,111.5,208.78,16.5,88,-21667.18,-0.56,No,None,Missing,Needs review,CFO approval for material ESG spend,Yes,IBMBOB_ESG_Cost_KPI_Mar2026.csv + Raw_GL_Export_With_CostCenters_Mar2026_IBMBOB_Enhanced.csv
IBM BOB 3 - ESG,2026-06,ESG-MAR26-0824,TXN007032,FJI01,NSW,New South Wales Operations,Waste reduction,5600,Telecommunications,Origin Energy,BOB-ESG-0824,PO-ESG-7795,86040.5,supplier_score,561.92,638.23,113.6,520.03,36.6,59,-40787.58,-0.61,Yes,ESG spend posted to non-ESG account or missing KPI link,Complete,Ready,Reclassify and link to KPI evidence,Yes,IBMBOB_ESG_Cost_KPI_Mar2026.csv + Raw_GL_Export_With_CostCenters_Mar2026_IBMBOB_Enhanced.csv
IBM BOB 3 - ESG,2026-06,ESG-MAR26-0825,TXN007033,FJI01,TAS,Tasmania Operations,Renewable sourcing premium,6000,Cost of Goods Sold,Green Freight,BOB-ESG-0825,PO-ESG-7046,71034.63,audit_evidence_count,509.72,334.2,65.6,395.25,68.9,60,59062.96,-0.17,No,None,Partial,Partial,No action,No,IBMBOB_ESG_Cost_KPI_Mar2026.csv + Raw_GL_Export_With_CostCenters_Mar2026_IBMBOB_Enhanced.csv
IBM BOB 3 - ESG,2026-06,ESG-MAR26-0826,TXN007034,PNG01,WA,Western Australia Operations,Carbon offsets,5300,Professional Services,Origin Energy,BOB-ESG-0826,PO-ESG-8827,64970.68,audit_evidence_count,176.26,137.24,77.9,420.77,97.0,69,8755.33,0.39,Yes,ESG spend posted to non-ESG account or missing KPI link,Partial,Partial,Reclassify and link to KPI evidence,Yes,IBMBOB_ESG_Cost_KPI_Mar2026.csv + Raw_GL_Export_With_CostCenters_Mar2026_IBMBOB_Enhanced.csv
IBM BOB 3 - ESG,2026-06,ESG-MAR26-0827,TXN007035,AUS01,WA,Western Australia Operations,Renewable sourcing premium,6000,Cost of Goods Sold,Climate Active Advisor,BOB-ESG-0827,PO-ESG-5185,73863.74,renewable_kwh,633.27,692.44,109.3,261.89,87.0,68,-6329.39,-0.17,Yes,ESG spend posted to non-ESG account or missing KPI link,Partial,Needs review,CFO approval for material ESG spend,Yes,IBMBOB_ESG_Cost_KPI_Mar2026.csv + Raw_GL_Export_With_CostCenters_Mar2026_IBMBOB_Enhanced.csv
IBM BOB 3 - ESG,2026-06,ESG-MAR26-0828,TXN007036,NZL01,SA,South Australia Operations,Waste reduction,5600,Telecommunications,Energy Australia,BOB-ESG-0828,PO-ESG-4994,50040.83,audit_evidence_count,550.52,608.68,110.6,25.42,72.3,81,-41725.15,0.18,Yes,ESG spend posted to non-ESG account or missing KPI link,Complete,Partial,Reclassify and link to KPI evidence,Yes,IBMBOB_ESG_Cost_KPI_Mar2026.csv + Raw_GL_Export_With_CostCenters_Mar2026_IBMBOB_Enhanced.csv
IBM BOB 3 - ESG,2026-06,ESG-MAR26-0829,TXN007037,NZL01,R&D,Research & Development,Waste reduction,5600,Telecommunications,Energy Australia,BOB-ESG-0829,PO-ESG-6819,17149.76,audit_evidence_count,910.1,839.19,92.2,386.33,68.4,65,-30220.52,0.19,No,None,Missing,Ready,No action,No,IBMBOB_ESG_Cost_KPI_Mar2026.csv + Raw_GL_Export_With_CostCenters_Mar2026_IBMBOB_Enhanced.csv
IBM BOB 3 - ESG,2026-06,ESG-MAR26-0830,TXN007038,AUS01,SA,South Australia Operations,Supplier ESG premium,6010,Direct Materials,Bureau Veritas,BOB-ESG-0830,PO-ESG-9764,51295.59,audit_evidence_count,286.78,293.99,102.5,297.87,57.5,86,20966.88,0.09,No,None,Missing,Needs review,CFO approval for material ESG spend,Yes,IBMBOB_ESG_Cost_KPI_Mar2026.csv + Raw_GL_Export_With_CostCenters_Mar2026_IBMBOB_Enhanced.csv
IBM BOB 3 - ESG,2026-06,ESG-MAR26-0831,TXN007039,NZL01,CORP,Corporate Head Office,Carbon offsets,5300,Professional Services,Carbon Neutral Pty Ltd,BOB-ESG-0831,PO-ESG-3460,16224.84,audit_evidence_count,95.7,73.09,76.4,473.3,27.8,69,18045.53,-0.51,No,None,Partial,Partial,No action,No,IBMBOB_ESG_Cost_KPI_Mar2026.csv + Raw_GL_Export_With_CostCenters_Mar2026_IBMBOB_Enhanced.csv
IBM BOB 3 - ESG,2026-06,ESG-MAR26-0832,TXN007040,AUS01,IT,Information Technology,Renewable sourcing premium,6000,Cost of Goods Sold,Carbon Neutral Pty Ltd,BOB-ESG-0832,PO-ESG-1742,66671.14,waste_kg_reduced,984.57,662.81,67.3,313.81,48.7,53,-34460.91,-0.35,No,None,Partial,Needs review,CFO approval for material ESG spend,Yes,IBMBOB_ESG_Cost_KPI_Mar2026.csv + Raw_GL_Export_With_CostCenters_Mar2026_IBMBOB_Enhanced.csv
IBM BOB 3 - ESG,2026-06,ESG-MAR26-0833,TXN007041,FJI01,CORP,Corporate Head Office,Compliance assurance,5320,Audit Fees,Origin Energy,BOB-ESG-0833,PO-ESG-7621,21529.48,waste_kg_reduced,76.58,89.66,117.1,61.01,29.9,49,-40047.77,0.03,No,None,Missing,Needs review,CFO approval for material ESG spend,Yes,IBMBOB_ESG_Cost_KPI_Mar2026.csv + Raw_GL_Export_With_CostCenters_Mar2026_IBMBOB_Enhanced.csv
IBM BOB 3 - ESG,2026-06,ESG-MAR26-0834,TXN007042,NZL01,VIC,Victoria Operations,Renewable sourcing premium,6000,Cost of Goods Sold,Sustainable Packaging Co,BOB-ESG-0834,PO-ESG-5242,31448.98,waste_kg_reduced,686.56,450.81,65.7,143.69,3.7,94,50341.56,0.35,No,None,Partial,Ready,No action,No,IBMBOB_ESG_Cost_KPI_Mar2026.csv + Raw_GL_Export_With_CostCenters_Mar2026_IBMBOB_Enhanced.csv
IBM BOB 3 - ESG,2026-06,ESG-MAR26-0835,TXN007043,PNG01,MKT,Marketing & Sales,Supplier ESG premium,6010,Direct Materials,Energy Australia,BOB-ESG-0835,PO-ESG-7699,89464.32,supplier_score,470.41,341.22,72.5,336.0,39.8,88,6299.88,-0.3,Yes,ESG spend posted to non-ESG account or missing KPI link,Partial,Partial,Reclassify and link to KPI evidence,Yes,IBMBOB_ESG_Cost_KPI_Mar2026.csv + Raw_GL_Export_With_CostCenters_Mar2026_IBMBOB_Enhanced.csv
IBM BOB 3 - ESG,2026-06,ESG-MAR26-0836,TXN007044,NZL01,R&D,Research & Development,Sustainable packaging,6010,Direct Materials,Origin Energy,BOB-ESG-0836,PO-ESG-9796,96883.21,audit_evidence_count,548.52,640.23,116.7,511.69,19.5,70,-22004.9,0.08,No,None,Missing,Ready,No action,No,IBMBOB_ESG_Cost_KPI_Mar2026.csv + Raw_GL_Export_With_CostCenters_Mar2026_IBMBOB_Enhanced.csv
IBM BOB 3 - ESG,2026-06,ESG-MAR26-0837,TXN007045,AUS01,ACT,Australian Capital Territory,Fleet emissions,5400,Travel,Climate Active Advisor,BOB-ESG-0837,PO-ESG-7466,5832.48,supplier_score,561.36,440.53,78.5,187.01,83.6,89,75144.55,-0.7,Yes,ESG spend posted to non-ESG account or missing KPI link,Partial,Ready,Reclassify and link to KPI evidence,Yes,IBMBOB_ESG_Cost_KPI_Mar2026.csv + Raw_GL_Export_With_CostCenters_Mar2026_IBMBOB_Enhanced.csv
IBM BOB 3 - ESG,2026-06,ESG-MAR26-0838,TXN007046,FJI01,QLD,Queensland Operations,Fleet emissions,5400,Travel,Bureau Veritas,BOB-ESG-0838,PO-ESG-5995,55210.53,renewable_kwh,510.8,402.64,78.8,280.7,62.7,91,-2557.6,-0.14,No,None,Complete,Partial,No action,No,IBMBOB_ESG_Cost_KPI_Mar2026.csv + Raw_GL_Export_With_CostCenters_Mar2026_IBMBOB_Enhanced.csv
IBM BOB 3 - ESG,2026-06,ESG-MAR26-0839,TXN007047,PNG01,SA,South Australia Operations,Fleet emissions,5400,Travel,Energy Australia,BOB-ESG-0839,PO-ESG-6582,110941.38,audit_evidence_count,478.91,572.35,119.5,268.98,37.6,59,-11754.34,0.18,No,None,Missing,Ready,CFO approval for material ESG spend,Yes,IBMBOB_ESG_Cost_KPI_Mar2026.csv + Raw_GL_Export_With_CostCenters_Mar2026_IBMBOB_Enhanced.csv
IBM BOB 3 - ESG,2026-06,ESG-MAR26-0840,TXN007048,PNG01,ACT,Australian Capital Territory,Supplier ESG premium,6010,Direct Materials,Origin Energy,BOB-ESG-0840,PO-ESG-3262,62516.93,waste_kg_reduced,260.62,308.9,118.5,336.84,74.6,80,67472.6,0.16,No,None,Missing,Needs review,CFO approval for material ESG spend,Yes,IBMBOB_ESG_Cost_KPI_Mar2026.csv + Raw_GL_Export_With_CostCenters_Mar2026_IBMBOB_Enhanced.csv
IBM BOB 3 - ESG,2026-06,ESG-MAR26-0841,TXN007049,AUS01,SA,South Australia Operations,Sustainable packaging,6010,Direct Materials,Energy Australia,BOB-ESG-0841,PO-ESG-7287,13923.82,supplier_score,124.5,107.46,86.3,123.93,78.5,77,-1699.46,-0.37,No,None,Missing,Needs review,CFO approval for material ESG spend,Yes,IBMBOB_ESG_Cost_KPI_Mar2026.csv + Raw_GL_Export_With_CostCenters_Mar2026_IBMBOB_Enhanced.csv
IBM BOB 3 - ESG,2026-06,ESG-MAR26-0842,TXN007050,PNG01,NSW,New South Wales Operations,Waste reduction,5600,Telecommunications,Bureau Veritas,BOB-ESG-0842,PO-ESG-4891,30210.4,supplier_score,783.14,866.69,110.7,39.22,11.3,62,84291.18,0.17,Yes,ESG spend posted to non-ESG account or missing KPI link,Missing,Needs review,CFO approval for material ESG spend,Yes,IBMBOB_ESG_Cost_KPI_Mar2026.csv + Raw_GL_Export_With_CostCenters_Mar2026_IBMBOB_Enhanced.csv
IBM BOB 3 - ESG,2026-06,ESG-MAR26-0843,TXN007051,FJI01,QLD,Queensland Operations,Carbon offsets,5300,Professional Services,Sustainable Packaging Co,BOB-ESG-0843,PO-ESG-7782,59372.72,tCO2e avoided,453.92,562.68,124.0,247.95,4.8,94,82501.57,0.34,Yes,ESG spend posted to non-ESG account or missing KPI link,Partial,Ready,Reclassify and link to KPI evidence,Yes,IBMBOB_ESG_Cost_KPI_Mar2026.csv + Raw_GL_Export_With_CostCenters_Mar2026_IBMBOB_Enhanced.csv
IBM BOB 3 - ESG,2026-06,ESG-MAR26-0844,TXN007052,AUS01,ACT,Australian Capital Territory,Carbon offsets,5300,Professional Services,Origin Energy,BOB-ESG-0844,PO-ESG-1482,23801.75,supplier_score,671.32,538.88,80.3,143.86,33.6,64,75254.12,-0.67,Yes,ESG spend posted to non-ESG account or missing KPI link,Missing,Needs review,CFO approval for material ESG spend,Yes,IBMBOB_ESG_Cost_KPI_Mar2026.csv + Raw_GL_Export_With_CostCenters_Mar2026_IBMBOB_Enhanced.csv
IBM BOB 3 - ESG,2026-06,ESG-MAR26-0845,TXN007053,AUS01,OPS,Operations & Logistics,Supplier ESG premium,6010,Direct Materials,Carbon Neutral Pty Ltd,BOB-ESG-0845,PO-ESG-1276,108945.4,tCO2e avoided,656.12,715.03,109.0,330.71,21.6,91,36017.54,-0.46,No,None,Complete,Needs review,CFO approval for material ESG spend,Yes,IBMBOB_ESG_Cost_KPI_Mar2026.csv + Raw_GL_Export_With_CostCenters_Mar2026_IBMBOB_Enhanced.csv
IBM BOB 3 - ESG,2026-06,ESG-MAR26-0846,TXN007054,FJI01,CORP,Corporate Head Office,Compliance assurance,5320,Audit Fees,Green Freight,BOB-ESG-0846,PO-ESG-8774,108304.35,waste_kg_reduced,410.16,269.07,65.6,396.63,96.9,61,6480.69,-0.13,No,None,Complete,Needs review,CFO approval for material ESG spend,Yes,IBMBOB_ESG_Cost_KPI_Mar2026.csv + Raw_GL_Export_With_CostCenters_Mar2026_IBMBOB_Enhanced.csv
IBM BOB 3 - ESG,2026-06,ESG-MAR26-0847,TXN007055,PNG01,VIC,Victoria Operations,Energy usage,5110,Utilities,Bureau Veritas,BOB-ESG-0847,PO-ESG-8785,42007.16,renewable_kwh,966.69,758.75,78.5,511.33,72.9,63,79544.95,-0.38,Yes,ESG spend posted to non-ESG account or missing KPI link,Partial,Ready,Reclassify and link to KPI evidence,Yes,IBMBOB_ESG_Cost_KPI_Mar2026.csv + Raw_GL_Export_With_CostCenters_Mar2026_IBMBOB_Enhanced.csv
IBM BOB 3 - ESG,2026-06,ESG-MAR26-0848,TXN007056,NZL01,FIN,Finance & Accounting,Sustainable packaging,6010,Direct Materials,Origin Energy,BOB-ESG-0848,PO-ESG-4165,30656.86,waste_kg_reduced,399.81,409.12,102.3,222.54,45.6,91,38315.38,0.1,No,None,Partial,Needs review,CFO approval for material ESG spend,Yes,IBMBOB_ESG_Cost_KPI_Mar2026.csv + Raw_GL_Export_With_CostCenters_Mar2026_IBMBOB_Enhanced.csv
IBM BOB 3 - ESG,2026-06,ESG-MAR26-0849,TXN007057,AUS01,OPS,Operations & Logistics,Supplier ESG premium,6010,Direct Materials,EcoVadis,BOB-ESG-0849,PO-ESG-4896,89378.04,waste_kg_reduced,891.92,938.16,105.2,341.5,19.1,82,-32047.39,0.16,No,None,Missing,Partial,No action,No,IBMBOB_ESG_Cost_KPI_Mar2026.csv + Raw_GL_Export_With_CostCenters_Mar2026_IBMBOB_Enhanced.csv
IBM BOB 3 - ESG,2026-06,ESG-MAR26-0850,TXN007058,PNG01,NT,Northern Territory Operations,Supplier ESG premium,6010,Direct Materials,Origin Energy,BOB-ESG-0850,PO-ESG-9554,67561.17,tCO2e avoided,227.62,217.17,95.4,211.94,83.8,63,9029.59,-0.2,No,None,Missing,Needs review,CFO approval for material ESG spend,Yes,IBMBOB_ESG_Cost_KPI_Mar2026.csv + Raw_GL_Export_With_CostCenters_Mar2026_IBMBOB_Enhanced.csv
IBM BOB 3 - ESG,2026-06,ESG-MAR26-0851,TXN007059,PNG01,VIC,Victoria Operations,Compliance assurance,5320,Audit Fees,Origin Energy,BOB-ESG-0851,PO-ESG-1919,99389.39,renewable_kwh,434.77,518.55,119.3,463.08,7.5,46,24847.99,-0.06,Yes,ESG spend posted to non-ESG account or missing KPI link,Complete,Partial,Reclassify and link to KPI evidence,Yes,IBMBOB_ESG_Cost_KPI_Mar2026.csv + Raw_GL_Export_With_CostCenters_Mar2026_IBMBOB_Enhanced.csv
IBM BOB 3 - ESG,2026-06,ESG-MAR26-0852,TXN007060,NZL01,R&D,Research & Development,Compliance assurance,5320,Audit Fees,Bureau Veritas,BOB-ESG-0852,PO-ESG-1602,88212.65,renewable_kwh,580.53,447.91,77.2,261.31,90.6,60,30206.65,0.33,Yes,ESG spend posted to non-ESG account or missing KPI link,Missing,Partial,Reclassify and link to KPI evidence,Yes,IBMBOB_ESG_Cost_KPI_Mar2026.csv + Raw_GL_Export_With_CostCenters_Mar2026_IBMBOB_Enhanced.csv
IBM BOB 3 - ESG,2026-06,ESG-MAR26-0853,TXN007061,NZL01,OPS,Operations & Logistics,Sustainable packaging,6010,Direct Materials,Carbon Neutral Pty Ltd,BOB-ESG-0853,PO-ESG-6718,4355.42,tCO2e avoided,137.16,135.15,98.5,324.7,69.0,69,67392.96,0.07,No,None,Complete,Needs review,CFO approval for material ESG spend,Yes,IBMBOB_ESG_Cost_KPI_Mar2026.csv + Raw_GL_Export_With_CostCenters_Mar2026_IBMBOB_Enhanced.csv
IBM BOB 3 - ESG,2026-06,ESG-MAR26-0854,TXN007062,FJI01,QLD,Queensland Operations,Renewable sourcing premium,6000,Cost of Goods Sold,Climate Active Advisor,BOB-ESG-0854,PO-ESG-2097,69149.82,waste_kg_reduced,89.77,99.27,110.6,75.96,60.2,78,-15765.05,-0.06,No,None,Missing,Ready,No action,No,IBMBOB_ESG_Cost_KPI_Mar2026.csv + Raw_GL_Export_With_CostCenters_Mar2026_IBMBOB_Enhanced.csv
IBM BOB 3 - ESG,2026-06,ESG-MAR26-0855,TXN007063,AUS01,MKT,Marketing & Sales,Compliance assurance,5320,Audit Fees,Carbon Neutral Pty Ltd,BOB-ESG-0855,PO-ESG-4849,82960.23,waste_kg_reduced,615.64,527.18,85.6,405.02,87.0,69,-35466.05,-0.56,No,None,Complete,Partial,No action,No,IBMBOB_ESG_Cost_KPI_Mar2026.csv + Raw_GL_Export_With_CostCenters_Mar2026_IBMBOB_Enhanced.csv
IBM BOB 3 - ESG,2026-06,ESG-MAR26-0856,TXN007064,AUS01,IT,Information Technology,Fleet emissions,5400,Travel,Energy Australia,BOB-ESG-0856,PO-ESG-3002,34980.91,audit_evidence_count,591.99,413.65,69.9,308.43,94.8,53,32425.66,0.17,Yes,ESG spend posted to non-ESG account or missing KPI link,Missing,Partial,Reclassify and link to KPI evidence,Yes,IBMBOB_ESG_Cost_KPI_Mar2026.csv + Raw_GL_Export_With_CostCenters_Mar2026_IBMBOB_Enhanced.csv
IBM BOB 3 - ESG,2026-06,ESG-MAR26-0857,TXN007065,PNG01,FIN,Finance & Accounting,Sustainable packaging,6010,Direct Materials,Carbon Neutral Pty Ltd,BOB-ESG-0857,PO-ESG-1437,65345.17,supplier_score,743.67,530.82,71.4,206.68,82.0,84,4986.13,-0.78,No,None,Missing,Ready,No action,No,IBMBOB_ESG_Cost_KPI_Mar2026.csv + Raw_GL_Export_With_CostCenters_Mar2026_IBMBOB_Enhanced.csv
IBM BOB 3 - ESG,2026-06,ESG-MAR26-0858,TXN007066,AUS01,QLD,Queensland Operations,Supplier ESG premium,6010,Direct Materials,Energy Australia,BOB-ESG-0858,PO-ESG-2560,109827.58,supplier_score,545.9,654.31,119.9,163.81,87.5,56,7289.63,0.21,No,None,Missing,Ready,CFO approval for material ESG spend,Yes,IBMBOB_ESG_Cost_KPI_Mar2026.csv + Raw_GL_Export_With_CostCenters_Mar2026_IBMBOB_Enhanced.csv
IBM BOB 3 - ESG,2026-06,ESG-MAR26-0859,TXN007067,PNG01,CORP,Corporate Head Office,Sustainable packaging,6010,Direct Materials,Climate Active Advisor,BOB-ESG-0859,PO-ESG-4654,28065.3,tCO2e avoided,861.7,662.0,76.8,28.48,33.2,94,-13603.24,-0.51,No,None,Missing,Needs review,CFO approval for material ESG spend,Yes,IBMBOB_ESG_Cost_KPI_Mar2026.csv + Raw_GL_Export_With_CostCenters_Mar2026_IBMBOB_Enhanced.csv
IBM BOB 3 - ESG,2026-06,ESG-MAR26-0860,TXN007068,NZL01,SA,South Australia Operations,Renewable sourcing premium,6000,Cost of Goods Sold,Climate Active Advisor,BOB-ESG-0860,PO-ESG-9262,71583.22,audit_evidence_count,325.51,223.54,68.7,419.84,71.4,64,68774.4,0.11,No,None,Complete,Ready,No action,No,IBMBOB_ESG_Cost_KPI_Mar2026.csv + Raw_GL_Export_With_CostCenters_Mar2026_IBMBOB_Enhanced.csv
IBM BOB 3 - ESG,2026-06,ESG-MAR26-0861,TXN007069,PNG01,WA,Western Australia Operations,Sustainable packaging,6010,Direct Materials,Origin Energy,BOB-ESG-0861,PO-ESG-6924,99375.24,renewable_kwh,75.21,63.65,84.6,254.49,31.5,57,78793.14,0.29,No,None,Partial,Partial,No action,No,IBMBOB_ESG_Cost_KPI_Mar2026.csv + Raw_GL_Export_With_CostCenters_Mar2026_IBMBOB_Enhanced.csv
IBM BOB 3 - ESG,2026-06,ESG-MAR26-0862,TXN007070,NZL01,ACT,Australian Capital Territory,Sustainable packaging,6010,Direct Materials,Climate Active Advisor,BOB-ESG-0862,PO-ESG-2257,53545.32,supplier_score,811.38,872.09,107.5,326.84,90.5,73,-7923.3,-0.68,No,None,Partial,Ready,No action,No,IBMBOB_ESG_Cost_KPI_Mar2026.csv + Raw_GL_Export_With_CostCenters_Mar2026_IBMBOB_Enhanced.csv
IBM BOB 3 - ESG,2026-06,ESG-MAR26-0863,TXN007071,PNG01,NSW,New South Wales Operations,Sustainable packaging,6010,Direct Materials,Green Freight,BOB-ESG-0863,PO-ESG-1255,4243.92,supplier_score,782.6,573.55,73.3,93.4,26.8,52,-2727.16,-0.47,No,None,Partial,Ready,No action,No,IBMBOB_ESG_Cost_KPI_Mar2026.csv + Raw_GL_Export_With_CostCenters_Mar2026_IBMBOB_Enhanced.csv
IBM BOB 3 - ESG,2026-06,ESG-MAR26-0864,TXN007072,NZL01,HR,Human Resources,Compliance assurance,5320,Audit Fees,Climate Active Advisor,BOB-ESG-0864,PO-ESG-2592,58678.25,renewable_kwh,78.29,72.09,92.1,185.27,85.7,88,-13459.8,-0.65,No,None,Missing,Ready,No action,No,IBMBOB_ESG_Cost_KPI_Mar2026.csv + Raw_GL_Export_With_CostCenters_Mar2026_IBMBOB_Enhanced.csv
IBM BOB 3 - ESG,2026-06,ESG-MAR26-0865,TXN007073,PNG01,FIN,Finance & Accounting,Waste reduction,5600,Telecommunications,Energy Australia,BOB-ESG-0865,PO-ESG-1109,15905.49,supplier_score,488.38,506.38,103.7,79.28,43.0,53,21902.02,-0.77,Yes,ESG spend posted to non-ESG account or missing KPI link,Partial,Ready,Reclassify and link to KPI evidence,Yes,IBMBOB_ESG_Cost_KPI_Mar2026.csv + Raw_GL_Export_With_CostCenters_Mar2026_IBMBOB_Enhanced.csv
IBM BOB 3 - ESG,2026-06,ESG-MAR26-0866,TXN007074,AUS01,VIC,Victoria Operations,Supplier ESG premium,6010,Direct Materials,Green Freight,BOB-ESG-0866,PO-ESG-3702,53541.26,renewable_kwh,161.82,107.57,66.5,43.61,73.6,90,68301.09,-0.07,No,None,Complete,Needs review,CFO approval for material ESG spend,Yes,IBMBOB_ESG_Cost_KPI_Mar2026.csv + Raw_GL_Export_With_CostCenters_Mar2026_IBMBOB_Enhanced.csv
IBM BOB 3 - ESG,2026-06,ESG-MAR26-0867,TXN007075,PNG01,MKT,Marketing & Sales,Carbon offsets,5300,Professional Services,Bureau Veritas,BOB-ESG-0867,PO-ESG-4504,21713.57,waste_kg_reduced,271.39,312.67,115.2,270.13,7.5,74,-11208.31,0.04,No,None,Partial,Needs review,CFO approval for material ESG spend,Yes,IBMBOB_ESG_Cost_KPI_Mar2026.csv + Raw_GL_Export_With_CostCenters_Mar2026_IBMBOB_Enhanced.csv
IBM BOB 3 - ESG,2026-06,ESG-MAR26-0868,TXN007076,FJI01,SA,South Australia Operations,Supplier ESG premium,6010,Direct Materials,Carbon Neutral Pty Ltd,BOB-ESG-0868,PO-ESG-4102,23466.14,waste_kg_reduced,231.46,219.34,94.8,298.91,17.3,69,63562.25,-0.76,Yes,ESG spend posted to non-ESG account or missing KPI link,Complete,Partial,Reclassify and link to KPI evidence,Yes,IBMBOB_ESG_Cost_KPI_Mar2026.csv + Raw_GL_Export_With_CostCenters_Mar2026_IBMBOB_Enhanced.csv
IBM BOB 3 - ESG,2026-06,ESG-MAR26-0869,TXN007077,PNG01,VIC,Victoria Operations,Supplier ESG premium,6010,Direct Materials,Energy Australia,BOB-ESG-0869,PO-ESG-9742,114016.22,supplier_score,594.53,567.2,95.4,326.17,47.3,87,42636.03,-0.28,Yes,ESG spend posted to non-ESG account or missing KPI link,Partial,Ready,CFO approval for material ESG spend,Yes,IBMBOB_ESG_Cost_KPI_Mar2026.csv + Raw_GL_Export_With_CostCenters_Mar2026_IBMBOB_Enhanced.csv
IBM BOB 3 - ESG,2026-06,ESG-MAR26-0870,TXN007078,PNG01,TAS,Tasmania Operations,Fleet emissions,5400,Travel,Carbon Neutral Pty Ltd,BOB-ESG-0870,PO-ESG-6985,10468.28,audit_evidence_count,234.96,218.22,92.9,258.75,23.8,45,-25332.75,-0.17,Yes,ESG spend posted to non-ESG account or missing KPI link,Missing,Partial,Reclassify and link to KPI evidence,Yes,IBMBOB_ESG_Cost_KPI_Mar2026.csv + Raw_GL_Export_With_CostCenters_Mar2026_IBMBOB_Enhanced.csv
IBM BOB 3 - ESG,2026-06,ESG-MAR26-0871,TXN007079,FJI01,QLD,Queensland Operations,Compliance assurance,5320,Audit Fees,Sustainable Packaging Co,BOB-ESG-0871,PO-ESG-6205,77125.8,tCO2e avoided,598.5,695.14,116.1,461.0,26.9,51,-14720.62,0.18,Yes,ESG spend posted to non-ESG account or missing KPI link,Complete,Ready,Reclassify and link to KPI evidence,Yes,IBMBOB_ESG_Cost_KPI_Mar2026.csv + Raw_GL_Export_With_CostCenters_Mar2026_IBMBOB_Enhanced.csv
IBM BOB 3 - ESG,2026-06,ESG-MAR26-0872,TXN007080,FJI01,CORP,Corporate Head Office,Sustainable packaging,6010,Direct Materials,Sustainable Packaging Co,BOB-ESG-0872,PO-ESG-2062,11390.16,waste_kg_reduced,626.57,636.68,101.6,429.31,38.1,77,-13276.07,-0.44,Yes,ESG spend posted to non-ESG account or missing KPI link,Partial,Ready,Reclassify and link to KPI evidence,Yes,IBMBOB_ESG_Cost_KPI_Mar2026.csv + Raw_GL_Export_With_CostCenters_Mar2026_IBMBOB_Enhanced.csv
IBM BOB 3 - ESG,2026-06,ESG-MAR26-0873,TXN007081,PNG01,OPS,Operations & Logistics,Energy usage,5110,Utilities,Sustainable Packaging Co,BOB-ESG-0873,PO-ESG-1028,62793.93,supplier_score,461.88,534.27,115.7,302.81,75.2,74,57756.63,-0.5,Yes,ESG spend posted to non-ESG account or missing KPI link,Partial,Needs review,CFO approval for material ESG spend,Yes,IBMBOB_ESG_Cost_KPI_Mar2026.csv + Raw_GL_Export_With_CostCenters_Mar2026_IBMBOB_Enhanced.csv
IBM BOB 3 - ESG,2026-06,ESG-MAR26-0874,TXN007082,AUS01,WA,Western Australia Operations,Energy usage,5110,Utilities,Energy Australia,BOB-ESG-0874,PO-ESG-5276,33002.01,tCO2e avoided,219.27,221.47,101.0,530.56,30.3,70,60462.65,0.22,Yes,ESG spend posted to non-ESG account or missing KPI link,Partial,Partial,Reclassify and link to KPI evidence,Yes,IBMBOB_ESG_Cost_KPI_Mar2026.csv + Raw_GL_Export_With_CostCenters_Mar2026_IBMBOB_Enhanced.csv
IBM BOB 3 - ESG,2026-06,ESG-MAR26-0875,TXN007083,AUS01,ACT,Australian Capital Territory,Supplier ESG premium,6010,Direct Materials,Origin Energy,BOB-ESG-0875,PO-ESG-4293,68971.05,tCO2e avoided,493.89,424.76,86.0,153.0,3.5,80,71008.18,-0.18,No,None,Partial,Ready,No action,No,IBMBOB_ESG_Cost_KPI_Mar2026.csv + Raw_GL_Export_With_CostCenters_Mar2026_IBMBOB_Enhanced.csv
IBM BOB 3 - ESG,2026-06,ESG-MAR26-0876,TXN007084,AUS01,HR,Human Resources,Fleet emissions,5400,Travel,Origin Energy,BOB-ESG-0876,PO-ESG-6004,20289.45,audit_evidence_count,114.1,108.48,95.1,506.6,82.6,95,-19045.62,0.04,No,None,Partial,Ready,No action,No,IBMBOB_ESG_Cost_KPI_Mar2026.csv + Raw_GL_Export_With_CostCenters_Mar2026_IBMBOB_Enhanced.csv
IBM BOB 3 - ESG,2026-06,ESG-MAR26-0877,TXN007085,PNG01,QLD,Queensland Operations,Compliance assurance,5320,Audit Fees,Energy Australia,BOB-ESG-0877,PO-ESG-2805,43805.58,waste_kg_reduced,712.67,855.76,120.1,305.78,50.2,95,66137.54,-0.16,No,None,Complete,Needs review,CFO approval for material ESG spend,Yes,IBMBOB_ESG_Cost_KPI_Mar2026.csv + Raw_GL_Export_With_CostCenters_Mar2026_IBMBOB_Enhanced.csv
IBM BOB 3 - ESG,2026-06,ESG-MAR26-0878,TXN007086,NZL01,NT,Northern Territory Operations,Renewable sourcing premium,6000,Cost of Goods Sold,EcoVadis,BOB-ESG-0878,PO-ESG-7315,51418.04,tCO2e avoided,984.01,979.95,99.6,374.51,78.7,74,-21611.62,-0.74,No,None,Missing,Partial,No action,No,IBMBOB_ESG_Cost_KPI_Mar2026.csv + Raw_GL_Export_With_CostCenters_Mar2026_IBMBOB_Enhanced.csv
IBM BOB 3 - ESG,2026-06,ESG-MAR26-0879,TXN007087,PNG01,VIC,Victoria Operations,Carbon offsets,5300,Professional Services,Origin Energy,BOB-ESG-0879,PO-ESG-8537,49555.35,waste_kg_reduced,526.72,586.25,111.3,237.59,78.9,76,63531.45,-0.13,No,None,Partial,Needs review,CFO approval for material ESG spend,Yes,IBMBOB_ESG_Cost_KPI_Mar2026.csv + Raw_GL_Export_With_CostCenters_Mar2026_IBMBOB_Enhanced.csv
IBM BOB 3 - ESG,2026-06,ESG-MAR26-0880,TXN007088,PNG01,WA,Western Australia Operations,Carbon offsets,5300,Professional Services,Energy Australia,BOB-ESG-0880,PO-ESG-2925,87348.84,supplier_score,874.71,672.61,76.9,266.72,95.1,74,43441.78,-0.71,Yes,ESG spend posted to non-ESG account or missing KPI link,Complete,Ready,Reclassify and link to KPI evidence,Yes,IBMBOB_ESG_Cost_KPI_Mar2026.csv + Raw_GL_Export_With_CostCenters_Mar2026_IBMBOB_Enhanced.csv
IBM BOB 3 - ESG,2026-06,ESG-MAR26-0881,TXN007089,NZL01,MKT,Marketing & Sales,Sustainable packaging,6010,Direct Materials,Energy Australia,BOB-ESG-0881,PO-ESG-7668,90103.94,supplier_score,624.71,776.5,124.3,40.93,11.4,76,33105.14,0.18,No,None,Missing,Needs review,CFO approval for material ESG spend,Yes,IBMBOB_ESG_Cost_KPI_Mar2026.csv + Raw_GL_Export_With_CostCenters_Mar2026_IBMBOB_Enhanced.csv
IBM BOB 3 - ESG,2026-06,ESG-MAR26-0882,TXN007090,FJI01,HR,Human Resources,Fleet emissions,5400,Travel,EcoVadis,BOB-ESG-0882,PO-ESG-9719,116081.83,audit_evidence_count,297.95,250.36,84.0,102.46,24.0,75,-10760.95,-0.3,No,None,Partial,Needs review,CFO approval for material ESG spend,Yes,IBMBOB_ESG_Cost_KPI_Mar2026.csv + Raw_GL_Export_With_CostCenters_Mar2026_IBMBOB_Enhanced.csv
IBM BOB 3 - ESG,2026-06,ESG-MAR26-0883,TXN007091,NZL01,CORP,Corporate Head Office,Sustainable packaging,6010,Direct Materials,Climate Active Advisor,BOB-ESG-0883,PO-ESG-2732,18682.5,tCO2e avoided,400.29,343.33,85.8,395.4,70.4,77,34355.63,-0.65,No,None,Partial,Needs review,CFO approval for material ESG spend,Yes,IBMBOB_ESG_Cost_KPI_Mar2026.csv + Raw_GL_Export_With_CostCenters_Mar2026_IBMBOB_Enhanced.csv
IBM BOB 3 - ESG,2026-06,ESG-MAR26-0884,TXN007092,PNG01,TAS,Tasmania Operations,Compliance assurance,5320,Audit Fees,Energy Australia,BOB-ESG-0884,PO-ESG-7305,106848.37,tCO2e avoided,662.97,674.61,101.8,98.38,67.6,45,50424.7,-0.38,No,None,Missing,Partial,CFO approval for material ESG spend,Yes,IBMBOB_ESG_Cost_KPI_Mar2026.csv + Raw_GL_Export_With_CostCenters_Mar2026_IBMBOB_Enhanced.csv
IBM BOB 3 - ESG,2026-06,ESG-MAR26-0885,TXN007093,NZL01,SA,South Australia Operations,Energy usage,5110,Utilities,Climate Active Advisor,BOB-ESG-0885,PO-ESG-9061,47689.96,waste_kg_reduced,502.58,340.89,67.8,60.46,42.4,87,-10165.81,0.36,No,None,Complete,Partial,No action,No,IBMBOB_ESG_Cost_KPI_Mar2026.csv + Raw_GL_Export_With_CostCenters_Mar2026_IBMBOB_Enhanced.csv
IBM BOB 3 - ESG,2026-06,ESG-MAR26-0886,TXN007094,NZL01,R&D,Research & Development,Sustainable packaging,6010,Direct Materials,Green Freight,BOB-ESG-0886,PO-ESG-5177,70742.72,tCO2e avoided,652.43,649.72,99.6,488.53,67.5,53,-41819.44,-0.72,No,None,Partial,Partial,No action,No,IBMBOB_ESG_Cost_KPI_Mar2026.csv + Raw_GL_Export_With_CostCenters_Mar2026_IBMBOB_Enhanced.csv
IBM BOB 3 - ESG,2026-06,ESG-MAR26-0887,TXN007095,FJI01,NSW,New South Wales Operations,Waste reduction,5600,Telecommunications,Bureau Veritas,BOB-ESG-0887,PO-ESG-6755,58730.41,tCO2e avoided,882.19,904.67,102.5,265.23,42.5,90,48637.86,-0.25,No,None,Complete,Partial,No action,No,IBMBOB_ESG_Cost_KPI_Mar2026.csv + Raw_GL_Export_With_CostCenters_Mar2026_IBMBOB_Enhanced.csv
IBM BOB 3 - ESG,2026-06,ESG-MAR26-0888,TXN007096,PNG01,IT,Information Technology,Supplier ESG premium,6010,Direct Materials,Bureau Veritas,BOB-ESG-0888,PO-ESG-6676,41547.22,renewable_kwh,299.75,195.05,65.1,256.73,55.1,85,55699.75,-0.24,No,None,Complete,Partial,No action,No,IBMBOB_ESG_Cost_KPI_Mar2026.csv + Raw_GL_Export_With_CostCenters_Mar2026_IBMBOB_Enhanced.csv
IBM BOB 3 - ESG,2026-06,ESG-MAR26-0889,TXN007097,NZL01,R&D,Research & Development,Fleet emissions,5400,Travel,Bureau Veritas,BOB-ESG-0889,PO-ESG-4223,4285.51,renewable_kwh,520.51,455.74,87.6,151.15,84.2,48,-36282.55,-0.73,No,None,Complete,Partial,No action,No,IBMBOB_ESG_Cost_KPI_Mar2026.csv + Raw_GL_Export_With_CostCenters_Mar2026_IBMBOB_Enhanced.csv
IBM BOB 3 - ESG,2026-06,ESG-MAR26-0890,TXN007098,AUS01,IT,Information Technology,Supplier ESG premium,6010,Direct Materials,Green Freight,BOB-ESG-0890,PO-ESG-2567,33332.3,waste_kg_reduced,106.5,114.4,107.4,95.55,3.2,62,-43714.05,-0.09,No,None,Partial,Needs review,CFO approval for material ESG spend,Yes,IBMBOB_ESG_Cost_KPI_Mar2026.csv + Raw_GL_Export_With_CostCenters_Mar2026_IBMBOB_Enhanced.csv
IBM BOB 3 - ESG,2026-06,ESG-MAR26-0891,TXN007099,AUS01,CORP,Corporate Head Office,Carbon offsets,5300,Professional Services,Bureau Veritas,BOB-ESG-0891,PO-ESG-4177,54082.78,audit_evidence_count,590.1,475.97,80.7,484.89,84.3,78,32080.29,0.31,Yes,ESG spend posted to non-ESG account or missing KPI link,Missing,Ready,Reclassify and link to KPI evidence,Yes,IBMBOB_ESG_Cost_KPI_Mar2026.csv + Raw_GL_Export_With_CostCenters_Mar2026_IBMBOB_Enhanced.csv
IBM BOB 3 - ESG,2026-06,ESG-MAR26-0892,TXN007100,AUS01,VIC,Victoria Operations,Carbon offsets,5300,Professional Services,Carbon Neutral Pty Ltd,BOB-ESG-0892,PO-ESG-9867,57266.41,audit_evidence_count,724.68,781.34,107.8,282.9,35.5,84,19135.42,-0.42,No,None,Partial,Needs review,CFO approval for material ESG spend,Yes,IBMBOB_ESG_Cost_KPI_Mar2026.csv + Raw_GL_Export_With_CostCenters_Mar2026_IBMBOB_Enhanced.csv
IBM BOB 3 - ESG,2026-06,ESG-MAR26-0893,TXN007101,AUS01,SA,South Australia Operations,Sustainable packaging,6010,Direct Materials,Bureau Veritas,BOB-ESG-0893,PO-ESG-7583,3521.24,tCO2e avoided,543.41,475.41,87.5,256.8,48.7,49,-35122.58,-0.38,Yes,ESG spend posted to non-ESG account or missing KPI link,Complete,Needs review,CFO approval for material ESG spend,Yes,IBMBOB_ESG_Cost_KPI_Mar2026.csv + Raw_GL_Export_With_CostCenters_Mar2026_IBMBOB_Enhanced.csv
IBM BOB 3 - ESG,2026-06,ESG-MAR26-0894,TXN007102,NZL01,IT,Information Technology,Waste reduction,5600,Telecommunications,Carbon Neutral Pty Ltd,BOB-ESG-0894,PO-ESG-6316,70490.77,waste_kg_reduced,674.71,761.4,112.8,233.1,54.4,63,58110.87,-0.51,No,None,Complete,Ready,No action,No,IBMBOB_ESG_Cost_KPI_Mar2026.csv + Raw_GL_Export_With_CostCenters_Mar2026_IBMBOB_Enhanced.csv
IBM BOB 3 - ESG,2026-06,ESG-MAR26-0895,TXN007103,AUS01,SA,South Australia Operations,Fleet emissions,5400,Travel,Energy Australia,BOB-ESG-0895,PO-ESG-5099,45341.86,waste_kg_reduced,528.49,535.25,101.3,367.36,96.2,85,28964.2,-0.59,No,None,Complete,Partial,No action,No,IBMBOB_ESG_Cost_KPI_Mar2026.csv + Raw_GL_Export_With_CostCenters_Mar2026_IBMBOB_Enhanced.csv
IBM BOB 3 - ESG,2026-06,ESG-MAR26-0896,TXN007104,AUS01,SA,South Australia Operations,Fleet emissions,5400,Travel,Energy Australia,BOB-ESG-0896,PO-ESG-8900,100664.28,waste_kg_reduced,922.21,673.16,73.0,407.11,28.7,53,63715.91,-0.76,No,None,Missing,Needs review,CFO approval for material ESG spend,Yes,IBMBOB_ESG_Cost_KPI_Mar2026.csv + Raw_GL_Export_With_CostCenters_Mar2026_IBMBOB_Enhanced.csv
IBM BOB 3 - ESG,2026-06,ESG-MAR26-0897,TXN007105,PNG01,CORP,Corporate Head Office,Compliance assurance,5320,Audit Fees,Carbon Neutral Pty Ltd,BOB-ESG-0897,PO-ESG-7454,9748.78,supplier_score,505.13,593.59,117.5,326.21,29.7,72,72843.62,-0.2,Yes,ESG spend posted to non-ESG account or missing KPI link,Missing,Ready,Reclassify and link to KPI evidence,Yes,IBMBOB_ESG_Cost_KPI_Mar2026.csv + Raw_GL_Export_With_CostCenters_Mar2026_IBMBOB_Enhanced.csv
IBM BOB 3 - ESG,2026-06,ESG-MAR26-0898,TXN007106,FJI01,MKT,Marketing & Sales,Energy usage,5110,Utilities,Carbon Neutral Pty Ltd,BOB-ESG-0898,PO-ESG-1040,111665.04,tCO2e avoided,429.82,378.79,88.1,204.11,59.2,62,76203.06,-0.22,No,None,Partial,Ready,CFO approval for material ESG spend,Yes,IBMBOB_ESG_Cost_KPI_Mar2026.csv + Raw_GL_Export_With_CostCenters_Mar2026_IBMBOB_Enhanced.csv
IBM BOB 3 - ESG,2026-06,ESG-MAR26-0899,TXN007107,AUS01,FIN,Finance & Accounting,Renewable sourcing premium,6000,Cost of Goods Sold,Origin Energy,BOB-ESG-0899,PO-ESG-7791,74148.45,supplier_score,939.82,709.43,75.5,315.64,20.5,74,4547.08,-0.35,No,None,Partial,Partial,No action,No,IBMBOB_ESG_Cost_KPI_Mar2026.csv + Raw_GL_Export_With_CostCenters_Mar2026_IBMBOB_Enhanced.csv
IBM BOB 3 - ESG,2026-06,ESG-MAR26-0900,TXN007108,PNG01,ACT,Australian Capital Territory,Supplier ESG premium,6010,Direct Materials,Sustainable Packaging Co,BOB-ESG-0900,PO-ESG-2011,98003.07,audit_evidence_count,858.48,562.36,65.5,387.78,56.4,52,26262.56,-0.08,No,None,Complete,Partial,No action,No,IBMBOB_ESG_Cost_KPI_Mar2026.csv + Raw_GL_Export_With_CostCenters_Mar2026_IBMBOB_Enhanced.csv
IBM BOB 3 - ESG,2026-06,ESG-MAR26-0901,TXN007109,NZL01,WA,Western Australia Operations,Waste reduction,5600,Telecommunications,Climate Active Advisor,BOB-ESG-0901,PO-ESG-8321,63730.36,tCO2e avoided,865.13,983.85,113.7,463.43,92.7,56,-27181.5,-0.34,No,None,Missing,Needs review,CFO approval for material ESG spend,Yes,IBMBOB_ESG_Cost_KPI_Mar2026.csv + Raw_GL_Export_With_CostCenters_Mar2026_IBMBOB_Enhanced.csv
IBM BOB 3 - ESG,2026-06,ESG-MAR26-0902,TXN007110,PNG01,NSW,New South Wales Operations,Supplier ESG premium,6010,Direct Materials,Climate Active Advisor,BOB-ESG-0902,PO-ESG-7077,39458.88,supplier_score,455.37,502.61,110.4,99.99,10.3,89,-8251.04,-0.53,No,None,Missing,Ready,No action,No,IBMBOB_ESG_Cost_KPI_Mar2026.csv + Raw_GL_Export_With_CostCenters_Mar2026_IBMBOB_Enhanced.csv
IBM BOB 3 - ESG,2026-06,ESG-MAR26-0903,TXN007111,PNG01,NT,Northern Territory Operations,Renewable sourcing premium,6000,Cost of Goods Sold,Climate Active Advisor,BOB-ESG-0903,PO-ESG-5941,22375.17,audit_evidence_count,703.84,848.5,120.6,375.86,70.1,55,-813.94,-0.7,No,None,Partial,Partial,No action,No,IBMBOB_ESG_Cost_KPI_Mar2026.csv + Raw_GL_Export_With_CostCenters_Mar2026_IBMBOB_Enhanced.csv
IBM BOB 3 - ESG,2026-06,ESG-MAR26-0904,TXN007112,PNG01,NSW,New South Wales Operations,Sustainable packaging,6010,Direct Materials,Origin Energy,BOB-ESG-0904,PO-ESG-6937,118589.76,tCO2e avoided,64.83,57.87,89.3,226.25,87.9,61,50264.63,-0.66,No,None,Partial,Partial,CFO approval for material ESG spend,Yes,IBMBOB_ESG_Cost_KPI_Mar2026.csv + Raw_GL_Export_With_CostCenters_Mar2026_IBMBOB_Enhanced.csv
IBM BOB 3 - ESG,2026-06,ESG-MAR26-0905,TXN007113,FJI01,MKT,Marketing & Sales,Renewable sourcing premium,6000,Cost of Goods Sold,Green Freight,BOB-ESG-0905,PO-ESG-1399,96075.94,audit_evidence_count,123.68,112.49,91.0,403.09,21.0,57,14254.98,0.14,No,None,Missing,Needs review,CFO approval for material ESG spend,Yes,IBMBOB_ESG_Cost_KPI_Mar2026.csv + Raw_GL_Export_With_CostCenters_Mar2026_IBMBOB_Enhanced.csv
IBM BOB 3 - ESG,2026-06,ESG-MAR26-0906,TXN007114,PNG01,TAS,Tasmania Operations,Energy usage,5110,Utilities,Green Freight,BOB-ESG-0906,PO-ESG-2708,39552.68,renewable_kwh,238.99,198.16,82.9,160.04,64.1,74,66056.69,0.27,Yes,ESG spend posted to non-ESG account or missing KPI link,Complete,Partial,Reclassify and link to KPI evidence,Yes,IBMBOB_ESG_Cost_KPI_Mar2026.csv + Raw_GL_Export_With_CostCenters_Mar2026_IBMBOB_Enhanced.csv
IBM BOB 3 - ESG,2026-06,ESG-MAR26-0907,TXN007115,PNG01,OPS,Operations & Logistics,Supplier ESG premium,6010,Direct Materials,Energy Australia,BOB-ESG-0907,PO-ESG-6720,56076.6,waste_kg_reduced,865.47,1034.68,119.6,326.55,51.5,88,67447.23,-0.05,No,None,Partial,Ready,No action,No,IBMBOB_ESG_Cost_KPI_Mar2026.csv + Raw_GL_Export_With_CostCenters_Mar2026_IBMBOB_Enhanced.csv
IBM BOB 3 - ESG,2026-06,ESG-MAR26-0908,TXN007116,AUS01,QLD,Queensland Operations,Renewable sourcing premium,6000,Cost of Goods Sold,Bureau Veritas,BOB-ESG-0908,PO-ESG-2650,21540.54,waste_kg_reduced,512.39,349.14,68.1,284.92,84.8,54,-1908.25,-0.41,No,None,Complete,Ready,No action,No,IBMBOB_ESG_Cost_KPI_Mar2026.csv + Raw_GL_Export_With_CostCenters_Mar2026_IBMBOB_Enhanced.csv
IBM BOB 3 - ESG,2026-06,ESG-MAR26-0909,TXN007117,NZL01,NSW,New South Wales Operations,Compliance assurance,5320,Audit Fees,Carbon Neutral Pty Ltd,BOB-ESG-0909,PO-ESG-7278,67848.58,audit_evidence_count,697.29,499.02,71.6,495.24,10.8,60,69921.38,-0.02,No,None,Missing,Ready,No action,No,IBMBOB_ESG_Cost_KPI_Mar2026.csv + Raw_GL_Export_With_CostCenters_Mar2026_IBMBOB_Enhanced.csv
IBM BOB 3 - ESG,2026-06,ESG-MAR26-0910,TXN007118,PNG01,MKT,Marketing & Sales,Energy usage,5110,Utilities,Climate Active Advisor,BOB-ESG-0910,PO-ESG-4917,114615.16,tCO2e avoided,460.56,525.43,114.1,374.61,96.3,92,-35951.05,0.28,Yes,ESG spend posted to non-ESG account or missing KPI link,Complete,Ready,CFO approval for material ESG spend,Yes,IBMBOB_ESG_Cost_KPI_Mar2026.csv + Raw_GL_Export_With_CostCenters_Mar2026_IBMBOB_Enhanced.csv
IBM BOB 3 - ESG,2026-06,ESG-MAR26-0911,TXN007119,NZL01,ACT,Australian Capital Territory,Renewable sourcing premium,6000,Cost of Goods Sold,Sustainable Packaging Co,BOB-ESG-0911,PO-ESG-1465,101174.42,renewable_kwh,237.8,274.23,115.3,49.91,11.5,79,69155.55,-0.33,No,None,Missing,Ready,CFO approval for material ESG spend,Yes,IBMBOB_ESG_Cost_KPI_Mar2026.csv + Raw_GL_Export_With_CostCenters_Mar2026_IBMBOB_Enhanced.csv
IBM BOB 3 - ESG,2026-06,ESG-MAR26-0912,TXN007120,FJI01,ACT,Australian Capital Territory,Carbon offsets,5300,Professional Services,Climate Active Advisor,BOB-ESG-0912,PO-ESG-9684,72484.92,tCO2e avoided,594.67,734.46,123.5,497.88,21.5,79,-3836.53,-0.24,No,None,Partial,Ready,No action,No,IBMBOB_ESG_Cost_KPI_Mar2026.csv + Raw_GL_Export_With_CostCenters_Mar2026_IBMBOB_Enhanced.csv
IBM BOB 3 - ESG,2026-06,ESG-MAR26-0913,TXN007121,AUS01,MKT,Marketing & Sales,Sustainable packaging,6010,Direct Materials,EcoVadis,BOB-ESG-0913,PO-ESG-5924,45329.26,audit_evidence_count,311.76,354.53,113.7,248.07,42.9,97,54863.35,-0.78,Yes,ESG spend posted to non-ESG account or missing KPI link,Partial,Ready,Reclassify and link to KPI evidence,Yes,IBMBOB_ESG_Cost_KPI_Mar2026.csv + Raw_GL_Export_With_CostCenters_Mar2026_IBMBOB_Enhanced.csv
IBM BOB 3 - ESG,2026-06,ESG-MAR26-0914,TXN007122,FJI01,VIC,Victoria Operations,Carbon offsets,5300,Professional Services,Origin Energy,BOB-ESG-0914,PO-ESG-8349,33008.5,audit_evidence_count,223.64,179.11,80.1,545.69,76.7,53,73211.95,0.16,Yes,ESG spend posted to non-ESG account or missing KPI link,Partial,Needs review,CFO approval for material ESG spend,Yes,IBMBOB_ESG_Cost_KPI_Mar2026.csv + Raw_GL_Export_With_CostCenters_Mar2026_IBMBOB_Enhanced.csv
IBM BOB 3 - ESG,2026-06,ESG-MAR26-0915,TXN007123,NZL01,MKT,Marketing & Sales,Renewable sourcing premium,6000,Cost of Goods Sold,Carbon Neutral Pty Ltd,BOB-ESG-0915,PO-ESG-8869,47324.27,waste_kg_reduced,773.71,509.88,65.9,337.91,26.1,58,20328.84,-0.69,Yes,ESG spend posted to non-ESG account or missing KPI link,Partial,Needs review,CFO approval for material ESG spend,Yes,IBMBOB_ESG_Cost_KPI_Mar2026.csv + Raw_GL_Export_With_CostCenters_Mar2026_IBMBOB_Enhanced.csv
IBM BOB 3 - ESG,2026-06,ESG-MAR26-0916,TXN007124,FJI01,MKT,Marketing & Sales,Sustainable packaging,6010,Direct Materials,Sustainable Packaging Co,BOB-ESG-0916,PO-ESG-6366,66508.95,waste_kg_reduced,497.96,507.01,101.8,26.83,23.1,45,-19129.6,0.29,No,None,Missing,Partial,No action,No,IBMBOB_ESG_Cost_KPI_Mar2026.csv + Raw_GL_Export_With_CostCenters_Mar2026_IBMBOB_Enhanced.csv
IBM BOB 3 - ESG,2026-06,ESG-MAR26-0917,TXN007125,AUS01,HR,Human Resources,Sustainable packaging,6010,Direct Materials,Origin Energy,BOB-ESG-0917,PO-ESG-9750,113335.31,waste_kg_reduced,863.58,971.06,112.4,211.11,53.3,82,65629.26,-0.28,Yes,ESG spend posted to non-ESG account or missing KPI link,Partial,Needs review,CFO approval for material ESG spend,Yes,IBMBOB_ESG_Cost_KPI_Mar2026.csv + Raw_GL_Export_With_CostCenters_Mar2026_IBMBOB_Enhanced.csv
IBM BOB 3 - ESG,2026-06,ESG-MAR26-0918,TXN007126,PNG01,IT,Information Technology,Energy usage,5110,Utilities,Carbon Neutral Pty Ltd,BOB-ESG-0918,PO-ESG-9152,30282.14,waste_kg_reduced,867.03,1059.47,122.2,417.24,20.2,49,63774.38,-0.07,No,None,Partial,Partial,No action,No,IBMBOB_ESG_Cost_KPI_Mar2026.csv + Raw_GL_Export_With_CostCenters_Mar2026_IBMBOB_Enhanced.csv
IBM BOB 3 - ESG,2026-06,ESG-MAR26-0919,TXN007127,FJI01,VIC,Victoria Operations,Supplier ESG premium,6010,Direct Materials,Energy Australia,BOB-ESG-0919,PO-ESG-8692,69324.34,renewable_kwh,432.56,460.3,106.4,48.51,72.6,91,77792.85,-0.27,No,None,Partial,Ready,No action,No,IBMBOB_ESG_Cost_KPI_Mar2026.csv + Raw_GL_Export_With_CostCenters_Mar2026_IBMBOB_Enhanced.csv
IBM BOB 3 - ESG,2026-06,ESG-MAR26-0920,TXN007128,NZL01,OPS,Operations & Logistics,Supplier ESG premium,6010,Direct Materials,Energy Australia,BOB-ESG-0920,PO-ESG-6238,4082.88,renewable_kwh,351.58,349.14,99.3,147.19,98.0,85,43529.13,-0.36,Yes,ESG spend posted to non-ESG account or missing KPI link,Missing,Ready,Reclassify and link to KPI evidence,Yes,IBMBOB_ESG_Cost_KPI_Mar2026.csv + Raw_GL_Export_With_CostCenters_Mar2026_IBMBOB_Enhanced.csv
IBM BOB 3 - ESG,2026-06,ESG-MAR26-0921,TXN007129,PNG01,NSW,New South Wales Operations,Compliance assurance,5320,Audit Fees,Green Freight,BOB-ESG-0921,PO-ESG-9250,87202.17,waste_kg_reduced,615.31,500.34,81.3,292.2,66.3,52,25560.72,-0.65,No,None,Partial,Ready,No action,No,IBMBOB_ESG_Cost_KPI_Mar2026.csv + Raw_GL_Export_With_CostCenters_Mar2026_IBMBOB_Enhanced.csv
IBM BOB 3 - ESG,2026-06,ESG-MAR26-0922,TXN007130,NZL01,TAS,Tasmania Operations,Supplier ESG premium,6010,Direct Materials,Green Freight,BOB-ESG-0922,PO-ESG-9143,66359.02,renewable_kwh,339.26,253.41,74.7,294.78,23.5,60,52018.25,-0.13,Yes,ESG spend posted to non-ESG account or missing KPI link,Partial,Needs review,CFO approval for material ESG spend,Yes,IBMBOB_ESG_Cost_KPI_Mar2026.csv + Raw_GL_Export_With_CostCenters_Mar2026_IBMBOB_Enhanced.csv
IBM BOB 3 - ESG,2026-06,ESG-MAR26-0923,TXN007131,PNG01,R&D,Research & Development,Supplier ESG premium,6010,Direct Materials,Climate Active Advisor,BOB-ESG-0923,PO-ESG-6175,55350.54,audit_evidence_count,806.85,615.16,76.2,471.59,11.9,74,17792.09,-0.6,No,None,Partial,Partial,No action,No,IBMBOB_ESG_Cost_KPI_Mar2026.csv + Raw_GL_Export_With_CostCenters_Mar2026_IBMBOB_Enhanced.csv
IBM BOB 3 - ESG,2026-06,ESG-MAR26-0924,TXN007132,FJI01,NT,Northern Territory Operations,Renewable sourcing premium,6000,Cost of Goods Sold,Bureau Veritas,BOB-ESG-0924,PO-ESG-5209,105803.81,renewable_kwh,711.54,796.46,111.9,459.89,96.7,56,39480.06,-0.02,No,None,Partial,Ready,CFO approval for material ESG spend,Yes,IBMBOB_ESG_Cost_KPI_Mar2026.csv + Raw_GL_Export_With_CostCenters_Mar2026_IBMBOB_Enhanced.csv
IBM BOB 3 - ESG,2026-06,ESG-MAR26-0925,TXN007133,AUS01,HR,Human Resources,Energy usage,5110,Utilities,EcoVadis,BOB-ESG-0925,PO-ESG-2381,30366.87,audit_evidence_count,397.31,496.34,124.9,63.16,53.7,89,17745.36,-0.44,No,None,Complete,Partial,No action,No,IBMBOB_ESG_Cost_KPI_Mar2026.csv + Raw_GL_Export_With_CostCenters_Mar2026_IBMBOB_Enhanced.csv
IBM BOB 3 - ESG,2026-06,ESG-MAR26-0926,TXN007134,NZL01,NT,Northern Territory Operations,Fleet emissions,5400,Travel,Origin Energy,BOB-ESG-0926,PO-ESG-8215,28099.21,renewable_kwh,231.13,205.1,88.7,105.61,98.2,61,57663.67,-0.37,No,None,Complete,Ready,No action,No,IBMBOB_ESG_Cost_KPI_Mar2026.csv + Raw_GL_Export_With_CostCenters_Mar2026_IBMBOB_Enhanced.csv
IBM BOB 3 - ESG,2026-06,ESG-MAR26-0927,TXN007135,FJI01,WA,Western Australia Operations,Supplier ESG premium,6010,Direct Materials,Energy Australia,BOB-ESG-0927,PO-ESG-8687,20368.46,renewable_kwh,734.63,618.32,84.2,425.43,57.3,55,-3693.14,-0.64,No,None,Complete,Partial,No action,No,IBMBOB_ESG_Cost_KPI_Mar2026.csv + Raw_GL_Export_With_CostCenters_Mar2026_IBMBOB_Enhanced.csv
IBM BOB 3 - ESG,2026-06,ESG-MAR26-0928,TXN007136,PNG01,NT,Northern Territory Operations,Supplier ESG premium,6010,Direct Materials,Origin Energy,BOB-ESG-0928,PO-ESG-9448,89362.19,renewable_kwh,97.73,92.85,95.0,214.29,4.4,57,-16303.48,-0.36,Yes,ESG spend posted to non-ESG account or missing KPI link,Complete,Needs review,CFO approval for material ESG spend,Yes,IBMBOB_ESG_Cost_KPI_Mar2026.csv + Raw_GL_Export_With_CostCenters_Mar2026_IBMBOB_Enhanced.csv
IBM BOB 3 - ESG,2026-06,ESG-MAR26-0929,TXN007137,AUS01,CORP,Corporate Head Office,Renewable sourcing premium,6000,Cost of Goods Sold,Energy Australia,BOB-ESG-0929,PO-ESG-9307,82041.05,audit_evidence_count,415.81,279.71,67.3,51.85,12.2,71,71279.93,0.08,No,None,Complete,Partial,No action,No,IBMBOB_ESG_Cost_KPI_Mar2026.csv + Raw_GL_Export_With_CostCenters_Mar2026_IBMBOB_Enhanced.csv
IBM BOB 3 - ESG,2026-06,ESG-MAR26-0930,TXN007138,PNG01,QLD,Queensland Operations,Supplier ESG premium,6010,Direct Materials,Origin Energy,BOB-ESG-0930,PO-ESG-1949,3228.11,waste_kg_reduced,384.3,357.29,93.0,494.11,33.9,92,-43503.99,-0.63,No,None,Partial,Needs review,CFO approval for material ESG spend,Yes,IBMBOB_ESG_Cost_KPI_Mar2026.csv + Raw_GL_Export_With_CostCenters_Mar2026_IBMBOB_Enhanced.csv
IBM BOB 3 - ESG,2026-06,ESG-MAR26-0931,TXN007139,AUS01,NT,Northern Territory Operations,Renewable sourcing premium,6000,Cost of Goods Sold,Sustainable Packaging Co,BOB-ESG-0931,PO-ESG-4263,54771.86,tCO2e avoided,846.7,994.86,117.5,381.87,34.9,62,69809.12,0.12,Yes,ESG spend posted to non-ESG account or missing KPI link,Partial,Ready,Reclassify and link to KPI evidence,Yes,IBMBOB_ESG_Cost_KPI_Mar2026.csv + Raw_GL_Export_With_CostCenters_Mar2026_IBMBOB_Enhanced.csv
IBM BOB 3 - ESG,2026-06,ESG-MAR26-0932,TXN007140,PNG01,TAS,Tasmania Operations,Renewable sourcing premium,6000,Cost of Goods Sold,EcoVadis,BOB-ESG-0932,PO-ESG-5239,63445.69,waste_kg_reduced,864.04,871.46,100.9,82.72,67.5,69,60063.27,0.4,No,None,Missing,Ready,No action,No,IBMBOB_ESG_Cost_KPI_Mar2026.csv + Raw_GL_Export_With_CostCenters_Mar2026_IBMBOB_Enhanced.csv
IBM BOB 3 - ESG,2026-06,ESG-MAR26-0933,TXN007141,AUS01,R&D,Research & Development,Energy usage,5110,Utilities,Bureau Veritas,BOB-ESG-0933,PO-ESG-2339,70394.08,waste_kg_reduced,789.31,670.91,85.0,121.63,45.7,51,54046.7,-0.5,No,None,Missing,Partial,No action,No,IBMBOB_ESG_Cost_KPI_Mar2026.csv + Raw_GL_Export_With_CostCenters_Mar2026_IBMBOB_Enhanced.csv
IBM BOB 3 - ESG,2026-06,ESG-MAR26-0934,TXN007142,PNG01,MKT,Marketing & Sales,Sustainable packaging,6010,Direct Materials,Carbon Neutral Pty Ltd,BOB-ESG-0934,PO-ESG-8503,47359.61,renewable_kwh,635.9,721.71,113.5,140.41,15.8,82,-23983.2,-0.78,Yes,ESG spend posted to non-ESG account or missing KPI link,Partial,Needs review,CFO approval for material ESG spend,Yes,IBMBOB_ESG_Cost_KPI_Mar2026.csv + Raw_GL_Export_With_CostCenters_Mar2026_IBMBOB_Enhanced.csv
IBM BOB 3 - ESG,2026-06,ESG-MAR26-0935,TXN007143,AUS01,VIC,Victoria Operations,Compliance assurance,5320,Audit Fees,Carbon Neutral Pty Ltd,BOB-ESG-0935,PO-ESG-7219,99036.42,tCO2e avoided,568.69,393.13,69.1,402.18,64.7,49,33506.0,-0.28,Yes,ESG spend posted to non-ESG account or missing KPI link,Missing,Partial,Reclassify and link to KPI evidence,Yes,IBMBOB_ESG_Cost_KPI_Mar2026.csv + Raw_GL_Export_With_CostCenters_Mar2026_IBMBOB_Enhanced.csv
IBM BOB 3 - ESG,2026-06,ESG-MAR26-0936,TXN007144,PNG01,OPS,Operations & Logistics,Fleet emissions,5400,Travel,EcoVadis,BOB-ESG-0936,PO-ESG-9666,67491.46,waste_kg_reduced,199.52,226.32,113.4,44.65,92.5,87,74605.78,-0.69,Yes,ESG spend posted to non-ESG account or missing KPI link,Missing,Needs review,CFO approval for material ESG spend,Yes,IBMBOB_ESG_Cost_KPI_Mar2026.csv + Raw_GL_Export_With_CostCenters_Mar2026_IBMBOB_Enhanced.csv
IBM BOB 3 - ESG,2026-06,ESG-MAR26-0937,TXN007145,PNG01,VIC,Victoria Operations,Waste reduction,5600,Telecommunications,Bureau Veritas,BOB-ESG-0937,PO-ESG-4487,17510.19,renewable_kwh,436.17,393.61,90.2,97.15,35.1,66,-19086.56,0.2,No,None,Missing,Partial,No action,No,IBMBOB_ESG_Cost_KPI_Mar2026.csv + Raw_GL_Export_With_CostCenters_Mar2026_IBMBOB_Enhanced.csv
IBM BOB 3 - ESG,2026-06,ESG-MAR26-0938,TXN007146,FJI01,WA,Western Australia Operations,Energy usage,5110,Utilities,Carbon Neutral Pty Ltd,BOB-ESG-0938,PO-ESG-3864,33671.24,waste_kg_reduced,729.07,558.39,76.6,55.8,8.9,99,-20198.01,-0.16,No,None,Missing,Partial,No action,No,IBMBOB_ESG_Cost_KPI_Mar2026.csv + Raw_GL_Export_With_CostCenters_Mar2026_IBMBOB_Enhanced.csv
IBM BOB 3 - ESG,2026-06,ESG-MAR26-0939,TXN007147,AUS01,FIN,Finance & Accounting,Renewable sourcing premium,6000,Cost of Goods Sold,Green Freight,BOB-ESG-0939,PO-ESG-7123,97273.63,renewable_kwh,525.79,478.2,90.9,148.28,73.3,55,75145.78,0.32,No,None,Complete,Needs review,CFO approval for material ESG spend,Yes,IBMBOB_ESG_Cost_KPI_Mar2026.csv + Raw_GL_Export_With_CostCenters_Mar2026_IBMBOB_Enhanced.csv
IBM BOB 3 - ESG,2026-06,ESG-MAR26-0940,TXN007148,NZL01,TAS,Tasmania Operations,Waste reduction,5600,Telecommunications,Carbon Neutral Pty Ltd,BOB-ESG-0940,PO-ESG-1488,34417.9,tCO2e avoided,860.31,739.75,86.0,176.38,9.4,54,58411.85,0.28,No,None,Partial,Needs review,CFO approval for material ESG spend,Yes,IBMBOB_ESG_Cost_KPI_Mar2026.csv + Raw_GL_Export_With_CostCenters_Mar2026_IBMBOB_Enhanced.csv
IBM BOB 3 - ESG,2026-06,ESG-MAR26-0941,TXN007149,PNG01,TAS,Tasmania Operations,Supplier ESG premium,6010,Direct Materials,Carbon Neutral Pty Ltd,BOB-ESG-0941,PO-ESG-3485,27079.36,tCO2e avoided,187.45,199.77,106.6,489.09,55.6,77,-7091.52,-0.47,Yes,ESG spend posted to non-ESG account or missing KPI link,Partial,Partial,Reclassify and link to KPI evidence,Yes,IBMBOB_ESG_Cost_KPI_Mar2026.csv + Raw_GL_Export_With_CostCenters_Mar2026_IBMBOB_Enhanced.csv
IBM BOB 3 - ESG,2026-06,ESG-MAR26-0942,TXN007150,FJI01,MKT,Marketing & Sales,Compliance assurance,5320,Audit Fees,Climate Active Advisor,BOB-ESG-0942,PO-ESG-2680,94641.64,supplier_score,552.86,409.69,74.1,302.62,76.5,81,-46310.26,0.21,No,None,Missing,Ready,No action,No,IBMBOB_ESG_Cost_KPI_Mar2026.csv + Raw_GL_Export_With_CostCenters_Mar2026_IBMBOB_Enhanced.csv
IBM BOB 3 - ESG,2026-06,ESG-MAR26-0943,TXN007151,AUS01,QLD,Queensland Operations,Supplier ESG premium,6010,Direct Materials,Climate Active Advisor,BOB-ESG-0943,PO-ESG-4878,111637.27,supplier_score,550.39,499.86,90.8,503.78,63.5,67,-36695.04,-0.54,No,None,Missing,Needs review,CFO approval for material ESG spend,Yes,IBMBOB_ESG_Cost_KPI_Mar2026.csv + Raw_GL_Export_With_CostCenters_Mar2026_IBMBOB_Enhanced.csv
IBM BOB 3 - ESG,2026-06,ESG-MAR26-0944,TXN007152,PNG01,CORP,Corporate Head Office,Waste reduction,5600,Telecommunications,Climate Active Advisor,BOB-ESG-0944,PO-ESG-5081,77280.18,waste_kg_reduced,169.76,204.53,120.5,191.35,89.8,94,8005.15,0.01,No,None,Missing,Partial,No action,No,IBMBOB_ESG_Cost_KPI_Mar2026.csv + Raw_GL_Export_With_CostCenters_Mar2026_IBMBOB_Enhanced.csv
IBM BOB 3 - ESG,2026-06,ESG-MAR26-0945,TXN007153,AUS01,FIN,Finance & Accounting,Sustainable packaging,6010,Direct Materials,Bureau Veritas,BOB-ESG-0945,PO-ESG-8399,10100.97,tCO2e avoided,639.5,726.62,113.6,355.39,62.9,95,-5378.27,-0.18,No,None,Partial,Partial,No action,No,IBMBOB_ESG_Cost_KPI_Mar2026.csv + Raw_GL_Export_With_CostCenters_Mar2026_IBMBOB_Enhanced.csv
IBM BOB 3 - ESG,2026-06,ESG-MAR26-0946,TXN007154,PNG01,R&D,Research & Development,Compliance assurance,5320,Audit Fees,Energy Australia,BOB-ESG-0946,PO-ESG-6266,47988.78,supplier_score,153.73,157.95,102.7,54.72,93.8,48,-19304.79,-0.72,No,None,Missing,Partial,No action,No,IBMBOB_ESG_Cost_KPI_Mar2026.csv + Raw_GL_Export_With_CostCenters_Mar2026_IBMBOB_Enhanced.csv
IBM BOB 3 - ESG,2026-06,ESG-MAR26-0947,TXN007155,AUS01,FIN,Finance & Accounting,Waste reduction,5600,Telecommunications,Climate Active Advisor,BOB-ESG-0947,PO-ESG-1458,66042.76,tCO2e avoided,860.52,779.03,90.5,298.7,92.4,94,9405.25,0.05,Yes,ESG spend posted to non-ESG account or missing KPI link,Partial,Needs review,CFO approval for material ESG spend,Yes,IBMBOB_ESG_Cost_KPI_Mar2026.csv + Raw_GL_Export_With_CostCenters_Mar2026_IBMBOB_Enhanced.csv
IBM BOB 3 - ESG,2026-06,ESG-MAR26-0948,TXN007156,NZL01,NSW,New South Wales Operations,Supplier ESG premium,6010,Direct Materials,Origin Energy,BOB-ESG-0948,PO-ESG-5763,29702.15,waste_kg_reduced,406.6,503.89,123.9,334.59,17.8,49,-28185.93,-0.74,No,None,Missing,Partial,No action,No,IBMBOB_ESG_Cost_KPI_Mar2026.csv + Raw_GL_Export_With_CostCenters_Mar2026_IBMBOB_Enhanced.csv
IBM BOB 3 - ESG,2026-06,ESG-MAR26-0949,TXN007157,FJI01,VIC,Victoria Operations,Energy usage,5110,Utilities,Sustainable Packaging Co,BOB-ESG-0949,PO-ESG-9426,17033.11,waste_kg_reduced,787.28,809.64,102.8,323.38,7.0,96,20765.33,0.1,No,None,Complete,Ready,No action,No,IBMBOB_ESG_Cost_KPI_Mar2026.csv + Raw_GL_Export_With_CostCenters_Mar2026_IBMBOB_Enhanced.csv
IBM BOB 3 - ESG,2026-06,ESG-MAR26-0950,TXN007158,NZL01,NT,Northern Territory Operations,Compliance assurance,5320,Audit Fees,Climate Active Advisor,BOB-ESG-0950,PO-ESG-2635,57742.48,renewable_kwh,401.05,418.43,104.3,390.07,70.1,54,-4814.62,-0.1,Yes,ESG spend posted to non-ESG account or missing KPI link,Partial,Needs review,CFO approval for material ESG spend,Yes,IBMBOB_ESG_Cost_KPI_Mar2026.csv + Raw_GL_Export_With_CostCenters_Mar2026_IBMBOB_Enhanced.csv
IBM BOB 3 - ESG,2026-06,ESG-MAR26-0951,TXN007159,NZL01,NT,Northern Territory Operations,Waste reduction,5600,Telecommunications,Origin Energy,BOB-ESG-0951,PO-ESG-6532,4487.65,waste_kg_reduced,548.72,613.37,111.8,254.46,76.8,80,77493.0,-0.09,No,None,Missing,Partial,No action,No,IBMBOB_ESG_Cost_KPI_Mar2026.csv + Raw_GL_Export_With_CostCenters_Mar2026_IBMBOB_Enhanced.csv
IBM BOB 3 - ESG,2026-06,ESG-MAR26-0952,TXN007160,PNG01,CORP,Corporate Head Office,Supplier ESG premium,6010,Direct Materials,Energy Australia,BOB-ESG-0952,PO-ESG-7080,93353.59,tCO2e avoided,332.89,355.5,106.8,540.94,2.5,51,-39690.19,-0.7,No,None,Partial,Ready,No action,No,IBMBOB_ESG_Cost_KPI_Mar2026.csv + Raw_GL_Export_With_CostCenters_Mar2026_IBMBOB_Enhanced.csv
IBM BOB 3 - ESG,2026-06,ESG-MAR26-0953,TXN007161,FJI01,IT,Information Technology,Supplier ESG premium,6010,Direct Materials,Sustainable Packaging Co,BOB-ESG-0953,PO-ESG-1290,84294.22,supplier_score,401.85,477.27,118.8,395.87,26.5,56,-49130.43,0.25,No,None,Missing,Ready,No action,No,IBMBOB_ESG_Cost_KPI_Mar2026.csv + Raw_GL_Export_With_CostCenters_Mar2026_IBMBOB_Enhanced.csv
IBM BOB 3 - ESG,2026-06,ESG-MAR26-0954,TXN007162,NZL01,SA,South Australia Operations,Renewable sourcing premium,6000,Cost of Goods Sold,Carbon Neutral Pty Ltd,BOB-ESG-0954,PO-ESG-6575,76332.81,waste_kg_reduced,963.85,671.93,69.7,332.89,65.2,71,14866.03,0.39,No,None,Partial,Needs review,CFO approval for material ESG spend,Yes,IBMBOB_ESG_Cost_KPI_Mar2026.csv + Raw_GL_Export_With_CostCenters_Mar2026_IBMBOB_Enhanced.csv
IBM BOB 3 - ESG,2026-06,ESG-MAR26-0955,TXN007163,PNG01,QLD,Queensland Operations,Fleet emissions,5400,Travel,Carbon Neutral Pty Ltd,BOB-ESG-0955,PO-ESG-7031,49454.23,renewable_kwh,421.98,331.23,78.5,152.48,74.5,67,74668.12,-0.78,Yes,ESG spend posted to non-ESG account or missing KPI link,Complete,Ready,Reclassify and link to KPI evidence,Yes,IBMBOB_ESG_Cost_KPI_Mar2026.csv + Raw_GL_Export_With_CostCenters_Mar2026_IBMBOB_Enhanced.csv
IBM BOB 3 - ESG,2026-06,ESG-MAR26-0956,TXN007164,NZL01,MKT,Marketing & Sales,Carbon offsets,5300,Professional Services,Carbon Neutral Pty Ltd,BOB-ESG-0956,PO-ESG-2814,53573.29,tCO2e avoided,413.4,483.97,117.1,474.05,23.0,48,10692.44,0.21,No,None,Partial,Partial,No action,No,IBMBOB_ESG_Cost_KPI_Mar2026.csv + Raw_GL_Export_With_CostCenters_Mar2026_IBMBOB_Enhanced.csv
IBM BOB 3 - ESG,2026-06,ESG-MAR26-0957,TXN007165,NZL01,QLD,Queensland Operations,Compliance assurance,5320,Audit Fees,EcoVadis,BOB-ESG-0957,PO-ESG-9904,96357.56,tCO2e avoided,486.28,472.59,97.2,168.4,9.9,77,-9732.72,0.09,No,None,Complete,Partial,No action,No,IBMBOB_ESG_Cost_KPI_Mar2026.csv + Raw_GL_Export_With_CostCenters_Mar2026_IBMBOB_Enhanced.csv
IBM BOB 3 - ESG,2026-06,ESG-MAR26-0958,TXN007166,AUS01,R&D,Research & Development,Compliance assurance,5320,Audit Fees,Carbon Neutral Pty Ltd,BOB-ESG-0958,PO-ESG-5704,88832.57,waste_kg_reduced,440.72,504.69,114.5,503.4,11.4,98,18273.57,-0.28,No,None,Complete,Needs review,CFO approval for material ESG spend,Yes,IBMBOB_ESG_Cost_KPI_Mar2026.csv + Raw_GL_Export_With_CostCenters_Mar2026_IBMBOB_Enhanced.csv
IBM BOB 3 - ESG,2026-06,ESG-MAR26-0959,TXN007167,NZL01,ACT,Australian Capital Territory,Fleet emissions,5400,Travel,Sustainable Packaging Co,BOB-ESG-0959,PO-ESG-9627,35207.15,tCO2e avoided,182.78,129.93,71.1,237.78,2.6,98,-27606.97,0.15,No,None,Partial,Ready,No action,No,IBMBOB_ESG_Cost_KPI_Mar2026.csv + Raw_GL_Export_With_CostCenters_Mar2026_IBMBOB_Enhanced.csv
IBM BOB 3 - ESG,2026-06,ESG-MAR26-0960,TXN007168,NZL01,TAS,Tasmania Operations,Waste reduction,5600,Telecommunications,Origin Energy,BOB-ESG-0960,PO-ESG-1327,78408.26,audit_evidence_count,164.66,121.7,73.9,515.4,39.7,71,64752.6,0.16,Yes,ESG spend posted to non-ESG account or missing KPI link,Complete,Needs review,CFO approval for material ESG spend,Yes,IBMBOB_ESG_Cost_KPI_Mar2026.csv + Raw_GL_Export_With_CostCenters_Mar2026_IBMBOB_Enhanced.csv
IBM BOB 3 - ESG,2026-06,ESG-MAR26-0961,TXN007169,PNG01,CORP,Corporate Head Office,Waste reduction,5600,Telecommunications,EcoVadis,BOB-ESG-0961,PO-ESG-8254,42621.53,tCO2e avoided,145.72,176.09,120.8,403.34,67.5,55,-27160.72,-0.51,No,None,Missing,Partial,No action,No,IBMBOB_ESG_Cost_KPI_Mar2026.csv + Raw_GL_Export_With_CostCenters_Mar2026_IBMBOB_Enhanced.csv
IBM BOB 3 - ESG,2026-06,ESG-MAR26-0962,TXN007170,NZL01,NT,Northern Territory Operations,Sustainable packaging,6010,Direct Materials,Bureau Veritas,BOB-ESG-0962,PO-ESG-1354,115705.57,audit_evidence_count,765.64,629.98,82.3,479.69,72.0,45,1180.65,0.15,Yes,ESG spend posted to non-ESG account or missing KPI link,Partial,Partial,CFO approval for material ESG spend,Yes,IBMBOB_ESG_Cost_KPI_Mar2026.csv + Raw_GL_Export_With_CostCenters_Mar2026_IBMBOB_Enhanced.csv
IBM BOB 3 - ESG,2026-06,ESG-MAR26-0963,TXN007171,PNG01,NSW,New South Wales Operations,Fleet emissions,5400,Travel,Carbon Neutral Pty Ltd,BOB-ESG-0963,PO-ESG-4053,46666.5,tCO2e avoided,612.99,516.67,84.3,64.58,77.2,96,-39899.36,-0.1,Yes,ESG spend posted to non-ESG account or missing KPI link,Partial,Needs review,CFO approval for material ESG spend,Yes,IBMBOB_ESG_Cost_KPI_Mar2026.csv + Raw_GL_Export_With_CostCenters_Mar2026_IBMBOB_Enhanced.csv
IBM BOB 3 - ESG,2026-06,ESG-MAR26-0964,TXN007172,NZL01,OPS,Operations & Logistics,Carbon offsets,5300,Professional Services,Green Freight,BOB-ESG-0964,PO-ESG-3226,14783.95,supplier_score,129.74,125.84,97.0,76.52,28.3,61,20790.8,-0.67,No,None,Complete,Partial,No action,No,IBMBOB_ESG_Cost_KPI_Mar2026.csv + Raw_GL_Export_With_CostCenters_Mar2026_IBMBOB_Enhanced.csv
IBM BOB 3 - ESG,2026-06,ESG-MAR26-0965,TXN007173,AUS01,OPS,Operations & Logistics,Compliance assurance,5320,Audit Fees,Sustainable Packaging Co,BOB-ESG-0965,PO-ESG-6547,29516.89,audit_evidence_count,359.41,427.43,118.9,25.81,74.9,59,41934.18,-0.8,Yes,ESG spend posted to non-ESG account or missing KPI link,Missing,Needs review,CFO approval for material ESG spend,Yes,IBMBOB_ESG_Cost_KPI_Mar2026.csv + Raw_GL_Export_With_CostCenters_Mar2026_IBMBOB_Enhanced.csv
IBM BOB 3 - ESG,2026-06,ESG-MAR26-0966,TXN007174,PNG01,HR,Human Resources,Energy usage,5110,Utilities,Sustainable Packaging Co,BOB-ESG-0966,PO-ESG-1618,5412.84,tCO2e avoided,148.52,169.18,113.9,251.55,53.0,89,35772.65,-0.09,No,None,Missing,Ready,No action,No,IBMBOB_ESG_Cost_KPI_Mar2026.csv + Raw_GL_Export_With_CostCenters_Mar2026_IBMBOB_Enhanced.csv
IBM BOB 3 - ESG,2026-06,ESG-MAR26-0967,TXN007175,PNG01,FIN,Finance & Accounting,Sustainable packaging,6010,Direct Materials,Energy Australia,BOB-ESG-0967,PO-ESG-5760,91123.35,supplier_score,852.06,1002.95,117.7,206.38,5.2,90,-44538.97,-0.58,No,None,Partial,Ready,No action,No,IBMBOB_ESG_Cost_KPI_Mar2026.csv + Raw_GL_Export_With_CostCenters_Mar2026_IBMBOB_Enhanced.csv
IBM BOB 3 - ESG,2026-06,ESG-MAR26-0968,TXN007176,PNG01,FIN,Finance & Accounting,Carbon offsets,5300,Professional Services,Climate Active Advisor,BOB-ESG-0968,PO-ESG-5886,32512.65,supplier_score,221.99,217.52,98.0,410.87,32.5,84,-25019.18,-0.69,Yes,ESG spend posted to non-ESG account or missing KPI link,Missing,Partial,Reclassify and link to KPI evidence,Yes,IBMBOB_ESG_Cost_KPI_Mar2026.csv + Raw_GL_Export_With_CostCenters_Mar2026_IBMBOB_Enhanced.csv
IBM BOB 3 - ESG,2026-06,ESG-MAR26-0969,TXN007177,FJI01,IT,Information Technology,Sustainable packaging,6010,Direct Materials,Sustainable Packaging Co,BOB-ESG-0969,PO-ESG-2442,19529.03,supplier_score,943.02,965.3,102.4,488.86,86.4,83,59617.52,-0.46,No,None,Complete,Partial,No action,No,IBMBOB_ESG_Cost_KPI_Mar2026.csv + Raw_GL_Export_With_CostCenters_Mar2026_IBMBOB_Enhanced.csv
IBM BOB 3 - ESG,2026-06,ESG-MAR26-0970,TXN007178,NZL01,OPS,Operations & Logistics,Energy usage,5110,Utilities,Energy Australia,BOB-ESG-0970,PO-ESG-7226,12786.78,renewable_kwh,387.47,385.44,99.5,123.6,33.3,57,-29057.59,-0.23,No,None,Complete,Partial,No action,No,IBMBOB_ESG_Cost_KPI_Mar2026.csv + Raw_GL_Export_With_CostCenters_Mar2026_IBMBOB_Enhanced.csv
IBM BOB 3 - ESG,2026-06,ESG-MAR26-0971,TXN007179,NZL01,MKT,Marketing & Sales,Carbon offsets,5300,Professional Services,Bureau Veritas,BOB-ESG-0971,PO-ESG-4429,119910.87,supplier_score,363.41,451.6,124.3,163.66,29.2,73,5471.45,0.02,Yes,ESG spend posted to non-ESG account or missing KPI link,Missing,Ready,CFO approval for material ESG spend,Yes,IBMBOB_ESG_Cost_KPI_Mar2026.csv + Raw_GL_Export_With_CostCenters_Mar2026_IBMBOB_Enhanced.csv
IBM BOB 3 - ESG,2026-06,ESG-MAR26-0972,TXN007180,AUS01,ACT,Australian Capital Territory,Compliance assurance,5320,Audit Fees,Bureau Veritas,BOB-ESG-0972,PO-ESG-6502,37469.38,supplier_score,886.48,763.39,86.1,351.6,22.8,65,79798.27,-0.14,Yes,ESG spend posted to non-ESG account or missing KPI link,Complete,Ready,Reclassify and link to KPI evidence,Yes,IBMBOB_ESG_Cost_KPI_Mar2026.csv + Raw_GL_Export_With_CostCenters_Mar2026_IBMBOB_Enhanced.csv
IBM BOB 3 - ESG,2026-06,ESG-MAR26-0973,TXN007181,AUS01,IT,Information Technology,Sustainable packaging,6010,Direct Materials,Origin Energy,BOB-ESG-0973,PO-ESG-7949,26834.94,audit_evidence_count,980.98,1148.45,117.1,66.53,93.0,51,30343.96,-0.43,No,None,Partial,Partial,No action,No,IBMBOB_ESG_Cost_KPI_Mar2026.csv + Raw_GL_Export_With_CostCenters_Mar2026_IBMBOB_Enhanced.csv
IBM BOB 3 - ESG,2026-06,ESG-MAR26-0974,TXN007182,PNG01,ACT,Australian Capital Territory,Energy usage,5110,Utilities,Green Freight,BOB-ESG-0974,PO-ESG-7465,117240.75,waste_kg_reduced,210.85,168.35,79.8,496.95,28.3,98,-27910.75,0.27,Yes,ESG spend posted to non-ESG account or missing KPI link,Partial,Partial,CFO approval for material ESG spend,Yes,IBMBOB_ESG_Cost_KPI_Mar2026.csv + Raw_GL_Export_With_CostCenters_Mar2026_IBMBOB_Enhanced.csv
IBM BOB 3 - ESG,2026-06,ESG-MAR26-0975,TXN007183,PNG01,ACT,Australian Capital Territory,Renewable sourcing premium,6000,Cost of Goods Sold,Sustainable Packaging Co,BOB-ESG-0975,PO-ESG-2606,88432.88,supplier_score,535.74,352.11,65.7,298.64,6.8,79,80635.83,0.15,Yes,ESG spend posted to non-ESG account or missing KPI link,Complete,Partial,Reclassify and link to KPI evidence,Yes,IBMBOB_ESG_Cost_KPI_Mar2026.csv + Raw_GL_Export_With_CostCenters_Mar2026_IBMBOB_Enhanced.csv
IBM BOB 3 - ESG,2026-06,ESG-MAR26-0976,TXN007184,AUS01,FIN,Finance & Accounting,Sustainable packaging,6010,Direct Materials,Green Freight,BOB-ESG-0976,PO-ESG-1828,114091.53,tCO2e avoided,264.03,268.04,101.5,99.71,10.0,89,-3329.49,0.15,No,None,Complete,Partial,CFO approval for material ESG spend,Yes,IBMBOB_ESG_Cost_KPI_Mar2026.csv + Raw_GL_Export_With_CostCenters_Mar2026_IBMBOB_Enhanced.csv
IBM BOB 3 - ESG,2026-06,ESG-MAR26-0977,TXN007185,FJI01,R&D,Research & Development,Supplier ESG premium,6010,Direct Materials,Energy Australia,BOB-ESG-0977,PO-ESG-6949,14267.53,tCO2e avoided,605.09,402.75,66.6,60.91,80.0,88,33995.74,0.07,No,None,Partial,Needs review,CFO approval for material ESG spend,Yes,IBMBOB_ESG_Cost_KPI_Mar2026.csv + Raw_GL_Export_With_CostCenters_Mar2026_IBMBOB_Enhanced.csv
IBM BOB 3 - ESG,2026-06,ESG-MAR26-0978,TXN007186,FJI01,VIC,Victoria Operations,Sustainable packaging,6010,Direct Materials,Green Freight,BOB-ESG-0978,PO-ESG-6486,59047.08,renewable_kwh,640.84,562.14,87.7,101.99,72.6,68,-29092.74,-0.58,No,None,Complete,Partial,No action,No,IBMBOB_ESG_Cost_KPI_Mar2026.csv + Raw_GL_Export_With_CostCenters_Mar2026_IBMBOB_Enhanced.csv
IBM BOB 3 - ESG,2026-06,ESG-MAR26-0979,TXN007187,PNG01,OPS,Operations & Logistics,Sustainable packaging,6010,Direct Materials,Carbon Neutral Pty Ltd,BOB-ESG-0979,PO-ESG-2973,94912.75,waste_kg_reduced,647.82,633.58,97.8,434.12,71.1,76,40664.03,-0.13,No,None,Complete,Ready,No action,No,IBMBOB_ESG_Cost_KPI_Mar2026.csv + Raw_GL_Export_With_CostCenters_Mar2026_IBMBOB_Enhanced.csv
IBM BOB 3 - ESG,2026-06,ESG-MAR26-0980,TXN007188,FJI01,SA,South Australia Operations,Waste reduction,5600,Telecommunications,Green Freight,BOB-ESG-0980,PO-ESG-9118,7999.28,audit_evidence_count,379.98,320.77,84.4,439.35,65.4,77,58420.42,-0.58,No,None,Partial,Ready,No action,No,IBMBOB_ESG_Cost_KPI_Mar2026.csv + Raw_GL_Export_With_CostCenters_Mar2026_IBMBOB_Enhanced.csv
IBM BOB 3 - ESG,2026-06,ESG-MAR26-0981,TXN007189,NZL01,FIN,Finance & Accounting,Renewable sourcing premium,6000,Cost of Goods Sold,Origin Energy,BOB-ESG-0981,PO-ESG-4742,23843.43,renewable_kwh,827.46,540.76,65.4,164.76,21.2,64,-13661.92,-0.51,No,None,Partial,Needs review,CFO approval for material ESG spend,Yes,IBMBOB_ESG_Cost_KPI_Mar2026.csv + Raw_GL_Export_With_CostCenters_Mar2026_IBMBOB_Enhanced.csv
IBM BOB 3 - ESG,2026-06,ESG-MAR26-0982,TXN007190,PNG01,TAS,Tasmania Operations,Supplier ESG premium,6010,Direct Materials,Bureau Veritas,BOB-ESG-0982,PO-ESG-3592,118416.06,renewable_kwh,675.09,670.23,99.3,349.5,56.9,52,55181.31,-0.23,No,None,Partial,Needs review,CFO approval for material ESG spend,Yes,IBMBOB_ESG_Cost_KPI_Mar2026.csv + Raw_GL_Export_With_CostCenters_Mar2026_IBMBOB_Enhanced.csv
IBM BOB 3 - ESG,2026-06,ESG-MAR26-0983,TXN007191,NZL01,TAS,Tasmania Operations,Supplier ESG premium,6010,Direct Materials,Energy Australia,BOB-ESG-0983,PO-ESG-4919,61365.26,renewable_kwh,513.66,623.62,121.4,30.69,48.6,70,67629.99,-0.22,No,None,Complete,Partial,No action,No,IBMBOB_ESG_Cost_KPI_Mar2026.csv + Raw_GL_Export_With_CostCenters_Mar2026_IBMBOB_Enhanced.csv
IBM BOB 3 - ESG,2026-06,ESG-MAR26-0984,TXN007192,NZL01,NSW,New South Wales Operations,Energy usage,5110,Utilities,Green Freight,BOB-ESG-0984,PO-ESG-2216,36201.95,supplier_score,398.05,487.59,122.5,271.27,72.0,84,2643.67,-0.72,Yes,ESG spend posted to non-ESG account or missing KPI link,Missing,Partial,Reclassify and link to KPI evidence,Yes,IBMBOB_ESG_Cost_KPI_Mar2026.csv + Raw_GL_Export_With_CostCenters_Mar2026_IBMBOB_Enhanced.csv
IBM BOB 3 - ESG,2026-06,ESG-MAR26-0985,TXN007193,AUS01,CORP,Corporate Head Office,Carbon offsets,5300,Professional Services,EcoVadis,BOB-ESG-0985,PO-ESG-7839,65610.7,tCO2e avoided,566.33,529.38,93.5,229.03,36.5,68,68892.44,-0.69,Yes,ESG spend posted to non-ESG account or missing KPI link,Complete,Partial,Reclassify and link to KPI evidence,Yes,IBMBOB_ESG_Cost_KPI_Mar2026.csv + Raw_GL_Export_With_CostCenters_Mar2026_IBMBOB_Enhanced.csv
IBM BOB 3 - ESG,2026-06,ESG-MAR26-0986,TXN007194,NZL01,HR,Human Resources,Sustainable packaging,6010,Direct Materials,Energy Australia,BOB-ESG-0986,PO-ESG-3808,76706.29,renewable_kwh,133.14,156.19,117.3,123.68,70.8,74,-12320.14,-0.6,No,None,Complete,Needs review,CFO approval for material ESG spend,Yes,IBMBOB_ESG_Cost_KPI_Mar2026.csv + Raw_GL_Export_With_CostCenters_Mar2026_IBMBOB_Enhanced.csv
IBM BOB 3 - ESG,2026-06,ESG-MAR26-0987,TXN007195,FJI01,TAS,Tasmania Operations,Energy usage,5110,Utilities,Carbon Neutral Pty Ltd,BOB-ESG-0987,PO-ESG-7471,14270.69,waste_kg_reduced,699.79,868.19,124.1,351.27,18.4,88,-12983.21,0.23,Yes,ESG spend posted to non-ESG account or missing KPI link,Partial,Partial,Reclassify and link to KPI evidence,Yes,IBMBOB_ESG_Cost_KPI_Mar2026.csv + Raw_GL_Export_With_CostCenters_Mar2026_IBMBOB_Enhanced.csv
IBM BOB 3 - ESG,2026-06,ESG-MAR26-0988,TXN007196,PNG01,OPS,Operations & Logistics,Renewable sourcing premium,6000,Cost of Goods Sold,Sustainable Packaging Co,BOB-ESG-0988,PO-ESG-5069,71452.15,audit_evidence_count,493.08,363.24,73.7,126.13,93.8,61,28928.14,-0.23,No,None,Partial,Partial,No action,No,IBMBOB_ESG_Cost_KPI_Mar2026.csv + Raw_GL_Export_With_CostCenters_Mar2026_IBMBOB_Enhanced.csv
IBM BOB 3 - ESG,2026-06,ESG-MAR26-0989,TXN007197,NZL01,FIN,Finance & Accounting,Compliance assurance,5320,Audit Fees,Energy Australia,BOB-ESG-0989,PO-ESG-6194,77181.34,tCO2e avoided,955.31,761.95,79.8,295.52,62.6,93,-32178.48,0.28,No,None,Complete,Ready,No action,No,IBMBOB_ESG_Cost_KPI_Mar2026.csv + Raw_GL_Export_With_CostCenters_Mar2026_IBMBOB_Enhanced.csv
IBM BOB 3 - ESG,2026-06,ESG-MAR26-0990,TXN007198,FJI01,QLD,Queensland Operations,Energy usage,5110,Utilities,Green Freight,BOB-ESG-0990,PO-ESG-8172,29198.75,renewable_kwh,127.25,153.41,120.6,355.08,31.0,56,-34955.86,-0.58,No,None,Partial,Partial,No action,No,IBMBOB_ESG_Cost_KPI_Mar2026.csv + Raw_GL_Export_With_CostCenters_Mar2026_IBMBOB_Enhanced.csv
IBM BOB 3 - ESG,2026-06,ESG-MAR26-0991,TXN007199,FJI01,IT,Information Technology,Sustainable packaging,6010,Direct Materials,Bureau Veritas,BOB-ESG-0991,PO-ESG-8415,112413.77,supplier_score,658.66,803.22,121.9,470.73,33.3,75,84233.19,0.26,No,None,Partial,Ready,CFO approval for material ESG spend,Yes,IBMBOB_ESG_Cost_KPI_Mar2026.csv + Raw_GL_Export_With_CostCenters_Mar2026_IBMBOB_Enhanced.csv
IBM BOB 3 - ESG,2026-06,ESG-MAR26-0992,TXN007200,AUS01,IT,Information Technology,Supplier ESG premium,6010,Direct Materials,Climate Active Advisor,BOB-ESG-0992,PO-ESG-6957,30222.83,audit_evidence_count,206.39,207.26,100.4,21.78,57.3,65,612.44,0.37,No,None,Complete,Needs review,CFO approval for material ESG spend,Yes,IBMBOB_ESG_Cost_KPI_Mar2026.csv + Raw_GL_Export_With_CostCenters_Mar2026_IBMBOB_Enhanced.csv
IBM BOB 3 - ESG,2026-06,ESG-MAR26-0993,TXN007201,NZL01,SA,South Australia Operations,Compliance assurance,5320,Audit Fees,Climate Active Advisor,BOB-ESG-0993,PO-ESG-1166,108374.56,waste_kg_reduced,944.67,970.57,102.7,278.5,2.6,86,-17132.24,-0.44,Yes,ESG spend posted to non-ESG account or missing KPI link,Missing,Needs review,CFO approval for material ESG spend,Yes,IBMBOB_ESG_Cost_KPI_Mar2026.csv + Raw_GL_Export_With_CostCenters_Mar2026_IBMBOB_Enhanced.csv
IBM BOB 3 - ESG,2026-06,ESG-MAR26-0994,TXN007202,NZL01,R&D,Research & Development,Compliance assurance,5320,Audit Fees,Carbon Neutral Pty Ltd,BOB-ESG-0994,PO-ESG-3787,46500.83,tCO2e avoided,505.47,445.75,88.2,480.78,18.7,51,-29510.72,0.27,No,None,Complete,Ready,No action,No,IBMBOB_ESG_Cost_KPI_Mar2026.csv + Raw_GL_Export_With_CostCenters_Mar2026_IBMBOB_Enhanced.csv
IBM BOB 3 - ESG,2026-06,ESG-MAR26-0995,TXN007203,AUS01,MKT,Marketing & Sales,Energy usage,5110,Utilities,Origin Energy,BOB-ESG-0995,PO-ESG-4714,46744.27,tCO2e avoided,103.57,71.52,69.1,241.2,45.7,92,-20111.47,-0.03,No,None,Complete,Partial,No action,No,IBMBOB_ESG_Cost_KPI_Mar2026.csv + Raw_GL_Export_With_CostCenters_Mar2026_IBMBOB_Enhanced.csv
IBM BOB 3 - ESG,2026-06,ESG-MAR26-0996,TXN007204,FJI01,MKT,Marketing & Sales,Renewable sourcing premium,6000,Cost of Goods Sold,Energy Australia,BOB-ESG-0996,PO-ESG-2586,20137.42,waste_kg_reduced,814.33,872.93,107.2,518.95,90.5,48,49117.9,-0.15,No,None,Complete,Needs review,CFO approval for material ESG spend,Yes,IBMBOB_ESG_Cost_KPI_Mar2026.csv + Raw_GL_Export_With_CostCenters_Mar2026_IBMBOB_Enhanced.csv
IBM BOB 3 - ESG,2026-06,ESG-MAR26-0997,TXN007205,NZL01,VIC,Victoria Operations,Renewable sourcing premium,6000,Cost of Goods Sold,Sustainable Packaging Co,BOB-ESG-0997,PO-ESG-6845,63830.51,tCO2e avoided,903.28,1013.61,112.2,476.51,2.1,66,36442.34,0.03,No,None,Complete,Partial,No action,No,IBMBOB_ESG_Cost_KPI_Mar2026.csv + Raw_GL_Export_With_CostCenters_Mar2026_IBMBOB_Enhanced.csv
IBM BOB 3 - ESG,2026-06,ESG-MAR26-0998,TXN007206,NZL01,NSW,New South Wales Operations,Renewable sourcing premium,6000,Cost of Goods Sold,Carbon Neutral Pty Ltd,BOB-ESG-0998,PO-ESG-4925,12241.13,renewable_kwh,705.16,542.05,76.9,169.09,76.7,48,17421.75,-0.22,No,None,Partial,Partial,No action,No,IBMBOB_ESG_Cost_KPI_Mar2026.csv + Raw_GL_Export_With_CostCenters_Mar2026_IBMBOB_Enhanced.csv
IBM BOB 3 - ESG,2026-06,ESG-MAR26-0999,TXN007207,PNG01,HR,Human Resources,Energy usage,5110,Utilities,Bureau Veritas,BOB-ESG-0999,PO-ESG-8493,44098.73,tCO2e avoided,973.36,1045.39,107.4,385.06,23.7,52,-48108.59,0.05,Yes,ESG spend posted to non-ESG account or missing KPI link,Missing,Needs review,CFO approval for material ESG spend,Yes,IBMBOB_ESG_Cost_KPI_Mar2026.csv + Raw_GL_Export_With_CostCenters_Mar2026_IBMBOB_Enhanced.csv
IBM BOB 3 - ESG,2026-06,ESG-MAR26-1000,TXN007208,FJI01,OPS,Operations & Logistics,Energy usage,5110,Utilities,Sustainable Packaging Co,BOB-ESG-1000,PO-ESG-9545,70427.76,tCO2e avoided,779.57,797.61,102.3,371.78,87.3,50,-28334.35,-0.07,No,None,Missing,Partial,No action,No,IBMBOB_ESG_Cost_KPI_Mar2026.csv + Raw_GL_Export_With_CostCenters_Mar2026_IBMBOB_Enhanced.csv
