Demo_Task,Fiscal_Period,ESG_Record_ID,Linked_GL_Txn_ID,Entity,Cost_Center,Cost_Center_Name,ESG_Category,Account_Code,Account_Name,Supplier,Invoice_Number,PO_Number,Spend_AUD,Sustainability_KPI,KPI_Target,KPI_Actual,KPI_Attainment_Percent,Carbon_tCO2e,Renewable_Source_Percent,Supplier_ESG_Score,Working_Capital_Impact_AUD,Margin_Impact_Points,Misclassification_Flag,Leakage_Flag,Disclosure_Evidence_Status,Audit_Readiness,Recommended_Action,Approval_Required,Source_File_Target
"IBM BOB 3 - ESG",2026-08,ESG-MAR26-0001,TXN006209,AUS01,NT,"Northern Territory Operations","Supplier ESG premium",6010,"Direct Materials","Climate Active Advisor",BOB-ESG-0001,PO-ESG-8547,11990.95,audit_evidence_count,239.18,186.90,78.1,530.56,73.9,57,-590.22,-0.42,No,None,Complete,Partial,"No action",No,"IBMBOB_ESG_Cost_KPI_Mar2026.csv + Raw_GL_Export_With_CostCenters_Mar2026_IBMBOB_Enhanced.csv"
"IBM BOB 3 - ESG",2026-08,ESG-MAR26-0002,TXN006210,AUS01,R&D,"Research & Development","Waste reduction",5600,Telecommunications,"Sustainable Packaging Co",BOB-ESG-0002,PO-ESG-8464,112056.80,"tCO2e avoided",756.59,788.97,104.3,110.78,1.7,92,72699.21,-0.59,No,None,Complete,"Needs review","CFO approval for material ESG spend",Yes,"IBMBOB_ESG_Cost_KPI_Mar2026.csv + Raw_GL_Export_With_CostCenters_Mar2026_IBMBOB_Enhanced.csv"
"IBM BOB 3 - ESG",2026-08,ESG-MAR26-0003,TXN006211,AUS01,VIC,"Victoria Operations","Renewable sourcing premium",6000,"Cost of Goods Sold","Energy Australia",BOB-ESG-0003,PO-ESG-4785,63693.42,waste_kg_reduced,912.77,599.73,65.7,207.86,53.4,58,-47414.06,-0.12,No,None,Partial,Ready,"No action",No,"IBMBOB_ESG_Cost_KPI_Mar2026.csv + Raw_GL_Export_With_CostCenters_Mar2026_IBMBOB_Enhanced.csv"
"IBM BOB 3 - ESG",2026-08,ESG-MAR26-0004,TXN006212,AUS01,WA,"Western Australia Operations","Fleet emissions",5400,Travel,EcoVadis,BOB-ESG-0004,PO-ESG-9160,86322.82,"tCO2e avoided",838.96,768.26,91.6,350.48,68.0,73,34646.99,-0.04,No,None,Missing,Ready,"No action",No,"IBMBOB_ESG_Cost_KPI_Mar2026.csv + Raw_GL_Export_With_CostCenters_Mar2026_IBMBOB_Enhanced.csv"
"IBM BOB 3 - ESG",2026-08,ESG-MAR26-0005,TXN006213,NZL01,R&D,"Research & Development","Energy usage",5110,Utilities,"Origin Energy",BOB-ESG-0005,PO-ESG-7167,46949.13,supplier_score,575.80,654.33,113.6,488.34,85.2,50,8518.15,-0.64,No,None,Complete,Partial,"No action",No,"IBMBOB_ESG_Cost_KPI_Mar2026.csv + Raw_GL_Export_With_CostCenters_Mar2026_IBMBOB_Enhanced.csv"
"IBM BOB 3 - ESG",2026-08,ESG-MAR26-0006,TXN006214,AUS01,TAS,"Tasmania Operations","Fleet emissions",5400,Travel,EcoVadis,BOB-ESG-0006,PO-ESG-8168,29289.87,"tCO2e avoided",465.32,380.01,81.7,46.63,4.9,67,-3262.93,-0.69,No,None,Missing,Ready,"No action",No,"IBMBOB_ESG_Cost_KPI_Mar2026.csv + Raw_GL_Export_With_CostCenters_Mar2026_IBMBOB_Enhanced.csv"
"IBM BOB 3 - ESG",2026-08,ESG-MAR26-0007,TXN006215,NZL01,FIN,"Finance & Accounting","Energy usage",5110,Utilities,"Climate Active Advisor",BOB-ESG-0007,PO-ESG-4214,112043.55,waste_kg_reduced,841.16,847.20,100.7,45.02,71.3,62,37439.28,-0.03,No,None,Missing,"Needs review","CFO approval for material ESG spend",Yes,"IBMBOB_ESG_Cost_KPI_Mar2026.csv + Raw_GL_Export_With_CostCenters_Mar2026_IBMBOB_Enhanced.csv"
"IBM BOB 3 - ESG",2026-08,ESG-MAR26-0008,TXN006216,NZL01,VIC,"Victoria Operations","Waste reduction",5600,Telecommunications,"Sustainable Packaging Co",BOB-ESG-0008,PO-ESG-2196,108757.98,waste_kg_reduced,529.59,498.66,94.2,497.33,94.7,46,-3152.93,-0.69,No,None,Complete,"Needs review","CFO approval for material ESG spend",Yes,"IBMBOB_ESG_Cost_KPI_Mar2026.csv + Raw_GL_Export_With_CostCenters_Mar2026_IBMBOB_Enhanced.csv"
"IBM BOB 3 - ESG",2026-08,ESG-MAR26-0009,TXN006217,PNG01,R&D,"Research & Development","Supplier ESG premium",6010,"Direct Materials","Carbon Neutral Pty Ltd",BOB-ESG-0009,PO-ESG-4631,65121.01,audit_evidence_count,291.55,295.44,101.3,525.99,54.1,72,23820.79,-0.53,No,None,Complete,Ready,"No action",No,"IBMBOB_ESG_Cost_KPI_Mar2026.csv + Raw_GL_Export_With_CostCenters_Mar2026_IBMBOB_Enhanced.csv"
"IBM BOB 3 - ESG",2026-08,ESG-MAR26-0010,TXN006218,AUS01,VIC,"Victoria Operations","Sustainable packaging",6010,"Direct Materials","Green Freight",BOB-ESG-0010,PO-ESG-8217,96248.88,audit_evidence_count,628.45,410.17,65.3,107.16,44.2,79,-6747.16,-0.55,No,None,Complete,"Needs review","CFO approval for material ESG spend",Yes,"IBMBOB_ESG_Cost_KPI_Mar2026.csv + Raw_GL_Export_With_CostCenters_Mar2026_IBMBOB_Enhanced.csv"
"IBM BOB 3 - ESG",2026-08,ESG-MAR26-0011,TXN006219,AUS01,MKT,"Marketing & Sales","Supplier ESG premium",6010,"Direct Materials",EcoVadis,BOB-ESG-0011,PO-ESG-7417,117136.08,audit_evidence_count,824.00,737.16,89.5,330.82,90.4,62,-19179.84,-0.04,No,None,Complete,"Needs review","CFO approval for material ESG spend",Yes,"IBMBOB_ESG_Cost_KPI_Mar2026.csv + Raw_GL_Export_With_CostCenters_Mar2026_IBMBOB_Enhanced.csv"
"IBM BOB 3 - ESG",2026-08,ESG-MAR26-0012,TXN006220,AUS01,ACT,"Australian Capital Territory","Supplier ESG premium",6010,"Direct Materials","Origin Energy",BOB-ESG-0012,PO-ESG-2460,111182.40,audit_evidence_count,116.60,118.45,101.6,34.37,87.7,62,59373.00,-0.01,No,None,Missing,"Needs review","CFO approval for material ESG spend",Yes,"IBMBOB_ESG_Cost_KPI_Mar2026.csv + Raw_GL_Export_With_CostCenters_Mar2026_IBMBOB_Enhanced.csv"
"IBM BOB 3 - ESG",2026-08,ESG-MAR26-0013,TXN006221,AUS01,HR,"Human Resources","Fleet emissions",5400,Travel,"Climate Active Advisor",BOB-ESG-0013,PO-ESG-7823,44644.34,waste_kg_reduced,273.36,205.91,75.3,188.55,77.2,79,-49222.79,-0.69,No,None,Complete,Ready,"No action",No,"IBMBOB_ESG_Cost_KPI_Mar2026.csv + Raw_GL_Export_With_CostCenters_Mar2026_IBMBOB_Enhanced.csv"
"IBM BOB 3 - ESG",2026-08,ESG-MAR26-0014,TXN006222,AUS01,TAS,"Tasmania Operations","Sustainable packaging",6010,"Direct Materials","Origin Energy",BOB-ESG-0014,PO-ESG-9452,98272.73,"tCO2e avoided",81.42,97.78,120.1,266.90,54.8,60,45748.10,-0.06,No,None,Missing,"Needs review","CFO approval for material ESG spend",Yes,"IBMBOB_ESG_Cost_KPI_Mar2026.csv + Raw_GL_Export_With_CostCenters_Mar2026_IBMBOB_Enhanced.csv"
"IBM BOB 3 - ESG",2026-08,ESG-MAR26-0015,TXN006223,AUS01,TAS,"Tasmania Operations","Fleet emissions",5400,Travel,"Bureau Veritas",BOB-ESG-0015,PO-ESG-4305,4544.52,renewable_kwh,121.26,126.73,104.5,66.07,32.9,88,25596.12,-0.75,No,None,Complete,Partial,"No action",No,"IBMBOB_ESG_Cost_KPI_Mar2026.csv + Raw_GL_Export_With_CostCenters_Mar2026_IBMBOB_Enhanced.csv"
"IBM BOB 3 - ESG",2026-08,ESG-MAR26-0016,TXN006224,AUS01,WA,"Western Australia Operations","Fleet emissions",5400,Travel,"Bureau Veritas",BOB-ESG-0016,PO-ESG-3688,98561.87,renewable_kwh,878.21,869.37,99.0,536.59,58.0,69,39468.69,0.10,No,None,Partial,"Needs review","CFO approval for material ESG spend",Yes,"IBMBOB_ESG_Cost_KPI_Mar2026.csv + Raw_GL_Export_With_CostCenters_Mar2026_IBMBOB_Enhanced.csv"
"IBM BOB 3 - ESG",2026-08,ESG-MAR26-0017,TXN006225,AUS01,OPS,"Operations & Logistics","Carbon offsets",5300,"Professional Services","Energy Australia",BOB-ESG-0017,PO-ESG-3760,101241.07,audit_evidence_count,716.60,619.61,86.5,67.60,21.9,79,-32178.92,-0.63,No,None,Missing,"Needs review","CFO approval for material ESG spend",Yes,"IBMBOB_ESG_Cost_KPI_Mar2026.csv + Raw_GL_Export_With_CostCenters_Mar2026_IBMBOB_Enhanced.csv"
"IBM BOB 3 - ESG",2026-08,ESG-MAR26-0018,TXN006226,NZL01,MKT,"Marketing & Sales","Fleet emissions",5400,Travel,"Origin Energy",BOB-ESG-0018,PO-ESG-5422,11591.09,supplier_score,556.56,646.87,116.2,201.49,22.7,75,58353.51,0.12,No,None,Complete,Partial,"No action",No,"IBMBOB_ESG_Cost_KPI_Mar2026.csv + Raw_GL_Export_With_CostCenters_Mar2026_IBMBOB_Enhanced.csv"
"IBM BOB 3 - ESG",2026-08,ESG-MAR26-0019,TXN006227,AUS01,SA,"South Australia Operations","Sustainable packaging",6010,"Direct Materials","Green Freight",BOB-ESG-0019,PO-ESG-8491,88262.03,audit_evidence_count,112.34,81.94,72.9,223.51,82.6,68,76014.57,0.09,No,None,Complete,Ready,"No action",No,"IBMBOB_ESG_Cost_KPI_Mar2026.csv + Raw_GL_Export_With_CostCenters_Mar2026_IBMBOB_Enhanced.csv"
"IBM BOB 3 - ESG",2026-08,ESG-MAR26-0020,TXN006228,NZL01,SA,"South Australia Operations","Renewable sourcing premium",6000,"Cost of Goods Sold","Energy Australia",BOB-ESG-0020,PO-ESG-5023,96168.52,waste_kg_reduced,398.45,464.93,116.7,345.26,52.3,89,33361.10,-0.46,No,None,Missing,"Needs review","CFO approval for material ESG spend",Yes,"IBMBOB_ESG_Cost_KPI_Mar2026.csv + Raw_GL_Export_With_CostCenters_Mar2026_IBMBOB_Enhanced.csv"
"IBM BOB 3 - ESG",2026-08,ESG-MAR26-0021,TXN006229,AUS01,OPS,"Operations & Logistics","Waste reduction",5600,Telecommunications,"Energy Australia",BOB-ESG-0021,PO-ESG-5617,36091.33,renewable_kwh,479.17,394.01,82.2,288.91,12.4,89,-7084.86,-0.13,No,None,Complete,Partial,"No action",No,"IBMBOB_ESG_Cost_KPI_Mar2026.csv + Raw_GL_Export_With_CostCenters_Mar2026_IBMBOB_Enhanced.csv"
"IBM BOB 3 - ESG",2026-08,ESG-MAR26-0022,TXN006230,AUS01,TAS,"Tasmania Operations","Sustainable packaging",6010,"Direct Materials","Climate Active Advisor",BOB-ESG-0022,PO-ESG-8222,109433.99,audit_evidence_count,759.51,738.84,97.3,379.85,15.2,98,-2659.71,-0.75,No,None,Complete,"Needs review","CFO approval for material ESG spend",Yes,"IBMBOB_ESG_Cost_KPI_Mar2026.csv + Raw_GL_Export_With_CostCenters_Mar2026_IBMBOB_Enhanced.csv"
"IBM BOB 3 - ESG",2026-08,ESG-MAR26-0023,TXN006231,AUS01,HR,"Human Resources","Carbon offsets",5300,"Professional Services","Sustainable Packaging Co",BOB-ESG-0023,PO-ESG-2082,70248.30,"tCO2e avoided",702.92,513.60,73.1,250.27,98.6,95,-49701.52,-0.70,No,None,Missing,Partial,"No action",No,"IBMBOB_ESG_Cost_KPI_Mar2026.csv + Raw_GL_Export_With_CostCenters_Mar2026_IBMBOB_Enhanced.csv"
"IBM BOB 3 - ESG",2026-08,ESG-MAR26-0024,TXN006232,NZL01,WA,"Western Australia Operations","Sustainable packaging",6010,"Direct Materials","Origin Energy",BOB-ESG-0024,PO-ESG-9369,6065.20,renewable_kwh,338.31,371.21,109.7,349.58,58.2,48,78466.32,0.02,No,None,Missing,Partial,"No action",No,"IBMBOB_ESG_Cost_KPI_Mar2026.csv + Raw_GL_Export_With_CostCenters_Mar2026_IBMBOB_Enhanced.csv"
"IBM BOB 3 - ESG",2026-08,ESG-MAR26-0025,TXN006233,NZL01,R&D,"Research & Development","Waste reduction",5600,Telecommunications,EcoVadis,BOB-ESG-0025,PO-ESG-4064,66699.19,renewable_kwh,577.28,396.01,68.6,22.36,94.7,83,-7315.00,-0.70,No,None,Complete,Partial,"No action",No,"IBMBOB_ESG_Cost_KPI_Mar2026.csv + Raw_GL_Export_With_CostCenters_Mar2026_IBMBOB_Enhanced.csv"
"IBM BOB 3 - ESG",2026-08,ESG-MAR26-0026,TXN006234,FJI01,SA,"South Australia Operations","Carbon offsets",5300,"Professional Services","Green Freight",BOB-ESG-0026,PO-ESG-7524,25472.08,"tCO2e avoided",210.02,250.66,119.4,28.40,72.4,67,84123.38,-0.02,No,None,Partial,Ready,"No action",No,"IBMBOB_ESG_Cost_KPI_Mar2026.csv + Raw_GL_Export_With_CostCenters_Mar2026_IBMBOB_Enhanced.csv"
"IBM BOB 3 - ESG",2026-08,ESG-MAR26-0027,TXN006235,AUS01,R&D,"Research & Development","Energy usage",5110,Utilities,"Energy Australia",BOB-ESG-0027,PO-ESG-6942,45961.04,waste_kg_reduced,261.69,196.30,75.0,146.92,59.9,62,1219.79,-0.39,No,None,Missing,Ready,"No action",No,"IBMBOB_ESG_Cost_KPI_Mar2026.csv + Raw_GL_Export_With_CostCenters_Mar2026_IBMBOB_Enhanced.csv"
"IBM BOB 3 - ESG",2026-08,ESG-MAR26-0028,TXN006236,AUS01,WA,"Western Australia Operations","Fleet emissions",5400,Travel,"Sustainable Packaging Co",BOB-ESG-0028,PO-ESG-6865,107639.09,supplier_score,713.22,759.46,106.5,136.46,82.2,90,42304.43,0.17,No,None,Missing,"Needs review","CFO approval for material ESG spend",Yes,"IBMBOB_ESG_Cost_KPI_Mar2026.csv + Raw_GL_Export_With_CostCenters_Mar2026_IBMBOB_Enhanced.csv"
"IBM BOB 3 - ESG",2026-08,ESG-MAR26-0029,TXN006237,NZL01,ACT,"Australian Capital Territory","Waste reduction",5600,Telecommunications,EcoVadis,BOB-ESG-0029,PO-ESG-7572,74793.46,"tCO2e avoided",428.23,510.26,119.2,129.91,79.6,62,50167.41,-0.19,No,None,Partial,Ready,"No action",No,"IBMBOB_ESG_Cost_KPI_Mar2026.csv + Raw_GL_Export_With_CostCenters_Mar2026_IBMBOB_Enhanced.csv"
"IBM BOB 3 - ESG",2026-08,ESG-MAR26-0030,TXN006238,AUS01,SA,"South Australia Operations","Energy usage",5110,Utilities,"Sustainable Packaging Co",BOB-ESG-0030,PO-ESG-9470,19011.17,renewable_kwh,987.15,730.37,74.0,231.82,32.4,81,-15688.92,0.32,No,None,Complete,Partial,"No action",No,"IBMBOB_ESG_Cost_KPI_Mar2026.csv + Raw_GL_Export_With_CostCenters_Mar2026_IBMBOB_Enhanced.csv"
"IBM BOB 3 - ESG",2026-08,ESG-MAR26-0031,TXN006239,AUS01,OPS,"Operations & Logistics","Sustainable packaging",6010,"Direct Materials","Climate Active Advisor",BOB-ESG-0031,PO-ESG-9427,88662.86,audit_evidence_count,430.95,287.48,66.7,364.84,17.0,57,37796.16,-0.58,No,None,Complete,Partial,"No action",No,"IBMBOB_ESG_Cost_KPI_Mar2026.csv + Raw_GL_Export_With_CostCenters_Mar2026_IBMBOB_Enhanced.csv"
"IBM BOB 3 - ESG",2026-08,ESG-MAR26-0032,TXN006240,NZL01,R&D,"Research & Development","Waste reduction",5600,Telecommunications,"Origin Energy",BOB-ESG-0032,PO-ESG-7887,12831.38,supplier_score,298.77,216.35,72.4,284.68,30.6,87,-42839.65,-0.60,No,None,Complete,Ready,"No action",No,"IBMBOB_ESG_Cost_KPI_Mar2026.csv + Raw_GL_Export_With_CostCenters_Mar2026_IBMBOB_Enhanced.csv"
"IBM BOB 3 - ESG",2026-08,ESG-MAR26-0033,TXN006241,AUS01,IT,"Information Technology","Supplier ESG premium",6010,"Direct Materials","Climate Active Advisor",BOB-ESG-0033,PO-ESG-5400,40971.69,"tCO2e avoided",872.23,1084.12,124.3,27.73,74.6,80,32070.94,-0.44,No,None,Complete,Partial,"No action",No,"IBMBOB_ESG_Cost_KPI_Mar2026.csv + Raw_GL_Export_With_CostCenters_Mar2026_IBMBOB_Enhanced.csv"
"IBM BOB 3 - ESG",2026-08,ESG-MAR26-0034,TXN006242,NZL01,NT,"Northern Territory Operations","Carbon offsets",5300,"Professional Services","Energy Australia",BOB-ESG-0034,PO-ESG-4909,104749.31,waste_kg_reduced,468.41,438.11,93.5,99.62,87.4,72,33359.04,-0.65,No,None,Complete,"Needs review","CFO approval for material ESG spend",Yes,"IBMBOB_ESG_Cost_KPI_Mar2026.csv + Raw_GL_Export_With_CostCenters_Mar2026_IBMBOB_Enhanced.csv"
"IBM BOB 3 - ESG",2026-08,ESG-MAR26-0035,TXN006243,FJI01,QLD,"Queensland Operations","Renewable sourcing premium",6000,"Cost of Goods Sold",EcoVadis,BOB-ESG-0035,PO-ESG-2508,59659.49,renewable_kwh,688.68,493.20,71.6,308.15,71.5,71,36341.87,-0.07,No,None,Complete,Ready,"No action",No,"IBMBOB_ESG_Cost_KPI_Mar2026.csv + Raw_GL_Export_With_CostCenters_Mar2026_IBMBOB_Enhanced.csv"
"IBM BOB 3 - ESG",2026-08,ESG-MAR26-0036,TXN006244,AUS01,IT,"Information Technology","Sustainable packaging",6010,"Direct Materials","Climate Active Advisor",BOB-ESG-0036,PO-ESG-5480,36178.05,"tCO2e avoided",496.67,359.25,72.3,123.63,39.0,46,48582.49,0.07,No,None,Complete,Partial,"No action",No,"IBMBOB_ESG_Cost_KPI_Mar2026.csv + Raw_GL_Export_With_CostCenters_Mar2026_IBMBOB_Enhanced.csv"
"IBM BOB 3 - ESG",2026-08,ESG-MAR26-0037,TXN006245,PNG01,FIN,"Finance & Accounting","Carbon offsets",5300,"Professional Services","Energy Australia",BOB-ESG-0037,PO-ESG-9985,116628.08,renewable_kwh,621.22,761.25,122.5,365.36,94.6,95,8558.10,-0.56,No,None,Complete,"Needs review","CFO approval for material ESG spend",Yes,"IBMBOB_ESG_Cost_KPI_Mar2026.csv + Raw_GL_Export_With_CostCenters_Mar2026_IBMBOB_Enhanced.csv"
"IBM BOB 3 - ESG",2026-08,ESG-MAR26-0038,TXN006246,FJI01,OPS,"Operations & Logistics","Waste reduction",5600,Telecommunications,"Sustainable Packaging Co",BOB-ESG-0038,PO-ESG-2600,59704.65,waste_kg_reduced,231.85,262.46,113.2,87.37,33.6,67,-2229.83,0.03,No,None,Partial,Ready,"No action",No,"IBMBOB_ESG_Cost_KPI_Mar2026.csv + Raw_GL_Export_With_CostCenters_Mar2026_IBMBOB_Enhanced.csv"
"IBM BOB 3 - ESG",2026-08,ESG-MAR26-0039,TXN006247,AUS01,NSW,"New South Wales Operations","Waste reduction",5600,Telecommunications,"Carbon Neutral Pty Ltd",BOB-ESG-0039,PO-ESG-9444,16178.74,renewable_kwh,169.83,139.48,82.1,517.62,26.5,93,73749.39,-0.40,No,None,Complete,Ready,"No action",No,"IBMBOB_ESG_Cost_KPI_Mar2026.csv + Raw_GL_Export_With_CostCenters_Mar2026_IBMBOB_Enhanced.csv"
"IBM BOB 3 - ESG",2026-08,ESG-MAR26-0040,TXN006248,NZL01,CORP,"Corporate Head Office","Carbon offsets",5300,"Professional Services","Carbon Neutral Pty Ltd",BOB-ESG-0040,PO-ESG-4322,40922.25,"tCO2e avoided",886.23,1050.37,118.5,203.97,59.3,78,800.61,-0.33,No,None,Missing,Ready,"No action",No,"IBMBOB_ESG_Cost_KPI_Mar2026.csv + Raw_GL_Export_With_CostCenters_Mar2026_IBMBOB_Enhanced.csv"
"IBM BOB 3 - ESG",2026-08,ESG-MAR26-0041,TXN006249,AUS01,NT,"Northern Territory Operations","Renewable sourcing premium",6000,"Cost of Goods Sold","Climate Active Advisor",BOB-ESG-0041,PO-ESG-7783,77434.85,"tCO2e avoided",683.70,695.04,101.7,23.41,50.9,98,62089.74,0.37,No,None,Complete,Ready,"No action",No,"IBMBOB_ESG_Cost_KPI_Mar2026.csv + Raw_GL_Export_With_CostCenters_Mar2026_IBMBOB_Enhanced.csv"
"IBM BOB 3 - ESG",2026-08,ESG-MAR26-0042,TXN006250,AUS01,NSW,"New South Wales Operations","Compliance assurance",5320,"Audit Fees","Sustainable Packaging Co",BOB-ESG-0042,PO-ESG-9727,5927.57,waste_kg_reduced,544.43,584.49,107.4,88.83,94.2,84,62377.26,-0.36,No,None,Partial,Ready,"No action",No,"IBMBOB_ESG_Cost_KPI_Mar2026.csv + Raw_GL_Export_With_CostCenters_Mar2026_IBMBOB_Enhanced.csv"
"IBM BOB 3 - ESG",2026-08,ESG-MAR26-0043,TXN006251,FJI01,TAS,"Tasmania Operations","Supplier ESG premium",6010,"Direct Materials","Sustainable Packaging Co",BOB-ESG-0043,PO-ESG-9431,49275.88,"tCO2e avoided",108.22,72.30,66.8,424.95,37.3,55,-15638.92,-0.35,No,None,Partial,Partial,"No action",No,"IBMBOB_ESG_Cost_KPI_Mar2026.csv + Raw_GL_Export_With_CostCenters_Mar2026_IBMBOB_Enhanced.csv"
"IBM BOB 3 - ESG",2026-08,ESG-MAR26-0044,TXN006252,NZL01,OPS,"Operations & Logistics","Renewable sourcing premium",6000,"Cost of Goods Sold",EcoVadis,BOB-ESG-0044,PO-ESG-2615,9936.83,supplier_score,276.32,330.00,119.4,262.44,81.8,74,-7000.91,-0.14,No,None,Complete,Partial,"No action",No,"IBMBOB_ESG_Cost_KPI_Mar2026.csv + Raw_GL_Export_With_CostCenters_Mar2026_IBMBOB_Enhanced.csv"
"IBM BOB 3 - ESG",2026-08,ESG-MAR26-0045,TXN006253,AUS01,FIN,"Finance & Accounting","Fleet emissions",5400,Travel,"Sustainable Packaging Co",BOB-ESG-0045,PO-ESG-2004,41407.05,renewable_kwh,332.48,217.06,65.3,529.03,41.8,77,71731.37,0.13,No,None,Complete,Partial,"No action",No,"IBMBOB_ESG_Cost_KPI_Mar2026.csv + Raw_GL_Export_With_CostCenters_Mar2026_IBMBOB_Enhanced.csv"
"IBM BOB 3 - ESG",2026-08,ESG-MAR26-0046,TXN006254,AUS01,QLD,"Queensland Operations","Energy usage",5120,Utilities,"Carbon Neutral Pty Ltd",BOB-ESG-0046,PO-ESG-8231,86778.56,audit_evidence_count,305.61,290.62,95.1,271.06,50.1,82,56749.94,0.30,Yes,"ESG spend posted to non-ESG account or missing KPI link",Complete,"Needs review","Reclassify and link to KPI evidence",Yes,"IBMBOB_ESG_Cost_KPI_Mar2026.csv + Raw_GL_Export_With_CostCenters_Mar2026_IBMBOB_Enhanced.csv"
"IBM BOB 3 - ESG",2026-08,ESG-MAR26-0047,TXN006255,AUS01,NT,"Northern Territory Operations","Fleet emissions",5400,Travel,EcoVadis,BOB-ESG-0047,PO-ESG-5361,7321.27,supplier_score,64.88,67.16,103.5,524.14,41.7,92,11025.99,-0.78,No,None,Complete,Partial,"No action",No,"IBMBOB_ESG_Cost_KPI_Mar2026.csv + Raw_GL_Export_With_CostCenters_Mar2026_IBMBOB_Enhanced.csv"
"IBM BOB 3 - ESG",2026-08,ESG-MAR26-0048,TXN006256,AUS01,WA,"Western Australia Operations","Renewable sourcing premium",6000,"Cost of Goods Sold","Origin Energy",BOB-ESG-0048,PO-ESG-4177,102802.71,"tCO2e avoided",686.69,548.31,79.8,388.54,43.1,70,436.29,0.22,No,None,Missing,"Needs review","CFO approval for material ESG spend",Yes,"IBMBOB_ESG_Cost_KPI_Mar2026.csv + Raw_GL_Export_With_CostCenters_Mar2026_IBMBOB_Enhanced.csv"
"IBM BOB 3 - ESG",2026-08,ESG-MAR26-0049,TXN006257,PNG01,VIC,"Victoria Operations","Sustainable packaging",6010,"Direct Materials",EcoVadis,BOB-ESG-0049,PO-ESG-5910,100022.91,renewable_kwh,217.25,240.94,110.9,284.57,83.6,65,-6362.55,-0.79,No,None,Partial,"Needs review","CFO approval for material ESG spend",Yes,"IBMBOB_ESG_Cost_KPI_Mar2026.csv + Raw_GL_Export_With_CostCenters_Mar2026_IBMBOB_Enhanced.csv"
"IBM BOB 3 - ESG",2026-08,ESG-MAR26-0050,TXN006258,AUS01,HR,"Human Resources","Supplier ESG premium",6010,"Direct Materials","Green Freight",BOB-ESG-0050,PO-ESG-7555,95240.93,renewable_kwh,529.49,497.43,93.9,499.67,49.8,63,57248.97,0.20,No,None,Missing,"Needs review","CFO approval for material ESG spend",Yes,"IBMBOB_ESG_Cost_KPI_Mar2026.csv + Raw_GL_Export_With_CostCenters_Mar2026_IBMBOB_Enhanced.csv"
"IBM BOB 3 - ESG",2026-08,ESG-MAR26-0051,TXN006259,NZL01,MKT,"Marketing & Sales","Supplier ESG premium",6010,"Direct Materials","Green Freight",BOB-ESG-0051,PO-ESG-6730,60968.43,renewable_kwh,994.30,1226.16,123.3,590.91,31.0,87,42770.18,-0.04,No,None,Complete,Partial,"No action",No,"IBMBOB_ESG_Cost_KPI_Mar2026.csv + Raw_GL_Export_With_CostCenters_Mar2026_IBMBOB_Enhanced.csv"
"IBM BOB 3 - ESG",2026-08,ESG-MAR26-0052,TXN006260,AUS01,TAS,"Tasmania Operations","Energy usage",5110,Utilities,"Climate Active Advisor",BOB-ESG-0052,PO-ESG-5838,69523.79,audit_evidence_count,907.27,1037.16,114.3,283.26,25.6,45,64527.96,0.20,No,None,Partial,Partial,"No action",No,"IBMBOB_ESG_Cost_KPI_Mar2026.csv + Raw_GL_Export_With_CostCenters_Mar2026_IBMBOB_Enhanced.csv"
"IBM BOB 3 - ESG",2026-08,ESG-MAR26-0053,TXN006261,AUS01,HR,"Human Resources","Supplier ESG premium",6010,"Direct Materials","Climate Active Advisor",BOB-ESG-0053,PO-ESG-7661,15887.51,supplier_score,515.85,360.27,69.8,545.33,59.0,53,14686.80,-0.46,No,None,Complete,Partial,"No action",No,"IBMBOB_ESG_Cost_KPI_Mar2026.csv + Raw_GL_Export_With_CostCenters_Mar2026_IBMBOB_Enhanced.csv"
"IBM BOB 3 - ESG",2026-08,ESG-MAR26-0054,TXN006262,AUS01,VIC,"Victoria Operations","Sustainable packaging",6010,"Direct Materials","Sustainable Packaging Co",BOB-ESG-0054,PO-ESG-7620,54517.82,"tCO2e avoided",196.47,188.20,95.8,465.67,10.5,74,-25913.11,-0.42,No,None,Missing,Partial,"No action",No,"IBMBOB_ESG_Cost_KPI_Mar2026.csv + Raw_GL_Export_With_CostCenters_Mar2026_IBMBOB_Enhanced.csv"
"IBM BOB 3 - ESG",2026-08,ESG-MAR26-0055,TXN006263,AUS01,MKT,"Marketing & Sales","Compliance assurance",5320,"Audit Fees","Carbon Neutral Pty Ltd",BOB-ESG-0055,PO-ESG-6512,67766.05,"tCO2e avoided",405.13,313.92,77.5,482.76,93.7,74,68599.76,-0.04,No,None,Complete,Ready,"No action",No,"IBMBOB_ESG_Cost_KPI_Mar2026.csv + Raw_GL_Export_With_CostCenters_Mar2026_IBMBOB_Enhanced.csv"
"IBM BOB 3 - ESG",2026-08,ESG-MAR26-0056,TXN006264,AUS01,MKT,"Marketing & Sales","Renewable sourcing premium",6000,"Cost of Goods Sold","Green Freight",BOB-ESG-0056,PO-ESG-5630,52064.46,audit_evidence_count,82.78,83.73,101.1,498.53,87.7,55,8990.33,0.12,No,None,Complete,Partial,"No action",No,"IBMBOB_ESG_Cost_KPI_Mar2026.csv + Raw_GL_Export_With_CostCenters_Mar2026_IBMBOB_Enhanced.csv"
"IBM BOB 3 - ESG",2026-08,ESG-MAR26-0057,TXN006265,PNG01,R&D,"Research & Development","Waste reduction",5600,Telecommunications,"Green Freight",BOB-ESG-0057,PO-ESG-2952,76933.94,audit_evidence_count,429.41,404.67,94.2,95.94,42.9,47,33080.84,-0.25,No,None,Missing,Ready,"No action",No,"IBMBOB_ESG_Cost_KPI_Mar2026.csv + Raw_GL_Export_With_CostCenters_Mar2026_IBMBOB_Enhanced.csv"
"IBM BOB 3 - ESG",2026-08,ESG-MAR26-0058,TXN006266,NZL01,WA,"Western Australia Operations","Waste reduction",5600,Telecommunications,"Origin Energy",BOB-ESG-0058,PO-ESG-9347,102745.30,supplier_score,233.59,240.36,102.9,376.71,78.0,94,60419.79,0.19,No,None,Complete,"Needs review","CFO approval for material ESG spend",Yes,"IBMBOB_ESG_Cost_KPI_Mar2026.csv + Raw_GL_Export_With_CostCenters_Mar2026_IBMBOB_Enhanced.csv"
"IBM BOB 3 - ESG",2026-08,ESG-MAR26-0059,TXN006267,AUS01,TAS,"Tasmania Operations","Compliance assurance",5320,"Audit Fees","Carbon Neutral Pty Ltd",BOB-ESG-0059,PO-ESG-7650,13186.03,"tCO2e avoided",177.74,125.73,70.7,337.76,12.6,83,83851.78,-0.70,No,None,Complete,Ready,"No action",No,"IBMBOB_ESG_Cost_KPI_Mar2026.csv + Raw_GL_Export_With_CostCenters_Mar2026_IBMBOB_Enhanced.csv"
"IBM BOB 3 - ESG",2026-08,ESG-MAR26-0060,TXN006268,AUS01,HR,"Human Resources","Waste reduction",5600,Telecommunications,"Carbon Neutral Pty Ltd",BOB-ESG-0060,PO-ESG-5455,91830.50,waste_kg_reduced,528.80,507.21,95.9,345.42,55.6,68,4375.56,-0.68,No,None,Missing,Ready,"No action",No,"IBMBOB_ESG_Cost_KPI_Mar2026.csv + Raw_GL_Export_With_CostCenters_Mar2026_IBMBOB_Enhanced.csv"
"IBM BOB 3 - ESG",2026-08,ESG-MAR26-0061,TXN006269,AUS01,FIN,"Finance & Accounting","Supplier ESG premium",6010,"Direct Materials","Bureau Veritas",BOB-ESG-0061,PO-ESG-7865,97693.25,audit_evidence_count,56.18,37.92,67.5,110.93,93.8,82,-8205.56,-0.09,No,None,Partial,"Needs review","CFO approval for material ESG spend",Yes,"IBMBOB_ESG_Cost_KPI_Mar2026.csv + Raw_GL_Export_With_CostCenters_Mar2026_IBMBOB_Enhanced.csv"
"IBM BOB 3 - ESG",2026-08,ESG-MAR26-0062,TXN006270,AUS01,MKT,"Marketing & Sales","Carbon offsets",5300,"Professional Services",EcoVadis,BOB-ESG-0062,PO-ESG-5726,37259.69,renewable_kwh,842.94,548.48,65.1,321.18,77.4,47,62542.13,-0.66,No,None,Missing,Ready,"No action",No,"IBMBOB_ESG_Cost_KPI_Mar2026.csv + Raw_GL_Export_With_CostCenters_Mar2026_IBMBOB_Enhanced.csv"
"IBM BOB 3 - ESG",2026-08,ESG-MAR26-0063,TXN006271,PNG01,NSW,"New South Wales Operations","Supplier ESG premium",6010,"Direct Materials","Sustainable Packaging Co",BOB-ESG-0063,PO-ESG-6893,113415.81,renewable_kwh,537.48,591.74,110.1,565.06,33.1,56,16537.08,-0.27,No,None,Complete,"Needs review","CFO approval for material ESG spend",Yes,"IBMBOB_ESG_Cost_KPI_Mar2026.csv + Raw_GL_Export_With_CostCenters_Mar2026_IBMBOB_Enhanced.csv"
"IBM BOB 3 - ESG",2026-08,ESG-MAR26-0064,TXN006272,AUS01,IT,"Information Technology","Waste reduction",5600,Telecommunications,EcoVadis,BOB-ESG-0064,PO-ESG-4103,115433.33,audit_evidence_count,490.36,323.00,65.9,512.61,40.6,64,15606.66,-0.59,No,None,Partial,"Needs review","CFO approval for material ESG spend",Yes,"IBMBOB_ESG_Cost_KPI_Mar2026.csv + Raw_GL_Export_With_CostCenters_Mar2026_IBMBOB_Enhanced.csv"
"IBM BOB 3 - ESG",2026-08,ESG-MAR26-0065,TXN006273,NZL01,TAS,"Tasmania Operations","Carbon offsets",5300,"Professional Services","Origin Energy",BOB-ESG-0065,PO-ESG-4205,119066.73,supplier_score,464.19,327.13,70.5,252.78,16.0,72,76685.92,-0.37,No,None,Partial,"Needs review","CFO approval for material ESG spend",Yes,"IBMBOB_ESG_Cost_KPI_Mar2026.csv + Raw_GL_Export_With_CostCenters_Mar2026_IBMBOB_Enhanced.csv"
"IBM BOB 3 - ESG",2026-08,ESG-MAR26-0066,TXN006274,AUS01,QLD,"Queensland Operations","Fleet emissions",5400,Travel,EcoVadis,BOB-ESG-0066,PO-ESG-5973,80172.42,audit_evidence_count,342.29,235.79,68.9,232.75,34.6,56,35519.80,-0.75,No,None,Complete,Ready,"No action",No,"IBMBOB_ESG_Cost_KPI_Mar2026.csv + Raw_GL_Export_With_CostCenters_Mar2026_IBMBOB_Enhanced.csv"
"IBM BOB 3 - ESG",2026-08,ESG-MAR26-0067,TXN006275,AUS01,WA,"Western Australia Operations","Fleet emissions",5400,Travel,"Carbon Neutral Pty Ltd",BOB-ESG-0067,PO-ESG-2628,53457.08,waste_kg_reduced,372.65,315.60,84.7,445.89,31.2,97,67860.06,-0.56,No,None,Missing,Partial,"No action",No,"IBMBOB_ESG_Cost_KPI_Mar2026.csv + Raw_GL_Export_With_CostCenters_Mar2026_IBMBOB_Enhanced.csv"
"IBM BOB 3 - ESG",2026-08,ESG-MAR26-0068,TXN006276,AUS01,CORP,"Corporate Head Office","Carbon offsets",5300,"Professional Services","Climate Active Advisor",BOB-ESG-0068,PO-ESG-9269,13047.66,supplier_score,428.13,422.92,98.8,496.19,22.1,46,8818.09,-0.74,No,None,Partial,Partial,"No action",No,"IBMBOB_ESG_Cost_KPI_Mar2026.csv + Raw_GL_Export_With_CostCenters_Mar2026_IBMBOB_Enhanced.csv"
"IBM BOB 3 - ESG",2026-08,ESG-MAR26-0069,TXN006277,PNG01,MKT,"Marketing & Sales","Compliance assurance",5320,"Audit Fees","Energy Australia",BOB-ESG-0069,PO-ESG-6959,73753.68,"tCO2e avoided",459.91,508.89,110.7,361.95,67.4,51,27200.40,-0.54,No,None,Missing,Partial,"No action",No,"IBMBOB_ESG_Cost_KPI_Mar2026.csv + Raw_GL_Export_With_CostCenters_Mar2026_IBMBOB_Enhanced.csv"
"IBM BOB 3 - ESG",2026-08,ESG-MAR26-0070,TXN006278,AUS01,CORP,"Corporate Head Office","Energy usage",5110,Utilities,"Carbon Neutral Pty Ltd",BOB-ESG-0070,PO-ESG-6389,53021.69,waste_kg_reduced,925.38,1076.86,116.4,125.96,27.7,56,26110.93,-0.28,No,None,Missing,Partial,"No action",No,"IBMBOB_ESG_Cost_KPI_Mar2026.csv + Raw_GL_Export_With_CostCenters_Mar2026_IBMBOB_Enhanced.csv"
"IBM BOB 3 - ESG",2026-08,ESG-MAR26-0071,TXN006279,AUS01,OPS,"Operations & Logistics","Compliance assurance",5320,"Audit Fees","Carbon Neutral Pty Ltd",BOB-ESG-0071,PO-ESG-6039,41589.27,"tCO2e avoided",120.60,83.46,69.2,573.59,62.3,81,-22591.48,0.20,No,None,Missing,Ready,"No action",No,"IBMBOB_ESG_Cost_KPI_Mar2026.csv + Raw_GL_Export_With_CostCenters_Mar2026_IBMBOB_Enhanced.csv"
"IBM BOB 3 - ESG",2026-08,ESG-MAR26-0072,TXN006280,AUS01,WA,"Western Australia Operations","Energy usage",5110,Utilities,EcoVadis,BOB-ESG-0072,PO-ESG-9739,49165.77,renewable_kwh,153.78,185.81,120.8,216.78,29.1,50,-49996.94,-0.54,No,None,Missing,Ready,"No action",No,"IBMBOB_ESG_Cost_KPI_Mar2026.csv + Raw_GL_Export_With_CostCenters_Mar2026_IBMBOB_Enhanced.csv"
"IBM BOB 3 - ESG",2026-08,ESG-MAR26-0073,TXN006281,AUS01,R&D,"Research & Development","Renewable sourcing premium",6000,"Cost of Goods Sold","Carbon Neutral Pty Ltd",BOB-ESG-0073,PO-ESG-7148,71074.54,audit_evidence_count,537.74,611.67,113.7,253.32,9.9,83,-23799.94,-0.24,No,None,Partial,Ready,"No action",No,"IBMBOB_ESG_Cost_KPI_Mar2026.csv + Raw_GL_Export_With_CostCenters_Mar2026_IBMBOB_Enhanced.csv"
"IBM BOB 3 - ESG",2026-08,ESG-MAR26-0074,TXN006282,PNG01,OPS,"Operations & Logistics","Carbon offsets",5300,"Professional Services","Carbon Neutral Pty Ltd",BOB-ESG-0074,PO-ESG-3398,75797.72,audit_evidence_count,979.99,676.81,69.1,83.02,17.3,58,68418.64,-0.77,No,None,Complete,Partial,"No action",No,"IBMBOB_ESG_Cost_KPI_Mar2026.csv + Raw_GL_Export_With_CostCenters_Mar2026_IBMBOB_Enhanced.csv"
"IBM BOB 3 - ESG",2026-08,ESG-MAR26-0075,TXN006283,AUS01,TAS,"Tasmania Operations","Fleet emissions",5400,Travel,"Energy Australia",BOB-ESG-0075,PO-ESG-4401,66154.47,supplier_score,604.74,611.04,101.0,187.28,23.9,60,22302.37,-0.41,No,None,Complete,Ready,"No action",No,"IBMBOB_ESG_Cost_KPI_Mar2026.csv + Raw_GL_Export_With_CostCenters_Mar2026_IBMBOB_Enhanced.csv"
"IBM BOB 3 - ESG",2026-08,ESG-MAR26-0076,TXN006284,AUS01,NT,"Northern Territory Operations","Renewable sourcing premium",6000,"Cost of Goods Sold",EcoVadis,BOB-ESG-0076,PO-ESG-7211,32936.68,supplier_score,165.13,145.43,88.1,75.04,8.7,89,55779.81,0.05,No,None,Missing,Ready,"No action",No,"IBMBOB_ESG_Cost_KPI_Mar2026.csv + Raw_GL_Export_With_CostCenters_Mar2026_IBMBOB_Enhanced.csv"
"IBM BOB 3 - ESG",2026-08,ESG-MAR26-0077,TXN006285,AUS01,R&D,"Research & Development","Supplier ESG premium",6010,"Direct Materials","Energy Australia",BOB-ESG-0077,PO-ESG-8989,59489.66,audit_evidence_count,743.42,659.23,88.7,379.59,57.5,57,-6486.94,-0.29,No,None,Complete,Partial,"No action",No,"IBMBOB_ESG_Cost_KPI_Mar2026.csv + Raw_GL_Export_With_CostCenters_Mar2026_IBMBOB_Enhanced.csv"
"IBM BOB 3 - ESG",2026-08,ESG-MAR26-0078,TXN006286,AUS01,WA,"Western Australia Operations","Carbon offsets",5300,"Professional Services","Origin Energy",BOB-ESG-0078,PO-ESG-3496,43623.97,supplier_score,326.09,228.02,69.9,554.50,80.3,91,-16669.39,-0.23,No,None,Missing,Ready,"No action",No,"IBMBOB_ESG_Cost_KPI_Mar2026.csv + Raw_GL_Export_With_CostCenters_Mar2026_IBMBOB_Enhanced.csv"
"IBM BOB 3 - ESG",2026-08,ESG-MAR26-0079,TXN006287,AUS01,SA,"South Australia Operations","Renewable sourcing premium",6000,"Cost of Goods Sold","Sustainable Packaging Co",BOB-ESG-0079,PO-ESG-4684,51698.39,waste_kg_reduced,884.63,786.48,88.9,362.64,49.0,90,20617.81,-0.26,No,None,Complete,Ready,"No action",No,"IBMBOB_ESG_Cost_KPI_Mar2026.csv + Raw_GL_Export_With_CostCenters_Mar2026_IBMBOB_Enhanced.csv"
"IBM BOB 3 - ESG",2026-08,ESG-MAR26-0080,TXN006288,AUS01,TAS,"Tasmania Operations","Carbon offsets",5300,"Professional Services","Energy Australia",BOB-ESG-0080,PO-ESG-9587,95198.81,waste_kg_reduced,212.58,182.47,85.8,261.12,16.8,73,46948.11,-0.71,No,None,Missing,"Needs review","CFO approval for material ESG spend",Yes,"IBMBOB_ESG_Cost_KPI_Mar2026.csv + Raw_GL_Export_With_CostCenters_Mar2026_IBMBOB_Enhanced.csv"
"IBM BOB 3 - ESG",2026-08,ESG-MAR26-0081,TXN006289,AUS01,MKT,"Marketing & Sales","Waste reduction",5600,Telecommunications,"Origin Energy",BOB-ESG-0081,PO-ESG-7631,47817.14,waste_kg_reduced,873.05,722.49,82.8,340.90,40.0,85,13692.88,-0.13,No,None,Complete,Partial,"No action",No,"IBMBOB_ESG_Cost_KPI_Mar2026.csv + Raw_GL_Export_With_CostCenters_Mar2026_IBMBOB_Enhanced.csv"
"IBM BOB 3 - ESG",2026-08,ESG-MAR26-0082,TXN006290,AUS01,CORP,"Corporate Head Office","Supplier ESG premium",6010,"Direct Materials","Energy Australia",BOB-ESG-0082,PO-ESG-5235,33216.19,audit_evidence_count,943.97,1056.87,112.0,358.12,53.2,50,12047.17,-0.21,No,None,Missing,Ready,"No action",No,"IBMBOB_ESG_Cost_KPI_Mar2026.csv + Raw_GL_Export_With_CostCenters_Mar2026_IBMBOB_Enhanced.csv"
"IBM BOB 3 - ESG",2026-08,ESG-MAR26-0083,TXN006291,AUS01,QLD,"Queensland Operations","Energy usage",5110,Utilities,"Carbon Neutral Pty Ltd",BOB-ESG-0083,PO-ESG-7191,102303.69,renewable_kwh,664.28,560.77,84.4,105.51,70.4,74,22483.85,-0.18,No,None,Complete,"Needs review","CFO approval for material ESG spend",Yes,"IBMBOB_ESG_Cost_KPI_Mar2026.csv + Raw_GL_Export_With_CostCenters_Mar2026_IBMBOB_Enhanced.csv"
"IBM BOB 3 - ESG",2026-08,ESG-MAR26-0084,TXN006292,AUS01,HR,"Human Resources","Carbon offsets",5300,"Professional Services","Bureau Veritas",BOB-ESG-0084,PO-ESG-8538,36519.12,"tCO2e avoided",517.52,507.69,98.1,444.35,65.8,97,-34253.42,-0.37,No,None,Missing,Ready,"No action",No,"IBMBOB_ESG_Cost_KPI_Mar2026.csv + Raw_GL_Export_With_CostCenters_Mar2026_IBMBOB_Enhanced.csv"
"IBM BOB 3 - ESG",2026-08,ESG-MAR26-0085,TXN006293,AUS01,R&D,"Research & Development","Carbon offsets",5300,"Professional Services",EcoVadis,BOB-ESG-0085,PO-ESG-3853,28500.98,audit_evidence_count,239.81,189.66,79.1,419.72,59.2,86,-38232.33,-0.16,No,None,Complete,Ready,"No action",No,"IBMBOB_ESG_Cost_KPI_Mar2026.csv + Raw_GL_Export_With_CostCenters_Mar2026_IBMBOB_Enhanced.csv"
"IBM BOB 3 - ESG",2026-08,ESG-MAR26-0086,TXN006294,NZL01,OPS,"Operations & Logistics","Fleet emissions",5400,Travel,EcoVadis,BOB-ESG-0086,PO-ESG-7457,38187.86,supplier_score,884.01,907.90,102.7,200.76,81.6,56,-3622.17,-0.00,No,None,Complete,Ready,"No action",No,"IBMBOB_ESG_Cost_KPI_Mar2026.csv + Raw_GL_Export_With_CostCenters_Mar2026_IBMBOB_Enhanced.csv"
"IBM BOB 3 - ESG",2026-08,ESG-MAR26-0087,TXN006295,NZL01,NSW,"New South Wales Operations","Supplier ESG premium",6010,"Direct Materials","Carbon Neutral Pty Ltd",BOB-ESG-0087,PO-ESG-2655,88922.79,audit_evidence_count,765.81,558.86,73.0,574.29,57.5,83,67574.97,-0.59,No,None,Partial,Partial,"No action",No,"IBMBOB_ESG_Cost_KPI_Mar2026.csv + Raw_GL_Export_With_CostCenters_Mar2026_IBMBOB_Enhanced.csv"
"IBM BOB 3 - ESG",2026-08,ESG-MAR26-0088,TXN006296,AUS01,QLD,"Queensland Operations","Sustainable packaging",6010,"Direct Materials","Origin Energy",BOB-ESG-0088,PO-ESG-6636,48525.94,waste_kg_reduced,859.45,851.02,99.0,172.24,79.8,90,57136.92,-0.12,No,None,Partial,Partial,"No action",No,"IBMBOB_ESG_Cost_KPI_Mar2026.csv + Raw_GL_Export_With_CostCenters_Mar2026_IBMBOB_Enhanced.csv"
"IBM BOB 3 - ESG",2026-08,ESG-MAR26-0089,TXN006297,AUS01,CORP,"Corporate Head Office","Waste reduction",5600,Telecommunications,"Carbon Neutral Pty Ltd",BOB-ESG-0089,PO-ESG-8582,112106.91,"tCO2e avoided",475.86,457.18,96.1,402.96,16.8,50,-23026.14,-0.71,No,None,Missing,"Needs review","CFO approval for material ESG spend",Yes,"IBMBOB_ESG_Cost_KPI_Mar2026.csv + Raw_GL_Export_With_CostCenters_Mar2026_IBMBOB_Enhanced.csv"
"IBM BOB 3 - ESG",2026-08,ESG-MAR26-0090,TXN006298,AUS01,ACT,"Australian Capital Territory","Renewable sourcing premium",6000,"Cost of Goods Sold","Green Freight",BOB-ESG-0090,PO-ESG-8082,46454.74,"tCO2e avoided",893.06,662.67,74.2,446.16,23.5,78,-30255.43,-0.51,No,None,Partial,Partial,"No action",No,"IBMBOB_ESG_Cost_KPI_Mar2026.csv + Raw_GL_Export_With_CostCenters_Mar2026_IBMBOB_Enhanced.csv"
"IBM BOB 3 - ESG",2026-08,ESG-MAR26-0091,TXN006299,FJI01,ACT,"Australian Capital Territory","Renewable sourcing premium",6000,"Cost of Goods Sold","Climate Active Advisor",BOB-ESG-0091,PO-ESG-2789,52573.16,renewable_kwh,84.94,55.73,65.6,407.78,20.4,83,33579.07,-0.15,No,None,Complete,Partial,"No action",No,"IBMBOB_ESG_Cost_KPI_Mar2026.csv + Raw_GL_Export_With_CostCenters_Mar2026_IBMBOB_Enhanced.csv"
"IBM BOB 3 - ESG",2026-08,ESG-MAR26-0092,TXN006300,AUS01,TAS,"Tasmania Operations","Supplier ESG premium",6010,"Direct Materials","Sustainable Packaging Co",BOB-ESG-0092,PO-ESG-5645,74166.56,waste_kg_reduced,357.66,377.64,105.6,79.23,92.4,70,63546.90,-0.25,No,None,Partial,Ready,"No action",No,"IBMBOB_ESG_Cost_KPI_Mar2026.csv + Raw_GL_Export_With_CostCenters_Mar2026_IBMBOB_Enhanced.csv"
"IBM BOB 3 - ESG",2026-08,ESG-MAR26-0093,TXN006301,AUS01,SA,"South Australia Operations","Carbon offsets",5300,"Professional Services","Green Freight",BOB-ESG-0093,PO-ESG-3824,1875.67,"tCO2e avoided",482.22,339.59,70.4,61.56,67.8,65,37682.27,0.25,No,None,Partial,Partial,"No action",No,"IBMBOB_ESG_Cost_KPI_Mar2026.csv + Raw_GL_Export_With_CostCenters_Mar2026_IBMBOB_Enhanced.csv"
"IBM BOB 3 - ESG",2026-08,ESG-MAR26-0094,TXN006302,AUS01,WA,"Western Australia Operations","Energy usage",5110,Utilities,"Bureau Veritas",BOB-ESG-0094,PO-ESG-5900,9969.32,supplier_score,845.10,981.49,116.1,233.39,64.9,96,58337.53,0.02,No,None,Complete,Ready,"No action",No,"IBMBOB_ESG_Cost_KPI_Mar2026.csv + Raw_GL_Export_With_CostCenters_Mar2026_IBMBOB_Enhanced.csv"
"IBM BOB 3 - ESG",2026-08,ESG-MAR26-0095,TXN006303,AUS01,NT,"Northern Territory Operations","Sustainable packaging",6010,"Direct Materials","Energy Australia",BOB-ESG-0095,PO-ESG-4705,21939.15,audit_evidence_count,709.44,546.56,77.0,118.78,95.3,69,-10940.23,0.18,No,None,Missing,Ready,"No action",No,"IBMBOB_ESG_Cost_KPI_Mar2026.csv + Raw_GL_Export_With_CostCenters_Mar2026_IBMBOB_Enhanced.csv"
"IBM BOB 3 - ESG",2026-08,ESG-MAR26-0096,TXN006304,NZL01,OPS,"Operations & Logistics","Renewable sourcing premium",6000,"Cost of Goods Sold","Sustainable Packaging Co",BOB-ESG-0096,PO-ESG-4358,44757.28,renewable_kwh,352.55,435.12,123.4,562.60,80.6,69,11859.52,-0.40,No,None,Missing,Partial,"No action",No,"IBMBOB_ESG_Cost_KPI_Mar2026.csv + Raw_GL_Export_With_CostCenters_Mar2026_IBMBOB_Enhanced.csv"
"IBM BOB 3 - ESG",2026-08,ESG-MAR26-0097,TXN006305,AUS01,QLD,"Queensland Operations","Carbon offsets",5300,"Professional Services","Bureau Veritas",BOB-ESG-0097,PO-ESG-5097,97730.92,renewable_kwh,903.96,714.94,79.1,171.66,46.8,66,-49209.75,-0.65,No,None,Complete,"Needs review","CFO approval for material ESG spend",Yes,"IBMBOB_ESG_Cost_KPI_Mar2026.csv + Raw_GL_Export_With_CostCenters_Mar2026_IBMBOB_Enhanced.csv"
"IBM BOB 3 - ESG",2026-08,ESG-MAR26-0098,TXN006306,AUS01,NSW,"New South Wales Operations","Carbon offsets",5300,"Professional Services","Bureau Veritas",BOB-ESG-0098,PO-ESG-6393,101819.97,supplier_score,822.14,947.63,115.3,398.32,27.0,98,45202.36,-0.02,No,None,Missing,"Needs review","CFO approval for material ESG spend",Yes,"IBMBOB_ESG_Cost_KPI_Mar2026.csv + Raw_GL_Export_With_CostCenters_Mar2026_IBMBOB_Enhanced.csv"
"IBM BOB 3 - ESG",2026-08,ESG-MAR26-0099,TXN006307,AUS01,FIN,"Finance & Accounting","Waste reduction",5600,Telecommunications,"Origin Energy",BOB-ESG-0099,PO-ESG-7727,34518.68,"tCO2e avoided",726.52,792.01,109.0,154.92,48.5,65,-35603.01,-0.38,No,None,Complete,Partial,"No action",No,"IBMBOB_ESG_Cost_KPI_Mar2026.csv + Raw_GL_Export_With_CostCenters_Mar2026_IBMBOB_Enhanced.csv"
"IBM BOB 3 - ESG",2026-08,ESG-MAR26-0100,TXN006308,AUS01,CORP,"Corporate Head Office","Supplier ESG premium",6010,"Direct Materials",EcoVadis,BOB-ESG-0100,PO-ESG-3082,80946.04,waste_kg_reduced,59.93,71.45,119.2,97.62,87.9,72,32303.75,-0.43,No,None,Missing,Ready,"No action",No,"IBMBOB_ESG_Cost_KPI_Mar2026.csv + Raw_GL_Export_With_CostCenters_Mar2026_IBMBOB_Enhanced.csv"
"IBM BOB 3 - ESG",2026-08,ESG-MAR26-0101,TXN006309,AUS01,OPS,"Operations & Logistics","Carbon offsets",5300,"Professional Services","Bureau Veritas",BOB-ESG-0101,PO-ESG-6484,66939.84,audit_evidence_count,148.78,97.17,65.3,52.64,8.4,54,7365.68,-0.47,No,None,Missing,Ready,"No action",No,"IBMBOB_ESG_Cost_KPI_Mar2026.csv + Raw_GL_Export_With_CostCenters_Mar2026_IBMBOB_Enhanced.csv"
"IBM BOB 3 - ESG",2026-08,ESG-MAR26-0102,TXN006310,FJI01,NT,"Northern Territory Operations","Energy usage",5110,Utilities,"Green Freight",BOB-ESG-0102,PO-ESG-2949,53375.11,supplier_score,87.42,68.02,77.8,315.53,85.4,60,13654.17,0.02,No,None,Complete,Ready,"No action",No,"IBMBOB_ESG_Cost_KPI_Mar2026.csv + Raw_GL_Export_With_CostCenters_Mar2026_IBMBOB_Enhanced.csv"
"IBM BOB 3 - ESG",2026-08,ESG-MAR26-0103,TXN006311,AUS01,NSW,"New South Wales Operations","Waste reduction",5600,Telecommunications,"Energy Australia",BOB-ESG-0103,PO-ESG-7376,24712.15,renewable_kwh,574.40,388.89,67.7,419.63,76.3,60,-29200.45,-0.15,No,None,Missing,Ready,"No action",No,"IBMBOB_ESG_Cost_KPI_Mar2026.csv + Raw_GL_Export_With_CostCenters_Mar2026_IBMBOB_Enhanced.csv"
"IBM BOB 3 - ESG",2026-08,ESG-MAR26-0104,TXN006312,AUS01,CORP,"Corporate Head Office","Renewable sourcing premium",6000,"Cost of Goods Sold","Sustainable Packaging Co",BOB-ESG-0104,PO-ESG-2888,24238.28,"tCO2e avoided",777.33,559.43,72.0,159.21,91.6,84,-5610.13,-0.39,No,None,Complete,Ready,"No action",No,"IBMBOB_ESG_Cost_KPI_Mar2026.csv + Raw_GL_Export_With_CostCenters_Mar2026_IBMBOB_Enhanced.csv"
"IBM BOB 3 - ESG",2026-08,ESG-MAR26-0105,TXN006313,AUS01,QLD,"Queensland Operations","Energy usage",5110,Utilities,"Bureau Veritas",BOB-ESG-0105,PO-ESG-4932,23420.92,waste_kg_reduced,65.16,68.60,105.3,104.24,86.9,88,68128.82,0.20,No,None,Missing,Ready,"No action",No,"IBMBOB_ESG_Cost_KPI_Mar2026.csv + Raw_GL_Export_With_CostCenters_Mar2026_IBMBOB_Enhanced.csv"
"IBM BOB 3 - ESG",2026-08,ESG-MAR26-0106,TXN006314,AUS01,ACT,"Australian Capital Territory","Renewable sourcing premium",6000,"Cost of Goods Sold","Bureau Veritas",BOB-ESG-0106,PO-ESG-5500,42755.41,supplier_score,489.55,360.13,73.6,76.88,20.7,48,-28989.41,-0.68,No,None,Partial,Ready,"No action",No,"IBMBOB_ESG_Cost_KPI_Mar2026.csv + Raw_GL_Export_With_CostCenters_Mar2026_IBMBOB_Enhanced.csv"
"IBM BOB 3 - ESG",2026-08,ESG-MAR26-0107,TXN006315,AUS01,CORP,"Corporate Head Office","Fleet emissions",5400,Travel,"Energy Australia",BOB-ESG-0107,PO-ESG-2017,63483.45,audit_evidence_count,663.82,460.73,69.4,329.15,32.8,72,41796.07,0.17,No,None,Complete,Ready,"No action",No,"IBMBOB_ESG_Cost_KPI_Mar2026.csv + Raw_GL_Export_With_CostCenters_Mar2026_IBMBOB_Enhanced.csv"
"IBM BOB 3 - ESG",2026-08,ESG-MAR26-0108,TXN006316,AUS01,QLD,"Queensland Operations","Sustainable packaging",6010,"Direct Materials",EcoVadis,BOB-ESG-0108,PO-ESG-7607,72954.55,renewable_kwh,226.86,264.10,116.4,342.33,94.4,49,79576.64,-0.02,No,None,Complete,Ready,"No action",No,"IBMBOB_ESG_Cost_KPI_Mar2026.csv + Raw_GL_Export_With_CostCenters_Mar2026_IBMBOB_Enhanced.csv"
"IBM BOB 3 - ESG",2026-08,ESG-MAR26-0109,TXN006317,AUS01,QLD,"Queensland Operations","Supplier ESG premium",6010,"Direct Materials","Origin Energy",BOB-ESG-0109,PO-ESG-5169,73953.60,waste_kg_reduced,961.56,672.73,70.0,281.45,64.4,93,12004.90,-0.51,No,None,Missing,Partial,"No action",No,"IBMBOB_ESG_Cost_KPI_Mar2026.csv + Raw_GL_Export_With_CostCenters_Mar2026_IBMBOB_Enhanced.csv"
"IBM BOB 3 - ESG",2026-08,ESG-MAR26-0110,TXN006318,NZL01,TAS,"Tasmania Operations","Compliance assurance",5320,"Audit Fees","Green Freight",BOB-ESG-0110,PO-ESG-3747,85905.85,waste_kg_reduced,369.20,437.19,118.4,435.90,75.9,72,47649.03,0.29,No,None,Partial,Ready,"No action",No,"IBMBOB_ESG_Cost_KPI_Mar2026.csv + Raw_GL_Export_With_CostCenters_Mar2026_IBMBOB_Enhanced.csv"
"IBM BOB 3 - ESG",2026-08,ESG-MAR26-0111,TXN006319,AUS01,IT,"Information Technology","Energy usage",5110,Utilities,"Carbon Neutral Pty Ltd",BOB-ESG-0111,PO-ESG-5530,40523.48,renewable_kwh,440.18,476.41,108.2,284.10,66.7,76,-2354.66,0.38,No,None,Complete,Ready,"No action",No,"IBMBOB_ESG_Cost_KPI_Mar2026.csv + Raw_GL_Export_With_CostCenters_Mar2026_IBMBOB_Enhanced.csv"
"IBM BOB 3 - ESG",2026-08,ESG-MAR26-0112,TXN006320,AUS01,VIC,"Victoria Operations","Renewable sourcing premium",6000,"Cost of Goods Sold","Sustainable Packaging Co",BOB-ESG-0112,PO-ESG-2583,1964.47,"tCO2e avoided",616.35,712.63,115.6,367.78,49.8,45,-27563.70,-0.05,No,None,Complete,Ready,"No action",No,"IBMBOB_ESG_Cost_KPI_Mar2026.csv + Raw_GL_Export_With_CostCenters_Mar2026_IBMBOB_Enhanced.csv"
"IBM BOB 3 - ESG",2026-08,ESG-MAR26-0113,TXN006321,NZL01,WA,"Western Australia Operations","Carbon offsets",5300,"Professional Services",EcoVadis,BOB-ESG-0113,PO-ESG-9333,42674.03,audit_evidence_count,155.18,162.61,104.8,121.62,86.2,62,55162.72,0.02,No,None,Partial,Partial,"No action",No,"IBMBOB_ESG_Cost_KPI_Mar2026.csv + Raw_GL_Export_With_CostCenters_Mar2026_IBMBOB_Enhanced.csv"
"IBM BOB 3 - ESG",2026-08,ESG-MAR26-0114,TXN006322,AUS01,TAS,"Tasmania Operations","Compliance assurance",5320,"Audit Fees","Climate Active Advisor",BOB-ESG-0114,PO-ESG-2055,95948.64,renewable_kwh,169.48,176.51,104.2,305.16,14.5,96,-15168.62,-0.76,No,None,Complete,"Needs review","CFO approval for material ESG spend",Yes,"IBMBOB_ESG_Cost_KPI_Mar2026.csv + Raw_GL_Export_With_CostCenters_Mar2026_IBMBOB_Enhanced.csv"
"IBM BOB 3 - ESG",2026-08,ESG-MAR26-0115,TXN006323,AUS01,HR,"Human Resources","Renewable sourcing premium",6000,"Cost of Goods Sold",EcoVadis,BOB-ESG-0115,PO-ESG-5559,46572.48,waste_kg_reduced,647.00,439.22,67.9,169.91,74.4,89,-20283.53,-0.72,No,None,Complete,Ready,"No action",No,"IBMBOB_ESG_Cost_KPI_Mar2026.csv + Raw_GL_Export_With_CostCenters_Mar2026_IBMBOB_Enhanced.csv"
"IBM BOB 3 - ESG",2026-08,ESG-MAR26-0116,TXN006324,AUS01,VIC,"Victoria Operations","Renewable sourcing premium",6000,"Cost of Goods Sold","Bureau Veritas",BOB-ESG-0116,PO-ESG-5008,42403.16,"tCO2e avoided",939.90,723.73,77.0,153.15,12.7,98,56296.67,0.10,No,None,Complete,Ready,"No action",No,"IBMBOB_ESG_Cost_KPI_Mar2026.csv + Raw_GL_Export_With_CostCenters_Mar2026_IBMBOB_Enhanced.csv"
"IBM BOB 3 - ESG",2026-08,ESG-MAR26-0117,TXN006325,NZL01,WA,"Western Australia Operations","Renewable sourcing premium",6000,"Cost of Goods Sold","Origin Energy",BOB-ESG-0117,PO-ESG-7734,56061.23,renewable_kwh,917.39,1009.74,110.1,400.81,58.3,66,-10746.27,0.34,No,None,Complete,Ready,"No action",No,"IBMBOB_ESG_Cost_KPI_Mar2026.csv + Raw_GL_Export_With_CostCenters_Mar2026_IBMBOB_Enhanced.csv"
"IBM BOB 3 - ESG",2026-08,ESG-MAR26-0118,TXN006326,AUS01,TAS,"Tasmania Operations","Supplier ESG premium",6010,"Direct Materials","Bureau Veritas",BOB-ESG-0118,PO-ESG-8645,10377.43,waste_kg_reduced,168.09,163.17,97.1,124.24,31.1,60,3400.67,-0.46,No,None,Partial,Ready,"No action",No,"IBMBOB_ESG_Cost_KPI_Mar2026.csv + Raw_GL_Export_With_CostCenters_Mar2026_IBMBOB_Enhanced.csv"
"IBM BOB 3 - ESG",2026-08,ESG-MAR26-0119,TXN006327,AUS01,CORP,"Corporate Head Office","Sustainable packaging",6010,"Direct Materials","Sustainable Packaging Co",BOB-ESG-0119,PO-ESG-9842,8982.80,"tCO2e avoided",442.66,531.97,120.2,235.70,86.7,54,78665.50,-0.23,No,None,Complete,Ready,"No action",No,"IBMBOB_ESG_Cost_KPI_Mar2026.csv + Raw_GL_Export_With_CostCenters_Mar2026_IBMBOB_Enhanced.csv"
"IBM BOB 3 - ESG",2026-08,ESG-MAR26-0120,TXN006328,AUS01,SA,"South Australia Operations","Compliance assurance",5320,"Audit Fees","Energy Australia",BOB-ESG-0120,PO-ESG-8828,58964.26,renewable_kwh,344.67,343.86,99.8,525.90,5.9,53,8957.44,0.09,No,None,Complete,Ready,"No action",No,"IBMBOB_ESG_Cost_KPI_Mar2026.csv + Raw_GL_Export_With_CostCenters_Mar2026_IBMBOB_Enhanced.csv"
"IBM BOB 3 - ESG",2026-08,ESG-MAR26-0121,TXN006329,NZL01,VIC,"Victoria Operations","Renewable sourcing premium",5900,"Cost of Goods Sold","Origin Energy",BOB-ESG-0121,PO-ESG-6983,95442.64,supplier_score,794.10,659.92,83.1,522.23,86.1,88,46098.08,-0.79,Yes,"ESG spend posted to non-ESG account or missing KPI link",Complete,"Needs review","Reclassify and link to KPI evidence",Yes,"IBMBOB_ESG_Cost_KPI_Mar2026.csv + Raw_GL_Export_With_CostCenters_Mar2026_IBMBOB_Enhanced.csv"
"IBM BOB 3 - ESG",2026-08,ESG-MAR26-0122,TXN006330,AUS01,ACT,"Australian Capital Territory","Energy usage",5110,Utilities,"Climate Active Advisor",BOB-ESG-0122,PO-ESG-6244,30114.05,supplier_score,329.74,255.26,77.4,249.32,19.2,65,53708.45,-0.26,No,None,Partial,Ready,"No action",No,"IBMBOB_ESG_Cost_KPI_Mar2026.csv + Raw_GL_Export_With_CostCenters_Mar2026_IBMBOB_Enhanced.csv"
"IBM BOB 3 - ESG",2026-08,ESG-MAR26-0123,TXN006331,AUS01,CORP,"Corporate Head Office","Energy usage",5110,Utilities,"Sustainable Packaging Co",BOB-ESG-0123,PO-ESG-6897,82045.80,waste_kg_reduced,815.03,797.73,97.9,294.72,69.6,62,-9267.95,0.21,No,None,Complete,Ready,"No action",No,"IBMBOB_ESG_Cost_KPI_Mar2026.csv + Raw_GL_Export_With_CostCenters_Mar2026_IBMBOB_Enhanced.csv"
"IBM BOB 3 - ESG",2026-08,ESG-MAR26-0124,TXN006332,AUS01,VIC,"Victoria Operations","Sustainable packaging",6010,"Direct Materials","Sustainable Packaging Co",BOB-ESG-0124,PO-ESG-5414,84590.86,supplier_score,758.59,736.58,97.1,25.06,9.2,64,-20628.58,-0.49,No,None,Missing,Ready,"No action",No,"IBMBOB_ESG_Cost_KPI_Mar2026.csv + Raw_GL_Export_With_CostCenters_Mar2026_IBMBOB_Enhanced.csv"
"IBM BOB 3 - ESG",2026-08,ESG-MAR26-0125,TXN006333,AUS01,VIC,"Victoria Operations","Renewable sourcing premium",6000,"Cost of Goods Sold",EcoVadis,BOB-ESG-0125,PO-ESG-6722,84799.72,"tCO2e avoided",572.28,415.15,72.5,494.96,18.5,68,17649.09,-0.55,No,None,Complete,Partial,"No action",No,"IBMBOB_ESG_Cost_KPI_Mar2026.csv + Raw_GL_Export_With_CostCenters_Mar2026_IBMBOB_Enhanced.csv"
"IBM BOB 3 - ESG",2026-08,ESG-MAR26-0126,TXN006334,AUS01,OPS,"Operations & Logistics","Renewable sourcing premium",6000,"Cost of Goods Sold","Origin Energy",BOB-ESG-0126,PO-ESG-7109,118276.45,"tCO2e avoided",874.98,814.33,93.1,56.63,23.8,84,-30377.03,-0.70,No,None,Complete,"Needs review","CFO approval for material ESG spend",Yes,"IBMBOB_ESG_Cost_KPI_Mar2026.csv + Raw_GL_Export_With_CostCenters_Mar2026_IBMBOB_Enhanced.csv"
"IBM BOB 3 - ESG",2026-08,ESG-MAR26-0127,TXN006335,AUS01,CORP,"Corporate Head Office","Compliance assurance",5320,"Audit Fees","Energy Australia",BOB-ESG-0127,PO-ESG-7635,91437.55,"tCO2e avoided",208.93,159.23,76.2,219.07,47.0,64,75482.17,-0.38,No,None,Partial,Ready,"No action",No,"IBMBOB_ESG_Cost_KPI_Mar2026.csv + Raw_GL_Export_With_CostCenters_Mar2026_IBMBOB_Enhanced.csv"
"IBM BOB 3 - ESG",2026-08,ESG-MAR26-0128,TXN006336,NZL01,R&D,"Research & Development","Carbon offsets",5300,"Professional Services",EcoVadis,BOB-ESG-0128,PO-ESG-8184,38643.76,"tCO2e avoided",454.06,560.43,123.4,116.90,2.5,83,-31998.83,-0.47,No,None,Missing,Ready,"No action",No,"IBMBOB_ESG_Cost_KPI_Mar2026.csv + Raw_GL_Export_With_CostCenters_Mar2026_IBMBOB_Enhanced.csv"
"IBM BOB 3 - ESG",2026-08,ESG-MAR26-0129,TXN006337,AUS01,MKT,"Marketing & Sales","Energy usage",5110,Utilities,"Green Freight",BOB-ESG-0129,PO-ESG-9552,45117.72,supplier_score,853.68,883.84,103.5,81.88,61.6,49,17295.74,-0.00,No,None,Partial,Ready,"No action",No,"IBMBOB_ESG_Cost_KPI_Mar2026.csv + Raw_GL_Export_With_CostCenters_Mar2026_IBMBOB_Enhanced.csv"
"IBM BOB 3 - ESG",2026-08,ESG-MAR26-0130,TXN006338,AUS01,SA,"South Australia Operations","Fleet emissions",5400,Travel,EcoVadis,BOB-ESG-0130,PO-ESG-8273,117006.32,renewable_kwh,623.42,560.40,89.9,301.31,18.9,53,-30533.58,0.14,No,None,Complete,"Needs review","CFO approval for material ESG spend",Yes,"IBMBOB_ESG_Cost_KPI_Mar2026.csv + Raw_GL_Export_With_CostCenters_Mar2026_IBMBOB_Enhanced.csv"
"IBM BOB 3 - ESG",2026-08,ESG-MAR26-0131,TXN006339,PNG01,ACT,"Australian Capital Territory","Sustainable packaging",6010,"Direct Materials","Climate Active Advisor",BOB-ESG-0131,PO-ESG-7936,112203.21,audit_evidence_count,233.05,217.89,93.5,203.06,32.9,79,46068.68,-0.00,No,None,Complete,"Needs review","CFO approval for material ESG spend",Yes,"IBMBOB_ESG_Cost_KPI_Mar2026.csv + Raw_GL_Export_With_CostCenters_Mar2026_IBMBOB_Enhanced.csv"
"IBM BOB 3 - ESG",2026-08,ESG-MAR26-0132,TXN006340,NZL01,SA,"South Australia Operations","Waste reduction",5600,Telecommunications,"Carbon Neutral Pty Ltd",BOB-ESG-0132,PO-ESG-4446,58661.74,audit_evidence_count,437.82,382.32,87.3,411.12,61.9,64,-44517.95,0.38,No,None,Complete,Partial,"No action",No,"IBMBOB_ESG_Cost_KPI_Mar2026.csv + Raw_GL_Export_With_CostCenters_Mar2026_IBMBOB_Enhanced.csv"
"IBM BOB 3 - ESG",2026-08,ESG-MAR26-0133,TXN006341,AUS01,HR,"Human Resources","Supplier ESG premium",6010,"Direct Materials","Energy Australia",BOB-ESG-0133,PO-ESG-2826,51502.82,renewable_kwh,783.88,737.74,94.1,591.87,49.8,83,73248.63,0.31,No,None,Complete,Ready,"No action",No,"IBMBOB_ESG_Cost_KPI_Mar2026.csv + Raw_GL_Export_With_CostCenters_Mar2026_IBMBOB_Enhanced.csv"
"IBM BOB 3 - ESG",2026-08,ESG-MAR26-0134,TXN006342,AUS01,FIN,"Finance & Accounting","Sustainable packaging",6010,"Direct Materials","Sustainable Packaging Co",BOB-ESG-0134,PO-ESG-5353,111144.74,supplier_score,365.06,314.71,86.2,174.95,92.9,77,54392.09,-0.64,No,None,Complete,"Needs review","CFO approval for material ESG spend",Yes,"IBMBOB_ESG_Cost_KPI_Mar2026.csv + Raw_GL_Export_With_CostCenters_Mar2026_IBMBOB_Enhanced.csv"
"IBM BOB 3 - ESG",2026-08,ESG-MAR26-0135,TXN006343,AUS01,NT,"Northern Territory Operations","Fleet emissions",5400,Travel,"Bureau Veritas",BOB-ESG-0135,PO-ESG-3459,33584.95,audit_evidence_count,425.41,378.35,88.9,538.41,94.7,70,-14478.03,-0.57,No,None,Complete,Ready,"No action",No,"IBMBOB_ESG_Cost_KPI_Mar2026.csv + Raw_GL_Export_With_CostCenters_Mar2026_IBMBOB_Enhanced.csv"
"IBM BOB 3 - ESG",2026-08,ESG-MAR26-0136,TXN006344,AUS01,SA,"South Australia Operations","Sustainable packaging",6010,"Direct Materials","Green Freight",BOB-ESG-0136,PO-ESG-6783,93269.96,audit_evidence_count,827.85,947.96,114.5,100.29,97.3,95,-5816.55,-0.34,No,None,Complete,Partial,"No action",No,"IBMBOB_ESG_Cost_KPI_Mar2026.csv + Raw_GL_Export_With_CostCenters_Mar2026_IBMBOB_Enhanced.csv"
"IBM BOB 3 - ESG",2026-08,ESG-MAR26-0137,TXN006345,NZL01,NT,"Northern Territory Operations","Renewable sourcing premium",6000,"Cost of Goods Sold","Origin Energy",BOB-ESG-0137,PO-ESG-2442,110502.61,supplier_score,863.12,625.21,72.4,584.29,31.1,67,73680.19,0.22,No,None,Missing,"Needs review","CFO approval for material ESG spend",Yes,"IBMBOB_ESG_Cost_KPI_Mar2026.csv + Raw_GL_Export_With_CostCenters_Mar2026_IBMBOB_Enhanced.csv"
"IBM BOB 3 - ESG",2026-08,ESG-MAR26-0138,TXN006346,AUS01,ACT,"Australian Capital Territory","Sustainable packaging",6010,"Direct Materials","Carbon Neutral Pty Ltd",BOB-ESG-0138,PO-ESG-2549,12240.87,"tCO2e avoided",222.22,169.88,76.4,463.57,79.4,63,42434.98,0.35,No,None,Missing,Ready,"No action",No,"IBMBOB_ESG_Cost_KPI_Mar2026.csv + Raw_GL_Export_With_CostCenters_Mar2026_IBMBOB_Enhanced.csv"
"IBM BOB 3 - ESG",2026-08,ESG-MAR26-0139,TXN006347,AUS01,FIN,"Finance & Accounting","Waste reduction",5600,Telecommunications,"Green Freight",BOB-ESG-0139,PO-ESG-7028,60911.54,waste_kg_reduced,280.48,220.94,78.8,275.11,56.7,62,81310.01,-0.06,No,None,Missing,Ready,"No action",No,"IBMBOB_ESG_Cost_KPI_Mar2026.csv + Raw_GL_Export_With_CostCenters_Mar2026_IBMBOB_Enhanced.csv"
"IBM BOB 3 - ESG",2026-08,ESG-MAR26-0140,TXN006348,AUS01,MKT,"Marketing & Sales","Carbon offsets",5300,"Professional Services","Climate Active Advisor",BOB-ESG-0140,PO-ESG-5845,103653.98,waste_kg_reduced,403.31,290.01,71.9,228.98,70.4,58,42812.48,-0.24,No,None,Missing,"Needs review","CFO approval for material ESG spend",Yes,"IBMBOB_ESG_Cost_KPI_Mar2026.csv + Raw_GL_Export_With_CostCenters_Mar2026_IBMBOB_Enhanced.csv"
"IBM BOB 3 - ESG",2026-08,ESG-MAR26-0141,TXN006349,AUS01,R&D,"Research & Development","Compliance assurance",5320,"Audit Fees","Green Freight",BOB-ESG-0141,PO-ESG-3115,95947.93,audit_evidence_count,290.14,198.90,68.6,350.71,34.6,92,5365.24,0.10,No,None,Complete,"Needs review","CFO approval for material ESG spend",Yes,"IBMBOB_ESG_Cost_KPI_Mar2026.csv + Raw_GL_Export_With_CostCenters_Mar2026_IBMBOB_Enhanced.csv"
"IBM BOB 3 - ESG",2026-08,ESG-MAR26-0142,TXN006350,AUS01,ACT,"Australian Capital Territory","Renewable sourcing premium",6000,"Cost of Goods Sold","Bureau Veritas",BOB-ESG-0142,PO-ESG-4746,25381.39,audit_evidence_count,644.21,633.54,98.3,391.65,97.5,71,83747.39,-0.60,No,None,Complete,Ready,"No action",No,"IBMBOB_ESG_Cost_KPI_Mar2026.csv + Raw_GL_Export_With_CostCenters_Mar2026_IBMBOB_Enhanced.csv"
"IBM BOB 3 - ESG",2026-08,ESG-MAR26-0143,TXN006351,AUS01,CORP,"Corporate Head Office","Waste reduction",5600,Telecommunications,"Carbon Neutral Pty Ltd",BOB-ESG-0143,PO-ESG-7203,52213.31,waste_kg_reduced,898.07,793.63,88.4,185.01,65.2,49,77217.72,0.13,No,None,Missing,Ready,"No action",No,"IBMBOB_ESG_Cost_KPI_Mar2026.csv + Raw_GL_Export_With_CostCenters_Mar2026_IBMBOB_Enhanced.csv"
"IBM BOB 3 - ESG",2026-08,ESG-MAR26-0144,TXN006352,PNG01,FIN,"Finance & Accounting","Energy usage",5110,Utilities,"Green Freight",BOB-ESG-0144,PO-ESG-5904,37602.85,waste_kg_reduced,868.89,1028.14,118.3,143.49,41.5,57,65939.71,-0.22,No,None,Partial,Ready,"No action",No,"IBMBOB_ESG_Cost_KPI_Mar2026.csv + Raw_GL_Export_With_CostCenters_Mar2026_IBMBOB_Enhanced.csv"
"IBM BOB 3 - ESG",2026-08,ESG-MAR26-0145,TXN006353,NZL01,HR,"Human Resources","Compliance assurance",5320,"Audit Fees",EcoVadis,BOB-ESG-0145,PO-ESG-5645,69713.15,"tCO2e avoided",177.69,130.45,73.4,156.78,67.8,57,-91.86,-0.73,No,None,Complete,Ready,"No action",No,"IBMBOB_ESG_Cost_KPI_Mar2026.csv + Raw_GL_Export_With_CostCenters_Mar2026_IBMBOB_Enhanced.csv"
"IBM BOB 3 - ESG",2026-08,ESG-MAR26-0146,TXN006354,AUS01,VIC,"Victoria Operations","Compliance assurance",5320,"Audit Fees","Carbon Neutral Pty Ltd",BOB-ESG-0146,PO-ESG-9299,21330.25,renewable_kwh,417.21,469.89,112.6,152.05,79.5,54,80570.43,0.11,No,None,Missing,Partial,"No action",No,"IBMBOB_ESG_Cost_KPI_Mar2026.csv + Raw_GL_Export_With_CostCenters_Mar2026_IBMBOB_Enhanced.csv"
"IBM BOB 3 - ESG",2026-08,ESG-MAR26-0147,TXN006355,FJI01,IT,"Information Technology","Carbon offsets",5300,"Professional Services","Green Freight",BOB-ESG-0147,PO-ESG-4886,74185.02,"tCO2e avoided",771.98,650.54,84.3,156.27,92.9,90,-23497.48,-0.45,No,None,Partial,Partial,"No action",No,"IBMBOB_ESG_Cost_KPI_Mar2026.csv + Raw_GL_Export_With_CostCenters_Mar2026_IBMBOB_Enhanced.csv"
"IBM BOB 3 - ESG",2026-08,ESG-MAR26-0148,TXN006356,AUS01,CORP,"Corporate Head Office","Supplier ESG premium",6010,"Direct Materials","Origin Energy",BOB-ESG-0148,PO-ESG-6620,45718.54,"tCO2e avoided",874.06,740.59,84.7,8.05,13.6,65,68102.35,-0.14,No,None,Missing,Ready,"No action",No,"IBMBOB_ESG_Cost_KPI_Mar2026.csv + Raw_GL_Export_With_CostCenters_Mar2026_IBMBOB_Enhanced.csv"
"IBM BOB 3 - ESG",2026-08,ESG-MAR26-0149,TXN006357,AUS01,WA,"Western Australia Operations","Renewable sourcing premium",6000,"Cost of Goods Sold","Bureau Veritas",BOB-ESG-0149,PO-ESG-5935,22787.19,supplier_score,347.49,396.29,114.0,167.56,20.7,48,55952.95,-0.15,No,None,Partial,Ready,"No action",No,"IBMBOB_ESG_Cost_KPI_Mar2026.csv + Raw_GL_Export_With_CostCenters_Mar2026_IBMBOB_Enhanced.csv"
"IBM BOB 3 - ESG",2026-08,ESG-MAR26-0150,TXN006358,AUS01,CORP,"Corporate Head Office","Waste reduction",5600,Telecommunications,"Energy Australia",BOB-ESG-0150,PO-ESG-4203,85931.30,renewable_kwh,421.28,462.57,109.8,433.80,9.9,54,-6527.17,-0.02,No,None,Missing,Partial,"No action",No,"IBMBOB_ESG_Cost_KPI_Mar2026.csv + Raw_GL_Export_With_CostCenters_Mar2026_IBMBOB_Enhanced.csv"
"IBM BOB 3 - ESG",2026-08,ESG-MAR26-0151,TXN006359,AUS01,OPS,"Operations & Logistics","Renewable sourcing premium",6000,"Cost of Goods Sold","Carbon Neutral Pty Ltd",BOB-ESG-0151,PO-ESG-9051,64502.14,"tCO2e avoided",774.35,683.13,88.2,450.87,45.5,47,65199.60,0.22,No,None,Partial,Ready,"No action",No,"IBMBOB_ESG_Cost_KPI_Mar2026.csv + Raw_GL_Export_With_CostCenters_Mar2026_IBMBOB_Enhanced.csv"
"IBM BOB 3 - ESG",2026-08,ESG-MAR26-0152,TXN006360,AUS01,WA,"Western Australia Operations","Fleet emissions",5400,Travel,EcoVadis,BOB-ESG-0152,PO-ESG-8606,109195.74,supplier_score,377.15,330.52,87.6,484.86,45.6,60,45996.70,-0.09,No,None,Missing,"Needs review","CFO approval for material ESG spend",Yes,"IBMBOB_ESG_Cost_KPI_Mar2026.csv + Raw_GL_Export_With_CostCenters_Mar2026_IBMBOB_Enhanced.csv"
"IBM BOB 3 - ESG",2026-08,ESG-MAR26-0153,TXN006361,AUS01,OPS,"Operations & Logistics","Supplier ESG premium",6010,"Direct Materials",EcoVadis,BOB-ESG-0153,PO-ESG-2842,50406.82,renewable_kwh,253.11,167.98,66.4,28.67,69.4,74,-6655.48,0.28,No,None,Partial,Ready,"No action",No,"IBMBOB_ESG_Cost_KPI_Mar2026.csv + Raw_GL_Export_With_CostCenters_Mar2026_IBMBOB_Enhanced.csv"
"IBM BOB 3 - ESG",2026-08,ESG-MAR26-0154,TXN006362,AUS01,MKT,"Marketing & Sales","Carbon offsets",5300,"Professional Services","Green Freight",BOB-ESG-0154,PO-ESG-9058,51081.40,waste_kg_reduced,583.85,664.85,113.9,26.73,74.2,51,35405.24,-0.62,No,None,Missing,Ready,"No action",No,"IBMBOB_ESG_Cost_KPI_Mar2026.csv + Raw_GL_Export_With_CostCenters_Mar2026_IBMBOB_Enhanced.csv"
"IBM BOB 3 - ESG",2026-08,ESG-MAR26-0155,TXN006363,AUS01,HR,"Human Resources","Waste reduction",5600,Telecommunications,"Sustainable Packaging Co",BOB-ESG-0155,PO-ESG-7430,8204.87,audit_evidence_count,451.44,477.56,105.8,61.49,80.4,62,-12485.37,-0.33,No,None,Complete,Partial,"No action",No,"IBMBOB_ESG_Cost_KPI_Mar2026.csv + Raw_GL_Export_With_CostCenters_Mar2026_IBMBOB_Enhanced.csv"
"IBM BOB 3 - ESG",2026-08,ESG-MAR26-0156,TXN006364,AUS01,IT,"Information Technology","Supplier ESG premium",6010,"Direct Materials","Climate Active Advisor",BOB-ESG-0156,PO-ESG-2225,36997.71,renewable_kwh,348.40,338.24,97.1,577.55,9.0,73,-32511.33,-0.71,No,None,Complete,Ready,"No action",No,"IBMBOB_ESG_Cost_KPI_Mar2026.csv + Raw_GL_Export_With_CostCenters_Mar2026_IBMBOB_Enhanced.csv"
"IBM BOB 3 - ESG",2026-08,ESG-MAR26-0157,TXN006365,AUS01,ACT,"Australian Capital Territory","Carbon offsets",5300,"Professional Services","Carbon Neutral Pty Ltd",BOB-ESG-0157,PO-ESG-6193,77954.22,waste_kg_reduced,377.33,279.16,74.0,228.72,67.7,89,-29623.86,-0.61,No,None,Missing,Ready,"No action",No,"IBMBOB_ESG_Cost_KPI_Mar2026.csv + Raw_GL_Export_With_CostCenters_Mar2026_IBMBOB_Enhanced.csv"
"IBM BOB 3 - ESG",2026-08,ESG-MAR26-0158,TXN006366,AUS01,SA,"South Australia Operations","Supplier ESG premium",6010,"Direct Materials","Green Freight",BOB-ESG-0158,PO-ESG-3394,79283.93,renewable_kwh,830.72,917.93,110.5,330.00,91.1,74,61288.38,-0.15,No,None,Complete,Ready,"No action",No,"IBMBOB_ESG_Cost_KPI_Mar2026.csv + Raw_GL_Export_With_CostCenters_Mar2026_IBMBOB_Enhanced.csv"
"IBM BOB 3 - ESG",2026-08,ESG-MAR26-0159,TXN006367,AUS01,WA,"Western Australia Operations","Renewable sourcing premium",6000,"Cost of Goods Sold","Bureau Veritas",BOB-ESG-0159,PO-ESG-3327,29131.35,waste_kg_reduced,443.54,367.84,82.9,291.05,11.8,52,-7110.67,0.22,No,None,Complete,Ready,"No action",No,"IBMBOB_ESG_Cost_KPI_Mar2026.csv + Raw_GL_Export_With_CostCenters_Mar2026_IBMBOB_Enhanced.csv"
"IBM BOB 3 - ESG",2026-08,ESG-MAR26-0160,TXN006368,AUS01,NT,"Northern Territory Operations","Energy usage",5110,Utilities,EcoVadis,BOB-ESG-0160,PO-ESG-7288,82682.76,supplier_score,539.98,626.17,116.0,45.33,15.1,49,-47654.18,-0.21,No,None,Missing,Partial,"No action",No,"IBMBOB_ESG_Cost_KPI_Mar2026.csv + Raw_GL_Export_With_CostCenters_Mar2026_IBMBOB_Enhanced.csv"
"IBM BOB 3 - ESG",2026-08,ESG-MAR26-0161,TXN006369,AUS01,FIN,"Finance & Accounting","Energy usage",5110,Utilities,"Sustainable Packaging Co",BOB-ESG-0161,PO-ESG-7750,113843.67,supplier_score,312.51,277.16,88.7,196.39,54.9,46,-30915.05,-0.02,No,None,Complete,"Needs review","CFO approval for material ESG spend",Yes,"IBMBOB_ESG_Cost_KPI_Mar2026.csv + Raw_GL_Export_With_CostCenters_Mar2026_IBMBOB_Enhanced.csv"
"IBM BOB 3 - ESG",2026-08,ESG-MAR26-0162,TXN006370,AUS01,VIC,"Victoria Operations","Energy usage",5110,Utilities,"Bureau Veritas",BOB-ESG-0162,PO-ESG-7885,91331.29,audit_evidence_count,112.20,79.68,71.0,152.42,56.4,48,-2348.97,0.37,No,None,Complete,Partial,"No action",No,"IBMBOB_ESG_Cost_KPI_Mar2026.csv + Raw_GL_Export_With_CostCenters_Mar2026_IBMBOB_Enhanced.csv"
"IBM BOB 3 - ESG",2026-08,ESG-MAR26-0163,TXN006371,AUS01,IT,"Information Technology","Carbon offsets",5300,"Professional Services","Bureau Veritas",BOB-ESG-0163,PO-ESG-7894,104918.68,renewable_kwh,689.21,765.13,111.0,501.88,24.2,49,66090.30,-0.35,No,None,Complete,"Needs review","CFO approval for material ESG spend",Yes,"IBMBOB_ESG_Cost_KPI_Mar2026.csv + Raw_GL_Export_With_CostCenters_Mar2026_IBMBOB_Enhanced.csv"
"IBM BOB 3 - ESG",2026-08,ESG-MAR26-0164,TXN006372,FJI01,TAS,"Tasmania Operations","Waste reduction",5600,Telecommunications,"Energy Australia",BOB-ESG-0164,PO-ESG-2499,2614.95,"tCO2e avoided",258.24,286.06,110.8,325.98,68.1,51,11768.11,-0.33,No,None,Partial,Ready,"No action",No,"IBMBOB_ESG_Cost_KPI_Mar2026.csv + Raw_GL_Export_With_CostCenters_Mar2026_IBMBOB_Enhanced.csv"
"IBM BOB 3 - ESG",2026-08,ESG-MAR26-0165,TXN006373,FJI01,VIC,"Victoria Operations","Supplier ESG premium",6010,"Direct Materials","Carbon Neutral Pty Ltd",BOB-ESG-0165,PO-ESG-9366,17667.50,renewable_kwh,731.45,867.73,118.6,463.12,71.4,80,64919.09,-0.29,No,None,Partial,Ready,"No action",No,"IBMBOB_ESG_Cost_KPI_Mar2026.csv + Raw_GL_Export_With_CostCenters_Mar2026_IBMBOB_Enhanced.csv"
"IBM BOB 3 - ESG",2026-08,ESG-MAR26-0166,TXN006374,AUS01,QLD,"Queensland Operations","Carbon offsets",5300,"Professional Services","Green Freight",BOB-ESG-0166,PO-ESG-3761,31779.70,supplier_score,498.46,480.62,96.4,252.09,44.7,58,-31987.17,0.22,No,None,Partial,Partial,"No action",No,"IBMBOB_ESG_Cost_KPI_Mar2026.csv + Raw_GL_Export_With_CostCenters_Mar2026_IBMBOB_Enhanced.csv"
"IBM BOB 3 - ESG",2026-08,ESG-MAR26-0167,TXN006375,AUS01,OPS,"Operations & Logistics","Renewable sourcing premium",6000,"Cost of Goods Sold","Origin Energy",BOB-ESG-0167,PO-ESG-6732,18492.53,supplier_score,305.29,368.34,120.7,508.61,80.9,78,-41289.71,-0.01,No,None,Partial,Ready,"No action",No,"IBMBOB_ESG_Cost_KPI_Mar2026.csv + Raw_GL_Export_With_CostCenters_Mar2026_IBMBOB_Enhanced.csv"
"IBM BOB 3 - ESG",2026-08,ESG-MAR26-0168,TXN006376,AUS01,WA,"Western Australia Operations","Waste reduction",5600,Telecommunications,"Green Freight",BOB-ESG-0168,PO-ESG-7809,32579.40,renewable_kwh,559.99,459.28,82.0,196.40,92.2,66,28265.32,-0.30,No,None,Complete,Partial,"No action",No,"IBMBOB_ESG_Cost_KPI_Mar2026.csv + Raw_GL_Export_With_CostCenters_Mar2026_IBMBOB_Enhanced.csv"
"IBM BOB 3 - ESG",2026-08,ESG-MAR26-0169,TXN006377,AUS01,MKT,"Marketing & Sales","Carbon offsets",5300,"Professional Services","Carbon Neutral Pty Ltd",BOB-ESG-0169,PO-ESG-4859,4286.83,waste_kg_reduced,684.30,733.04,107.1,560.92,80.0,48,66669.47,0.00,No,None,Missing,Ready,"No action",No,"IBMBOB_ESG_Cost_KPI_Mar2026.csv + Raw_GL_Export_With_CostCenters_Mar2026_IBMBOB_Enhanced.csv"
"IBM BOB 3 - ESG",2026-08,ESG-MAR26-0170,TXN006378,NZL01,TAS,"Tasmania Operations","Fleet emissions",5400,Travel,"Sustainable Packaging Co",BOB-ESG-0170,PO-ESG-3199,74546.72,supplier_score,459.36,391.37,85.2,412.35,61.4,52,23698.73,-0.38,No,None,Partial,Ready,"No action",No,"IBMBOB_ESG_Cost_KPI_Mar2026.csv + Raw_GL_Export_With_CostCenters_Mar2026_IBMBOB_Enhanced.csv"
"IBM BOB 3 - ESG",2026-08,ESG-MAR26-0171,TXN006379,AUS01,OPS,"Operations & Logistics","Renewable sourcing premium",6000,"Cost of Goods Sold","Carbon Neutral Pty Ltd",BOB-ESG-0171,PO-ESG-9276,94365.16,supplier_score,149.61,101.32,67.7,275.40,37.7,74,26649.45,-0.70,No,None,Partial,Partial,"No action",No,"IBMBOB_ESG_Cost_KPI_Mar2026.csv + Raw_GL_Export_With_CostCenters_Mar2026_IBMBOB_Enhanced.csv"
"IBM BOB 3 - ESG",2026-08,ESG-MAR26-0172,TXN006380,FJI01,ACT,"Australian Capital Territory","Renewable sourcing premium",6000,"Cost of Goods Sold","Bureau Veritas",BOB-ESG-0172,PO-ESG-6109,62238.85,renewable_kwh,960.53,795.82,82.9,258.78,77.8,72,27792.04,0.39,No,None,Complete,Ready,"No action",No,"IBMBOB_ESG_Cost_KPI_Mar2026.csv + Raw_GL_Export_With_CostCenters_Mar2026_IBMBOB_Enhanced.csv"
"IBM BOB 3 - ESG",2026-08,ESG-MAR26-0173,TXN006381,AUS01,VIC,"Victoria Operations","Waste reduction",5600,Telecommunications,"Carbon Neutral Pty Ltd",BOB-ESG-0173,PO-ESG-8565,34783.67,waste_kg_reduced,388.00,478.90,123.4,315.25,74.4,73,6789.42,-0.67,No,None,Partial,Ready,"No action",No,"IBMBOB_ESG_Cost_KPI_Mar2026.csv + Raw_GL_Export_With_CostCenters_Mar2026_IBMBOB_Enhanced.csv"
"IBM BOB 3 - ESG",2026-08,ESG-MAR26-0174,TXN006382,AUS01,OPS,"Operations & Logistics","Energy usage",5110,Utilities,"Energy Australia",BOB-ESG-0174,PO-ESG-6308,6611.49,waste_kg_reduced,476.22,511.74,107.5,571.26,6.7,48,69073.12,-0.35,No,None,Complete,Ready,"No action",No,"IBMBOB_ESG_Cost_KPI_Mar2026.csv + Raw_GL_Export_With_CostCenters_Mar2026_IBMBOB_Enhanced.csv"
"IBM BOB 3 - ESG",2026-08,ESG-MAR26-0175,TXN006383,NZL01,IT,"Information Technology","Compliance assurance",5320,"Audit Fees",EcoVadis,BOB-ESG-0175,PO-ESG-7597,40519.15,waste_kg_reduced,799.05,884.63,110.7,258.05,3.6,86,-41792.65,-0.15,No,None,Partial,Ready,"No action",No,"IBMBOB_ESG_Cost_KPI_Mar2026.csv + Raw_GL_Export_With_CostCenters_Mar2026_IBMBOB_Enhanced.csv"
"IBM BOB 3 - ESG",2026-08,ESG-MAR26-0176,TXN006384,AUS01,TAS,"Tasmania Operations","Energy usage",5110,Utilities,"Bureau Veritas",BOB-ESG-0176,PO-ESG-6128,42866.79,waste_kg_reduced,96.94,63.08,65.1,122.03,60.4,57,37301.64,0.34,No,None,Missing,Ready,"No action",No,"IBMBOB_ESG_Cost_KPI_Mar2026.csv + Raw_GL_Export_With_CostCenters_Mar2026_IBMBOB_Enhanced.csv"
"IBM BOB 3 - ESG",2026-08,ESG-MAR26-0177,TXN006385,NZL01,ACT,"Australian Capital Territory","Compliance assurance",5320,"Audit Fees","Origin Energy",BOB-ESG-0177,PO-ESG-3166,77152.15,waste_kg_reduced,654.36,651.43,99.6,127.60,90.7,65,-8458.26,-0.33,No,None,Complete,Partial,"No action",No,"IBMBOB_ESG_Cost_KPI_Mar2026.csv + Raw_GL_Export_With_CostCenters_Mar2026_IBMBOB_Enhanced.csv"
"IBM BOB 3 - ESG",2026-08,ESG-MAR26-0178,TXN006386,PNG01,MKT,"Marketing & Sales","Fleet emissions",5400,Travel,"Origin Energy",BOB-ESG-0178,PO-ESG-7099,92827.17,waste_kg_reduced,358.15,336.93,94.1,420.84,48.9,64,77326.54,-0.08,No,None,Complete,Ready,"No action",No,"IBMBOB_ESG_Cost_KPI_Mar2026.csv + Raw_GL_Export_With_CostCenters_Mar2026_IBMBOB_Enhanced.csv"
"IBM BOB 3 - ESG",2026-08,ESG-MAR26-0179,TXN006387,AUS01,QLD,"Queensland Operations","Carbon offsets",5300,"Professional Services","Carbon Neutral Pty Ltd",BOB-ESG-0179,PO-ESG-5941,61453.70,waste_kg_reduced,409.69,405.61,99.0,390.09,40.1,46,-30844.93,-0.20,No,None,Partial,Ready,"No action",No,"IBMBOB_ESG_Cost_KPI_Mar2026.csv + Raw_GL_Export_With_CostCenters_Mar2026_IBMBOB_Enhanced.csv"
"IBM BOB 3 - ESG",2026-08,ESG-MAR26-0180,TXN006388,NZL01,IT,"Information Technology","Waste reduction",5600,Telecommunications,"Origin Energy",BOB-ESG-0180,PO-ESG-8821,54816.01,waste_kg_reduced,435.12,398.10,91.5,206.90,10.2,64,72674.76,0.34,No,None,Missing,Ready,"No action",No,"IBMBOB_ESG_Cost_KPI_Mar2026.csv + Raw_GL_Export_With_CostCenters_Mar2026_IBMBOB_Enhanced.csv"
"IBM BOB 3 - ESG",2026-08,ESG-MAR26-0181,TXN006389,AUS01,NT,"Northern Territory Operations","Energy usage",5110,Utilities,"Carbon Neutral Pty Ltd",BOB-ESG-0181,PO-ESG-3231,54343.17,supplier_score,544.82,547.26,100.4,589.03,78.2,47,12080.15,-0.42,No,None,Missing,Ready,"No action",No,"IBMBOB_ESG_Cost_KPI_Mar2026.csv + Raw_GL_Export_With_CostCenters_Mar2026_IBMBOB_Enhanced.csv"
"IBM BOB 3 - ESG",2026-08,ESG-MAR26-0182,TXN006390,AUS01,QLD,"Queensland Operations","Compliance assurance",5320,"Audit Fees","Climate Active Advisor",BOB-ESG-0182,PO-ESG-4211,54054.42,supplier_score,848.43,987.00,116.3,42.70,23.1,77,12192.99,0.03,No,None,Missing,Ready,"No action",No,"IBMBOB_ESG_Cost_KPI_Mar2026.csv + Raw_GL_Export_With_CostCenters_Mar2026_IBMBOB_Enhanced.csv"
"IBM BOB 3 - ESG",2026-08,ESG-MAR26-0183,TXN006391,AUS01,MKT,"Marketing & Sales","Waste reduction",5600,Telecommunications,EcoVadis,BOB-ESG-0183,PO-ESG-9660,116345.49,supplier_score,656.88,614.66,93.6,406.19,66.0,87,48051.50,-0.41,No,None,Missing,"Needs review","CFO approval for material ESG spend",Yes,"IBMBOB_ESG_Cost_KPI_Mar2026.csv + Raw_GL_Export_With_CostCenters_Mar2026_IBMBOB_Enhanced.csv"
"IBM BOB 3 - ESG",2026-08,ESG-MAR26-0184,TXN006392,AUS01,OPS,"Operations & Logistics","Renewable sourcing premium",6000,"Cost of Goods Sold","Sustainable Packaging Co",BOB-ESG-0184,PO-ESG-4786,111430.87,waste_kg_reduced,710.03,836.26,117.8,441.90,54.7,96,79284.24,-0.33,No,None,Partial,"Needs review","CFO approval for material ESG spend",Yes,"IBMBOB_ESG_Cost_KPI_Mar2026.csv + Raw_GL_Export_With_CostCenters_Mar2026_IBMBOB_Enhanced.csv"
"IBM BOB 3 - ESG",2026-08,ESG-MAR26-0185,TXN006393,AUS01,MKT,"Marketing & Sales","Renewable sourcing premium",6000,"Cost of Goods Sold","Sustainable Packaging Co",BOB-ESG-0185,PO-ESG-2412,98604.31,audit_evidence_count,704.77,620.38,88.0,21.96,79.3,57,-21262.78,-0.23,No,None,Complete,"Needs review","CFO approval for material ESG spend",Yes,"IBMBOB_ESG_Cost_KPI_Mar2026.csv + Raw_GL_Export_With_CostCenters_Mar2026_IBMBOB_Enhanced.csv"
"IBM BOB 3 - ESG",2026-08,ESG-MAR26-0186,TXN006394,AUS01,IT,"Information Technology","Waste reduction",5600,Telecommunications,"Sustainable Packaging Co",BOB-ESG-0186,PO-ESG-4467,36068.74,"tCO2e avoided",206.11,202.11,98.1,577.98,6.8,65,57190.93,0.26,No,None,Complete,Ready,"No action",No,"IBMBOB_ESG_Cost_KPI_Mar2026.csv + Raw_GL_Export_With_CostCenters_Mar2026_IBMBOB_Enhanced.csv"
"IBM BOB 3 - ESG",2026-08,ESG-MAR26-0187,TXN006395,AUS01,MKT,"Marketing & Sales","Fleet emissions",5400,Travel,EcoVadis,BOB-ESG-0187,PO-ESG-6324,60036.73,"tCO2e avoided",590.50,616.91,104.5,347.98,62.5,59,-18754.92,-0.50,No,None,Missing,Ready,"No action",No,"IBMBOB_ESG_Cost_KPI_Mar2026.csv + Raw_GL_Export_With_CostCenters_Mar2026_IBMBOB_Enhanced.csv"
"IBM BOB 3 - ESG",2026-08,ESG-MAR26-0188,TXN006396,AUS01,TAS,"Tasmania Operations","Supplier ESG premium",6010,"Direct Materials","Climate Active Advisor",BOB-ESG-0188,PO-ESG-3210,59428.14,renewable_kwh,913.72,632.70,69.2,143.84,44.9,52,43388.96,-0.70,No,None,Complete,Partial,"No action",No,"IBMBOB_ESG_Cost_KPI_Mar2026.csv + Raw_GL_Export_With_CostCenters_Mar2026_IBMBOB_Enhanced.csv"
"IBM BOB 3 - ESG",2026-08,ESG-MAR26-0189,TXN006397,AUS01,VIC,"Victoria Operations","Fleet emissions",5400,Travel,"Sustainable Packaging Co",BOB-ESG-0189,PO-ESG-6152,53517.76,"tCO2e avoided",841.71,615.09,73.1,262.75,16.0,73,-735.73,-0.21,No,None,Complete,Ready,"No action",No,"IBMBOB_ESG_Cost_KPI_Mar2026.csv + Raw_GL_Export_With_CostCenters_Mar2026_IBMBOB_Enhanced.csv"
"IBM BOB 3 - ESG",2026-08,ESG-MAR26-0190,TXN006398,AUS01,HR,"Human Resources","Carbon offsets",5300,"Professional Services","Carbon Neutral Pty Ltd",BOB-ESG-0190,PO-ESG-5016,50296.43,audit_evidence_count,649.78,606.06,93.3,293.45,85.9,58,-1523.36,-0.68,No,None,Complete,Partial,"No action",No,"IBMBOB_ESG_Cost_KPI_Mar2026.csv + Raw_GL_Export_With_CostCenters_Mar2026_IBMBOB_Enhanced.csv"
"IBM BOB 3 - ESG",2026-08,ESG-MAR26-0191,TXN006399,AUS01,FIN,"Finance & Accounting","Sustainable packaging",6010,"Direct Materials",EcoVadis,BOB-ESG-0191,PO-ESG-6034,96971.78,waste_kg_reduced,489.71,575.72,117.6,207.01,77.5,82,-48314.84,0.16,No,None,Complete,"Needs review","CFO approval for material ESG spend",Yes,"IBMBOB_ESG_Cost_KPI_Mar2026.csv + Raw_GL_Export_With_CostCenters_Mar2026_IBMBOB_Enhanced.csv"
"IBM BOB 3 - ESG",2026-08,ESG-MAR26-0192,TXN006400,AUS01,HR,"Human Resources","Compliance assurance",5320,"Audit Fees","Origin Energy",BOB-ESG-0192,PO-ESG-3708,40847.08,audit_evidence_count,866.69,775.20,89.4,534.64,85.1,68,-24561.33,-0.08,No,None,Missing,Ready,"No action",No,"IBMBOB_ESG_Cost_KPI_Mar2026.csv + Raw_GL_Export_With_CostCenters_Mar2026_IBMBOB_Enhanced.csv"
"IBM BOB 3 - ESG",2026-08,ESG-MAR26-0193,TXN006401,FJI01,MKT,"Marketing & Sales","Supplier ESG premium",6010,"Direct Materials","Climate Active Advisor",BOB-ESG-0193,PO-ESG-9572,66891.44,"tCO2e avoided",967.89,934.75,96.6,187.91,62.3,74,37272.46,-0.02,No,None,Partial,Ready,"No action",No,"IBMBOB_ESG_Cost_KPI_Mar2026.csv + Raw_GL_Export_With_CostCenters_Mar2026_IBMBOB_Enhanced.csv"
"IBM BOB 3 - ESG",2026-08,ESG-MAR26-0194,TXN006402,FJI01,SA,"South Australia Operations","Supplier ESG premium",6010,"Direct Materials",EcoVadis,BOB-ESG-0194,PO-ESG-6131,13224.94,renewable_kwh,906.84,600.68,66.2,183.20,62.4,47,10016.00,-0.17,No,None,Complete,Ready,"No action",No,"IBMBOB_ESG_Cost_KPI_Mar2026.csv + Raw_GL_Export_With_CostCenters_Mar2026_IBMBOB_Enhanced.csv"
"IBM BOB 3 - ESG",2026-08,ESG-MAR26-0195,TXN006403,AUS01,IT,"Information Technology","Energy usage",5110,Utilities,"Climate Active Advisor",BOB-ESG-0195,PO-ESG-3315,96113.29,waste_kg_reduced,433.13,477.72,110.3,30.50,33.2,69,47851.70,-0.74,No,None,Missing,"Needs review","CFO approval for material ESG spend",Yes,"IBMBOB_ESG_Cost_KPI_Mar2026.csv + Raw_GL_Export_With_CostCenters_Mar2026_IBMBOB_Enhanced.csv"
"IBM BOB 3 - ESG",2026-08,ESG-MAR26-0196,TXN006404,AUS01,HR,"Human Resources","Compliance assurance",5320,"Audit Fees",EcoVadis,BOB-ESG-0196,PO-ESG-3438,59564.58,supplier_score,88.64,103.50,116.8,124.36,31.8,57,48641.37,0.21,No,None,Complete,Partial,"No action",No,"IBMBOB_ESG_Cost_KPI_Mar2026.csv + Raw_GL_Export_With_CostCenters_Mar2026_IBMBOB_Enhanced.csv"
"IBM BOB 3 - ESG",2026-08,ESG-MAR26-0197,TXN006405,NZL01,TAS,"Tasmania Operations","Compliance assurance",5320,"Audit Fees","Green Freight",BOB-ESG-0197,PO-ESG-2000,82011.32,audit_evidence_count,987.86,712.98,72.2,304.25,12.7,57,-27240.90,-0.19,No,None,Missing,Partial,"No action",No,"IBMBOB_ESG_Cost_KPI_Mar2026.csv + Raw_GL_Export_With_CostCenters_Mar2026_IBMBOB_Enhanced.csv"
"IBM BOB 3 - ESG",2026-08,ESG-MAR26-0198,TXN006406,NZL01,FIN,"Finance & Accounting","Waste reduction",5600,Telecommunications,"Energy Australia",BOB-ESG-0198,PO-ESG-6406,29729.91,waste_kg_reduced,722.52,579.81,80.2,325.21,21.7,80,-14109.85,-0.09,No,None,Partial,Partial,"No action",No,"IBMBOB_ESG_Cost_KPI_Mar2026.csv + Raw_GL_Export_With_CostCenters_Mar2026_IBMBOB_Enhanced.csv"
"IBM BOB 3 - ESG",2026-08,ESG-MAR26-0199,TXN006407,AUS01,QLD,"Queensland Operations","Renewable sourcing premium",6000,"Cost of Goods Sold","Bureau Veritas",BOB-ESG-0199,PO-ESG-4594,34706.28,audit_evidence_count,738.91,654.05,88.5,285.79,13.9,57,32298.34,-0.42,No,None,Complete,Ready,"No action",No,"IBMBOB_ESG_Cost_KPI_Mar2026.csv + Raw_GL_Export_With_CostCenters_Mar2026_IBMBOB_Enhanced.csv"
"IBM BOB 3 - ESG",2026-08,ESG-MAR26-0200,TXN006408,PNG01,NSW,"New South Wales Operations","Waste reduction",5600,Telecommunications,"Origin Energy",BOB-ESG-0200,PO-ESG-3129,109109.78,"tCO2e avoided",917.18,747.10,81.5,328.07,90.6,54,-8588.56,0.32,No,None,Complete,"Needs review","CFO approval for material ESG spend",Yes,"IBMBOB_ESG_Cost_KPI_Mar2026.csv + Raw_GL_Export_With_CostCenters_Mar2026_IBMBOB_Enhanced.csv"
"IBM BOB 3 - ESG",2026-08,ESG-MAR26-0201,TXN006409,AUS01,WA,"Western Australia Operations","Energy usage",5110,Utilities,"Bureau Veritas",BOB-ESG-0201,PO-ESG-3639,100054.70,audit_evidence_count,570.93,419.35,73.4,81.92,55.2,73,-32255.51,0.37,No,None,Partial,"Needs review","CFO approval for material ESG spend",Yes,"IBMBOB_ESG_Cost_KPI_Mar2026.csv + Raw_GL_Export_With_CostCenters_Mar2026_IBMBOB_Enhanced.csv"
"IBM BOB 3 - ESG",2026-08,ESG-MAR26-0202,TXN006410,AUS01,R&D,"Research & Development","Energy usage",5110,Utilities,"Bureau Veritas",BOB-ESG-0202,PO-ESG-7277,106285.58,"tCO2e avoided",371.79,268.92,72.3,460.91,71.9,96,39902.11,-0.27,No,None,Complete,"Needs review","CFO approval for material ESG spend",Yes,"IBMBOB_ESG_Cost_KPI_Mar2026.csv + Raw_GL_Export_With_CostCenters_Mar2026_IBMBOB_Enhanced.csv"
"IBM BOB 3 - ESG",2026-08,ESG-MAR26-0203,TXN006411,NZL01,MKT,"Marketing & Sales","Fleet emissions",5400,Travel,"Sustainable Packaging Co",BOB-ESG-0203,PO-ESG-4598,18468.75,supplier_score,475.86,555.89,116.8,269.79,18.0,94,-41609.13,-0.52,No,None,Complete,Ready,"No action",No,"IBMBOB_ESG_Cost_KPI_Mar2026.csv + Raw_GL_Export_With_CostCenters_Mar2026_IBMBOB_Enhanced.csv"
"IBM BOB 3 - ESG",2026-08,ESG-MAR26-0204,TXN006412,AUS01,HR,"Human Resources","Renewable sourcing premium",6000,"Cost of Goods Sold","Origin Energy",BOB-ESG-0204,PO-ESG-6023,52126.42,waste_kg_reduced,276.56,246.56,89.2,401.75,82.7,66,10300.01,0.08,No,None,Missing,Partial,"No action",No,"IBMBOB_ESG_Cost_KPI_Mar2026.csv + Raw_GL_Export_With_CostCenters_Mar2026_IBMBOB_Enhanced.csv"
"IBM BOB 3 - ESG",2026-08,ESG-MAR26-0205,TXN006413,AUS01,SA,"South Australia Operations","Waste reduction",5600,Telecommunications,"Origin Energy",BOB-ESG-0205,PO-ESG-3580,10872.84,audit_evidence_count,177.13,141.29,79.8,272.19,34.4,77,83347.81,-0.65,No,None,Partial,Ready,"No action",No,"IBMBOB_ESG_Cost_KPI_Mar2026.csv + Raw_GL_Export_With_CostCenters_Mar2026_IBMBOB_Enhanced.csv"
"IBM BOB 3 - ESG",2026-08,ESG-MAR26-0206,TXN006414,FJI01,R&D,"Research & Development","Supplier ESG premium",6010,"Direct Materials",EcoVadis,BOB-ESG-0206,PO-ESG-4651,86880.59,supplier_score,399.73,351.10,87.8,505.97,89.6,62,-23813.25,-0.64,No,None,Missing,Ready,"No action",No,"IBMBOB_ESG_Cost_KPI_Mar2026.csv + Raw_GL_Export_With_CostCenters_Mar2026_IBMBOB_Enhanced.csv"
"IBM BOB 3 - ESG",2026-08,ESG-MAR26-0207,TXN006415,AUS01,SA,"South Australia Operations","Sustainable packaging",6010,"Direct Materials","Bureau Veritas",BOB-ESG-0207,PO-ESG-4049,31397.99,renewable_kwh,119.40,110.76,92.8,277.49,47.0,58,84746.02,-0.16,No,None,Complete,Ready,"No action",No,"IBMBOB_ESG_Cost_KPI_Mar2026.csv + Raw_GL_Export_With_CostCenters_Mar2026_IBMBOB_Enhanced.csv"
"IBM BOB 3 - ESG",2026-08,ESG-MAR26-0208,TXN006416,AUS01,SA,"South Australia Operations","Sustainable packaging",6010,"Direct Materials","Carbon Neutral Pty Ltd",BOB-ESG-0208,PO-ESG-6582,40971.93,"tCO2e avoided",182.61,218.18,119.5,346.49,28.7,65,-22055.73,0.02,No,None,Partial,Partial,"No action",No,"IBMBOB_ESG_Cost_KPI_Mar2026.csv + Raw_GL_Export_With_CostCenters_Mar2026_IBMBOB_Enhanced.csv"
"IBM BOB 3 - ESG",2026-08,ESG-MAR26-0209,TXN006417,NZL01,VIC,"Victoria Operations","Sustainable packaging",6010,"Direct Materials","Origin Energy",BOB-ESG-0209,PO-ESG-7714,22931.74,audit_evidence_count,135.00,114.24,84.6,68.01,19.6,85,-30507.82,0.13,No,None,Missing,Ready,"No action",No,"IBMBOB_ESG_Cost_KPI_Mar2026.csv + Raw_GL_Export_With_CostCenters_Mar2026_IBMBOB_Enhanced.csv"
"IBM BOB 3 - ESG",2026-08,ESG-MAR26-0210,TXN006418,AUS01,VIC,"Victoria Operations","Waste reduction",5600,Telecommunications,"Energy Australia",BOB-ESG-0210,PO-ESG-2631,31175.87,waste_kg_reduced,378.95,267.39,70.6,243.85,59.6,91,-23240.11,0.26,No,None,Complete,Ready,"No action",No,"IBMBOB_ESG_Cost_KPI_Mar2026.csv + Raw_GL_Export_With_CostCenters_Mar2026_IBMBOB_Enhanced.csv"
"IBM BOB 3 - ESG",2026-08,ESG-MAR26-0211,TXN006419,NZL01,CORP,"Corporate Head Office","Carbon offsets",5300,"Professional Services","Carbon Neutral Pty Ltd",BOB-ESG-0211,PO-ESG-2652,81321.05,renewable_kwh,992.46,878.66,88.5,583.64,90.5,46,-19086.21,-0.46,No,None,Partial,Ready,"No action",No,"IBMBOB_ESG_Cost_KPI_Mar2026.csv + Raw_GL_Export_With_CostCenters_Mar2026_IBMBOB_Enhanced.csv"
"IBM BOB 3 - ESG",2026-08,ESG-MAR26-0212,TXN006420,AUS01,MKT,"Marketing & Sales","Compliance assurance",5320,"Audit Fees","Bureau Veritas",BOB-ESG-0212,PO-ESG-6655,88089.53,waste_kg_reduced,953.68,795.63,83.4,418.27,59.3,98,-6036.63,-0.60,No,None,Complete,Ready,"No action",No,"IBMBOB_ESG_Cost_KPI_Mar2026.csv + Raw_GL_Export_With_CostCenters_Mar2026_IBMBOB_Enhanced.csv"
"IBM BOB 3 - ESG",2026-08,ESG-MAR26-0213,TXN006421,AUS01,IT,"Information Technology","Sustainable packaging",6010,"Direct Materials","Sustainable Packaging Co",BOB-ESG-0213,PO-ESG-5076,105180.56,supplier_score,791.39,746.36,94.3,545.79,88.1,49,28481.12,-0.23,No,None,Missing,"Needs review","CFO approval for material ESG spend",Yes,"IBMBOB_ESG_Cost_KPI_Mar2026.csv + Raw_GL_Export_With_CostCenters_Mar2026_IBMBOB_Enhanced.csv"
"IBM BOB 3 - ESG",2026-08,ESG-MAR26-0214,TXN006422,AUS01,IT,"Information Technology","Supplier ESG premium",6010,"Direct Materials","Sustainable Packaging Co",BOB-ESG-0214,PO-ESG-5720,68524.94,waste_kg_reduced,621.02,569.30,91.7,31.65,17.7,76,16834.04,-0.26,No,None,Complete,Ready,"No action",No,"IBMBOB_ESG_Cost_KPI_Mar2026.csv + Raw_GL_Export_With_CostCenters_Mar2026_IBMBOB_Enhanced.csv"
"IBM BOB 3 - ESG",2026-08,ESG-MAR26-0215,TXN006423,AUS01,WA,"Western Australia Operations","Waste reduction",5600,Telecommunications,"Energy Australia",BOB-ESG-0215,PO-ESG-7623,5679.38,renewable_kwh,394.63,272.76,69.1,484.98,48.5,95,82538.99,-0.01,No,None,Missing,Ready,"No action",No,"IBMBOB_ESG_Cost_KPI_Mar2026.csv + Raw_GL_Export_With_CostCenters_Mar2026_IBMBOB_Enhanced.csv"
"IBM BOB 3 - ESG",2026-08,ESG-MAR26-0216,TXN006424,AUS01,VIC,"Victoria Operations","Waste reduction",5600,Telecommunications,"Origin Energy",BOB-ESG-0216,PO-ESG-2576,80418.29,waste_kg_reduced,167.74,200.35,119.4,256.36,33.3,76,-16206.70,0.03,No,None,Complete,Partial,"No action",No,"IBMBOB_ESG_Cost_KPI_Mar2026.csv + Raw_GL_Export_With_CostCenters_Mar2026_IBMBOB_Enhanced.csv"
"IBM BOB 3 - ESG",2026-08,ESG-MAR26-0217,TXN006425,AUS01,QLD,"Queensland Operations","Sustainable packaging",6010,"Direct Materials","Climate Active Advisor",BOB-ESG-0217,PO-ESG-8992,118056.01,"tCO2e avoided",323.78,293.62,90.7,344.09,75.2,74,-48156.74,-0.13,No,None,Partial,"Needs review","CFO approval for material ESG spend",Yes,"IBMBOB_ESG_Cost_KPI_Mar2026.csv + Raw_GL_Export_With_CostCenters_Mar2026_IBMBOB_Enhanced.csv"
"IBM BOB 3 - ESG",2026-08,ESG-MAR26-0218,TXN006426,NZL01,MKT,"Marketing & Sales","Waste reduction",5600,Telecommunications,"Climate Active Advisor",BOB-ESG-0218,PO-ESG-9585,51955.76,supplier_score,713.00,484.34,67.9,370.06,42.9,62,1344.18,-0.01,No,None,Complete,Ready,"No action",No,"IBMBOB_ESG_Cost_KPI_Mar2026.csv + Raw_GL_Export_With_CostCenters_Mar2026_IBMBOB_Enhanced.csv"
"IBM BOB 3 - ESG",2026-08,ESG-MAR26-0219,TXN006427,AUS01,R&D,"Research & Development","Sustainable packaging",6010,"Direct Materials","Carbon Neutral Pty Ltd",BOB-ESG-0219,PO-ESG-8814,46849.29,supplier_score,601.28,726.61,120.8,542.63,24.7,52,53772.80,0.05,No,None,Complete,Ready,"No action",No,"IBMBOB_ESG_Cost_KPI_Mar2026.csv + Raw_GL_Export_With_CostCenters_Mar2026_IBMBOB_Enhanced.csv"
"IBM BOB 3 - ESG",2026-08,ESG-MAR26-0220,TXN006428,NZL01,QLD,"Queensland Operations","Sustainable packaging",6010,"Direct Materials","Carbon Neutral Pty Ltd",BOB-ESG-0220,PO-ESG-5228,47980.14,audit_evidence_count,476.46,359.05,75.4,278.02,72.4,83,41794.99,-0.08,No,None,Complete,Ready,"No action",No,"IBMBOB_ESG_Cost_KPI_Mar2026.csv + Raw_GL_Export_With_CostCenters_Mar2026_IBMBOB_Enhanced.csv"
"IBM BOB 3 - ESG",2026-08,ESG-MAR26-0221,TXN006429,AUS01,VIC,"Victoria Operations","Energy usage",5110,Utilities,"Carbon Neutral Pty Ltd",BOB-ESG-0221,PO-ESG-5917,31733.86,waste_kg_reduced,861.41,773.81,89.8,15.04,47.2,72,3045.37,-0.43,No,None,Complete,Partial,"No action",No,"IBMBOB_ESG_Cost_KPI_Mar2026.csv + Raw_GL_Export_With_CostCenters_Mar2026_IBMBOB_Enhanced.csv"
"IBM BOB 3 - ESG",2026-08,ESG-MAR26-0222,TXN006430,FJI01,SA,"South Australia Operations","Sustainable packaging",6010,"Direct Materials","Origin Energy",BOB-ESG-0222,PO-ESG-9703,111457.74,supplier_score,692.16,864.42,124.9,372.77,84.9,85,48186.22,-0.10,No,None,Complete,"Needs review","CFO approval for material ESG spend",Yes,"IBMBOB_ESG_Cost_KPI_Mar2026.csv + Raw_GL_Export_With_CostCenters_Mar2026_IBMBOB_Enhanced.csv"
"IBM BOB 3 - ESG",2026-08,ESG-MAR26-0223,TXN006431,AUS01,FIN,"Finance & Accounting","Carbon offsets",5300,"Professional Services","Sustainable Packaging Co",BOB-ESG-0223,PO-ESG-5815,79158.83,renewable_kwh,240.31,243.68,101.4,511.39,54.1,46,14479.99,-0.16,No,None,Complete,Ready,"No action",No,"IBMBOB_ESG_Cost_KPI_Mar2026.csv + Raw_GL_Export_With_CostCenters_Mar2026_IBMBOB_Enhanced.csv"
"IBM BOB 3 - ESG",2026-08,ESG-MAR26-0224,TXN006432,AUS01,CORP,"Corporate Head Office","Carbon offsets",5300,"Professional Services","Carbon Neutral Pty Ltd",BOB-ESG-0224,PO-ESG-6577,5138.87,waste_kg_reduced,269.16,231.37,86.0,581.47,36.6,89,-49987.04,-0.59,No,None,Complete,Partial,"No action",No,"IBMBOB_ESG_Cost_KPI_Mar2026.csv + Raw_GL_Export_With_CostCenters_Mar2026_IBMBOB_Enhanced.csv"
"IBM BOB 3 - ESG",2026-08,ESG-MAR26-0225,TXN006433,AUS01,QLD,"Queensland Operations","Compliance assurance",5320,"Audit Fees",EcoVadis,BOB-ESG-0225,PO-ESG-9699,46086.68,"tCO2e avoided",53.98,48.88,90.6,328.96,11.7,98,27425.00,-0.69,No,None,Complete,Partial,"No action",No,"IBMBOB_ESG_Cost_KPI_Mar2026.csv + Raw_GL_Export_With_CostCenters_Mar2026_IBMBOB_Enhanced.csv"
"IBM BOB 3 - ESG",2026-08,ESG-MAR26-0226,TXN006434,AUS01,NT,"Northern Territory Operations","Carbon offsets",5300,"Professional Services","Carbon Neutral Pty Ltd",BOB-ESG-0226,PO-ESG-9004,5907.02,renewable_kwh,561.94,577.14,102.7,175.21,64.6,73,-14785.04,-0.24,No,None,Missing,Ready,"No action",No,"IBMBOB_ESG_Cost_KPI_Mar2026.csv + Raw_GL_Export_With_CostCenters_Mar2026_IBMBOB_Enhanced.csv"
"IBM BOB 3 - ESG",2026-08,ESG-MAR26-0227,TXN006435,AUS01,VIC,"Victoria Operations","Compliance assurance",5320,"Audit Fees","Energy Australia",BOB-ESG-0227,PO-ESG-2308,114219.85,waste_kg_reduced,360.12,253.86,70.5,319.79,54.0,55,32660.55,0.09,No,None,Complete,"Needs review","CFO approval for material ESG spend",Yes,"IBMBOB_ESG_Cost_KPI_Mar2026.csv + Raw_GL_Export_With_CostCenters_Mar2026_IBMBOB_Enhanced.csv"
"IBM BOB 3 - ESG",2026-08,ESG-MAR26-0228,TXN006436,AUS01,HR,"Human Resources","Waste reduction",5600,Telecommunications,"Carbon Neutral Pty Ltd",BOB-ESG-0228,PO-ESG-3592,91296.69,renewable_kwh,550.37,389.64,70.8,156.80,75.4,97,77618.57,-0.62,No,None,Complete,Ready,"No action",No,"IBMBOB_ESG_Cost_KPI_Mar2026.csv + Raw_GL_Export_With_CostCenters_Mar2026_IBMBOB_Enhanced.csv"
"IBM BOB 3 - ESG",2026-08,ESG-MAR26-0229,TXN006437,AUS01,OPS,"Operations & Logistics","Renewable sourcing premium",6000,"Cost of Goods Sold","Bureau Veritas",BOB-ESG-0229,PO-ESG-6658,4483.30,supplier_score,279.38,189.95,68.0,287.43,67.1,54,11560.39,0.29,No,None,Partial,Ready,"No action",No,"IBMBOB_ESG_Cost_KPI_Mar2026.csv + Raw_GL_Export_With_CostCenters_Mar2026_IBMBOB_Enhanced.csv"
"IBM BOB 3 - ESG",2026-08,ESG-MAR26-0230,TXN006438,AUS01,CORP,"Corporate Head Office","Renewable sourcing premium",6000,"Cost of Goods Sold","Origin Energy",BOB-ESG-0230,PO-ESG-4870,25335.10,renewable_kwh,70.94,79.42,112.0,197.26,17.9,49,39595.71,0.06,No,None,Partial,Partial,"No action",No,"IBMBOB_ESG_Cost_KPI_Mar2026.csv + Raw_GL_Export_With_CostCenters_Mar2026_IBMBOB_Enhanced.csv"
"IBM BOB 3 - ESG",2026-08,ESG-MAR26-0231,TXN006439,AUS01,WA,"Western Australia Operations","Carbon offsets",5300,"Professional Services","Energy Australia",BOB-ESG-0231,PO-ESG-4940,14470.05,audit_evidence_count,213.40,260.09,121.9,192.39,20.8,51,6382.63,0.12,No,None,Partial,Partial,"No action",No,"IBMBOB_ESG_Cost_KPI_Mar2026.csv + Raw_GL_Export_With_CostCenters_Mar2026_IBMBOB_Enhanced.csv"
"IBM BOB 3 - ESG",2026-08,ESG-MAR26-0232,TXN006440,AUS01,FIN,"Finance & Accounting","Fleet emissions",5400,Travel,"Energy Australia",BOB-ESG-0232,PO-ESG-6763,32284.05,"tCO2e avoided",77.97,79.01,101.3,597.21,64.9,47,-45886.92,0.16,No,None,Partial,Ready,"No action",No,"IBMBOB_ESG_Cost_KPI_Mar2026.csv + Raw_GL_Export_With_CostCenters_Mar2026_IBMBOB_Enhanced.csv"
"IBM BOB 3 - ESG",2026-08,ESG-MAR26-0233,TXN006441,AUS01,IT,"Information Technology","Fleet emissions",5400,Travel,"Sustainable Packaging Co",BOB-ESG-0233,PO-ESG-4807,18625.62,waste_kg_reduced,909.25,683.98,75.2,56.51,13.0,59,-11344.13,-0.71,No,None,Complete,Ready,"No action",No,"IBMBOB_ESG_Cost_KPI_Mar2026.csv + Raw_GL_Export_With_CostCenters_Mar2026_IBMBOB_Enhanced.csv"
"IBM BOB 3 - ESG",2026-08,ESG-MAR26-0234,TXN006442,AUS01,FIN,"Finance & Accounting","Supplier ESG premium",6010,"Direct Materials",EcoVadis,BOB-ESG-0234,PO-ESG-3375,112688.92,supplier_score,427.04,488.00,114.3,152.97,24.2,93,34944.65,-0.09,No,None,Complete,"Needs review","CFO approval for material ESG spend",Yes,"IBMBOB_ESG_Cost_KPI_Mar2026.csv + Raw_GL_Export_With_CostCenters_Mar2026_IBMBOB_Enhanced.csv"
"IBM BOB 3 - ESG",2026-08,ESG-MAR26-0235,TXN006443,AUS01,VIC,"Victoria Operations","Energy usage",5110,Utilities,"Energy Australia",BOB-ESG-0235,PO-ESG-4016,79469.28,renewable_kwh,169.66,110.45,65.1,52.02,6.1,84,63664.99,0.29,No,None,Complete,Partial,"No action",No,"IBMBOB_ESG_Cost_KPI_Mar2026.csv + Raw_GL_Export_With_CostCenters_Mar2026_IBMBOB_Enhanced.csv"
"IBM BOB 3 - ESG",2026-08,ESG-MAR26-0236,TXN006444,AUS01,NT,"Northern Territory Operations","Sustainable packaging",6010,"Direct Materials","Green Freight",BOB-ESG-0236,PO-ESG-7946,31976.96,supplier_score,512.31,629.85,122.9,599.39,66.2,66,-5380.68,-0.77,No,None,Partial,Partial,"No action",No,"IBMBOB_ESG_Cost_KPI_Mar2026.csv + Raw_GL_Export_With_CostCenters_Mar2026_IBMBOB_Enhanced.csv"
"IBM BOB 3 - ESG",2026-08,ESG-MAR26-0237,TXN006445,AUS01,CORP,"Corporate Head Office","Renewable sourcing premium",6000,"Cost of Goods Sold","Energy Australia",BOB-ESG-0237,PO-ESG-8462,60196.07,audit_evidence_count,195.30,144.08,73.8,14.10,60.2,73,-38060.61,0.21,No,None,Missing,Ready,"No action",No,"IBMBOB_ESG_Cost_KPI_Mar2026.csv + Raw_GL_Export_With_CostCenters_Mar2026_IBMBOB_Enhanced.csv"
"IBM BOB 3 - ESG",2026-08,ESG-MAR26-0238,TXN006446,NZL01,SA,"South Australia Operations","Renewable sourcing premium",6000,"Cost of Goods Sold","Bureau Veritas",BOB-ESG-0238,PO-ESG-5385,11425.19,supplier_score,822.63,845.27,102.8,27.53,77.8,89,-42903.57,0.23,No,None,Complete,Partial,"No action",No,"IBMBOB_ESG_Cost_KPI_Mar2026.csv + Raw_GL_Export_With_CostCenters_Mar2026_IBMBOB_Enhanced.csv"
"IBM BOB 3 - ESG",2026-08,ESG-MAR26-0239,TXN006447,AUS01,CORP,"Corporate Head Office","Supplier ESG premium",6010,"Direct Materials",EcoVadis,BOB-ESG-0239,PO-ESG-9372,53592.62,waste_kg_reduced,90.84,71.65,78.9,351.91,17.5,68,18056.80,-0.30,No,None,Complete,Ready,"No action",No,"IBMBOB_ESG_Cost_KPI_Mar2026.csv + Raw_GL_Export_With_CostCenters_Mar2026_IBMBOB_Enhanced.csv"
"IBM BOB 3 - ESG",2026-08,ESG-MAR26-0240,TXN006448,PNG01,NT,"Northern Territory Operations","Carbon offsets",5300,"Professional Services","Energy Australia",BOB-ESG-0240,PO-ESG-5995,1799.02,supplier_score,548.57,622.45,113.5,315.34,55.3,60,4754.09,-0.49,No,None,Partial,Partial,"No action",No,"IBMBOB_ESG_Cost_KPI_Mar2026.csv + Raw_GL_Export_With_CostCenters_Mar2026_IBMBOB_Enhanced.csv"
"IBM BOB 3 - ESG",2026-08,ESG-MAR26-0241,TXN006449,FJI01,QLD,"Queensland Operations","Sustainable packaging",6010,"Direct Materials",EcoVadis,BOB-ESG-0241,PO-ESG-2870,95523.75,supplier_score,803.60,679.76,84.6,103.71,98.6,90,84654.72,-0.55,No,None,Partial,"Needs review","CFO approval for material ESG spend",Yes,"IBMBOB_ESG_Cost_KPI_Mar2026.csv + Raw_GL_Export_With_CostCenters_Mar2026_IBMBOB_Enhanced.csv"
"IBM BOB 3 - ESG",2026-08,ESG-MAR26-0242,TXN006450,AUS01,QLD,"Queensland Operations","Sustainable packaging",6010,"Direct Materials","Carbon Neutral Pty Ltd",BOB-ESG-0242,PO-ESG-4207,56068.50,supplier_score,707.07,860.83,121.7,577.04,22.4,94,10733.26,0.29,No,None,Missing,Ready,"No action",No,"IBMBOB_ESG_Cost_KPI_Mar2026.csv + Raw_GL_Export_With_CostCenters_Mar2026_IBMBOB_Enhanced.csv"
"IBM BOB 3 - ESG",2026-08,ESG-MAR26-0243,TXN006451,AUS01,MKT,"Marketing & Sales","Energy usage",5110,Utilities,"Bureau Veritas",BOB-ESG-0243,PO-ESG-6738,11581.76,audit_evidence_count,930.41,888.42,95.5,144.47,6.4,57,75561.06,-0.25,No,None,Missing,Ready,"No action",No,"IBMBOB_ESG_Cost_KPI_Mar2026.csv + Raw_GL_Export_With_CostCenters_Mar2026_IBMBOB_Enhanced.csv"
"IBM BOB 3 - ESG",2026-08,ESG-MAR26-0244,TXN006452,AUS01,VIC,"Victoria Operations","Sustainable packaging",6010,"Direct Materials","Carbon Neutral Pty Ltd",BOB-ESG-0244,PO-ESG-7078,28780.85,audit_evidence_count,718.59,570.77,79.4,335.81,73.2,88,-12712.34,-0.57,No,None,Complete,Ready,"No action",No,"IBMBOB_ESG_Cost_KPI_Mar2026.csv + Raw_GL_Export_With_CostCenters_Mar2026_IBMBOB_Enhanced.csv"
"IBM BOB 3 - ESG",2026-08,ESG-MAR26-0245,TXN006453,FJI01,R&D,"Research & Development","Fleet emissions",5400,Travel,"Carbon Neutral Pty Ltd",BOB-ESG-0245,PO-ESG-2756,38555.60,audit_evidence_count,990.71,1088.24,109.8,111.67,30.4,98,17017.92,-0.60,No,None,Complete,Ready,"No action",No,"IBMBOB_ESG_Cost_KPI_Mar2026.csv + Raw_GL_Export_With_CostCenters_Mar2026_IBMBOB_Enhanced.csv"
"IBM BOB 3 - ESG",2026-08,ESG-MAR26-0246,TXN006454,NZL01,FIN,"Finance & Accounting","Compliance assurance",5320,"Audit Fees","Origin Energy",BOB-ESG-0246,PO-ESG-6695,74491.28,supplier_score,848.93,1026.90,121.0,250.82,43.1,90,67949.04,-0.18,No,None,Partial,Partial,"No action",No,"IBMBOB_ESG_Cost_KPI_Mar2026.csv + Raw_GL_Export_With_CostCenters_Mar2026_IBMBOB_Enhanced.csv"
"IBM BOB 3 - ESG",2026-08,ESG-MAR26-0247,TXN006455,FJI01,WA,"Western Australia Operations","Carbon offsets",5300,"Professional Services","Sustainable Packaging Co",BOB-ESG-0247,PO-ESG-9542,91322.03,renewable_kwh,853.90,858.25,100.5,88.14,23.4,68,76145.00,0.28,No,None,Complete,Ready,"No action",No,"IBMBOB_ESG_Cost_KPI_Mar2026.csv + Raw_GL_Export_With_CostCenters_Mar2026_IBMBOB_Enhanced.csv"
"IBM BOB 3 - ESG",2026-08,ESG-MAR26-0248,TXN006456,NZL01,NSW,"New South Wales Operations","Supplier ESG premium",6010,"Direct Materials",EcoVadis,BOB-ESG-0248,PO-ESG-7031,60560.91,"tCO2e avoided",345.72,364.58,105.5,594.21,61.6,84,-9168.03,0.14,No,None,Complete,Ready,"No action",No,"IBMBOB_ESG_Cost_KPI_Mar2026.csv + Raw_GL_Export_With_CostCenters_Mar2026_IBMBOB_Enhanced.csv"
"IBM BOB 3 - ESG",2026-08,ESG-MAR26-0249,TXN006457,AUS01,ACT,"Australian Capital Territory","Fleet emissions",5400,Travel,EcoVadis,BOB-ESG-0249,PO-ESG-5459,98332.08,supplier_score,847.43,1002.65,118.3,354.97,44.3,53,37721.75,0.30,No,None,Partial,"Needs review","CFO approval for material ESG spend",Yes,"IBMBOB_ESG_Cost_KPI_Mar2026.csv + Raw_GL_Export_With_CostCenters_Mar2026_IBMBOB_Enhanced.csv"
"IBM BOB 3 - ESG",2026-08,ESG-MAR26-0250,TXN006458,AUS01,OPS,"Operations & Logistics","Carbon offsets",5300,"Professional Services","Climate Active Advisor",BOB-ESG-0250,PO-ESG-2100,56835.59,supplier_score,90.18,103.94,115.3,384.44,45.9,56,80847.20,-0.22,No,None,Complete,Ready,"No action",No,"IBMBOB_ESG_Cost_KPI_Mar2026.csv + Raw_GL_Export_With_CostCenters_Mar2026_IBMBOB_Enhanced.csv"
"IBM BOB 3 - ESG",2026-08,ESG-MAR26-0251,TXN006459,AUS01,TAS,"Tasmania Operations","Carbon offsets",5300,"Professional Services","Carbon Neutral Pty Ltd",BOB-ESG-0251,PO-ESG-7552,44341.04,renewable_kwh,260.31,227.57,87.4,66.77,5.6,92,19826.71,-0.04,No,None,Complete,Ready,"No action",No,"IBMBOB_ESG_Cost_KPI_Mar2026.csv + Raw_GL_Export_With_CostCenters_Mar2026_IBMBOB_Enhanced.csv"
"IBM BOB 3 - ESG",2026-08,ESG-MAR26-0252,TXN006460,AUS01,IT,"Information Technology","Renewable sourcing premium",6000,"Cost of Goods Sold","Origin Energy",BOB-ESG-0252,PO-ESG-9502,117354.26,supplier_score,517.23,631.13,122.0,564.96,21.6,60,-7222.67,0.27,No,None,Complete,"Needs review","CFO approval for material ESG spend",Yes,"IBMBOB_ESG_Cost_KPI_Mar2026.csv + Raw_GL_Export_With_CostCenters_Mar2026_IBMBOB_Enhanced.csv"
"IBM BOB 3 - ESG",2026-08,ESG-MAR26-0253,TXN006461,AUS01,TAS,"Tasmania Operations","Renewable sourcing premium",6000,"Cost of Goods Sold","Climate Active Advisor",BOB-ESG-0253,PO-ESG-9886,96436.34,supplier_score,201.02,208.30,103.6,65.89,31.4,75,21047.14,-0.13,No,None,Complete,"Needs review","CFO approval for material ESG spend",Yes,"IBMBOB_ESG_Cost_KPI_Mar2026.csv + Raw_GL_Export_With_CostCenters_Mar2026_IBMBOB_Enhanced.csv"
"IBM BOB 3 - ESG",2026-08,ESG-MAR26-0254,TXN006462,NZL01,SA,"South Australia Operations","Supplier ESG premium",6010,"Direct Materials","Bureau Veritas",BOB-ESG-0254,PO-ESG-6478,44548.34,renewable_kwh,138.47,100.48,72.6,247.33,90.0,71,77460.66,-0.76,No,None,Complete,Ready,"No action",No,"IBMBOB_ESG_Cost_KPI_Mar2026.csv + Raw_GL_Export_With_CostCenters_Mar2026_IBMBOB_Enhanced.csv"
"IBM BOB 3 - ESG",2026-08,ESG-MAR26-0255,TXN006463,AUS01,HR,"Human Resources","Supplier ESG premium",6010,"Direct Materials","Energy Australia",BOB-ESG-0255,PO-ESG-8452,104939.02,audit_evidence_count,402.13,480.62,119.5,10.67,18.3,98,-2996.94,-0.07,No,None,Complete,"Needs review","CFO approval for material ESG spend",Yes,"IBMBOB_ESG_Cost_KPI_Mar2026.csv + Raw_GL_Export_With_CostCenters_Mar2026_IBMBOB_Enhanced.csv"
"IBM BOB 3 - ESG",2026-08,ESG-MAR26-0256,TXN006464,FJI01,TAS,"Tasmania Operations","Sustainable packaging",6010,"Direct Materials","Green Freight",BOB-ESG-0256,PO-ESG-6630,98236.82,renewable_kwh,378.80,369.23,97.5,22.24,5.6,69,2951.99,-0.71,No,None,Missing,"Needs review","CFO approval for material ESG spend",Yes,"IBMBOB_ESG_Cost_KPI_Mar2026.csv + Raw_GL_Export_With_CostCenters_Mar2026_IBMBOB_Enhanced.csv"
"IBM BOB 3 - ESG",2026-08,ESG-MAR26-0257,TXN006465,NZL01,NT,"Northern Territory Operations","Fleet emissions",5400,Travel,"Origin Energy",BOB-ESG-0257,PO-ESG-4623,88587.31,audit_evidence_count,146.76,137.42,93.6,465.09,92.3,92,-10790.54,0.10,No,None,Complete,Partial,"No action",No,"IBMBOB_ESG_Cost_KPI_Mar2026.csv + Raw_GL_Export_With_CostCenters_Mar2026_IBMBOB_Enhanced.csv"
"IBM BOB 3 - ESG",2026-08,ESG-MAR26-0258,TXN006466,AUS01,TAS,"Tasmania Operations","Supplier ESG premium",6010,"Direct Materials","Origin Energy",BOB-ESG-0258,PO-ESG-7582,15356.36,supplier_score,761.82,935.61,122.8,33.75,16.4,82,41372.71,-0.10,No,None,Missing,Ready,"No action",No,"IBMBOB_ESG_Cost_KPI_Mar2026.csv + Raw_GL_Export_With_CostCenters_Mar2026_IBMBOB_Enhanced.csv"
"IBM BOB 3 - ESG",2026-08,ESG-MAR26-0259,TXN006467,AUS01,IT,"Information Technology","Sustainable packaging",6010,"Direct Materials","Carbon Neutral Pty Ltd",BOB-ESG-0259,PO-ESG-4017,119791.93,renewable_kwh,738.61,895.98,121.3,482.15,68.4,97,-19793.11,0.18,No,None,Complete,"Needs review","CFO approval for material ESG spend",Yes,"IBMBOB_ESG_Cost_KPI_Mar2026.csv + Raw_GL_Export_With_CostCenters_Mar2026_IBMBOB_Enhanced.csv"
"IBM BOB 3 - ESG",2026-08,ESG-MAR26-0260,TXN006468,AUS01,VIC,"Victoria Operations","Compliance assurance",5320,"Audit Fees","Bureau Veritas",BOB-ESG-0260,PO-ESG-3673,61268.25,waste_kg_reduced,253.18,244.39,96.5,500.68,94.9,73,47818.81,-0.60,No,None,Missing,Ready,"No action",No,"IBMBOB_ESG_Cost_KPI_Mar2026.csv + Raw_GL_Export_With_CostCenters_Mar2026_IBMBOB_Enhanced.csv"
"IBM BOB 3 - ESG",2026-08,ESG-MAR26-0261,TXN006469,AUS01,MKT,"Marketing & Sales","Waste reduction",5600,Telecommunications,"Energy Australia",BOB-ESG-0261,PO-ESG-4273,27944.94,supplier_score,367.11,357.42,97.4,90.49,6.9,49,20130.67,-0.37,No,None,Missing,Ready,"No action",No,"IBMBOB_ESG_Cost_KPI_Mar2026.csv + Raw_GL_Export_With_CostCenters_Mar2026_IBMBOB_Enhanced.csv"
"IBM BOB 3 - ESG",2026-08,ESG-MAR26-0262,TXN006470,AUS01,IT,"Information Technology","Renewable sourcing premium",6000,"Cost of Goods Sold","Bureau Veritas",BOB-ESG-0262,PO-ESG-4155,68912.80,audit_evidence_count,394.29,365.79,92.8,117.92,80.0,65,56759.96,0.34,No,None,Partial,Ready,"No action",No,"IBMBOB_ESG_Cost_KPI_Mar2026.csv + Raw_GL_Export_With_CostCenters_Mar2026_IBMBOB_Enhanced.csv"
"IBM BOB 3 - ESG",2026-08,ESG-MAR26-0263,TXN006471,NZL01,CORP,"Corporate Head Office","Compliance assurance",5320,"Audit Fees","Carbon Neutral Pty Ltd",BOB-ESG-0263,PO-ESG-4960,16883.52,supplier_score,443.57,540.04,121.7,301.22,94.7,74,32922.59,-0.67,No,None,Missing,Ready,"No action",No,"IBMBOB_ESG_Cost_KPI_Mar2026.csv + Raw_GL_Export_With_CostCenters_Mar2026_IBMBOB_Enhanced.csv"
"IBM BOB 3 - ESG",2026-08,ESG-MAR26-0264,TXN006472,AUS01,QLD,"Queensland Operations","Fleet emissions",5400,Travel,"Climate Active Advisor",BOB-ESG-0264,PO-ESG-9108,27947.76,supplier_score,752.24,659.50,87.7,65.05,39.4,53,47076.35,0.08,No,None,Complete,Ready,"No action",No,"IBMBOB_ESG_Cost_KPI_Mar2026.csv + Raw_GL_Export_With_CostCenters_Mar2026_IBMBOB_Enhanced.csv"
"IBM BOB 3 - ESG",2026-08,ESG-MAR26-0265,TXN006473,AUS01,OPS,"Operations & Logistics","Carbon offsets",5300,"Professional Services",EcoVadis,BOB-ESG-0265,PO-ESG-8652,12407.45,waste_kg_reduced,744.58,810.02,108.8,395.65,49.8,76,-18094.18,-0.65,No,None,Partial,Ready,"No action",No,"IBMBOB_ESG_Cost_KPI_Mar2026.csv + Raw_GL_Export_With_CostCenters_Mar2026_IBMBOB_Enhanced.csv"
"IBM BOB 3 - ESG",2026-08,ESG-MAR26-0266,TXN006474,AUS01,VIC,"Victoria Operations","Compliance assurance",5320,"Audit Fees","Carbon Neutral Pty Ltd",BOB-ESG-0266,PO-ESG-7215,115527.17,waste_kg_reduced,551.56,630.15,114.2,57.18,83.1,79,32209.12,0.22,No,None,Complete,"Needs review","CFO approval for material ESG spend",Yes,"IBMBOB_ESG_Cost_KPI_Mar2026.csv + Raw_GL_Export_With_CostCenters_Mar2026_IBMBOB_Enhanced.csv"
"IBM BOB 3 - ESG",2026-08,ESG-MAR26-0267,TXN006475,FJI01,OPS,"Operations & Logistics","Fleet emissions",5400,Travel,EcoVadis,BOB-ESG-0267,PO-ESG-7205,20871.81,audit_evidence_count,109.91,123.05,112.0,449.34,44.0,82,9938.93,-0.73,No,None,Partial,Partial,"No action",No,"IBMBOB_ESG_Cost_KPI_Mar2026.csv + Raw_GL_Export_With_CostCenters_Mar2026_IBMBOB_Enhanced.csv"
"IBM BOB 3 - ESG",2026-08,ESG-MAR26-0268,TXN006476,FJI01,ACT,"Australian Capital Territory","Renewable sourcing premium",6000,"Cost of Goods Sold",EcoVadis,BOB-ESG-0268,PO-ESG-5726,19466.39,supplier_score,139.58,159.79,114.5,501.82,69.3,71,80322.13,-0.67,No,None,Missing,Partial,"No action",No,"IBMBOB_ESG_Cost_KPI_Mar2026.csv + Raw_GL_Export_With_CostCenters_Mar2026_IBMBOB_Enhanced.csv"
"IBM BOB 3 - ESG",2026-08,ESG-MAR26-0269,TXN006477,AUS01,NSW,"New South Wales Operations","Carbon offsets",5300,"Professional Services",EcoVadis,BOB-ESG-0269,PO-ESG-3656,108564.37,"tCO2e avoided",970.61,638.04,65.7,102.27,69.5,75,-36391.71,-0.19,No,None,Complete,"Needs review","CFO approval for material ESG spend",Yes,"IBMBOB_ESG_Cost_KPI_Mar2026.csv + Raw_GL_Export_With_CostCenters_Mar2026_IBMBOB_Enhanced.csv"
"IBM BOB 3 - ESG",2026-08,ESG-MAR26-0270,TXN006478,AUS01,FIN,"Finance & Accounting","Supplier ESG premium",6010,"Direct Materials","Sustainable Packaging Co",BOB-ESG-0270,PO-ESG-7198,48658.42,audit_evidence_count,570.38,392.39,68.8,525.23,15.3,80,62930.90,0.40,No,None,Missing,Ready,"No action",No,"IBMBOB_ESG_Cost_KPI_Mar2026.csv + Raw_GL_Export_With_CostCenters_Mar2026_IBMBOB_Enhanced.csv"
"IBM BOB 3 - ESG",2026-08,ESG-MAR26-0271,TXN006479,AUS01,MKT,"Marketing & Sales","Supplier ESG premium",6010,"Direct Materials","Sustainable Packaging Co",BOB-ESG-0271,PO-ESG-5158,113761.42,waste_kg_reduced,197.75,168.19,85.1,333.40,73.8,97,82770.00,-0.61,No,None,Complete,"Needs review","CFO approval for material ESG spend",Yes,"IBMBOB_ESG_Cost_KPI_Mar2026.csv + Raw_GL_Export_With_CostCenters_Mar2026_IBMBOB_Enhanced.csv"
"IBM BOB 3 - ESG",2026-08,ESG-MAR26-0272,TXN006480,FJI01,CORP,"Corporate Head Office","Energy usage",5110,Utilities,"Sustainable Packaging Co",BOB-ESG-0272,PO-ESG-7937,19934.52,waste_kg_reduced,755.61,541.08,71.6,350.62,28.9,55,25082.49,0.35,No,None,Partial,Ready,"No action",No,"IBMBOB_ESG_Cost_KPI_Mar2026.csv + Raw_GL_Export_With_CostCenters_Mar2026_IBMBOB_Enhanced.csv"
"IBM BOB 3 - ESG",2026-08,ESG-MAR26-0273,TXN006481,FJI01,R&D,"Research & Development","Fleet emissions",5400,Travel,"Sustainable Packaging Co",BOB-ESG-0273,PO-ESG-3259,102592.38,supplier_score,907.70,1065.35,117.4,282.14,39.7,68,48480.51,-0.77,No,None,Missing,"Needs review","CFO approval for material ESG spend",Yes,"IBMBOB_ESG_Cost_KPI_Mar2026.csv + Raw_GL_Export_With_CostCenters_Mar2026_IBMBOB_Enhanced.csv"
"IBM BOB 3 - ESG",2026-08,ESG-MAR26-0274,TXN006482,AUS01,MKT,"Marketing & Sales","Fleet emissions",5400,Travel,"Sustainable Packaging Co",BOB-ESG-0274,PO-ESG-3818,66816.16,waste_kg_reduced,543.03,422.61,77.8,128.28,45.9,93,-7690.22,-0.52,No,None,Complete,Partial,"No action",No,"IBMBOB_ESG_Cost_KPI_Mar2026.csv + Raw_GL_Export_With_CostCenters_Mar2026_IBMBOB_Enhanced.csv"
"IBM BOB 3 - ESG",2026-08,ESG-MAR26-0275,TXN006483,AUS01,SA,"South Australia Operations","Compliance assurance",5320,"Audit Fees","Carbon Neutral Pty Ltd",BOB-ESG-0275,PO-ESG-7838,43457.83,audit_evidence_count,312.16,321.42,103.0,220.73,54.0,68,73554.89,0.06,No,None,Complete,Ready,"No action",No,"IBMBOB_ESG_Cost_KPI_Mar2026.csv + Raw_GL_Export_With_CostCenters_Mar2026_IBMBOB_Enhanced.csv"
"IBM BOB 3 - ESG",2026-08,ESG-MAR26-0276,TXN006484,AUS01,SA,"South Australia Operations","Carbon offsets",5300,"Professional Services","Sustainable Packaging Co",BOB-ESG-0276,PO-ESG-6179,70507.57,supplier_score,656.91,719.73,109.6,499.59,21.8,47,20391.64,-0.48,No,None,Complete,Ready,"No action",No,"IBMBOB_ESG_Cost_KPI_Mar2026.csv + Raw_GL_Export_With_CostCenters_Mar2026_IBMBOB_Enhanced.csv"
"IBM BOB 3 - ESG",2026-08,ESG-MAR26-0277,TXN006485,NZL01,TAS,"Tasmania Operations","Supplier ESG premium",6010,"Direct Materials","Energy Australia",BOB-ESG-0277,PO-ESG-9314,118199.61,audit_evidence_count,705.45,764.90,108.4,328.41,64.7,57,77321.77,-0.48,No,None,Complete,"Needs review","CFO approval for material ESG spend",Yes,"IBMBOB_ESG_Cost_KPI_Mar2026.csv + Raw_GL_Export_With_CostCenters_Mar2026_IBMBOB_Enhanced.csv"
"IBM BOB 3 - ESG",2026-08,ESG-MAR26-0278,TXN006486,AUS01,ACT,"Australian Capital Territory","Carbon offsets",5300,"Professional Services",EcoVadis,BOB-ESG-0278,PO-ESG-6055,84314.54,supplier_score,485.07,381.72,78.7,385.23,0.1,45,63561.21,-0.65,No,None,Complete,Ready,"No action",No,"IBMBOB_ESG_Cost_KPI_Mar2026.csv + Raw_GL_Export_With_CostCenters_Mar2026_IBMBOB_Enhanced.csv"
"IBM BOB 3 - ESG",2026-08,ESG-MAR26-0279,TXN006487,AUS01,TAS,"Tasmania Operations","Renewable sourcing premium",6000,"Cost of Goods Sold","Green Freight",BOB-ESG-0279,PO-ESG-2339,64053.26,supplier_score,80.34,69.97,87.1,282.52,60.1,85,-44234.41,0.26,No,None,Complete,Ready,"No action",No,"IBMBOB_ESG_Cost_KPI_Mar2026.csv + Raw_GL_Export_With_CostCenters_Mar2026_IBMBOB_Enhanced.csv"
"IBM BOB 3 - ESG",2026-08,ESG-MAR26-0280,TXN006488,NZL01,R&D,"Research & Development","Supplier ESG premium",6010,"Direct Materials","Bureau Veritas",BOB-ESG-0280,PO-ESG-4446,92062.70,waste_kg_reduced,526.79,355.44,67.5,196.77,28.1,49,-32335.47,-0.46,No,None,Missing,Ready,"No action",No,"IBMBOB_ESG_Cost_KPI_Mar2026.csv + Raw_GL_Export_With_CostCenters_Mar2026_IBMBOB_Enhanced.csv"
"IBM BOB 3 - ESG",2026-08,ESG-MAR26-0281,TXN006489,AUS01,IT,"Information Technology","Supplier ESG premium",6010,"Direct Materials","Carbon Neutral Pty Ltd",BOB-ESG-0281,PO-ESG-4456,60182.98,audit_evidence_count,110.08,125.45,114.0,560.80,71.1,81,-615.44,-0.78,No,None,Partial,Ready,"No action",No,"IBMBOB_ESG_Cost_KPI_Mar2026.csv + Raw_GL_Export_With_CostCenters_Mar2026_IBMBOB_Enhanced.csv"
"IBM BOB 3 - ESG",2026-08,ESG-MAR26-0282,TXN006490,AUS01,CORP,"Corporate Head Office","Supplier ESG premium",6010,"Direct Materials","Bureau Veritas",BOB-ESG-0282,PO-ESG-6505,19503.40,"tCO2e avoided",159.35,150.93,94.7,109.63,29.8,83,-38018.18,-0.46,No,None,Complete,Partial,"No action",No,"IBMBOB_ESG_Cost_KPI_Mar2026.csv + Raw_GL_Export_With_CostCenters_Mar2026_IBMBOB_Enhanced.csv"
"IBM BOB 3 - ESG",2026-08,ESG-MAR26-0283,TXN006491,NZL01,MKT,"Marketing & Sales","Carbon offsets",5300,"Professional Services","Climate Active Advisor",BOB-ESG-0283,PO-ESG-4136,86857.46,audit_evidence_count,97.62,76.55,78.4,425.99,48.9,47,71532.72,-0.00,No,None,Missing,Ready,"No action",No,"IBMBOB_ESG_Cost_KPI_Mar2026.csv + Raw_GL_Export_With_CostCenters_Mar2026_IBMBOB_Enhanced.csv"
"IBM BOB 3 - ESG",2026-08,ESG-MAR26-0284,TXN006492,AUS01,OPS,"Operations & Logistics","Renewable sourcing premium",6000,"Cost of Goods Sold","Bureau Veritas",BOB-ESG-0284,PO-ESG-6409,26944.17,supplier_score,456.54,427.11,93.6,204.39,72.8,53,-5416.66,-0.71,No,None,Complete,Ready,"No action",No,"IBMBOB_ESG_Cost_KPI_Mar2026.csv + Raw_GL_Export_With_CostCenters_Mar2026_IBMBOB_Enhanced.csv"
"IBM BOB 3 - ESG",2026-08,ESG-MAR26-0285,TXN006493,AUS01,NT,"Northern Territory Operations","Fleet emissions",5400,Travel,"Climate Active Advisor",BOB-ESG-0285,PO-ESG-7379,62874.97,audit_evidence_count,983.22,760.80,77.4,109.16,76.7,68,24790.20,-0.03,No,None,Complete,Ready,"No action",No,"IBMBOB_ESG_Cost_KPI_Mar2026.csv + Raw_GL_Export_With_CostCenters_Mar2026_IBMBOB_Enhanced.csv"
"IBM BOB 3 - ESG",2026-08,ESG-MAR26-0286,TXN006494,AUS01,TAS,"Tasmania Operations","Compliance assurance",5320,"Audit Fees","Bureau Veritas",BOB-ESG-0286,PO-ESG-3140,77715.86,audit_evidence_count,180.35,118.91,65.9,212.70,65.3,79,42721.96,0.09,No,None,Complete,Ready,"No action",No,"IBMBOB_ESG_Cost_KPI_Mar2026.csv + Raw_GL_Export_With_CostCenters_Mar2026_IBMBOB_Enhanced.csv"
"IBM BOB 3 - ESG",2026-08,ESG-MAR26-0287,TXN006495,AUS01,WA,"Western Australia Operations","Energy usage",5110,Utilities,EcoVadis,BOB-ESG-0287,PO-ESG-5749,106389.38,renewable_kwh,934.51,735.88,78.7,432.44,70.7,75,47295.22,0.24,No,None,Complete,"Needs review","CFO approval for material ESG spend",Yes,"IBMBOB_ESG_Cost_KPI_Mar2026.csv + Raw_GL_Export_With_CostCenters_Mar2026_IBMBOB_Enhanced.csv"
"IBM BOB 3 - ESG",2026-08,ESG-MAR26-0288,TXN006496,FJI01,SA,"South Australia Operations","Fleet emissions",5400,Travel,"Climate Active Advisor",BOB-ESG-0288,PO-ESG-6571,81202.88,waste_kg_reduced,363.09,315.27,86.8,343.00,52.4,45,-47792.58,-0.13,No,None,Partial,Ready,"No action",No,"IBMBOB_ESG_Cost_KPI_Mar2026.csv + Raw_GL_Export_With_CostCenters_Mar2026_IBMBOB_Enhanced.csv"
"IBM BOB 3 - ESG",2026-08,ESG-MAR26-0289,TXN006497,AUS01,IT,"Information Technology","Renewable sourcing premium",6000,"Cost of Goods Sold","Origin Energy",BOB-ESG-0289,PO-ESG-7414,67336.60,renewable_kwh,245.67,284.11,115.6,485.56,7.3,60,-2653.78,0.38,No,None,Partial,Ready,"No action",No,"IBMBOB_ESG_Cost_KPI_Mar2026.csv + Raw_GL_Export_With_CostCenters_Mar2026_IBMBOB_Enhanced.csv"
"IBM BOB 3 - ESG",2026-08,ESG-MAR26-0290,TXN006498,AUS01,MKT,"Marketing & Sales","Supplier ESG premium",6010,"Direct Materials",EcoVadis,BOB-ESG-0290,PO-ESG-2442,18913.42,audit_evidence_count,550.95,453.48,82.3,279.61,60.6,92,60761.09,-0.46,No,None,Partial,Partial,"No action",No,"IBMBOB_ESG_Cost_KPI_Mar2026.csv + Raw_GL_Export_With_CostCenters_Mar2026_IBMBOB_Enhanced.csv"
"IBM BOB 3 - ESG",2026-08,ESG-MAR26-0291,TXN006499,NZL01,CORP,"Corporate Head Office","Energy usage",5110,Utilities,"Carbon Neutral Pty Ltd",BOB-ESG-0291,PO-ESG-9012,16745.73,audit_evidence_count,938.94,689.73,73.5,148.80,26.6,65,64979.25,-0.66,No,None,Complete,Ready,"No action",No,"IBMBOB_ESG_Cost_KPI_Mar2026.csv + Raw_GL_Export_With_CostCenters_Mar2026_IBMBOB_Enhanced.csv"
"IBM BOB 3 - ESG",2026-08,ESG-MAR26-0292,TXN006500,AUS01,OPS,"Operations & Logistics","Fleet emissions",5400,Travel,"Energy Australia",BOB-ESG-0292,PO-ESG-7980,52422.96,"tCO2e avoided",251.65,210.26,83.6,254.82,30.8,92,51890.20,-0.41,No,None,Missing,Partial,"No action",No,"IBMBOB_ESG_Cost_KPI_Mar2026.csv + Raw_GL_Export_With_CostCenters_Mar2026_IBMBOB_Enhanced.csv"
"IBM BOB 3 - ESG",2026-08,ESG-MAR26-0293,TXN006501,NZL01,SA,"South Australia Operations","Renewable sourcing premium",6000,"Cost of Goods Sold","Climate Active Advisor",BOB-ESG-0293,PO-ESG-3903,89577.46,renewable_kwh,146.78,143.22,97.6,595.59,83.7,60,72468.21,0.22,No,None,Missing,Ready,"No action",No,"IBMBOB_ESG_Cost_KPI_Mar2026.csv + Raw_GL_Export_With_CostCenters_Mar2026_IBMBOB_Enhanced.csv"
"IBM BOB 3 - ESG",2026-08,ESG-MAR26-0294,TXN006502,AUS01,ACT,"Australian Capital Territory","Sustainable packaging",6010,"Direct Materials","Origin Energy",BOB-ESG-0294,PO-ESG-4498,34105.41,renewable_kwh,693.86,685.62,98.8,361.92,7.2,56,-48876.93,-0.14,No,None,Partial,Ready,"No action",No,"IBMBOB_ESG_Cost_KPI_Mar2026.csv + Raw_GL_Export_With_CostCenters_Mar2026_IBMBOB_Enhanced.csv"
"IBM BOB 3 - ESG",2026-08,ESG-MAR26-0295,TXN006503,PNG01,OPS,"Operations & Logistics","Supplier ESG premium",6010,"Direct Materials","Climate Active Advisor",BOB-ESG-0295,PO-ESG-3160,56997.47,supplier_score,102.98,89.73,87.1,576.62,1.9,72,-16562.51,-0.11,No,None,Partial,Ready,"No action",No,"IBMBOB_ESG_Cost_KPI_Mar2026.csv + Raw_GL_Export_With_CostCenters_Mar2026_IBMBOB_Enhanced.csv"
"IBM BOB 3 - ESG",2026-08,ESG-MAR26-0296,TXN006504,NZL01,TAS,"Tasmania Operations","Renewable sourcing premium",6000,"Cost of Goods Sold","Bureau Veritas",BOB-ESG-0296,PO-ESG-8318,48649.04,renewable_kwh,186.62,141.38,75.8,471.16,25.6,84,50674.12,0.39,No,None,Partial,Partial,"No action",No,"IBMBOB_ESG_Cost_KPI_Mar2026.csv + Raw_GL_Export_With_CostCenters_Mar2026_IBMBOB_Enhanced.csv"
"IBM BOB 3 - ESG",2026-08,ESG-MAR26-0297,TXN006505,AUS01,ACT,"Australian Capital Territory","Carbon offsets",5300,"Professional Services","Climate Active Advisor",BOB-ESG-0297,PO-ESG-5965,57292.89,"tCO2e avoided",328.20,306.41,93.4,417.62,65.1,57,73887.26,0.29,No,None,Complete,Ready,"No action",No,"IBMBOB_ESG_Cost_KPI_Mar2026.csv + Raw_GL_Export_With_CostCenters_Mar2026_IBMBOB_Enhanced.csv"
"IBM BOB 3 - ESG",2026-08,ESG-MAR26-0298,TXN006506,AUS01,NT,"Northern Territory Operations","Renewable sourcing premium",6000,"Cost of Goods Sold","Carbon Neutral Pty Ltd",BOB-ESG-0298,PO-ESG-5098,43801.37,"tCO2e avoided",454.71,361.44,79.5,132.65,88.4,92,58612.92,0.08,No,None,Complete,Ready,"No action",No,"IBMBOB_ESG_Cost_KPI_Mar2026.csv + Raw_GL_Export_With_CostCenters_Mar2026_IBMBOB_Enhanced.csv"
"IBM BOB 3 - ESG",2026-08,ESG-MAR26-0299,TXN006507,AUS01,HR,"Human Resources","Sustainable packaging",6010,"Direct Materials","Carbon Neutral Pty Ltd",BOB-ESG-0299,PO-ESG-4872,108923.66,renewable_kwh,577.32,591.63,102.5,318.64,35.7,87,-20684.96,-0.10,No,None,Partial,"Needs review","CFO approval for material ESG spend",Yes,"IBMBOB_ESG_Cost_KPI_Mar2026.csv + Raw_GL_Export_With_CostCenters_Mar2026_IBMBOB_Enhanced.csv"
"IBM BOB 3 - ESG",2026-08,ESG-MAR26-0300,TXN006508,AUS01,OPS,"Operations & Logistics","Sustainable packaging",6010,"Direct Materials","Sustainable Packaging Co",BOB-ESG-0300,PO-ESG-7085,15581.20,audit_evidence_count,972.63,669.02,68.8,309.47,82.3,76,29639.80,0.06,No,None,Partial,Partial,"No action",No,"IBMBOB_ESG_Cost_KPI_Mar2026.csv + Raw_GL_Export_With_CostCenters_Mar2026_IBMBOB_Enhanced.csv"
"IBM BOB 3 - ESG",2026-08,ESG-MAR26-0301,TXN006509,AUS01,NT,"Northern Territory Operations","Waste reduction",5600,Telecommunications,"Carbon Neutral Pty Ltd",BOB-ESG-0301,PO-ESG-5015,44282.82,"tCO2e avoided",505.26,390.79,77.3,63.97,96.7,58,37611.49,0.29,No,None,Complete,Ready,"No action",No,"IBMBOB_ESG_Cost_KPI_Mar2026.csv + Raw_GL_Export_With_CostCenters_Mar2026_IBMBOB_Enhanced.csv"
"IBM BOB 3 - ESG",2026-08,ESG-MAR26-0302,TXN006510,AUS01,NSW,"New South Wales Operations","Sustainable packaging",6010,"Direct Materials","Energy Australia",BOB-ESG-0302,PO-ESG-2890,104346.52,audit_evidence_count,97.46,88.13,90.4,322.41,3.5,68,38502.41,-0.34,No,None,Partial,"Needs review","CFO approval for material ESG spend",Yes,"IBMBOB_ESG_Cost_KPI_Mar2026.csv + Raw_GL_Export_With_CostCenters_Mar2026_IBMBOB_Enhanced.csv"
"IBM BOB 3 - ESG",2026-08,ESG-MAR26-0303,TXN006511,AUS01,VIC,"Victoria Operations","Fleet emissions",5400,Travel,"Origin Energy",BOB-ESG-0303,PO-ESG-2734,62601.07,waste_kg_reduced,800.35,633.77,79.2,471.37,95.6,93,24592.01,-0.65,No,None,Missing,Partial,"No action",No,"IBMBOB_ESG_Cost_KPI_Mar2026.csv + Raw_GL_Export_With_CostCenters_Mar2026_IBMBOB_Enhanced.csv"
"IBM BOB 3 - ESG",2026-08,ESG-MAR26-0304,TXN006512,AUS01,ACT,"Australian Capital Territory","Waste reduction",5600,Telecommunications,"Origin Energy",BOB-ESG-0304,PO-ESG-5480,63134.37,waste_kg_reduced,629.37,593.89,94.4,325.13,21.8,77,29358.12,0.06,No,None,Partial,Ready,"No action",No,"IBMBOB_ESG_Cost_KPI_Mar2026.csv + Raw_GL_Export_With_CostCenters_Mar2026_IBMBOB_Enhanced.csv"
"IBM BOB 3 - ESG",2026-08,ESG-MAR26-0305,TXN006513,AUS01,TAS,"Tasmania Operations","Renewable sourcing premium",6000,"Cost of Goods Sold","Climate Active Advisor",BOB-ESG-0305,PO-ESG-8819,72729.60,renewable_kwh,515.47,349.25,67.8,192.33,63.4,89,27568.04,0.30,No,None,Missing,Partial,"No action",No,"IBMBOB_ESG_Cost_KPI_Mar2026.csv + Raw_GL_Export_With_CostCenters_Mar2026_IBMBOB_Enhanced.csv"
"IBM BOB 3 - ESG",2026-08,ESG-MAR26-0306,TXN006514,NZL01,MKT,"Marketing & Sales","Supplier ESG premium",6010,"Direct Materials","Bureau Veritas",BOB-ESG-0306,PO-ESG-8966,100174.74,renewable_kwh,873.17,883.95,101.2,193.05,85.7,79,48184.64,-0.59,No,None,Partial,"Needs review","CFO approval for material ESG spend",Yes,"IBMBOB_ESG_Cost_KPI_Mar2026.csv + Raw_GL_Export_With_CostCenters_Mar2026_IBMBOB_Enhanced.csv"
"IBM BOB 3 - ESG",2026-08,ESG-MAR26-0307,TXN006515,NZL01,IT,"Information Technology","Energy usage",5110,Utilities,"Sustainable Packaging Co",BOB-ESG-0307,PO-ESG-3977,61815.24,waste_kg_reduced,610.08,660.15,108.2,472.75,95.1,48,70856.05,-0.79,No,None,Complete,Ready,"No action",No,"IBMBOB_ESG_Cost_KPI_Mar2026.csv + Raw_GL_Export_With_CostCenters_Mar2026_IBMBOB_Enhanced.csv"
"IBM BOB 3 - ESG",2026-08,ESG-MAR26-0308,TXN006516,AUS01,FIN,"Finance & Accounting","Waste reduction",5600,Telecommunications,"Sustainable Packaging Co",BOB-ESG-0308,PO-ESG-6512,89164.27,supplier_score,801.33,777.66,97.0,214.15,32.6,79,76875.73,-0.16,No,None,Complete,Ready,"No action",No,"IBMBOB_ESG_Cost_KPI_Mar2026.csv + Raw_GL_Export_With_CostCenters_Mar2026_IBMBOB_Enhanced.csv"
"IBM BOB 3 - ESG",2026-08,ESG-MAR26-0309,TXN006517,NZL01,TAS,"Tasmania Operations","Supplier ESG premium",6010,"Direct Materials","Origin Energy",BOB-ESG-0309,PO-ESG-3240,45890.20,supplier_score,332.68,336.12,101.0,81.99,46.6,54,33420.83,-0.45,No,None,Complete,Partial,"No action",No,"IBMBOB_ESG_Cost_KPI_Mar2026.csv + Raw_GL_Export_With_CostCenters_Mar2026_IBMBOB_Enhanced.csv"
"IBM BOB 3 - ESG",2026-08,ESG-MAR26-0310,TXN006518,NZL01,ACT,"Australian Capital Territory","Supplier ESG premium",6010,"Direct Materials","Bureau Veritas",BOB-ESG-0310,PO-ESG-8697,2672.29,audit_evidence_count,534.68,371.79,69.5,155.28,31.5,89,31654.75,-0.74,No,None,Complete,Ready,"No action",No,"IBMBOB_ESG_Cost_KPI_Mar2026.csv + Raw_GL_Export_With_CostCenters_Mar2026_IBMBOB_Enhanced.csv"
"IBM BOB 3 - ESG",2026-08,ESG-MAR26-0311,TXN006519,FJI01,IT,"Information Technology","Carbon offsets",5300,"Professional Services","Green Freight",BOB-ESG-0311,PO-ESG-4785,107849.36,"tCO2e avoided",470.43,311.84,66.3,11.97,20.4,79,-5776.04,-0.44,No,None,Missing,"Needs review","CFO approval for material ESG spend",Yes,"IBMBOB_ESG_Cost_KPI_Mar2026.csv + Raw_GL_Export_With_CostCenters_Mar2026_IBMBOB_Enhanced.csv"
"IBM BOB 3 - ESG",2026-08,ESG-MAR26-0312,TXN006520,NZL01,TAS,"Tasmania Operations","Waste reduction",5600,Telecommunications,"Sustainable Packaging Co",BOB-ESG-0312,PO-ESG-6187,69871.97,supplier_score,276.85,329.41,119.0,94.97,44.9,69,-24940.72,0.36,No,None,Partial,Ready,"No action",No,"IBMBOB_ESG_Cost_KPI_Mar2026.csv + Raw_GL_Export_With_CostCenters_Mar2026_IBMBOB_Enhanced.csv"
"IBM BOB 3 - ESG",2026-08,ESG-MAR26-0313,TXN006521,PNG01,SA,"South Australia Operations","Waste reduction",5600,Telecommunications,"Green Freight",BOB-ESG-0313,PO-ESG-4446,92325.82,waste_kg_reduced,386.51,324.68,84.0,216.09,27.6,90,73977.50,0.11,No,None,Complete,Partial,"No action",No,"IBMBOB_ESG_Cost_KPI_Mar2026.csv + Raw_GL_Export_With_CostCenters_Mar2026_IBMBOB_Enhanced.csv"
"IBM BOB 3 - ESG",2026-08,ESG-MAR26-0314,TXN006522,NZL01,WA,"Western Australia Operations","Supplier ESG premium",6010,"Direct Materials","Bureau Veritas",BOB-ESG-0314,PO-ESG-4388,54552.67,supplier_score,415.49,352.82,84.9,110.89,77.1,66,69961.65,0.37,No,None,Complete,Ready,"No action",No,"IBMBOB_ESG_Cost_KPI_Mar2026.csv + Raw_GL_Export_With_CostCenters_Mar2026_IBMBOB_Enhanced.csv"
"IBM BOB 3 - ESG",2026-08,ESG-MAR26-0315,TXN006523,NZL01,IT,"Information Technology","Waste reduction",5600,Telecommunications,"Climate Active Advisor",BOB-ESG-0315,PO-ESG-4600,79786.75,supplier_score,713.70,817.32,114.5,157.64,23.1,59,-32454.90,0.22,No,None,Complete,Ready,"No action",No,"IBMBOB_ESG_Cost_KPI_Mar2026.csv + Raw_GL_Export_With_CostCenters_Mar2026_IBMBOB_Enhanced.csv"
"IBM BOB 3 - ESG",2026-08,ESG-MAR26-0316,TXN006524,AUS01,SA,"South Australia Operations","Waste reduction",5600,Telecommunications,"Energy Australia",BOB-ESG-0316,PO-ESG-6727,76942.03,"tCO2e avoided",836.58,923.84,110.4,167.06,3.5,69,16825.23,0.11,No,None,Partial,Partial,"No action",No,"IBMBOB_ESG_Cost_KPI_Mar2026.csv + Raw_GL_Export_With_CostCenters_Mar2026_IBMBOB_Enhanced.csv"
"IBM BOB 3 - ESG",2026-08,ESG-MAR26-0317,TXN006525,NZL01,CORP,"Corporate Head Office","Carbon offsets",5300,"Professional Services","Origin Energy",BOB-ESG-0317,PO-ESG-9612,108791.29,supplier_score,453.82,506.22,111.5,403.99,94.8,71,33231.15,0.06,No,None,Complete,"Needs review","CFO approval for material ESG spend",Yes,"IBMBOB_ESG_Cost_KPI_Mar2026.csv + Raw_GL_Export_With_CostCenters_Mar2026_IBMBOB_Enhanced.csv"
"IBM BOB 3 - ESG",2026-08,ESG-MAR26-0318,TXN006526,AUS01,FIN,"Finance & Accounting","Fleet emissions",5400,Travel,"Green Freight",BOB-ESG-0318,PO-ESG-2738,1959.86,waste_kg_reduced,468.40,383.05,81.8,150.57,76.3,96,45455.03,-0.21,No,None,Missing,Ready,"No action",No,"IBMBOB_ESG_Cost_KPI_Mar2026.csv + Raw_GL_Export_With_CostCenters_Mar2026_IBMBOB_Enhanced.csv"
"IBM BOB 3 - ESG",2026-08,ESG-MAR26-0319,TXN006527,AUS01,QLD,"Queensland Operations","Compliance assurance",5320,"Audit Fees","Sustainable Packaging Co",BOB-ESG-0319,PO-ESG-5468,17397.51,supplier_score,764.08,767.72,100.5,341.69,97.2,73,-32167.86,-0.71,No,None,Partial,Ready,"No action",No,"IBMBOB_ESG_Cost_KPI_Mar2026.csv + Raw_GL_Export_With_CostCenters_Mar2026_IBMBOB_Enhanced.csv"
"IBM BOB 3 - ESG",2026-08,ESG-MAR26-0320,TXN006528,AUS01,IT,"Information Technology","Fleet emissions",5400,Travel,"Origin Energy",BOB-ESG-0320,PO-ESG-7739,14462.90,"tCO2e avoided",330.40,392.83,118.9,136.03,84.5,62,-13553.58,-0.78,No,None,Complete,Ready,"No action",No,"IBMBOB_ESG_Cost_KPI_Mar2026.csv + Raw_GL_Export_With_CostCenters_Mar2026_IBMBOB_Enhanced.csv"
"IBM BOB 3 - ESG",2026-08,ESG-MAR26-0321,TXN006529,AUS01,TAS,"Tasmania Operations","Waste reduction",5600,Telecommunications,"Carbon Neutral Pty Ltd",BOB-ESG-0321,PO-ESG-9823,109402.28,supplier_score,742.78,792.98,106.8,436.47,5.2,67,23695.44,-0.53,No,None,Missing,"Needs review","CFO approval for material ESG spend",Yes,"IBMBOB_ESG_Cost_KPI_Mar2026.csv + Raw_GL_Export_With_CostCenters_Mar2026_IBMBOB_Enhanced.csv"
"IBM BOB 3 - ESG",2026-08,ESG-MAR26-0322,TXN006530,AUS01,QLD,"Queensland Operations","Waste reduction",5600,Telecommunications,"Sustainable Packaging Co",BOB-ESG-0322,PO-ESG-8528,74831.74,waste_kg_reduced,949.38,1129.24,118.9,84.61,25.0,87,21387.35,-0.52,No,None,Complete,Partial,"No action",No,"IBMBOB_ESG_Cost_KPI_Mar2026.csv + Raw_GL_Export_With_CostCenters_Mar2026_IBMBOB_Enhanced.csv"
"IBM BOB 3 - ESG",2026-08,ESG-MAR26-0323,TXN006531,AUS01,HR,"Human Resources","Compliance assurance",5320,"Audit Fees","Origin Energy",BOB-ESG-0323,PO-ESG-5887,109038.49,supplier_score,870.64,897.19,103.0,87.27,32.0,54,44096.67,0.29,No,None,Missing,"Needs review","CFO approval for material ESG spend",Yes,"IBMBOB_ESG_Cost_KPI_Mar2026.csv + Raw_GL_Export_With_CostCenters_Mar2026_IBMBOB_Enhanced.csv"
"IBM BOB 3 - ESG",2026-08,ESG-MAR26-0324,TXN006532,AUS01,HR,"Human Resources","Sustainable packaging",6010,"Direct Materials","Energy Australia",BOB-ESG-0324,PO-ESG-6537,84880.95,waste_kg_reduced,238.57,201.40,84.4,93.41,29.8,78,24957.36,-0.40,No,None,Missing,Ready,"No action",No,"IBMBOB_ESG_Cost_KPI_Mar2026.csv + Raw_GL_Export_With_CostCenters_Mar2026_IBMBOB_Enhanced.csv"
"IBM BOB 3 - ESG",2026-08,ESG-MAR26-0325,TXN006533,PNG01,WA,"Western Australia Operations","Renewable sourcing premium",6000,"Cost of Goods Sold","Carbon Neutral Pty Ltd",BOB-ESG-0325,PO-ESG-3320,115689.34,renewable_kwh,901.86,862.92,95.7,431.29,10.3,50,34181.76,0.16,No,None,Complete,"Needs review","CFO approval for material ESG spend",Yes,"IBMBOB_ESG_Cost_KPI_Mar2026.csv + Raw_GL_Export_With_CostCenters_Mar2026_IBMBOB_Enhanced.csv"
"IBM BOB 3 - ESG",2026-08,ESG-MAR26-0326,TXN006534,AUS01,WA,"Western Australia Operations","Supplier ESG premium",6010,"Direct Materials","Origin Energy",BOB-ESG-0326,PO-ESG-6619,95376.98,supplier_score,411.36,510.81,124.2,201.00,40.8,53,39185.50,0.29,No,None,Complete,"Needs review","CFO approval for material ESG spend",Yes,"IBMBOB_ESG_Cost_KPI_Mar2026.csv + Raw_GL_Export_With_CostCenters_Mar2026_IBMBOB_Enhanced.csv"
"IBM BOB 3 - ESG",2026-08,ESG-MAR26-0327,TXN006535,NZL01,OPS,"Operations & Logistics","Sustainable packaging",6010,"Direct Materials","Carbon Neutral Pty Ltd",BOB-ESG-0327,PO-ESG-5963,26641.14,supplier_score,107.09,111.35,104.0,519.07,8.6,74,56884.62,0.01,No,None,Complete,Partial,"No action",No,"IBMBOB_ESG_Cost_KPI_Mar2026.csv + Raw_GL_Export_With_CostCenters_Mar2026_IBMBOB_Enhanced.csv"
"IBM BOB 3 - ESG",2026-08,ESG-MAR26-0328,TXN006536,AUS01,VIC,"Victoria Operations","Renewable sourcing premium",6000,"Cost of Goods Sold","Carbon Neutral Pty Ltd",BOB-ESG-0328,PO-ESG-7791,79447.84,renewable_kwh,69.73,46.97,67.4,167.03,46.2,52,24241.06,-0.29,No,None,Complete,Ready,"No action",No,"IBMBOB_ESG_Cost_KPI_Mar2026.csv + Raw_GL_Export_With_CostCenters_Mar2026_IBMBOB_Enhanced.csv"
"IBM BOB 3 - ESG",2026-08,ESG-MAR26-0329,TXN006537,NZL01,VIC,"Victoria Operations","Compliance assurance",5320,"Audit Fees","Origin Energy",BOB-ESG-0329,PO-ESG-9452,58430.84,audit_evidence_count,141.26,166.88,118.1,500.86,97.4,46,37875.93,0.31,No,None,Partial,Ready,"No action",No,"IBMBOB_ESG_Cost_KPI_Mar2026.csv + Raw_GL_Export_With_CostCenters_Mar2026_IBMBOB_Enhanced.csv"
"IBM BOB 3 - ESG",2026-08,ESG-MAR26-0330,TXN006538,AUS01,NT,"Northern Territory Operations","Fleet emissions",5400,Travel,"Sustainable Packaging Co",BOB-ESG-0330,PO-ESG-3430,103669.06,supplier_score,766.42,802.85,104.8,34.83,21.1,57,31624.69,0.07,No,None,Partial,"Needs review","CFO approval for material ESG spend",Yes,"IBMBOB_ESG_Cost_KPI_Mar2026.csv + Raw_GL_Export_With_CostCenters_Mar2026_IBMBOB_Enhanced.csv"
"IBM BOB 3 - ESG",2026-08,ESG-MAR26-0331,TXN006539,PNG01,WA,"Western Australia Operations","Supplier ESG premium",6010,"Direct Materials","Green Freight",BOB-ESG-0331,PO-ESG-8659,69034.28,renewable_kwh,465.18,415.84,89.4,294.09,97.1,45,70479.65,0.25,No,None,Complete,Ready,"No action",No,"IBMBOB_ESG_Cost_KPI_Mar2026.csv + Raw_GL_Export_With_CostCenters_Mar2026_IBMBOB_Enhanced.csv"
"IBM BOB 3 - ESG",2026-08,ESG-MAR26-0332,TXN006540,AUS01,SA,"South Australia Operations","Renewable sourcing premium",6000,"Cost of Goods Sold","Green Freight",BOB-ESG-0332,PO-ESG-5727,51774.36,renewable_kwh,254.43,290.45,114.2,377.43,3.5,98,-18240.59,0.12,No,None,Complete,Ready,"No action",No,"IBMBOB_ESG_Cost_KPI_Mar2026.csv + Raw_GL_Export_With_CostCenters_Mar2026_IBMBOB_Enhanced.csv"
"IBM BOB 3 - ESG",2026-08,ESG-MAR26-0333,TXN006541,NZL01,R&D,"Research & Development","Fleet emissions",5400,Travel,"Carbon Neutral Pty Ltd",BOB-ESG-0333,PO-ESG-5526,1788.89,renewable_kwh,895.78,967.81,108.0,484.62,71.5,63,-22231.92,-0.06,No,None,Missing,Partial,"No action",No,"IBMBOB_ESG_Cost_KPI_Mar2026.csv + Raw_GL_Export_With_CostCenters_Mar2026_IBMBOB_Enhanced.csv"
"IBM BOB 3 - ESG",2026-08,ESG-MAR26-0334,TXN006542,AUS01,VIC,"Victoria Operations","Renewable sourcing premium",5900,"Cost of Goods Sold","Carbon Neutral Pty Ltd",BOB-ESG-0334,PO-ESG-3040,85436.01,"tCO2e avoided",160.68,143.87,89.5,495.37,29.0,95,84648.25,-0.21,Yes,"ESG spend posted to non-ESG account or missing KPI link",Complete,"Needs review","Reclassify and link to KPI evidence",Yes,"IBMBOB_ESG_Cost_KPI_Mar2026.csv + Raw_GL_Export_With_CostCenters_Mar2026_IBMBOB_Enhanced.csv"
"IBM BOB 3 - ESG",2026-08,ESG-MAR26-0335,TXN006543,FJI01,QLD,"Queensland Operations","Supplier ESG premium",6010,"Direct Materials","Carbon Neutral Pty Ltd",BOB-ESG-0335,PO-ESG-3264,36203.35,audit_evidence_count,121.50,84.87,69.9,330.51,66.3,97,-9879.44,0.28,No,None,Complete,Ready,"No action",No,"IBMBOB_ESG_Cost_KPI_Mar2026.csv + Raw_GL_Export_With_CostCenters_Mar2026_IBMBOB_Enhanced.csv"
"IBM BOB 3 - ESG",2026-08,ESG-MAR26-0336,TXN006544,AUS01,QLD,"Queensland Operations","Renewable sourcing premium",6000,"Cost of Goods Sold","Origin Energy",BOB-ESG-0336,PO-ESG-7289,81907.31,"tCO2e avoided",511.62,429.99,84.0,392.67,82.3,67,36858.32,0.07,No,None,Missing,Partial,"No action",No,"IBMBOB_ESG_Cost_KPI_Mar2026.csv + Raw_GL_Export_With_CostCenters_Mar2026_IBMBOB_Enhanced.csv"
"IBM BOB 3 - ESG",2026-08,ESG-MAR26-0337,TXN006545,AUS01,SA,"South Australia Operations","Carbon offsets",5300,"Professional Services","Bureau Veritas",BOB-ESG-0337,PO-ESG-7801,6275.36,audit_evidence_count,832.61,972.84,116.8,25.09,31.4,75,-6151.48,0.11,No,None,Complete,Ready,"No action",No,"IBMBOB_ESG_Cost_KPI_Mar2026.csv + Raw_GL_Export_With_CostCenters_Mar2026_IBMBOB_Enhanced.csv"
"IBM BOB 3 - ESG",2026-08,ESG-MAR26-0338,TXN006546,PNG01,WA,"Western Australia Operations","Renewable sourcing premium",6000,"Cost of Goods Sold","Carbon Neutral Pty Ltd",BOB-ESG-0338,PO-ESG-5666,34350.57,audit_evidence_count,318.42,267.60,84.0,30.04,14.1,87,-35207.35,-0.33,No,None,Complete,Ready,"No action",No,"IBMBOB_ESG_Cost_KPI_Mar2026.csv + Raw_GL_Export_With_CostCenters_Mar2026_IBMBOB_Enhanced.csv"
"IBM BOB 3 - ESG",2026-08,ESG-MAR26-0339,TXN006547,PNG01,HR,"Human Resources","Fleet emissions",5400,Travel,"Energy Australia",BOB-ESG-0339,PO-ESG-2108,108719.86,waste_kg_reduced,784.60,531.09,67.7,159.08,11.0,91,39853.61,-0.47,No,None,Missing,"Needs review","CFO approval for material ESG spend",Yes,"IBMBOB_ESG_Cost_KPI_Mar2026.csv + Raw_GL_Export_With_CostCenters_Mar2026_IBMBOB_Enhanced.csv"
"IBM BOB 3 - ESG",2026-08,ESG-MAR26-0340,TXN006548,AUS01,NSW,"New South Wales Operations","Sustainable packaging",6010,"Direct Materials","Bureau Veritas",BOB-ESG-0340,PO-ESG-8523,87959.26,renewable_kwh,564.40,527.73,93.5,445.52,12.6,63,62481.19,0.32,No,None,Partial,Partial,"No action",No,"IBMBOB_ESG_Cost_KPI_Mar2026.csv + Raw_GL_Export_With_CostCenters_Mar2026_IBMBOB_Enhanced.csv"
"IBM BOB 3 - ESG",2026-08,ESG-MAR26-0341,TXN006549,NZL01,HR,"Human Resources","Renewable sourcing premium",6000,"Cost of Goods Sold","Green Freight",BOB-ESG-0341,PO-ESG-8346,110325.40,supplier_score,992.01,1105.51,111.4,217.66,9.9,87,-47291.68,-0.14,No,None,Complete,"Needs review","CFO approval for material ESG spend",Yes,"IBMBOB_ESG_Cost_KPI_Mar2026.csv + Raw_GL_Export_With_CostCenters_Mar2026_IBMBOB_Enhanced.csv"
"IBM BOB 3 - ESG",2026-08,ESG-MAR26-0342,TXN006550,AUS01,WA,"Western Australia Operations","Compliance assurance",5320,"Audit Fees","Green Freight",BOB-ESG-0342,PO-ESG-7512,4925.22,waste_kg_reduced,559.22,551.84,98.7,153.25,68.2,56,-5045.55,0.03,No,None,Missing,Ready,"No action",No,"IBMBOB_ESG_Cost_KPI_Mar2026.csv + Raw_GL_Export_With_CostCenters_Mar2026_IBMBOB_Enhanced.csv"
"IBM BOB 3 - ESG",2026-08,ESG-MAR26-0343,TXN006551,AUS01,CORP,"Corporate Head Office","Renewable sourcing premium",6000,"Cost of Goods Sold","Sustainable Packaging Co",BOB-ESG-0343,PO-ESG-2667,34413.87,renewable_kwh,232.23,273.97,118.0,39.78,39.5,67,6983.16,-0.33,No,None,Complete,Ready,"No action",No,"IBMBOB_ESG_Cost_KPI_Mar2026.csv + Raw_GL_Export_With_CostCenters_Mar2026_IBMBOB_Enhanced.csv"
"IBM BOB 3 - ESG",2026-08,ESG-MAR26-0344,TXN006552,PNG01,NT,"Northern Territory Operations","Supplier ESG premium",6010,"Direct Materials","Climate Active Advisor",BOB-ESG-0344,PO-ESG-2816,55989.30,waste_kg_reduced,721.57,474.68,65.8,268.00,17.4,69,-29124.32,-0.76,No,None,Missing,Partial,"No action",No,"IBMBOB_ESG_Cost_KPI_Mar2026.csv + Raw_GL_Export_With_CostCenters_Mar2026_IBMBOB_Enhanced.csv"
"IBM BOB 3 - ESG",2026-08,ESG-MAR26-0345,TXN006553,NZL01,SA,"South Australia Operations","Compliance assurance",5320,"Audit Fees","Sustainable Packaging Co",BOB-ESG-0345,PO-ESG-3935,33149.30,audit_evidence_count,280.55,231.04,82.4,538.41,32.4,98,56160.11,0.18,No,None,Complete,Ready,"No action",No,"IBMBOB_ESG_Cost_KPI_Mar2026.csv + Raw_GL_Export_With_CostCenters_Mar2026_IBMBOB_Enhanced.csv"
"IBM BOB 3 - ESG",2026-08,ESG-MAR26-0346,TXN006554,AUS01,HR,"Human Resources","Supplier ESG premium",6010,"Direct Materials","Green Freight",BOB-ESG-0346,PO-ESG-9755,110455.60,waste_kg_reduced,201.43,247.24,122.7,311.36,94.0,97,65057.82,-0.21,No,None,Complete,"Needs review","CFO approval for material ESG spend",Yes,"IBMBOB_ESG_Cost_KPI_Mar2026.csv + Raw_GL_Export_With_CostCenters_Mar2026_IBMBOB_Enhanced.csv"
"IBM BOB 3 - ESG",2026-08,ESG-MAR26-0347,TXN006555,NZL01,FIN,"Finance & Accounting","Renewable sourcing premium",6000,"Cost of Goods Sold",EcoVadis,BOB-ESG-0347,PO-ESG-8399,44423.80,supplier_score,830.37,986.22,118.8,130.16,45.2,89,48753.11,-0.12,No,None,Missing,Ready,"No action",No,"IBMBOB_ESG_Cost_KPI_Mar2026.csv + Raw_GL_Export_With_CostCenters_Mar2026_IBMBOB_Enhanced.csv"
"IBM BOB 3 - ESG",2026-08,ESG-MAR26-0348,TXN006556,AUS01,R&D,"Research & Development","Compliance assurance",5320,"Audit Fees",EcoVadis,BOB-ESG-0348,PO-ESG-8278,77738.44,supplier_score,349.17,367.71,105.3,85.02,17.1,52,53694.62,-0.46,No,None,Missing,Ready,"No action",No,"IBMBOB_ESG_Cost_KPI_Mar2026.csv + Raw_GL_Export_With_CostCenters_Mar2026_IBMBOB_Enhanced.csv"
"IBM BOB 3 - ESG",2026-08,ESG-MAR26-0349,TXN006557,AUS01,R&D,"Research & Development","Fleet emissions",5400,Travel,"Sustainable Packaging Co",BOB-ESG-0349,PO-ESG-2264,11920.59,audit_evidence_count,809.16,775.61,95.9,493.64,75.9,64,36744.59,0.32,No,None,Partial,Partial,"No action",No,"IBMBOB_ESG_Cost_KPI_Mar2026.csv + Raw_GL_Export_With_CostCenters_Mar2026_IBMBOB_Enhanced.csv"
"IBM BOB 3 - ESG",2026-08,ESG-MAR26-0350,TXN006558,AUS01,IT,"Information Technology","Carbon offsets",5300,"Professional Services","Energy Australia",BOB-ESG-0350,PO-ESG-4378,42904.47,"tCO2e avoided",428.55,384.84,89.8,363.83,74.2,68,40561.98,-0.76,No,None,Complete,Ready,"No action",No,"IBMBOB_ESG_Cost_KPI_Mar2026.csv + Raw_GL_Export_With_CostCenters_Mar2026_IBMBOB_Enhanced.csv"
"IBM BOB 3 - ESG",2026-08,ESG-MAR26-0351,TXN006559,AUS01,NT,"Northern Territory Operations","Renewable sourcing premium",6000,"Cost of Goods Sold","Origin Energy",BOB-ESG-0351,PO-ESG-8728,118560.59,supplier_score,965.49,1010.27,104.6,483.54,92.3,87,58844.08,-0.31,No,None,Partial,"Needs review","CFO approval for material ESG spend",Yes,"IBMBOB_ESG_Cost_KPI_Mar2026.csv + Raw_GL_Export_With_CostCenters_Mar2026_IBMBOB_Enhanced.csv"
"IBM BOB 3 - ESG",2026-08,ESG-MAR26-0352,TXN006560,AUS01,CORP,"Corporate Head Office","Supplier ESG premium",6010,"Direct Materials","Carbon Neutral Pty Ltd",BOB-ESG-0352,PO-ESG-6823,7169.53,waste_kg_reduced,871.85,877.31,100.6,499.99,36.5,96,44991.75,0.29,No,None,Partial,Ready,"No action",No,"IBMBOB_ESG_Cost_KPI_Mar2026.csv + Raw_GL_Export_With_CostCenters_Mar2026_IBMBOB_Enhanced.csv"
"IBM BOB 3 - ESG",2026-08,ESG-MAR26-0353,TXN006561,AUS01,MKT,"Marketing & Sales","Sustainable packaging",6010,"Direct Materials","Climate Active Advisor",BOB-ESG-0353,PO-ESG-6920,31162.59,"tCO2e avoided",224.35,216.19,96.4,569.00,77.2,55,-35102.12,-0.49,No,None,Complete,Ready,"No action",No,"IBMBOB_ESG_Cost_KPI_Mar2026.csv + Raw_GL_Export_With_CostCenters_Mar2026_IBMBOB_Enhanced.csv"
"IBM BOB 3 - ESG",2026-08,ESG-MAR26-0354,TXN006562,AUS01,HR,"Human Resources","Fleet emissions",5400,Travel,EcoVadis,BOB-ESG-0354,PO-ESG-3226,7560.63,supplier_score,958.10,838.73,87.5,270.03,61.2,97,-22817.30,-0.52,No,None,Complete,Ready,"No action",No,"IBMBOB_ESG_Cost_KPI_Mar2026.csv + Raw_GL_Export_With_CostCenters_Mar2026_IBMBOB_Enhanced.csv"
"IBM BOB 3 - ESG",2026-08,ESG-MAR26-0355,TXN006563,NZL01,SA,"South Australia Operations","Supplier ESG premium",6010,"Direct Materials",EcoVadis,BOB-ESG-0355,PO-ESG-7963,111203.74,waste_kg_reduced,954.76,1074.33,112.5,16.42,11.8,60,22393.43,0.28,No,None,Complete,"Needs review","CFO approval for material ESG spend",Yes,"IBMBOB_ESG_Cost_KPI_Mar2026.csv + Raw_GL_Export_With_CostCenters_Mar2026_IBMBOB_Enhanced.csv"
"IBM BOB 3 - ESG",2026-08,ESG-MAR26-0356,TXN006564,AUS01,SA,"South Australia Operations","Energy usage",5110,Utilities,"Origin Energy",BOB-ESG-0356,PO-ESG-3571,73250.59,renewable_kwh,977.24,1105.44,113.1,3.63,21.5,80,58237.91,-0.09,No,None,Missing,Ready,"No action",No,"IBMBOB_ESG_Cost_KPI_Mar2026.csv + Raw_GL_Export_With_CostCenters_Mar2026_IBMBOB_Enhanced.csv"
"IBM BOB 3 - ESG",2026-08,ESG-MAR26-0357,TXN006565,NZL01,HR,"Human Resources","Fleet emissions",5400,Travel,"Climate Active Advisor",BOB-ESG-0357,PO-ESG-6718,32009.17,supplier_score,907.09,772.27,85.1,113.31,26.9,81,13494.55,-0.47,No,None,Complete,Partial,"No action",No,"IBMBOB_ESG_Cost_KPI_Mar2026.csv + Raw_GL_Export_With_CostCenters_Mar2026_IBMBOB_Enhanced.csv"
"IBM BOB 3 - ESG",2026-08,ESG-MAR26-0358,TXN006566,NZL01,R&D,"Research & Development","Carbon offsets",5300,"Professional Services","Bureau Veritas",BOB-ESG-0358,PO-ESG-2468,77653.89,supplier_score,355.13,305.10,85.9,291.57,36.1,71,40057.19,-0.74,No,None,Complete,Ready,"No action",No,"IBMBOB_ESG_Cost_KPI_Mar2026.csv + Raw_GL_Export_With_CostCenters_Mar2026_IBMBOB_Enhanced.csv"
"IBM BOB 3 - ESG",2026-08,ESG-MAR26-0359,TXN006567,AUS01,CORP,"Corporate Head Office","Fleet emissions",5400,Travel,"Bureau Veritas",BOB-ESG-0359,PO-ESG-5243,97710.40,"tCO2e avoided",525.70,343.95,65.4,18.55,95.0,89,54334.62,0.08,No,None,Partial,"Needs review","CFO approval for material ESG spend",Yes,"IBMBOB_ESG_Cost_KPI_Mar2026.csv + Raw_GL_Export_With_CostCenters_Mar2026_IBMBOB_Enhanced.csv"
"IBM BOB 3 - ESG",2026-08,ESG-MAR26-0360,TXN006568,PNG01,TAS,"Tasmania Operations","Carbon offsets",5300,"Professional Services",EcoVadis,BOB-ESG-0360,PO-ESG-7215,64905.25,renewable_kwh,833.26,585.52,70.3,103.72,58.8,47,62438.58,-0.66,No,None,Partial,Ready,"No action",No,"IBMBOB_ESG_Cost_KPI_Mar2026.csv + Raw_GL_Export_With_CostCenters_Mar2026_IBMBOB_Enhanced.csv"
"IBM BOB 3 - ESG",2026-08,ESG-MAR26-0361,TXN006569,PNG01,OPS,"Operations & Logistics","Carbon offsets",5300,"Professional Services","Green Freight",BOB-ESG-0361,PO-ESG-6316,11009.17,waste_kg_reduced,961.61,1013.04,105.3,114.10,20.9,73,45746.00,0.17,No,None,Complete,Ready,"No action",No,"IBMBOB_ESG_Cost_KPI_Mar2026.csv + Raw_GL_Export_With_CostCenters_Mar2026_IBMBOB_Enhanced.csv"
"IBM BOB 3 - ESG",2026-08,ESG-MAR26-0362,TXN006570,AUS01,FIN,"Finance & Accounting","Fleet emissions",5400,Travel,EcoVadis,BOB-ESG-0362,PO-ESG-7807,94512.49,renewable_kwh,376.39,331.61,88.1,319.71,88.8,58,-41225.53,-0.05,No,None,Missing,Ready,"No action",No,"IBMBOB_ESG_Cost_KPI_Mar2026.csv + Raw_GL_Export_With_CostCenters_Mar2026_IBMBOB_Enhanced.csv"
"IBM BOB 3 - ESG",2026-08,ESG-MAR26-0363,TXN006571,AUS01,CORP,"Corporate Head Office","Supplier ESG premium",6010,"Direct Materials","Green Freight",BOB-ESG-0363,PO-ESG-8236,16652.67,audit_evidence_count,723.56,888.53,122.8,509.51,22.5,57,27662.52,-0.19,No,None,Missing,Ready,"No action",No,"IBMBOB_ESG_Cost_KPI_Mar2026.csv + Raw_GL_Export_With_CostCenters_Mar2026_IBMBOB_Enhanced.csv"
"IBM BOB 3 - ESG",2026-08,ESG-MAR26-0364,TXN006572,AUS01,HR,"Human Resources","Energy usage",5110,Utilities,"Green Freight",BOB-ESG-0364,PO-ESG-4773,70171.95,"tCO2e avoided",424.46,384.93,90.7,37.64,26.8,93,-4729.29,-0.58,No,None,Missing,Ready,"No action",No,"IBMBOB_ESG_Cost_KPI_Mar2026.csv + Raw_GL_Export_With_CostCenters_Mar2026_IBMBOB_Enhanced.csv"
"IBM BOB 3 - ESG",2026-08,ESG-MAR26-0365,TXN006573,AUS01,NSW,"New South Wales Operations","Carbon offsets",5300,"Professional Services","Green Freight",BOB-ESG-0365,PO-ESG-4118,95888.70,"tCO2e avoided",175.40,190.77,108.8,303.59,19.6,76,67062.97,-0.49,No,None,Complete,"Needs review","CFO approval for material ESG spend",Yes,"IBMBOB_ESG_Cost_KPI_Mar2026.csv + Raw_GL_Export_With_CostCenters_Mar2026_IBMBOB_Enhanced.csv"
"IBM BOB 3 - ESG",2026-08,ESG-MAR26-0366,TXN006574,AUS01,FIN,"Finance & Accounting","Energy usage",5110,Utilities,"Sustainable Packaging Co",BOB-ESG-0366,PO-ESG-7684,45261.41,audit_evidence_count,133.83,96.88,72.4,223.21,29.7,98,36895.79,-0.28,No,None,Missing,Ready,"No action",No,"IBMBOB_ESG_Cost_KPI_Mar2026.csv + Raw_GL_Export_With_CostCenters_Mar2026_IBMBOB_Enhanced.csv"
"IBM BOB 3 - ESG",2026-08,ESG-MAR26-0367,TXN006575,AUS01,OPS,"Operations & Logistics","Supplier ESG premium",6010,"Direct Materials","Bureau Veritas",BOB-ESG-0367,PO-ESG-6682,90133.65,waste_kg_reduced,132.74,137.60,103.7,96.03,10.7,95,6467.25,-0.28,No,None,Partial,Ready,"No action",No,"IBMBOB_ESG_Cost_KPI_Mar2026.csv + Raw_GL_Export_With_CostCenters_Mar2026_IBMBOB_Enhanced.csv"
"IBM BOB 3 - ESG",2026-08,ESG-MAR26-0368,TXN006576,AUS01,FIN,"Finance & Accounting","Energy usage",5110,Utilities,"Climate Active Advisor",BOB-ESG-0368,PO-ESG-2406,24035.11,renewable_kwh,383.81,385.08,100.3,549.98,12.6,93,3845.73,-0.13,No,None,Complete,Partial,"No action",No,"IBMBOB_ESG_Cost_KPI_Mar2026.csv + Raw_GL_Export_With_CostCenters_Mar2026_IBMBOB_Enhanced.csv"
"IBM BOB 3 - ESG",2026-08,ESG-MAR26-0369,TXN006577,AUS01,ACT,"Australian Capital Territory","Fleet emissions",5400,Travel,"Green Freight",BOB-ESG-0369,PO-ESG-3216,57676.02,waste_kg_reduced,305.09,317.98,104.2,284.64,56.3,75,10932.90,-0.25,No,None,Missing,Ready,"No action",No,"IBMBOB_ESG_Cost_KPI_Mar2026.csv + Raw_GL_Export_With_CostCenters_Mar2026_IBMBOB_Enhanced.csv"
"IBM BOB 3 - ESG",2026-08,ESG-MAR26-0370,TXN006578,AUS01,R&D,"Research & Development","Fleet emissions",5400,Travel,EcoVadis,BOB-ESG-0370,PO-ESG-6290,31723.41,waste_kg_reduced,214.37,203.83,95.1,327.59,32.2,92,51760.67,-0.70,No,None,Partial,Ready,"No action",No,"IBMBOB_ESG_Cost_KPI_Mar2026.csv + Raw_GL_Export_With_CostCenters_Mar2026_IBMBOB_Enhanced.csv"
"IBM BOB 3 - ESG",2026-08,ESG-MAR26-0371,TXN006579,AUS01,CORP,"Corporate Head Office","Waste reduction",5600,Telecommunications,"Sustainable Packaging Co",BOB-ESG-0371,PO-ESG-6786,22416.39,renewable_kwh,541.46,478.74,88.4,331.19,2.2,73,53814.14,-0.68,No,None,Complete,Ready,"No action",No,"IBMBOB_ESG_Cost_KPI_Mar2026.csv + Raw_GL_Export_With_CostCenters_Mar2026_IBMBOB_Enhanced.csv"
"IBM BOB 3 - ESG",2026-08,ESG-MAR26-0372,TXN006580,PNG01,VIC,"Victoria Operations","Supplier ESG premium",6010,"Direct Materials","Energy Australia",BOB-ESG-0372,PO-ESG-5625,42203.21,renewable_kwh,985.21,675.46,68.6,465.83,12.0,47,-4727.02,-0.77,No,None,Missing,Ready,"No action",No,"IBMBOB_ESG_Cost_KPI_Mar2026.csv + Raw_GL_Export_With_CostCenters_Mar2026_IBMBOB_Enhanced.csv"
"IBM BOB 3 - ESG",2026-08,ESG-MAR26-0373,TXN006581,AUS01,VIC,"Victoria Operations","Waste reduction",5600,Telecommunications,EcoVadis,BOB-ESG-0373,PO-ESG-9071,35138.85,waste_kg_reduced,771.37,710.02,92.0,488.14,10.8,51,-11033.39,-0.19,No,None,Partial,Ready,"No action",No,"IBMBOB_ESG_Cost_KPI_Mar2026.csv + Raw_GL_Export_With_CostCenters_Mar2026_IBMBOB_Enhanced.csv"
"IBM BOB 3 - ESG",2026-08,ESG-MAR26-0374,TXN006582,FJI01,CORP,"Corporate Head Office","Renewable sourcing premium",6000,"Cost of Goods Sold",EcoVadis,BOB-ESG-0374,PO-ESG-3454,96221.71,audit_evidence_count,343.71,239.03,69.5,402.75,8.8,45,49641.44,0.10,No,None,Missing,"Needs review","CFO approval for material ESG spend",Yes,"IBMBOB_ESG_Cost_KPI_Mar2026.csv + Raw_GL_Export_With_CostCenters_Mar2026_IBMBOB_Enhanced.csv"
"IBM BOB 3 - ESG",2026-08,ESG-MAR26-0375,TXN006583,FJI01,OPS,"Operations & Logistics","Waste reduction",5600,Telecommunications,"Bureau Veritas",BOB-ESG-0375,PO-ESG-3895,104765.86,renewable_kwh,163.20,158.77,97.3,586.30,75.1,70,62790.05,-0.14,No,None,Complete,"Needs review","CFO approval for material ESG spend",Yes,"IBMBOB_ESG_Cost_KPI_Mar2026.csv + Raw_GL_Export_With_CostCenters_Mar2026_IBMBOB_Enhanced.csv"
"IBM BOB 3 - ESG",2026-08,ESG-MAR26-0376,TXN006584,AUS01,MKT,"Marketing & Sales","Waste reduction",5600,Telecommunications,"Carbon Neutral Pty Ltd",BOB-ESG-0376,PO-ESG-5198,115818.34,"tCO2e avoided",246.68,200.36,81.2,485.30,40.3,54,8790.39,-0.05,No,None,Partial,"Needs review","CFO approval for material ESG spend",Yes,"IBMBOB_ESG_Cost_KPI_Mar2026.csv + Raw_GL_Export_With_CostCenters_Mar2026_IBMBOB_Enhanced.csv"
"IBM BOB 3 - ESG",2026-08,ESG-MAR26-0377,TXN006585,PNG01,NSW,"New South Wales Operations","Waste reduction",5600,Telecommunications,EcoVadis,BOB-ESG-0377,PO-ESG-9772,26275.69,"tCO2e avoided",764.81,837.85,109.6,218.64,4.7,49,80807.86,-0.63,No,None,Complete,Ready,"No action",No,"IBMBOB_ESG_Cost_KPI_Mar2026.csv + Raw_GL_Export_With_CostCenters_Mar2026_IBMBOB_Enhanced.csv"
"IBM BOB 3 - ESG",2026-08,ESG-MAR26-0378,TXN006586,AUS01,NT,"Northern Territory Operations","Compliance assurance",5320,"Audit Fees","Climate Active Advisor",BOB-ESG-0378,PO-ESG-2634,69495.19,"tCO2e avoided",433.22,494.50,114.1,481.35,58.9,89,-25797.88,-0.17,No,None,Complete,Partial,"No action",No,"IBMBOB_ESG_Cost_KPI_Mar2026.csv + Raw_GL_Export_With_CostCenters_Mar2026_IBMBOB_Enhanced.csv"
"IBM BOB 3 - ESG",2026-08,ESG-MAR26-0379,TXN006587,AUS01,HR,"Human Resources","Carbon offsets",5300,"Professional Services","Sustainable Packaging Co",BOB-ESG-0379,PO-ESG-4626,34353.89,renewable_kwh,128.24,149.70,116.7,454.47,82.0,88,18304.36,0.32,No,None,Complete,Ready,"No action",No,"IBMBOB_ESG_Cost_KPI_Mar2026.csv + Raw_GL_Export_With_CostCenters_Mar2026_IBMBOB_Enhanced.csv"
"IBM BOB 3 - ESG",2026-08,ESG-MAR26-0380,TXN006588,AUS01,R&D,"Research & Development","Waste reduction",5600,Telecommunications,"Carbon Neutral Pty Ltd",BOB-ESG-0380,PO-ESG-7157,78358.00,supplier_score,326.04,253.91,77.9,222.92,25.4,47,66171.52,-0.05,No,None,Complete,Ready,"No action",No,"IBMBOB_ESG_Cost_KPI_Mar2026.csv + Raw_GL_Export_With_CostCenters_Mar2026_IBMBOB_Enhanced.csv"
"IBM BOB 3 - ESG",2026-08,ESG-MAR26-0381,TXN006589,AUS01,SA,"South Australia Operations","Supplier ESG premium",6010,"Direct Materials","Green Freight",BOB-ESG-0381,PO-ESG-5906,97884.20,"tCO2e avoided",699.79,801.94,114.6,208.26,93.5,57,-46631.20,-0.78,No,None,Complete,"Needs review","CFO approval for material ESG spend",Yes,"IBMBOB_ESG_Cost_KPI_Mar2026.csv + Raw_GL_Export_With_CostCenters_Mar2026_IBMBOB_Enhanced.csv"
"IBM BOB 3 - ESG",2026-08,ESG-MAR26-0382,TXN006590,AUS01,FIN,"Finance & Accounting","Energy usage",5110,Utilities,EcoVadis,BOB-ESG-0382,PO-ESG-7528,34091.73,waste_kg_reduced,329.47,283.13,85.9,461.74,52.1,47,-18011.92,-0.03,No,None,Missing,Ready,"No action",No,"IBMBOB_ESG_Cost_KPI_Mar2026.csv + Raw_GL_Export_With_CostCenters_Mar2026_IBMBOB_Enhanced.csv"
"IBM BOB 3 - ESG",2026-08,ESG-MAR26-0383,TXN006591,AUS01,SA,"South Australia Operations","Fleet emissions",5400,Travel,"Bureau Veritas",BOB-ESG-0383,PO-ESG-7324,41683.97,waste_kg_reduced,792.94,696.99,87.9,291.19,96.5,71,60319.34,-0.45,No,None,Complete,Ready,"No action",No,"IBMBOB_ESG_Cost_KPI_Mar2026.csv + Raw_GL_Export_With_CostCenters_Mar2026_IBMBOB_Enhanced.csv"
"IBM BOB 3 - ESG",2026-08,ESG-MAR26-0384,TXN006592,AUS01,OPS,"Operations & Logistics","Sustainable packaging",6010,"Direct Materials","Carbon Neutral Pty Ltd",BOB-ESG-0384,PO-ESG-9499,34336.72,audit_evidence_count,257.65,186.82,72.5,527.04,90.9,89,66143.71,-0.41,No,None,Complete,Partial,"No action",No,"IBMBOB_ESG_Cost_KPI_Mar2026.csv + Raw_GL_Export_With_CostCenters_Mar2026_IBMBOB_Enhanced.csv"
"IBM BOB 3 - ESG",2026-08,ESG-MAR26-0385,TXN006593,AUS01,QLD,"Queensland Operations","Waste reduction",5600,Telecommunications,"Energy Australia",BOB-ESG-0385,PO-ESG-5686,56085.79,waste_kg_reduced,733.08,546.04,74.5,38.13,86.9,65,57844.13,0.30,No,None,Complete,Ready,"No action",No,"IBMBOB_ESG_Cost_KPI_Mar2026.csv + Raw_GL_Export_With_CostCenters_Mar2026_IBMBOB_Enhanced.csv"
"IBM BOB 3 - ESG",2026-08,ESG-MAR26-0386,TXN006594,AUS01,VIC,"Victoria Operations","Energy usage",5110,Utilities,"Origin Energy",BOB-ESG-0386,PO-ESG-2161,7320.87,waste_kg_reduced,536.74,533.96,99.5,547.13,98.1,88,68978.04,-0.67,No,None,Complete,Ready,"No action",No,"IBMBOB_ESG_Cost_KPI_Mar2026.csv + Raw_GL_Export_With_CostCenters_Mar2026_IBMBOB_Enhanced.csv"
"IBM BOB 3 - ESG",2026-08,ESG-MAR26-0387,TXN006595,AUS01,NT,"Northern Territory Operations","Waste reduction",5600,Telecommunications,"Origin Energy",BOB-ESG-0387,PO-ESG-4245,56157.40,supplier_score,909.76,990.04,108.8,330.27,91.4,70,460.21,0.14,No,None,Partial,Ready,"No action",No,"IBMBOB_ESG_Cost_KPI_Mar2026.csv + Raw_GL_Export_With_CostCenters_Mar2026_IBMBOB_Enhanced.csv"
"IBM BOB 3 - ESG",2026-08,ESG-MAR26-0388,TXN006596,PNG01,WA,"Western Australia Operations","Energy usage",5110,Utilities,"Origin Energy",BOB-ESG-0388,PO-ESG-6503,105150.92,waste_kg_reduced,271.27,270.06,99.6,351.04,59.4,50,14354.74,0.32,No,None,Complete,"Needs review","CFO approval for material ESG spend",Yes,"IBMBOB_ESG_Cost_KPI_Mar2026.csv + Raw_GL_Export_With_CostCenters_Mar2026_IBMBOB_Enhanced.csv"
"IBM BOB 3 - ESG",2026-08,ESG-MAR26-0389,TXN006597,AUS01,TAS,"Tasmania Operations","Energy usage",5110,Utilities,"Green Freight",BOB-ESG-0389,PO-ESG-4495,92043.64,renewable_kwh,364.43,239.87,65.8,120.40,18.9,78,35154.13,0.32,No,None,Complete,Ready,"No action",No,"IBMBOB_ESG_Cost_KPI_Mar2026.csv + Raw_GL_Export_With_CostCenters_Mar2026_IBMBOB_Enhanced.csv"
"IBM BOB 3 - ESG",2026-08,ESG-MAR26-0390,TXN006598,AUS01,SA,"South Australia Operations","Compliance assurance",5320,"Audit Fees","Climate Active Advisor",BOB-ESG-0390,PO-ESG-3640,7913.25,waste_kg_reduced,77.96,75.35,96.7,262.76,81.1,49,-3044.02,-0.48,No,None,Complete,Partial,"No action",No,"IBMBOB_ESG_Cost_KPI_Mar2026.csv + Raw_GL_Export_With_CostCenters_Mar2026_IBMBOB_Enhanced.csv"
"IBM BOB 3 - ESG",2026-08,ESG-MAR26-0391,TXN006599,AUS01,ACT,"Australian Capital Territory","Sustainable packaging",6010,"Direct Materials","Origin Energy",BOB-ESG-0391,PO-ESG-7538,116313.42,audit_evidence_count,508.37,494.85,97.3,512.47,69.3,68,1872.52,0.14,No,None,Partial,"Needs review","CFO approval for material ESG spend",Yes,"IBMBOB_ESG_Cost_KPI_Mar2026.csv + Raw_GL_Export_With_CostCenters_Mar2026_IBMBOB_Enhanced.csv"
"IBM BOB 3 - ESG",2026-08,ESG-MAR26-0392,TXN006600,AUS01,R&D,"Research & Development","Renewable sourcing premium",6000,"Cost of Goods Sold","Climate Active Advisor",BOB-ESG-0392,PO-ESG-8605,13353.48,supplier_score,808.99,649.30,80.3,573.46,50.3,95,24132.23,-0.52,No,None,Complete,Ready,"No action",No,"IBMBOB_ESG_Cost_KPI_Mar2026.csv + Raw_GL_Export_With_CostCenters_Mar2026_IBMBOB_Enhanced.csv"
"IBM BOB 3 - ESG",2026-08,ESG-MAR26-0393,TXN006601,AUS01,QLD,"Queensland Operations","Fleet emissions",5400,Travel,"Energy Australia",BOB-ESG-0393,PO-ESG-4688,96410.31,"tCO2e avoided",234.77,264.38,112.6,343.17,27.2,55,5705.07,0.13,No,None,Complete,"Needs review","CFO approval for material ESG spend",Yes,"IBMBOB_ESG_Cost_KPI_Mar2026.csv + Raw_GL_Export_With_CostCenters_Mar2026_IBMBOB_Enhanced.csv"
"IBM BOB 3 - ESG",2026-08,ESG-MAR26-0394,TXN006602,AUS01,MKT,"Marketing & Sales","Sustainable packaging",6010,"Direct Materials",EcoVadis,BOB-ESG-0394,PO-ESG-6703,35970.74,renewable_kwh,313.66,277.26,88.4,292.94,55.1,60,36889.02,0.13,No,None,Missing,Ready,"No action",No,"IBMBOB_ESG_Cost_KPI_Mar2026.csv + Raw_GL_Export_With_CostCenters_Mar2026_IBMBOB_Enhanced.csv"
"IBM BOB 3 - ESG",2026-08,ESG-MAR26-0395,TXN006603,NZL01,TAS,"Tasmania Operations","Waste reduction",5600,Telecommunications,"Green Freight",BOB-ESG-0395,PO-ESG-3655,69902.40,"tCO2e avoided",151.55,145.11,95.8,10.43,21.9,75,82001.49,-0.35,No,None,Missing,Partial,"No action",No,"IBMBOB_ESG_Cost_KPI_Mar2026.csv + Raw_GL_Export_With_CostCenters_Mar2026_IBMBOB_Enhanced.csv"
"IBM BOB 3 - ESG",2026-08,ESG-MAR26-0396,TXN006604,AUS01,FIN,"Finance & Accounting","Sustainable packaging",6010,"Direct Materials","Sustainable Packaging Co",BOB-ESG-0396,PO-ESG-6016,1524.45,"tCO2e avoided",486.43,603.40,124.0,406.08,78.9,57,-19469.69,-0.28,No,None,Complete,Ready,"No action",No,"IBMBOB_ESG_Cost_KPI_Mar2026.csv + Raw_GL_Export_With_CostCenters_Mar2026_IBMBOB_Enhanced.csv"
"IBM BOB 3 - ESG",2026-08,ESG-MAR26-0397,TXN006605,AUS01,WA,"Western Australia Operations","Supplier ESG premium",6010,"Direct Materials","Bureau Veritas",BOB-ESG-0397,PO-ESG-8139,97163.32,renewable_kwh,833.61,660.91,79.3,359.56,83.1,65,20858.51,0.08,No,None,Missing,"Needs review","CFO approval for material ESG spend",Yes,"IBMBOB_ESG_Cost_KPI_Mar2026.csv + Raw_GL_Export_With_CostCenters_Mar2026_IBMBOB_Enhanced.csv"
"IBM BOB 3 - ESG",2026-08,ESG-MAR26-0398,TXN006606,AUS01,TAS,"Tasmania Operations","Sustainable packaging",6010,"Direct Materials","Origin Energy",BOB-ESG-0398,PO-ESG-7494,15402.67,"tCO2e avoided",821.26,620.81,75.6,329.89,75.7,62,-161.95,-0.01,No,None,Missing,Ready,"No action",No,"IBMBOB_ESG_Cost_KPI_Mar2026.csv + Raw_GL_Export_With_CostCenters_Mar2026_IBMBOB_Enhanced.csv"
"IBM BOB 3 - ESG",2026-08,ESG-MAR26-0399,TXN006607,AUS01,OPS,"Operations & Logistics","Carbon offsets",5300,"Professional Services","Green Freight",BOB-ESG-0399,PO-ESG-8044,71227.73,supplier_score,665.94,695.79,104.5,346.18,13.3,56,-3698.85,-0.22,No,None,Missing,Ready,"No action",No,"IBMBOB_ESG_Cost_KPI_Mar2026.csv + Raw_GL_Export_With_CostCenters_Mar2026_IBMBOB_Enhanced.csv"
"IBM BOB 3 - ESG",2026-08,ESG-MAR26-0400,TXN006608,AUS01,R&D,"Research & Development","Energy usage",5110,Utilities,"Climate Active Advisor",BOB-ESG-0400,PO-ESG-2923,11202.66,"tCO2e avoided",473.67,506.83,107.0,299.56,35.8,77,32757.93,0.36,No,None,Missing,Ready,"No action",No,"IBMBOB_ESG_Cost_KPI_Mar2026.csv + Raw_GL_Export_With_CostCenters_Mar2026_IBMBOB_Enhanced.csv"
"IBM BOB 3 - ESG",2026-08,ESG-MAR26-0401,TXN006609,AUS01,NT,"Northern Territory Operations","Carbon offsets",5300,"Professional Services","Bureau Veritas",BOB-ESG-0401,PO-ESG-5520,48430.68,waste_kg_reduced,326.39,373.06,114.3,554.43,52.4,72,-38610.59,-0.45,No,None,Complete,Ready,"No action",No,"IBMBOB_ESG_Cost_KPI_Mar2026.csv + Raw_GL_Export_With_CostCenters_Mar2026_IBMBOB_Enhanced.csv"
"IBM BOB 3 - ESG",2026-08,ESG-MAR26-0402,TXN006610,PNG01,QLD,"Queensland Operations","Renewable sourcing premium",6000,"Cost of Goods Sold","Energy Australia",BOB-ESG-0402,PO-ESG-2524,88545.11,supplier_score,79.91,71.45,89.4,167.75,85.2,62,26828.98,-0.10,No,None,Complete,Ready,"No action",No,"IBMBOB_ESG_Cost_KPI_Mar2026.csv + Raw_GL_Export_With_CostCenters_Mar2026_IBMBOB_Enhanced.csv"
"IBM BOB 3 - ESG",2026-08,ESG-MAR26-0403,TXN006611,AUS01,CORP,"Corporate Head Office","Sustainable packaging",6010,"Direct Materials","Sustainable Packaging Co",BOB-ESG-0403,PO-ESG-8866,99970.90,audit_evidence_count,69.07,61.51,89.1,16.20,7.3,92,-40854.05,0.31,No,None,Complete,"Needs review","CFO approval for material ESG spend",Yes,"IBMBOB_ESG_Cost_KPI_Mar2026.csv + Raw_GL_Export_With_CostCenters_Mar2026_IBMBOB_Enhanced.csv"
"IBM BOB 3 - ESG",2026-08,ESG-MAR26-0404,TXN006612,FJI01,FIN,"Finance & Accounting","Sustainable packaging",6010,"Direct Materials","Sustainable Packaging Co",BOB-ESG-0404,PO-ESG-4456,90188.89,waste_kg_reduced,962.91,1050.71,109.1,28.41,16.3,67,77929.16,-0.69,No,None,Complete,Partial,"No action",No,"IBMBOB_ESG_Cost_KPI_Mar2026.csv + Raw_GL_Export_With_CostCenters_Mar2026_IBMBOB_Enhanced.csv"
"IBM BOB 3 - ESG",2026-08,ESG-MAR26-0405,TXN006613,AUS01,CORP,"Corporate Head Office","Compliance assurance",5320,"Audit Fees",EcoVadis,BOB-ESG-0405,PO-ESG-4605,7913.99,waste_kg_reduced,919.00,769.91,83.8,555.38,97.0,68,81649.41,0.26,No,None,Missing,Ready,"No action",No,"IBMBOB_ESG_Cost_KPI_Mar2026.csv + Raw_GL_Export_With_CostCenters_Mar2026_IBMBOB_Enhanced.csv"
"IBM BOB 3 - ESG",2026-08,ESG-MAR26-0406,TXN006614,AUS01,FIN,"Finance & Accounting","Carbon offsets",5300,"Professional Services","Origin Energy",BOB-ESG-0406,PO-ESG-9330,9465.72,"tCO2e avoided",308.44,246.71,80.0,14.05,94.3,61,-42299.08,0.31,No,None,Partial,Ready,"No action",No,"IBMBOB_ESG_Cost_KPI_Mar2026.csv + Raw_GL_Export_With_CostCenters_Mar2026_IBMBOB_Enhanced.csv"
"IBM BOB 3 - ESG",2026-08,ESG-MAR26-0407,TXN006615,AUS01,ACT,"Australian Capital Territory","Waste reduction",5600,Telecommunications,EcoVadis,BOB-ESG-0407,PO-ESG-3548,97405.00,renewable_kwh,132.33,154.59,116.8,394.86,90.5,68,-28281.45,-0.79,No,None,Complete,"Needs review","CFO approval for material ESG spend",Yes,"IBMBOB_ESG_Cost_KPI_Mar2026.csv + Raw_GL_Export_With_CostCenters_Mar2026_IBMBOB_Enhanced.csv"
"IBM BOB 3 - ESG",2026-08,ESG-MAR26-0408,TXN006616,NZL01,OPS,"Operations & Logistics","Renewable sourcing premium",6000,"Cost of Goods Sold","Sustainable Packaging Co",BOB-ESG-0408,PO-ESG-2586,33563.54,renewable_kwh,348.39,351.55,100.9,538.36,18.4,64,84155.74,-0.73,No,None,Complete,Ready,"No action",No,"IBMBOB_ESG_Cost_KPI_Mar2026.csv + Raw_GL_Export_With_CostCenters_Mar2026_IBMBOB_Enhanced.csv"
"IBM BOB 3 - ESG",2026-08,ESG-MAR26-0409,TXN006617,NZL01,MKT,"Marketing & Sales","Supplier ESG premium",6010,"Direct Materials","Energy Australia",BOB-ESG-0409,PO-ESG-2044,44345.71,renewable_kwh,777.86,511.42,65.7,308.89,92.5,54,-30711.69,-0.27,No,None,Complete,Partial,"No action",No,"IBMBOB_ESG_Cost_KPI_Mar2026.csv + Raw_GL_Export_With_CostCenters_Mar2026_IBMBOB_Enhanced.csv"
"IBM BOB 3 - ESG",2026-08,ESG-MAR26-0410,TXN006618,AUS01,WA,"Western Australia Operations","Renewable sourcing premium",6000,"Cost of Goods Sold","Climate Active Advisor",BOB-ESG-0410,PO-ESG-5655,39658.83,supplier_score,213.07,266.03,124.9,246.45,89.6,77,30667.34,-0.38,No,None,Partial,Partial,"No action",No,"IBMBOB_ESG_Cost_KPI_Mar2026.csv + Raw_GL_Export_With_CostCenters_Mar2026_IBMBOB_Enhanced.csv"
"IBM BOB 3 - ESG",2026-08,ESG-MAR26-0411,TXN006619,NZL01,FIN,"Finance & Accounting","Waste reduction",5600,Telecommunications,"Energy Australia",BOB-ESG-0411,PO-ESG-5658,53173.58,audit_evidence_count,919.01,1039.28,113.1,107.98,88.2,71,19316.05,0.33,No,None,Partial,Partial,"No action",No,"IBMBOB_ESG_Cost_KPI_Mar2026.csv + Raw_GL_Export_With_CostCenters_Mar2026_IBMBOB_Enhanced.csv"
"IBM BOB 3 - ESG",2026-08,ESG-MAR26-0412,TXN006620,AUS01,IT,"Information Technology","Supplier ESG premium",6010,"Direct Materials","Green Freight",BOB-ESG-0412,PO-ESG-5366,66121.93,"tCO2e avoided",764.66,789.46,103.2,401.04,59.3,76,-15218.62,-0.58,No,None,Missing,Partial,"No action",No,"IBMBOB_ESG_Cost_KPI_Mar2026.csv + Raw_GL_Export_With_CostCenters_Mar2026_IBMBOB_Enhanced.csv"
"IBM BOB 3 - ESG",2026-08,ESG-MAR26-0413,TXN006621,NZL01,SA,"South Australia Operations","Sustainable packaging",6010,"Direct Materials","Bureau Veritas",BOB-ESG-0413,PO-ESG-3836,60128.19,renewable_kwh,146.07,107.38,73.5,574.50,40.7,73,65085.61,-0.35,No,None,Missing,Partial,"No action",No,"IBMBOB_ESG_Cost_KPI_Mar2026.csv + Raw_GL_Export_With_CostCenters_Mar2026_IBMBOB_Enhanced.csv"
"IBM BOB 3 - ESG",2026-08,ESG-MAR26-0414,TXN006622,AUS01,HR,"Human Resources","Carbon offsets",5300,"Professional Services","Climate Active Advisor",BOB-ESG-0414,PO-ESG-7926,101711.44,supplier_score,68.92,79.94,116.0,554.15,50.7,70,29889.12,0.04,No,None,Partial,"Needs review","CFO approval for material ESG spend",Yes,"IBMBOB_ESG_Cost_KPI_Mar2026.csv + Raw_GL_Export_With_CostCenters_Mar2026_IBMBOB_Enhanced.csv"
"IBM BOB 3 - ESG",2026-08,ESG-MAR26-0415,TXN006623,AUS01,HR,"Human Resources","Sustainable packaging",6010,"Direct Materials","Energy Australia",BOB-ESG-0415,PO-ESG-8545,30306.04,audit_evidence_count,627.36,686.13,109.4,145.46,69.6,60,-18965.65,-0.05,No,None,Complete,Ready,"No action",No,"IBMBOB_ESG_Cost_KPI_Mar2026.csv + Raw_GL_Export_With_CostCenters_Mar2026_IBMBOB_Enhanced.csv"
"IBM BOB 3 - ESG",2026-08,ESG-MAR26-0416,TXN006624,AUS01,HR,"Human Resources","Carbon offsets",5300,"Professional Services","Green Freight",BOB-ESG-0416,PO-ESG-2331,5122.81,renewable_kwh,140.68,157.52,112.0,338.51,68.7,88,28772.78,-0.60,No,None,Missing,Ready,"No action",No,"IBMBOB_ESG_Cost_KPI_Mar2026.csv + Raw_GL_Export_With_CostCenters_Mar2026_IBMBOB_Enhanced.csv"
"IBM BOB 3 - ESG",2026-08,ESG-MAR26-0417,TXN006625,AUS01,ACT,"Australian Capital Territory","Energy usage",5110,Utilities,"Climate Active Advisor",BOB-ESG-0417,PO-ESG-3529,29347.30,supplier_score,919.33,1143.07,124.3,329.80,36.2,49,826.06,-0.18,No,None,Complete,Partial,"No action",No,"IBMBOB_ESG_Cost_KPI_Mar2026.csv + Raw_GL_Export_With_CostCenters_Mar2026_IBMBOB_Enhanced.csv"
"IBM BOB 3 - ESG",2026-08,ESG-MAR26-0418,TXN006626,AUS01,NT,"Northern Territory Operations","Waste reduction",5600,Telecommunications,"Carbon Neutral Pty Ltd",BOB-ESG-0418,PO-ESG-4193,97552.06,"tCO2e avoided",332.66,323.33,97.2,184.86,91.4,75,-40882.95,-0.25,No,None,Complete,"Needs review","CFO approval for material ESG spend",Yes,"IBMBOB_ESG_Cost_KPI_Mar2026.csv + Raw_GL_Export_With_CostCenters_Mar2026_IBMBOB_Enhanced.csv"
"IBM BOB 3 - ESG",2026-08,ESG-MAR26-0419,TXN006627,NZL01,IT,"Information Technology","Supplier ESG premium",6010,"Direct Materials","Carbon Neutral Pty Ltd",BOB-ESG-0419,PO-ESG-7140,1782.75,"tCO2e avoided",622.35,720.29,115.7,101.60,30.1,84,-43167.61,-0.25,No,None,Complete,Partial,"No action",No,"IBMBOB_ESG_Cost_KPI_Mar2026.csv + Raw_GL_Export_With_CostCenters_Mar2026_IBMBOB_Enhanced.csv"
"IBM BOB 3 - ESG",2026-08,ESG-MAR26-0420,TXN006628,AUS01,SA,"South Australia Operations","Fleet emissions",5400,Travel,EcoVadis,BOB-ESG-0420,PO-ESG-3544,65707.59,"tCO2e avoided",257.28,311.65,121.1,554.94,19.9,75,-11672.02,-0.29,No,None,Missing,Partial,"No action",No,"IBMBOB_ESG_Cost_KPI_Mar2026.csv + Raw_GL_Export_With_CostCenters_Mar2026_IBMBOB_Enhanced.csv"
"IBM BOB 3 - ESG",2026-08,ESG-MAR26-0421,TXN006629,AUS01,TAS,"Tasmania Operations","Compliance assurance",5320,"Audit Fees","Energy Australia",BOB-ESG-0421,PO-ESG-3679,55174.22,renewable_kwh,890.07,631.33,70.9,111.02,11.9,60,56707.45,-0.48,No,None,Complete,Ready,"No action",No,"IBMBOB_ESG_Cost_KPI_Mar2026.csv + Raw_GL_Export_With_CostCenters_Mar2026_IBMBOB_Enhanced.csv"
"IBM BOB 3 - ESG",2026-08,ESG-MAR26-0422,TXN006630,AUS01,NSW,"New South Wales Operations","Compliance assurance",5320,"Audit Fees","Origin Energy",BOB-ESG-0422,PO-ESG-4622,19268.11,"tCO2e avoided",436.01,403.72,92.6,89.70,21.9,50,49685.78,0.18,No,None,Partial,Ready,"No action",No,"IBMBOB_ESG_Cost_KPI_Mar2026.csv + Raw_GL_Export_With_CostCenters_Mar2026_IBMBOB_Enhanced.csv"
"IBM BOB 3 - ESG",2026-08,ESG-MAR26-0423,TXN006631,AUS01,R&D,"Research & Development","Supplier ESG premium",6010,"Direct Materials","Origin Energy",BOB-ESG-0423,PO-ESG-9879,10501.03,supplier_score,282.10,244.30,86.6,390.72,37.0,79,-4937.48,-0.09,No,None,Complete,Ready,"No action",No,"IBMBOB_ESG_Cost_KPI_Mar2026.csv + Raw_GL_Export_With_CostCenters_Mar2026_IBMBOB_Enhanced.csv"
"IBM BOB 3 - ESG",2026-08,ESG-MAR26-0424,TXN006632,PNG01,MKT,"Marketing & Sales","Waste reduction",5600,Telecommunications,"Energy Australia",BOB-ESG-0424,PO-ESG-5763,31311.30,audit_evidence_count,221.93,225.74,101.7,517.73,67.4,81,27523.33,0.32,No,None,Partial,Partial,"No action",No,"IBMBOB_ESG_Cost_KPI_Mar2026.csv + Raw_GL_Export_With_CostCenters_Mar2026_IBMBOB_Enhanced.csv"
"IBM BOB 3 - ESG",2026-08,ESG-MAR26-0425,TXN006633,NZL01,ACT,"Australian Capital Territory","Energy usage",5110,Utilities,"Carbon Neutral Pty Ltd",BOB-ESG-0425,PO-ESG-5229,45518.83,waste_kg_reduced,687.63,791.35,115.1,423.15,22.1,73,57940.55,-0.76,No,None,Complete,Ready,"No action",No,"IBMBOB_ESG_Cost_KPI_Mar2026.csv + Raw_GL_Export_With_CostCenters_Mar2026_IBMBOB_Enhanced.csv"
"IBM BOB 3 - ESG",2026-08,ESG-MAR26-0426,TXN006634,AUS01,CORP,"Corporate Head Office","Compliance assurance",5320,"Audit Fees","Origin Energy",BOB-ESG-0426,PO-ESG-4596,44342.23,audit_evidence_count,326.98,383.52,117.3,158.94,40.8,62,-15172.08,-0.38,No,None,Missing,Partial,"No action",No,"IBMBOB_ESG_Cost_KPI_Mar2026.csv + Raw_GL_Export_With_CostCenters_Mar2026_IBMBOB_Enhanced.csv"
"IBM BOB 3 - ESG",2026-08,ESG-MAR26-0427,TXN006635,AUS01,SA,"South Australia Operations","Energy usage",5110,Utilities,"Climate Active Advisor",BOB-ESG-0427,PO-ESG-9314,91960.38,waste_kg_reduced,939.96,920.69,98.0,417.69,6.0,46,77373.30,-0.06,No,None,Complete,Partial,"No action",No,"IBMBOB_ESG_Cost_KPI_Mar2026.csv + Raw_GL_Export_With_CostCenters_Mar2026_IBMBOB_Enhanced.csv"
"IBM BOB 3 - ESG",2026-08,ESG-MAR26-0428,TXN006636,AUS01,OPS,"Operations & Logistics","Fleet emissions",5400,Travel,EcoVadis,BOB-ESG-0428,PO-ESG-8814,26270.85,supplier_score,479.01,377.11,78.7,61.56,17.2,60,56199.55,0.36,No,None,Partial,Ready,"No action",No,"IBMBOB_ESG_Cost_KPI_Mar2026.csv + Raw_GL_Export_With_CostCenters_Mar2026_IBMBOB_Enhanced.csv"
"IBM BOB 3 - ESG",2026-08,ESG-MAR26-0429,TXN006637,AUS01,MKT,"Marketing & Sales","Energy usage",5110,Utilities,"Energy Australia",BOB-ESG-0429,PO-ESG-3721,113566.40,audit_evidence_count,437.06,418.14,95.7,580.56,61.0,61,61945.12,-0.50,No,None,Complete,"Needs review","CFO approval for material ESG spend",Yes,"IBMBOB_ESG_Cost_KPI_Mar2026.csv + Raw_GL_Export_With_CostCenters_Mar2026_IBMBOB_Enhanced.csv"
"IBM BOB 3 - ESG",2026-08,ESG-MAR26-0430,TXN006638,AUS01,MKT,"Marketing & Sales","Renewable sourcing premium",6000,"Cost of Goods Sold","Sustainable Packaging Co",BOB-ESG-0430,PO-ESG-9446,30976.52,audit_evidence_count,371.78,258.91,69.6,384.30,90.5,53,-8447.78,-0.77,No,None,Missing,Ready,"No action",No,"IBMBOB_ESG_Cost_KPI_Mar2026.csv + Raw_GL_Export_With_CostCenters_Mar2026_IBMBOB_Enhanced.csv"
"IBM BOB 3 - ESG",2026-08,ESG-MAR26-0431,TXN006639,NZL01,MKT,"Marketing & Sales","Supplier ESG premium",6010,"Direct Materials","Sustainable Packaging Co",BOB-ESG-0431,PO-ESG-9885,60809.98,waste_kg_reduced,148.61,181.02,121.8,58.42,12.9,89,84198.69,0.24,No,None,Missing,Ready,"No action",No,"IBMBOB_ESG_Cost_KPI_Mar2026.csv + Raw_GL_Export_With_CostCenters_Mar2026_IBMBOB_Enhanced.csv"
"IBM BOB 3 - ESG",2026-08,ESG-MAR26-0432,TXN006640,NZL01,TAS,"Tasmania Operations","Fleet emissions",5400,Travel,"Energy Australia",BOB-ESG-0432,PO-ESG-5742,30801.71,waste_kg_reduced,464.51,511.34,110.1,288.88,20.5,80,17194.60,-0.18,No,None,Complete,Partial,"No action",No,"IBMBOB_ESG_Cost_KPI_Mar2026.csv + Raw_GL_Export_With_CostCenters_Mar2026_IBMBOB_Enhanced.csv"
"IBM BOB 3 - ESG",2026-08,ESG-MAR26-0433,TXN006641,AUS01,OPS,"Operations & Logistics","Supplier ESG premium",6010,"Direct Materials","Sustainable Packaging Co",BOB-ESG-0433,PO-ESG-9988,67333.69,audit_evidence_count,154.96,123.66,79.8,18.26,66.5,65,-32544.75,-0.48,No,None,Complete,Partial,"No action",No,"IBMBOB_ESG_Cost_KPI_Mar2026.csv + Raw_GL_Export_With_CostCenters_Mar2026_IBMBOB_Enhanced.csv"
"IBM BOB 3 - ESG",2026-08,ESG-MAR26-0434,TXN006642,AUS01,IT,"Information Technology","Renewable sourcing premium",6000,"Cost of Goods Sold","Energy Australia",BOB-ESG-0434,PO-ESG-6794,83676.97,renewable_kwh,222.22,244.39,110.0,94.24,40.4,61,8262.98,0.03,No,None,Complete,Ready,"No action",No,"IBMBOB_ESG_Cost_KPI_Mar2026.csv + Raw_GL_Export_With_CostCenters_Mar2026_IBMBOB_Enhanced.csv"
"IBM BOB 3 - ESG",2026-08,ESG-MAR26-0435,TXN006643,NZL01,QLD,"Queensland Operations","Carbon offsets",5300,"Professional Services","Energy Australia",BOB-ESG-0435,PO-ESG-8191,86927.71,"tCO2e avoided",901.01,883.09,98.0,461.55,19.8,95,16894.59,-0.33,No,None,Missing,Partial,"No action",No,"IBMBOB_ESG_Cost_KPI_Mar2026.csv + Raw_GL_Export_With_CostCenters_Mar2026_IBMBOB_Enhanced.csv"
"IBM BOB 3 - ESG",2026-08,ESG-MAR26-0436,TXN006644,AUS01,FIN,"Finance & Accounting","Waste reduction",5600,Telecommunications,"Climate Active Advisor",BOB-ESG-0436,PO-ESG-7210,62838.39,"tCO2e avoided",74.42,90.46,121.5,42.20,64.2,58,17757.40,0.05,No,None,Complete,Ready,"No action",No,"IBMBOB_ESG_Cost_KPI_Mar2026.csv + Raw_GL_Export_With_CostCenters_Mar2026_IBMBOB_Enhanced.csv"
"IBM BOB 3 - ESG",2026-08,ESG-MAR26-0437,TXN006645,AUS01,NT,"Northern Territory Operations","Fleet emissions",5400,Travel,"Green Freight",BOB-ESG-0437,PO-ESG-8814,18498.97,audit_evidence_count,790.21,763.53,96.6,302.42,82.0,77,-9478.29,0.31,No,None,Partial,Partial,"No action",No,"IBMBOB_ESG_Cost_KPI_Mar2026.csv + Raw_GL_Export_With_CostCenters_Mar2026_IBMBOB_Enhanced.csv"
"IBM BOB 3 - ESG",2026-08,ESG-MAR26-0438,TXN006646,AUS01,WA,"Western Australia Operations","Waste reduction",5600,Telecommunications,"Carbon Neutral Pty Ltd",BOB-ESG-0438,PO-ESG-5436,94516.45,"tCO2e avoided",835.55,845.16,101.1,583.45,12.8,49,-44701.53,-0.51,No,None,Partial,Partial,"No action",No,"IBMBOB_ESG_Cost_KPI_Mar2026.csv + Raw_GL_Export_With_CostCenters_Mar2026_IBMBOB_Enhanced.csv"
"IBM BOB 3 - ESG",2026-08,ESG-MAR26-0439,TXN006647,AUS01,MKT,"Marketing & Sales","Fleet emissions",5400,Travel,"Carbon Neutral Pty Ltd",BOB-ESG-0439,PO-ESG-8396,69850.12,audit_evidence_count,144.32,103.06,71.4,398.42,6.7,67,75960.52,-0.53,No,None,Partial,Ready,"No action",No,"IBMBOB_ESG_Cost_KPI_Mar2026.csv + Raw_GL_Export_With_CostCenters_Mar2026_IBMBOB_Enhanced.csv"
"IBM BOB 3 - ESG",2026-08,ESG-MAR26-0440,TXN006648,AUS01,IT,"Information Technology","Carbon offsets",5300,"Professional Services","Bureau Veritas",BOB-ESG-0440,PO-ESG-8129,10803.09,supplier_score,852.19,1048.80,123.1,87.88,83.1,80,57154.29,-0.35,No,None,Missing,Ready,"No action",No,"IBMBOB_ESG_Cost_KPI_Mar2026.csv + Raw_GL_Export_With_CostCenters_Mar2026_IBMBOB_Enhanced.csv"
"IBM BOB 3 - ESG",2026-08,ESG-MAR26-0441,TXN006649,AUS01,NSW,"New South Wales Operations","Fleet emissions",5400,Travel,"Climate Active Advisor",BOB-ESG-0441,PO-ESG-6889,102169.29,waste_kg_reduced,324.19,213.35,65.8,553.14,86.6,56,-24703.79,-0.58,No,None,Partial,"Needs review","CFO approval for material ESG spend",Yes,"IBMBOB_ESG_Cost_KPI_Mar2026.csv + Raw_GL_Export_With_CostCenters_Mar2026_IBMBOB_Enhanced.csv"
"IBM BOB 3 - ESG",2026-08,ESG-MAR26-0442,TXN006650,AUS01,NSW,"New South Wales Operations","Carbon offsets",5300,"Professional Services","Carbon Neutral Pty Ltd",BOB-ESG-0442,PO-ESG-8135,96980.52,supplier_score,312.04,319.68,102.4,388.01,54.7,49,-39213.15,-0.73,No,None,Partial,"Needs review","CFO approval for material ESG spend",Yes,"IBMBOB_ESG_Cost_KPI_Mar2026.csv + Raw_GL_Export_With_CostCenters_Mar2026_IBMBOB_Enhanced.csv"
"IBM BOB 3 - ESG",2026-08,ESG-MAR26-0443,TXN006651,AUS01,NSW,"New South Wales Operations","Energy usage",5110,Utilities,"Climate Active Advisor",BOB-ESG-0443,PO-ESG-6094,84953.03,waste_kg_reduced,308.40,231.84,75.2,251.71,8.5,79,44325.58,0.04,No,None,Missing,Ready,"No action",No,"IBMBOB_ESG_Cost_KPI_Mar2026.csv + Raw_GL_Export_With_CostCenters_Mar2026_IBMBOB_Enhanced.csv"
"IBM BOB 3 - ESG",2026-08,ESG-MAR26-0444,TXN006652,AUS01,TAS,"Tasmania Operations","Fleet emissions",5400,Travel,"Green Freight",BOB-ESG-0444,PO-ESG-5721,117661.98,audit_evidence_count,659.55,784.10,118.9,95.57,2.6,45,25763.29,0.12,No,None,Missing,"Needs review","CFO approval for material ESG spend",Yes,"IBMBOB_ESG_Cost_KPI_Mar2026.csv + Raw_GL_Export_With_CostCenters_Mar2026_IBMBOB_Enhanced.csv"
"IBM BOB 3 - ESG",2026-08,ESG-MAR26-0445,TXN006653,AUS01,MKT,"Marketing & Sales","Compliance assurance",5320,"Audit Fees","Bureau Veritas",BOB-ESG-0445,PO-ESG-2543,23360.49,audit_evidence_count,111.78,82.90,74.2,532.11,52.6,70,38712.48,-0.17,No,None,Partial,Ready,"No action",No,"IBMBOB_ESG_Cost_KPI_Mar2026.csv + Raw_GL_Export_With_CostCenters_Mar2026_IBMBOB_Enhanced.csv"
"IBM BOB 3 - ESG",2026-08,ESG-MAR26-0446,TXN006654,AUS01,OPS,"Operations & Logistics","Waste reduction",5600,Telecommunications,"Climate Active Advisor",BOB-ESG-0446,PO-ESG-6316,20660.57,supplier_score,851.18,918.10,107.9,91.38,0.6,90,12073.75,-0.03,No,None,Complete,Ready,"No action",No,"IBMBOB_ESG_Cost_KPI_Mar2026.csv + Raw_GL_Export_With_CostCenters_Mar2026_IBMBOB_Enhanced.csv"
"IBM BOB 3 - ESG",2026-08,ESG-MAR26-0447,TXN006655,AUS01,ACT,"Australian Capital Territory","Energy usage",5110,Utilities,"Climate Active Advisor",BOB-ESG-0447,PO-ESG-2186,80899.79,"tCO2e avoided",979.96,1117.05,114.0,273.48,38.4,48,67399.94,-0.35,No,None,Partial,Partial,"No action",No,"IBMBOB_ESG_Cost_KPI_Mar2026.csv + Raw_GL_Export_With_CostCenters_Mar2026_IBMBOB_Enhanced.csv"
"IBM BOB 3 - ESG",2026-08,ESG-MAR26-0448,TXN006656,AUS01,NT,"Northern Territory Operations","Fleet emissions",5400,Travel,"Origin Energy",BOB-ESG-0448,PO-ESG-6091,20100.83,"tCO2e avoided",701.57,692.78,98.7,502.05,36.9,54,-6444.01,0.14,No,None,Missing,Ready,"No action",No,"IBMBOB_ESG_Cost_KPI_Mar2026.csv + Raw_GL_Export_With_CostCenters_Mar2026_IBMBOB_Enhanced.csv"
"IBM BOB 3 - ESG",2026-08,ESG-MAR26-0449,TXN006657,NZL01,CORP,"Corporate Head Office","Carbon offsets",5300,"Professional Services",EcoVadis,BOB-ESG-0449,PO-ESG-3705,54170.92,supplier_score,895.36,590.42,65.9,200.83,48.8,51,37546.30,0.33,No,None,Complete,Ready,"No action",No,"IBMBOB_ESG_Cost_KPI_Mar2026.csv + Raw_GL_Export_With_CostCenters_Mar2026_IBMBOB_Enhanced.csv"
"IBM BOB 3 - ESG",2026-08,ESG-MAR26-0450,TXN006658,AUS01,QLD,"Queensland Operations","Energy usage",5110,Utilities,EcoVadis,BOB-ESG-0450,PO-ESG-8130,44877.67,"tCO2e avoided",851.54,842.72,99.0,463.31,11.4,70,70749.34,0.13,No,None,Partial,Ready,"No action",No,"IBMBOB_ESG_Cost_KPI_Mar2026.csv + Raw_GL_Export_With_CostCenters_Mar2026_IBMBOB_Enhanced.csv"
"IBM BOB 3 - ESG",2026-08,ESG-MAR26-0451,TXN006659,AUS01,VIC,"Victoria Operations","Energy usage",5110,Utilities,"Sustainable Packaging Co",BOB-ESG-0451,PO-ESG-4482,24688.81,renewable_kwh,324.06,254.73,78.6,321.84,29.3,60,-13338.39,-0.12,No,None,Partial,Ready,"No action",No,"IBMBOB_ESG_Cost_KPI_Mar2026.csv + Raw_GL_Export_With_CostCenters_Mar2026_IBMBOB_Enhanced.csv"
"IBM BOB 3 - ESG",2026-08,ESG-MAR26-0452,TXN006660,AUS01,CORP,"Corporate Head Office","Supplier ESG premium",6010,"Direct Materials","Bureau Veritas",BOB-ESG-0452,PO-ESG-4639,101405.27,supplier_score,60.19,47.23,78.5,230.98,6.2,48,-43528.42,0.11,No,None,Partial,"Needs review","CFO approval for material ESG spend",Yes,"IBMBOB_ESG_Cost_KPI_Mar2026.csv + Raw_GL_Export_With_CostCenters_Mar2026_IBMBOB_Enhanced.csv"
"IBM BOB 3 - ESG",2026-08,ESG-MAR26-0453,TXN006661,AUS01,FIN,"Finance & Accounting","Renewable sourcing premium",6000,"Cost of Goods Sold","Origin Energy",BOB-ESG-0453,PO-ESG-4294,91774.31,audit_evidence_count,71.60,85.48,119.4,301.75,71.0,81,-28943.44,0.02,No,None,Partial,Partial,"No action",No,"IBMBOB_ESG_Cost_KPI_Mar2026.csv + Raw_GL_Export_With_CostCenters_Mar2026_IBMBOB_Enhanced.csv"
"IBM BOB 3 - ESG",2026-08,ESG-MAR26-0454,TXN006662,PNG01,FIN,"Finance & Accounting","Supplier ESG premium",6010,"Direct Materials","Carbon Neutral Pty Ltd",BOB-ESG-0454,PO-ESG-5519,104025.07,waste_kg_reduced,892.89,793.54,88.9,188.88,97.0,90,-22561.00,0.19,No,None,Complete,"Needs review","CFO approval for material ESG spend",Yes,"IBMBOB_ESG_Cost_KPI_Mar2026.csv + Raw_GL_Export_With_CostCenters_Mar2026_IBMBOB_Enhanced.csv"
"IBM BOB 3 - ESG",2026-08,ESG-MAR26-0455,TXN006663,AUS01,QLD,"Queensland Operations","Sustainable packaging",6010,"Direct Materials","Carbon Neutral Pty Ltd",BOB-ESG-0455,PO-ESG-3794,26154.89,"tCO2e avoided",488.96,386.41,79.0,35.21,75.0,73,-17886.05,-0.12,No,None,Complete,Partial,"No action",No,"IBMBOB_ESG_Cost_KPI_Mar2026.csv + Raw_GL_Export_With_CostCenters_Mar2026_IBMBOB_Enhanced.csv"
"IBM BOB 3 - ESG",2026-08,ESG-MAR26-0456,TXN006664,PNG01,VIC,"Victoria Operations","Supplier ESG premium",6010,"Direct Materials",EcoVadis,BOB-ESG-0456,PO-ESG-3573,20896.18,renewable_kwh,392.85,355.86,90.6,546.11,39.6,77,-41203.30,0.10,No,None,Complete,Ready,"No action",No,"IBMBOB_ESG_Cost_KPI_Mar2026.csv + Raw_GL_Export_With_CostCenters_Mar2026_IBMBOB_Enhanced.csv"
"IBM BOB 3 - ESG",2026-08,ESG-MAR26-0457,TXN006665,NZL01,ACT,"Australian Capital Territory","Renewable sourcing premium",6000,"Cost of Goods Sold","Energy Australia",BOB-ESG-0457,PO-ESG-3356,75864.95,renewable_kwh,640.12,720.40,112.5,390.71,61.0,97,18786.98,-0.63,No,None,Complete,Partial,"No action",No,"IBMBOB_ESG_Cost_KPI_Mar2026.csv + Raw_GL_Export_With_CostCenters_Mar2026_IBMBOB_Enhanced.csv"
"IBM BOB 3 - ESG",2026-08,ESG-MAR26-0458,TXN006666,FJI01,OPS,"Operations & Logistics","Renewable sourcing premium",6000,"Cost of Goods Sold","Carbon Neutral Pty Ltd",BOB-ESG-0458,PO-ESG-5754,16242.41,supplier_score,382.54,315.70,82.5,577.85,45.2,54,-41604.29,-0.70,No,None,Missing,Ready,"No action",No,"IBMBOB_ESG_Cost_KPI_Mar2026.csv + Raw_GL_Export_With_CostCenters_Mar2026_IBMBOB_Enhanced.csv"
"IBM BOB 3 - ESG",2026-08,ESG-MAR26-0459,TXN006667,AUS01,HR,"Human Resources","Energy usage",5110,Utilities,"Sustainable Packaging Co",BOB-ESG-0459,PO-ESG-9693,104474.84,audit_evidence_count,661.23,805.95,121.9,292.47,74.1,48,-45379.02,-0.37,No,None,Complete,"Needs review","CFO approval for material ESG spend",Yes,"IBMBOB_ESG_Cost_KPI_Mar2026.csv + Raw_GL_Export_With_CostCenters_Mar2026_IBMBOB_Enhanced.csv"
"IBM BOB 3 - ESG",2026-08,ESG-MAR26-0460,TXN006668,PNG01,FIN,"Finance & Accounting","Energy usage",5110,Utilities,"Energy Australia",BOB-ESG-0460,PO-ESG-2883,91326.74,renewable_kwh,593.31,557.96,94.0,272.39,2.4,90,-35246.32,-0.19,No,None,Missing,Ready,"No action",No,"IBMBOB_ESG_Cost_KPI_Mar2026.csv + Raw_GL_Export_With_CostCenters_Mar2026_IBMBOB_Enhanced.csv"
"IBM BOB 3 - ESG",2026-08,ESG-MAR26-0461,TXN006669,NZL01,WA,"Western Australia Operations","Fleet emissions",5400,Travel,"Sustainable Packaging Co",BOB-ESG-0461,PO-ESG-6448,5475.75,"tCO2e avoided",316.08,302.58,95.7,393.89,53.7,80,37351.53,-0.28,No,None,Complete,Ready,"No action",No,"IBMBOB_ESG_Cost_KPI_Mar2026.csv + Raw_GL_Export_With_CostCenters_Mar2026_IBMBOB_Enhanced.csv"
"IBM BOB 3 - ESG",2026-08,ESG-MAR26-0462,TXN006670,AUS01,QLD,"Queensland Operations","Fleet emissions",5400,Travel,"Green Freight",BOB-ESG-0462,PO-ESG-9547,71150.28,audit_evidence_count,268.88,314.52,117.0,238.36,67.7,92,34666.45,-0.72,No,None,Complete,Partial,"No action",No,"IBMBOB_ESG_Cost_KPI_Mar2026.csv + Raw_GL_Export_With_CostCenters_Mar2026_IBMBOB_Enhanced.csv"
"IBM BOB 3 - ESG",2026-08,ESG-MAR26-0463,TXN006671,NZL01,NT,"Northern Territory Operations","Compliance assurance",5320,"Audit Fees","Climate Active Advisor",BOB-ESG-0463,PO-ESG-6243,90266.42,renewable_kwh,811.93,837.96,103.2,192.97,97.8,84,-7784.50,-0.05,No,None,Complete,Ready,"No action",No,"IBMBOB_ESG_Cost_KPI_Mar2026.csv + Raw_GL_Export_With_CostCenters_Mar2026_IBMBOB_Enhanced.csv"
"IBM BOB 3 - ESG",2026-08,ESG-MAR26-0464,TXN006672,PNG01,NSW,"New South Wales Operations","Energy usage",5110,Utilities,"Origin Energy",BOB-ESG-0464,PO-ESG-5734,92338.30,waste_kg_reduced,753.54,628.47,83.4,90.95,93.8,75,69063.59,-0.40,No,None,Complete,Ready,"No action",No,"IBMBOB_ESG_Cost_KPI_Mar2026.csv + Raw_GL_Export_With_CostCenters_Mar2026_IBMBOB_Enhanced.csv"
"IBM BOB 3 - ESG",2026-08,ESG-MAR26-0465,TXN006673,AUS01,MKT,"Marketing & Sales","Fleet emissions",5400,Travel,"Origin Energy",BOB-ESG-0465,PO-ESG-8630,85136.79,audit_evidence_count,173.32,172.53,99.5,495.77,87.3,89,-40548.04,0.31,No,None,Complete,Ready,"No action",No,"IBMBOB_ESG_Cost_KPI_Mar2026.csv + Raw_GL_Export_With_CostCenters_Mar2026_IBMBOB_Enhanced.csv"
"IBM BOB 3 - ESG",2026-08,ESG-MAR26-0466,TXN006674,AUS01,QLD,"Queensland Operations","Carbon offsets",5300,"Professional Services","Green Freight",BOB-ESG-0466,PO-ESG-5424,74142.68,"tCO2e avoided",124.40,143.86,115.6,409.58,21.4,48,57400.40,0.35,No,None,Missing,Partial,"No action",No,"IBMBOB_ESG_Cost_KPI_Mar2026.csv + Raw_GL_Export_With_CostCenters_Mar2026_IBMBOB_Enhanced.csv"
"IBM BOB 3 - ESG",2026-08,ESG-MAR26-0467,TXN006675,AUS01,OPS,"Operations & Logistics","Waste reduction",5600,Telecommunications,EcoVadis,BOB-ESG-0467,PO-ESG-5747,85901.61,supplier_score,552.60,424.25,76.8,173.36,93.0,52,41558.42,-0.36,No,None,Partial,Partial,"No action",No,"IBMBOB_ESG_Cost_KPI_Mar2026.csv + Raw_GL_Export_With_CostCenters_Mar2026_IBMBOB_Enhanced.csv"
"IBM BOB 3 - ESG",2026-08,ESG-MAR26-0468,TXN006676,AUS01,NT,"Northern Territory Operations","Energy usage",5110,Utilities,EcoVadis,BOB-ESG-0468,PO-ESG-2964,21023.46,audit_evidence_count,438.19,409.38,93.4,297.85,43.6,76,51279.43,0.12,No,None,Complete,Ready,"No action",No,"IBMBOB_ESG_Cost_KPI_Mar2026.csv + Raw_GL_Export_With_CostCenters_Mar2026_IBMBOB_Enhanced.csv"
"IBM BOB 3 - ESG",2026-08,ESG-MAR26-0469,TXN006677,AUS01,NSW,"New South Wales Operations","Sustainable packaging",6010,"Direct Materials","Climate Active Advisor",BOB-ESG-0469,PO-ESG-9823,22345.51,"tCO2e avoided",483.87,408.21,84.4,270.59,71.9,98,-14864.12,0.07,No,None,Partial,Ready,"No action",No,"IBMBOB_ESG_Cost_KPI_Mar2026.csv + Raw_GL_Export_With_CostCenters_Mar2026_IBMBOB_Enhanced.csv"
"IBM BOB 3 - ESG",2026-08,ESG-MAR26-0470,TXN006678,AUS01,CORP,"Corporate Head Office","Carbon offsets",5300,"Professional Services","Green Freight",BOB-ESG-0470,PO-ESG-6036,95661.97,renewable_kwh,969.38,837.34,86.4,75.67,59.7,90,-6753.34,-0.28,No,None,Missing,"Needs review","CFO approval for material ESG spend",Yes,"IBMBOB_ESG_Cost_KPI_Mar2026.csv + Raw_GL_Export_With_CostCenters_Mar2026_IBMBOB_Enhanced.csv"
"IBM BOB 3 - ESG",2026-08,ESG-MAR26-0471,TXN006679,AUS01,IT,"Information Technology","Renewable sourcing premium",6000,"Cost of Goods Sold","Bureau Veritas",BOB-ESG-0471,PO-ESG-9661,1859.23,"tCO2e avoided",767.80,771.76,100.5,253.22,32.3,54,54449.04,0.06,No,None,Missing,Ready,"No action",No,"IBMBOB_ESG_Cost_KPI_Mar2026.csv + Raw_GL_Export_With_CostCenters_Mar2026_IBMBOB_Enhanced.csv"
"IBM BOB 3 - ESG",2026-08,ESG-MAR26-0472,TXN006680,NZL01,TAS,"Tasmania Operations","Compliance assurance",5320,"Audit Fees","Carbon Neutral Pty Ltd",BOB-ESG-0472,PO-ESG-7726,50012.39,supplier_score,997.01,1216.19,122.0,475.67,14.6,47,64081.68,-0.65,No,None,Missing,Partial,"No action",No,"IBMBOB_ESG_Cost_KPI_Mar2026.csv + Raw_GL_Export_With_CostCenters_Mar2026_IBMBOB_Enhanced.csv"
"IBM BOB 3 - ESG",2026-08,ESG-MAR26-0473,TXN006681,AUS01,WA,"Western Australia Operations","Carbon offsets",5300,"Professional Services","Origin Energy",BOB-ESG-0473,PO-ESG-7801,48525.20,"tCO2e avoided",940.26,771.94,82.1,385.02,13.6,50,24903.10,-0.57,No,None,Complete,Ready,"No action",No,"IBMBOB_ESG_Cost_KPI_Mar2026.csv + Raw_GL_Export_With_CostCenters_Mar2026_IBMBOB_Enhanced.csv"
"IBM BOB 3 - ESG",2026-08,ESG-MAR26-0474,TXN006682,AUS01,SA,"South Australia Operations","Fleet emissions",5400,Travel,"Sustainable Packaging Co",BOB-ESG-0474,PO-ESG-7655,61793.46,supplier_score,927.94,887.06,95.6,216.32,55.4,47,28938.24,-0.30,No,None,Complete,Partial,"No action",No,"IBMBOB_ESG_Cost_KPI_Mar2026.csv + Raw_GL_Export_With_CostCenters_Mar2026_IBMBOB_Enhanced.csv"
"IBM BOB 3 - ESG",2026-08,ESG-MAR26-0475,TXN006683,NZL01,OPS,"Operations & Logistics","Energy usage",5110,Utilities,"Energy Australia",BOB-ESG-0475,PO-ESG-2405,2976.72,"tCO2e avoided",891.95,990.79,111.1,387.81,2.3,86,76765.58,0.20,No,None,Missing,Partial,"No action",No,"IBMBOB_ESG_Cost_KPI_Mar2026.csv + Raw_GL_Export_With_CostCenters_Mar2026_IBMBOB_Enhanced.csv"
"IBM BOB 3 - ESG",2026-08,ESG-MAR26-0476,TXN006684,AUS01,FIN,"Finance & Accounting","Supplier ESG premium",6010,"Direct Materials",EcoVadis,BOB-ESG-0476,PO-ESG-8312,90403.57,supplier_score,949.10,938.52,98.9,203.83,50.8,83,79120.29,-0.55,No,None,Complete,Ready,"No action",No,"IBMBOB_ESG_Cost_KPI_Mar2026.csv + Raw_GL_Export_With_CostCenters_Mar2026_IBMBOB_Enhanced.csv"
"IBM BOB 3 - ESG",2026-08,ESG-MAR26-0477,TXN006685,FJI01,NT,"Northern Territory Operations","Fleet emissions",5400,Travel,"Origin Energy",BOB-ESG-0477,PO-ESG-7315,42354.10,renewable_kwh,193.92,183.52,94.6,158.88,35.1,45,7902.44,0.08,No,None,Partial,Partial,"No action",No,"IBMBOB_ESG_Cost_KPI_Mar2026.csv + Raw_GL_Export_With_CostCenters_Mar2026_IBMBOB_Enhanced.csv"
"IBM BOB 3 - ESG",2026-08,ESG-MAR26-0478,TXN006686,AUS01,QLD,"Queensland Operations","Fleet emissions",5400,Travel,"Sustainable Packaging Co",BOB-ESG-0478,PO-ESG-5291,112806.06,supplier_score,460.17,415.39,90.3,73.32,87.9,94,-8422.91,-0.45,No,None,Partial,"Needs review","CFO approval for material ESG spend",Yes,"IBMBOB_ESG_Cost_KPI_Mar2026.csv + Raw_GL_Export_With_CostCenters_Mar2026_IBMBOB_Enhanced.csv"
"IBM BOB 3 - ESG",2026-08,ESG-MAR26-0479,TXN006687,NZL01,VIC,"Victoria Operations","Waste reduction",5600,Telecommunications,"Bureau Veritas",BOB-ESG-0479,PO-ESG-6901,16039.98,audit_evidence_count,521.36,362.07,69.4,164.96,31.8,51,21161.59,-0.68,No,None,Complete,Ready,"No action",No,"IBMBOB_ESG_Cost_KPI_Mar2026.csv + Raw_GL_Export_With_CostCenters_Mar2026_IBMBOB_Enhanced.csv"
"IBM BOB 3 - ESG",2026-08,ESG-MAR26-0480,TXN006688,AUS01,VIC,"Victoria Operations","Energy usage",5110,Utilities,"Climate Active Advisor",BOB-ESG-0480,PO-ESG-7534,37253.85,"tCO2e avoided",645.84,476.78,73.8,595.56,62.9,66,-11850.09,0.21,No,None,Partial,Partial,"No action",No,"IBMBOB_ESG_Cost_KPI_Mar2026.csv + Raw_GL_Export_With_CostCenters_Mar2026_IBMBOB_Enhanced.csv"
"IBM BOB 3 - ESG",2026-08,ESG-MAR26-0481,TXN006689,AUS01,OPS,"Operations & Logistics","Renewable sourcing premium",6000,"Cost of Goods Sold","Origin Energy",BOB-ESG-0481,PO-ESG-5186,29194.23,renewable_kwh,840.11,609.45,72.5,523.22,68.5,94,71328.78,-0.09,No,None,Partial,Ready,"No action",No,"IBMBOB_ESG_Cost_KPI_Mar2026.csv + Raw_GL_Export_With_CostCenters_Mar2026_IBMBOB_Enhanced.csv"
"IBM BOB 3 - ESG",2026-08,ESG-MAR26-0482,TXN006690,AUS01,NT,"Northern Territory Operations","Compliance assurance",5320,"Audit Fees","Green Freight",BOB-ESG-0482,PO-ESG-6398,12470.16,renewable_kwh,100.02,113.54,113.5,261.99,47.8,64,64398.67,-0.40,No,None,Complete,Partial,"No action",No,"IBMBOB_ESG_Cost_KPI_Mar2026.csv + Raw_GL_Export_With_CostCenters_Mar2026_IBMBOB_Enhanced.csv"
"IBM BOB 3 - ESG",2026-08,ESG-MAR26-0483,TXN006691,AUS01,FIN,"Finance & Accounting","Carbon offsets",5300,"Professional Services","Climate Active Advisor",BOB-ESG-0483,PO-ESG-9094,60465.29,"tCO2e avoided",801.62,649.54,81.0,544.89,36.3,77,27724.42,-0.39,No,None,Complete,Partial,"No action",No,"IBMBOB_ESG_Cost_KPI_Mar2026.csv + Raw_GL_Export_With_CostCenters_Mar2026_IBMBOB_Enhanced.csv"
"IBM BOB 3 - ESG",2026-08,ESG-MAR26-0484,TXN006692,AUS01,HR,"Human Resources","Energy usage",5110,Utilities,"Carbon Neutral Pty Ltd",BOB-ESG-0484,PO-ESG-4644,84448.70,audit_evidence_count,379.70,336.94,88.7,293.24,98.3,91,32104.62,0.14,No,None,Partial,Partial,"No action",No,"IBMBOB_ESG_Cost_KPI_Mar2026.csv + Raw_GL_Export_With_CostCenters_Mar2026_IBMBOB_Enhanced.csv"
"IBM BOB 3 - ESG",2026-08,ESG-MAR26-0485,TXN006693,AUS01,VIC,"Victoria Operations","Sustainable packaging",6010,"Direct Materials",EcoVadis,BOB-ESG-0485,PO-ESG-8209,35281.39,audit_evidence_count,539.67,611.77,113.4,69.81,61.3,50,47864.44,0.02,No,None,Complete,Ready,"No action",No,"IBMBOB_ESG_Cost_KPI_Mar2026.csv + Raw_GL_Export_With_CostCenters_Mar2026_IBMBOB_Enhanced.csv"
"IBM BOB 3 - ESG",2026-08,ESG-MAR26-0486,TXN006694,AUS01,WA,"Western Australia Operations","Supplier ESG premium",6010,"Direct Materials","Green Freight",BOB-ESG-0486,PO-ESG-4539,66104.42,"tCO2e avoided",875.47,899.41,102.7,100.21,23.9,67,5976.17,-0.14,No,None,Complete,Ready,"No action",No,"IBMBOB_ESG_Cost_KPI_Mar2026.csv + Raw_GL_Export_With_CostCenters_Mar2026_IBMBOB_Enhanced.csv"
"IBM BOB 3 - ESG",2026-08,ESG-MAR26-0487,TXN006695,AUS01,SA,"South Australia Operations","Waste reduction",5600,Telecommunications,EcoVadis,BOB-ESG-0487,PO-ESG-9311,75366.37,renewable_kwh,905.97,767.45,84.7,457.66,7.0,81,26842.03,0.13,No,None,Complete,Partial,"No action",No,"IBMBOB_ESG_Cost_KPI_Mar2026.csv + Raw_GL_Export_With_CostCenters_Mar2026_IBMBOB_Enhanced.csv"
"IBM BOB 3 - ESG",2026-08,ESG-MAR26-0488,TXN006696,AUS01,SA,"South Australia Operations","Carbon offsets",5300,"Professional Services","Origin Energy",BOB-ESG-0488,PO-ESG-4683,3998.35,audit_evidence_count,571.37,616.48,107.9,107.17,4.8,50,-49342.48,0.07,No,None,Complete,Partial,"No action",No,"IBMBOB_ESG_Cost_KPI_Mar2026.csv + Raw_GL_Export_With_CostCenters_Mar2026_IBMBOB_Enhanced.csv"
"IBM BOB 3 - ESG",2026-08,ESG-MAR26-0489,TXN006697,FJI01,HR,"Human Resources","Sustainable packaging",6010,"Direct Materials",EcoVadis,BOB-ESG-0489,PO-ESG-4420,70372.53,audit_evidence_count,345.21,369.82,107.1,338.62,45.2,60,-12487.79,0.25,No,None,Complete,Partial,"No action",No,"IBMBOB_ESG_Cost_KPI_Mar2026.csv + Raw_GL_Export_With_CostCenters_Mar2026_IBMBOB_Enhanced.csv"
"IBM BOB 3 - ESG",2026-08,ESG-MAR26-0490,TXN006698,AUS01,NSW,"New South Wales Operations","Fleet emissions",5400,Travel,EcoVadis,BOB-ESG-0490,PO-ESG-5573,118065.86,waste_kg_reduced,674.77,487.87,72.3,13.44,4.5,67,-45998.85,-0.39,No,None,Complete,"Needs review","CFO approval for material ESG spend",Yes,"IBMBOB_ESG_Cost_KPI_Mar2026.csv + Raw_GL_Export_With_CostCenters_Mar2026_IBMBOB_Enhanced.csv"
"IBM BOB 3 - ESG",2026-08,ESG-MAR26-0491,TXN006699,AUS01,OPS,"Operations & Logistics","Renewable sourcing premium",6000,"Cost of Goods Sold","Sustainable Packaging Co",BOB-ESG-0491,PO-ESG-6957,97584.13,supplier_score,398.25,270.75,68.0,588.64,9.1,56,-4644.28,-0.70,No,None,Complete,"Needs review","CFO approval for material ESG spend",Yes,"IBMBOB_ESG_Cost_KPI_Mar2026.csv + Raw_GL_Export_With_CostCenters_Mar2026_IBMBOB_Enhanced.csv"
"IBM BOB 3 - ESG",2026-08,ESG-MAR26-0492,TXN006700,AUS01,MKT,"Marketing & Sales","Waste reduction",5600,Telecommunications,"Sustainable Packaging Co",BOB-ESG-0492,PO-ESG-4613,12011.19,renewable_kwh,660.01,734.59,111.3,591.34,15.8,68,12595.66,-0.09,No,None,Partial,Partial,"No action",No,"IBMBOB_ESG_Cost_KPI_Mar2026.csv + Raw_GL_Export_With_CostCenters_Mar2026_IBMBOB_Enhanced.csv"
"IBM BOB 3 - ESG",2026-08,ESG-MAR26-0493,TXN006701,AUS01,CORP,"Corporate Head Office","Energy usage",5110,Utilities,"Climate Active Advisor",BOB-ESG-0493,PO-ESG-4526,17216.76,waste_kg_reduced,198.40,152.39,76.8,472.72,74.2,92,-18104.02,0.12,No,None,Complete,Ready,"No action",No,"IBMBOB_ESG_Cost_KPI_Mar2026.csv + Raw_GL_Export_With_CostCenters_Mar2026_IBMBOB_Enhanced.csv"
"IBM BOB 3 - ESG",2026-08,ESG-MAR26-0494,TXN006702,AUS01,NSW,"New South Wales Operations","Renewable sourcing premium",6000,"Cost of Goods Sold","Carbon Neutral Pty Ltd",BOB-ESG-0494,PO-ESG-7036,64990.61,waste_kg_reduced,915.45,704.99,77.0,545.28,79.6,71,-47821.44,-0.32,No,None,Partial,Ready,"No action",No,"IBMBOB_ESG_Cost_KPI_Mar2026.csv + Raw_GL_Export_With_CostCenters_Mar2026_IBMBOB_Enhanced.csv"
"IBM BOB 3 - ESG",2026-08,ESG-MAR26-0495,TXN006703,AUS01,NT,"Northern Territory Operations","Renewable sourcing premium",6000,"Cost of Goods Sold","Climate Active Advisor",BOB-ESG-0495,PO-ESG-3625,96118.61,supplier_score,639.07,778.34,121.8,567.64,8.3,49,45762.21,0.15,No,None,Partial,"Needs review","CFO approval for material ESG spend",Yes,"IBMBOB_ESG_Cost_KPI_Mar2026.csv + Raw_GL_Export_With_CostCenters_Mar2026_IBMBOB_Enhanced.csv"
"IBM BOB 3 - ESG",2026-08,ESG-MAR26-0496,TXN006704,AUS01,VIC,"Victoria Operations","Renewable sourcing premium",6000,"Cost of Goods Sold",EcoVadis,BOB-ESG-0496,PO-ESG-6688,7870.87,supplier_score,909.05,852.87,93.8,154.10,57.0,48,2650.24,-0.42,No,None,Partial,Partial,"No action",No,"IBMBOB_ESG_Cost_KPI_Mar2026.csv + Raw_GL_Export_With_CostCenters_Mar2026_IBMBOB_Enhanced.csv"
"IBM BOB 3 - ESG",2026-08,ESG-MAR26-0497,TXN006705,AUS01,TAS,"Tasmania Operations","Renewable sourcing premium",6000,"Cost of Goods Sold","Origin Energy",BOB-ESG-0497,PO-ESG-9569,52805.95,renewable_kwh,112.66,102.96,91.4,545.54,42.3,82,40795.26,-0.03,No,None,Missing,Ready,"No action",No,"IBMBOB_ESG_Cost_KPI_Mar2026.csv + Raw_GL_Export_With_CostCenters_Mar2026_IBMBOB_Enhanced.csv"
"IBM BOB 3 - ESG",2026-08,ESG-MAR26-0498,TXN006706,AUS01,MKT,"Marketing & Sales","Supplier ESG premium",6010,"Direct Materials","Green Freight",BOB-ESG-0498,PO-ESG-8226,13134.20,audit_evidence_count,136.24,119.92,88.0,500.81,34.5,58,-4204.54,-0.20,No,None,Complete,Ready,"No action",No,"IBMBOB_ESG_Cost_KPI_Mar2026.csv + Raw_GL_Export_With_CostCenters_Mar2026_IBMBOB_Enhanced.csv"
"IBM BOB 3 - ESG",2026-08,ESG-MAR26-0499,TXN006707,AUS01,TAS,"Tasmania Operations","Renewable sourcing premium",6000,"Cost of Goods Sold","Bureau Veritas",BOB-ESG-0499,PO-ESG-3796,47468.26,"tCO2e avoided",132.61,150.61,113.6,296.89,55.6,94,-17630.18,-0.72,No,None,Missing,Ready,"No action",No,"IBMBOB_ESG_Cost_KPI_Mar2026.csv + Raw_GL_Export_With_CostCenters_Mar2026_IBMBOB_Enhanced.csv"
"IBM BOB 3 - ESG",2026-08,ESG-MAR26-0500,TXN006708,PNG01,FIN,"Finance & Accounting","Compliance assurance",5320,"Audit Fees","Carbon Neutral Pty Ltd",BOB-ESG-0500,PO-ESG-2054,102802.96,waste_kg_reduced,737.50,506.15,68.6,523.40,77.3,80,59133.68,-0.31,No,None,Missing,"Needs review","CFO approval for material ESG spend",Yes,"IBMBOB_ESG_Cost_KPI_Mar2026.csv + Raw_GL_Export_With_CostCenters_Mar2026_IBMBOB_Enhanced.csv"
"IBM BOB 3 - ESG",2026-08,ESG-MAR26-0501,TXN006709,AUS01,VIC,"Victoria Operations","Fleet emissions",5400,Travel,"Origin Energy",BOB-ESG-0501,PO-ESG-2625,100077.05,audit_evidence_count,754.77,606.28,80.3,322.57,29.5,89,25281.30,0.24,No,None,Partial,"Needs review","CFO approval for material ESG spend",Yes,"IBMBOB_ESG_Cost_KPI_Mar2026.csv + Raw_GL_Export_With_CostCenters_Mar2026_IBMBOB_Enhanced.csv"
"IBM BOB 3 - ESG",2026-08,ESG-MAR26-0502,TXN006710,AUS01,CORP,"Corporate Head Office","Carbon offsets",5300,"Professional Services","Carbon Neutral Pty Ltd",BOB-ESG-0502,PO-ESG-5236,105357.01,renewable_kwh,367.39,254.09,69.2,154.14,18.0,71,7673.60,-0.40,No,None,Complete,"Needs review","CFO approval for material ESG spend",Yes,"IBMBOB_ESG_Cost_KPI_Mar2026.csv + Raw_GL_Export_With_CostCenters_Mar2026_IBMBOB_Enhanced.csv"
"IBM BOB 3 - ESG",2026-08,ESG-MAR26-0503,TXN006711,AUS01,NSW,"New South Wales Operations","Compliance assurance",5320,"Audit Fees",EcoVadis,BOB-ESG-0503,PO-ESG-6535,84659.95,supplier_score,408.39,378.61,92.7,427.00,4.3,51,1944.81,0.20,No,None,Missing,Partial,"No action",No,"IBMBOB_ESG_Cost_KPI_Mar2026.csv + Raw_GL_Export_With_CostCenters_Mar2026_IBMBOB_Enhanced.csv"
"IBM BOB 3 - ESG",2026-08,ESG-MAR26-0504,TXN006712,AUS01,WA,"Western Australia Operations","Compliance assurance",5320,"Audit Fees","Energy Australia",BOB-ESG-0504,PO-ESG-2468,10552.99,audit_evidence_count,867.49,659.98,76.1,573.53,69.2,73,-2052.59,0.21,No,None,Complete,Ready,"No action",No,"IBMBOB_ESG_Cost_KPI_Mar2026.csv + Raw_GL_Export_With_CostCenters_Mar2026_IBMBOB_Enhanced.csv"
"IBM BOB 3 - ESG",2026-08,ESG-MAR26-0505,TXN006713,FJI01,HR,"Human Resources","Renewable sourcing premium",6000,"Cost of Goods Sold","Bureau Veritas",BOB-ESG-0505,PO-ESG-4244,6612.53,audit_evidence_count,213.80,246.37,115.2,115.10,4.8,74,57066.08,-0.75,No,None,Missing,Ready,"No action",No,"IBMBOB_ESG_Cost_KPI_Mar2026.csv + Raw_GL_Export_With_CostCenters_Mar2026_IBMBOB_Enhanced.csv"
"IBM BOB 3 - ESG",2026-08,ESG-MAR26-0506,TXN006714,NZL01,R&D,"Research & Development","Compliance assurance",5320,"Audit Fees",EcoVadis,BOB-ESG-0506,PO-ESG-7150,85603.94,waste_kg_reduced,734.35,641.78,87.4,24.91,83.3,87,67228.71,-0.57,No,None,Partial,Partial,"No action",No,"IBMBOB_ESG_Cost_KPI_Mar2026.csv + Raw_GL_Export_With_CostCenters_Mar2026_IBMBOB_Enhanced.csv"
"IBM BOB 3 - ESG",2026-08,ESG-MAR26-0507,TXN006715,NZL01,FIN,"Finance & Accounting","Energy usage",5110,Utilities,"Carbon Neutral Pty Ltd",BOB-ESG-0507,PO-ESG-7352,54572.36,audit_evidence_count,282.72,305.41,108.0,385.28,78.6,57,-31210.69,-0.80,No,None,Complete,Ready,"No action",No,"IBMBOB_ESG_Cost_KPI_Mar2026.csv + Raw_GL_Export_With_CostCenters_Mar2026_IBMBOB_Enhanced.csv"
"IBM BOB 3 - ESG",2026-08,ESG-MAR26-0508,TXN006716,NZL01,SA,"South Australia Operations","Carbon offsets",5300,"Professional Services",EcoVadis,BOB-ESG-0508,PO-ESG-3481,16907.15,waste_kg_reduced,316.83,324.60,102.5,547.58,33.9,63,-29820.74,0.37,No,None,Missing,Ready,"No action",No,"IBMBOB_ESG_Cost_KPI_Mar2026.csv + Raw_GL_Export_With_CostCenters_Mar2026_IBMBOB_Enhanced.csv"
"IBM BOB 3 - ESG",2026-08,ESG-MAR26-0509,TXN006717,AUS01,FIN,"Finance & Accounting","Carbon offsets",5300,"Professional Services","Bureau Veritas",BOB-ESG-0509,PO-ESG-5753,55493.24,"tCO2e avoided",166.45,202.65,121.7,29.72,24.5,49,38681.53,-0.56,No,None,Partial,Ready,"No action",No,"IBMBOB_ESG_Cost_KPI_Mar2026.csv + Raw_GL_Export_With_CostCenters_Mar2026_IBMBOB_Enhanced.csv"
"IBM BOB 3 - ESG",2026-08,ESG-MAR26-0510,TXN006718,AUS01,WA,"Western Australia Operations","Energy usage",5110,Utilities,"Origin Energy",BOB-ESG-0510,PO-ESG-5184,95839.11,waste_kg_reduced,537.01,454.84,84.7,297.15,94.6,82,78695.93,0.35,No,None,Partial,"Needs review","CFO approval for material ESG spend",Yes,"IBMBOB_ESG_Cost_KPI_Mar2026.csv + Raw_GL_Export_With_CostCenters_Mar2026_IBMBOB_Enhanced.csv"
"IBM BOB 3 - ESG",2026-08,ESG-MAR26-0511,TXN006719,AUS01,ACT,"Australian Capital Territory","Supplier ESG premium",6010,"Direct Materials","Green Freight",BOB-ESG-0511,PO-ESG-6632,54823.58,audit_evidence_count,721.63,814.47,112.9,35.15,58.1,70,27162.68,-0.13,No,None,Partial,Ready,"No action",No,"IBMBOB_ESG_Cost_KPI_Mar2026.csv + Raw_GL_Export_With_CostCenters_Mar2026_IBMBOB_Enhanced.csv"
"IBM BOB 3 - ESG",2026-08,ESG-MAR26-0512,TXN006720,AUS01,TAS,"Tasmania Operations","Fleet emissions",5400,Travel,"Green Freight",BOB-ESG-0512,PO-ESG-3425,98694.71,"tCO2e avoided",477.33,317.85,66.6,319.00,43.0,71,-5671.50,0.31,No,None,Partial,"Needs review","CFO approval for material ESG spend",Yes,"IBMBOB_ESG_Cost_KPI_Mar2026.csv + Raw_GL_Export_With_CostCenters_Mar2026_IBMBOB_Enhanced.csv"
"IBM BOB 3 - ESG",2026-08,ESG-MAR26-0513,TXN006721,PNG01,NT,"Northern Territory Operations","Energy usage",5110,Utilities,"Bureau Veritas",BOB-ESG-0513,PO-ESG-5502,26405.59,waste_kg_reduced,108.75,83.90,77.2,34.40,70.2,70,-8701.44,-0.63,No,None,Partial,Ready,"No action",No,"IBMBOB_ESG_Cost_KPI_Mar2026.csv + Raw_GL_Export_With_CostCenters_Mar2026_IBMBOB_Enhanced.csv"
"IBM BOB 3 - ESG",2026-08,ESG-MAR26-0514,TXN006722,AUS01,NT,"Northern Territory Operations","Waste reduction",5600,Telecommunications,"Origin Energy",BOB-ESG-0514,PO-ESG-5192,43863.75,"tCO2e avoided",796.77,736.39,92.4,43.20,90.4,81,-42149.35,-0.58,No,None,Complete,Partial,"No action",No,"IBMBOB_ESG_Cost_KPI_Mar2026.csv + Raw_GL_Export_With_CostCenters_Mar2026_IBMBOB_Enhanced.csv"
"IBM BOB 3 - ESG",2026-08,ESG-MAR26-0515,TXN006723,AUS01,QLD,"Queensland Operations","Waste reduction",5600,Telecommunications,"Origin Energy",BOB-ESG-0515,PO-ESG-6513,9493.16,"tCO2e avoided",923.89,811.98,87.9,142.01,40.7,97,-19059.96,-0.14,No,None,Complete,Ready,"No action",No,"IBMBOB_ESG_Cost_KPI_Mar2026.csv + Raw_GL_Export_With_CostCenters_Mar2026_IBMBOB_Enhanced.csv"
"IBM BOB 3 - ESG",2026-08,ESG-MAR26-0516,TXN006724,AUS01,WA,"Western Australia Operations","Compliance assurance",5320,"Audit Fees","Climate Active Advisor",BOB-ESG-0516,PO-ESG-2713,34254.17,"tCO2e avoided",411.22,353.04,85.9,41.46,64.8,50,-44152.64,0.29,No,None,Complete,Ready,"No action",No,"IBMBOB_ESG_Cost_KPI_Mar2026.csv + Raw_GL_Export_With_CostCenters_Mar2026_IBMBOB_Enhanced.csv"
"IBM BOB 3 - ESG",2026-08,ESG-MAR26-0517,TXN006725,AUS01,R&D,"Research & Development","Waste reduction",5600,Telecommunications,"Bureau Veritas",BOB-ESG-0517,PO-ESG-3083,95400.68,audit_evidence_count,802.88,829.61,103.3,337.64,16.3,46,5104.12,0.13,No,None,Complete,"Needs review","CFO approval for material ESG spend",Yes,"IBMBOB_ESG_Cost_KPI_Mar2026.csv + Raw_GL_Export_With_CostCenters_Mar2026_IBMBOB_Enhanced.csv"
"IBM BOB 3 - ESG",2026-08,ESG-MAR26-0518,TXN006726,AUS01,VIC,"Victoria Operations","Carbon offsets",5300,"Professional Services","Sustainable Packaging Co",BOB-ESG-0518,PO-ESG-5905,43979.78,renewable_kwh,648.09,744.66,114.9,158.25,1.9,50,61530.65,0.39,No,None,Partial,Partial,"No action",No,"IBMBOB_ESG_Cost_KPI_Mar2026.csv + Raw_GL_Export_With_CostCenters_Mar2026_IBMBOB_Enhanced.csv"
"IBM BOB 3 - ESG",2026-08,ESG-MAR26-0519,TXN006727,NZL01,IT,"Information Technology","Supplier ESG premium",6010,"Direct Materials","Bureau Veritas",BOB-ESG-0519,PO-ESG-8496,78166.57,"tCO2e avoided",960.20,975.73,101.6,378.27,39.8,97,-31665.79,-0.52,No,None,Partial,Partial,"No action",No,"IBMBOB_ESG_Cost_KPI_Mar2026.csv + Raw_GL_Export_With_CostCenters_Mar2026_IBMBOB_Enhanced.csv"
"IBM BOB 3 - ESG",2026-08,ESG-MAR26-0520,TXN006728,AUS01,FIN,"Finance & Accounting","Supplier ESG premium",6010,"Direct Materials",EcoVadis,BOB-ESG-0520,PO-ESG-9706,91518.87,audit_evidence_count,560.77,392.43,70.0,217.24,82.7,82,27653.84,0.21,No,None,Missing,Ready,"No action",No,"IBMBOB_ESG_Cost_KPI_Mar2026.csv + Raw_GL_Export_With_CostCenters_Mar2026_IBMBOB_Enhanced.csv"
"IBM BOB 3 - ESG",2026-08,ESG-MAR26-0521,TXN006729,AUS01,IT,"Information Technology","Sustainable packaging",6010,"Direct Materials","Origin Energy",BOB-ESG-0521,PO-ESG-9071,61314.12,waste_kg_reduced,526.37,447.25,85.0,541.56,53.2,76,32162.67,-0.47,No,None,Missing,Ready,"No action",No,"IBMBOB_ESG_Cost_KPI_Mar2026.csv + Raw_GL_Export_With_CostCenters_Mar2026_IBMBOB_Enhanced.csv"
"IBM BOB 3 - ESG",2026-08,ESG-MAR26-0522,TXN006730,AUS01,OPS,"Operations & Logistics","Sustainable packaging",6010,"Direct Materials",EcoVadis,BOB-ESG-0522,PO-ESG-9983,58001.53,audit_evidence_count,760.70,727.53,95.6,413.51,56.6,47,-22299.24,0.40,No,None,Complete,Ready,"No action",No,"IBMBOB_ESG_Cost_KPI_Mar2026.csv + Raw_GL_Export_With_CostCenters_Mar2026_IBMBOB_Enhanced.csv"
"IBM BOB 3 - ESG",2026-08,ESG-MAR26-0523,TXN006731,FJI01,TAS,"Tasmania Operations","Sustainable packaging",6010,"Direct Materials","Climate Active Advisor",BOB-ESG-0523,PO-ESG-5805,101213.97,renewable_kwh,945.48,1129.81,119.5,204.94,17.8,69,51190.65,-0.53,No,None,Partial,"Needs review","CFO approval for material ESG spend",Yes,"IBMBOB_ESG_Cost_KPI_Mar2026.csv + Raw_GL_Export_With_CostCenters_Mar2026_IBMBOB_Enhanced.csv"
"IBM BOB 3 - ESG",2026-08,ESG-MAR26-0524,TXN006732,AUS01,CORP,"Corporate Head Office","Sustainable packaging",6010,"Direct Materials","Carbon Neutral Pty Ltd",BOB-ESG-0524,PO-ESG-4630,47305.05,renewable_kwh,72.94,69.68,95.5,157.86,57.8,58,-22880.60,0.31,No,None,Partial,Ready,"No action",No,"IBMBOB_ESG_Cost_KPI_Mar2026.csv + Raw_GL_Export_With_CostCenters_Mar2026_IBMBOB_Enhanced.csv"
"IBM BOB 3 - ESG",2026-08,ESG-MAR26-0525,TXN006733,PNG01,SA,"South Australia Operations","Waste reduction",5600,Telecommunications,"Sustainable Packaging Co",BOB-ESG-0525,PO-ESG-2220,67210.52,audit_evidence_count,882.32,631.56,71.6,263.90,50.0,96,-42589.05,-0.11,No,None,Partial,Partial,"No action",No,"IBMBOB_ESG_Cost_KPI_Mar2026.csv + Raw_GL_Export_With_CostCenters_Mar2026_IBMBOB_Enhanced.csv"
"IBM BOB 3 - ESG",2026-08,ESG-MAR26-0526,TXN006734,AUS01,OPS,"Operations & Logistics","Renewable sourcing premium",6000,"Cost of Goods Sold","Sustainable Packaging Co",BOB-ESG-0526,PO-ESG-7708,30599.26,"tCO2e avoided",534.24,488.00,91.3,3.99,55.4,58,76388.27,-0.57,No,None,Partial,Ready,"No action",No,"IBMBOB_ESG_Cost_KPI_Mar2026.csv + Raw_GL_Export_With_CostCenters_Mar2026_IBMBOB_Enhanced.csv"
"IBM BOB 3 - ESG",2026-08,ESG-MAR26-0527,TXN006735,FJI01,VIC,"Victoria Operations","Sustainable packaging",6010,"Direct Materials",EcoVadis,BOB-ESG-0527,PO-ESG-7453,41186.96,waste_kg_reduced,764.79,614.05,80.3,239.35,49.4,78,-39979.30,-0.07,No,None,Complete,Ready,"No action",No,"IBMBOB_ESG_Cost_KPI_Mar2026.csv + Raw_GL_Export_With_CostCenters_Mar2026_IBMBOB_Enhanced.csv"
"IBM BOB 3 - ESG",2026-08,ESG-MAR26-0528,TXN006736,PNG01,HR,"Human Resources","Compliance assurance",5320,"Audit Fees","Bureau Veritas",BOB-ESG-0528,PO-ESG-8280,71669.06,supplier_score,403.22,430.17,106.7,117.41,58.0,67,72699.51,0.31,No,None,Partial,Ready,"No action",No,"IBMBOB_ESG_Cost_KPI_Mar2026.csv + Raw_GL_Export_With_CostCenters_Mar2026_IBMBOB_Enhanced.csv"
"IBM BOB 3 - ESG",2026-08,ESG-MAR26-0529,TXN006737,AUS01,WA,"Western Australia Operations","Fleet emissions",5400,Travel,"Carbon Neutral Pty Ltd",BOB-ESG-0529,PO-ESG-4327,111706.23,renewable_kwh,646.85,431.91,66.8,590.86,69.7,52,79767.68,-0.58,No,None,Missing,"Needs review","CFO approval for material ESG spend",Yes,"IBMBOB_ESG_Cost_KPI_Mar2026.csv + Raw_GL_Export_With_CostCenters_Mar2026_IBMBOB_Enhanced.csv"
"IBM BOB 3 - ESG",2026-08,ESG-MAR26-0530,TXN006738,FJI01,WA,"Western Australia Operations","Compliance assurance",5320,"Audit Fees","Origin Energy",BOB-ESG-0530,PO-ESG-4264,62330.87,renewable_kwh,218.43,216.82,99.3,82.61,72.9,77,11575.62,-0.41,No,None,Partial,Ready,"No action",No,"IBMBOB_ESG_Cost_KPI_Mar2026.csv + Raw_GL_Export_With_CostCenters_Mar2026_IBMBOB_Enhanced.csv"
"IBM BOB 3 - ESG",2026-08,ESG-MAR26-0531,TXN006739,AUS01,NT,"Northern Territory Operations","Supplier ESG premium",6010,"Direct Materials","Sustainable Packaging Co",BOB-ESG-0531,PO-ESG-4234,32532.64,"tCO2e avoided",69.23,50.67,73.2,465.46,36.9,76,-43433.63,-0.71,No,None,Complete,Ready,"No action",No,"IBMBOB_ESG_Cost_KPI_Mar2026.csv + Raw_GL_Export_With_CostCenters_Mar2026_IBMBOB_Enhanced.csv"
"IBM BOB 3 - ESG",2026-08,ESG-MAR26-0532,TXN006740,AUS01,CORP,"Corporate Head Office","Carbon offsets",5300,"Professional Services","Sustainable Packaging Co",BOB-ESG-0532,PO-ESG-8375,86223.16,supplier_score,701.42,639.93,91.2,80.79,44.4,48,-3519.30,0.28,No,None,Partial,Ready,"No action",No,"IBMBOB_ESG_Cost_KPI_Mar2026.csv + Raw_GL_Export_With_CostCenters_Mar2026_IBMBOB_Enhanced.csv"
"IBM BOB 3 - ESG",2026-08,ESG-MAR26-0533,TXN006741,NZL01,ACT,"Australian Capital Territory","Supplier ESG premium",6010,"Direct Materials","Origin Energy",BOB-ESG-0533,PO-ESG-4904,20158.92,audit_evidence_count,178.98,205.58,114.9,523.77,58.5,46,-10489.81,-0.05,No,None,Complete,Ready,"No action",No,"IBMBOB_ESG_Cost_KPI_Mar2026.csv + Raw_GL_Export_With_CostCenters_Mar2026_IBMBOB_Enhanced.csv"
"IBM BOB 3 - ESG",2026-08,ESG-MAR26-0534,TXN006742,AUS01,SA,"South Australia Operations","Carbon offsets",5300,"Professional Services","Carbon Neutral Pty Ltd",BOB-ESG-0534,PO-ESG-7828,63172.25,renewable_kwh,286.21,189.37,66.2,483.42,40.9,67,32051.66,-0.48,No,None,Complete,Partial,"No action",No,"IBMBOB_ESG_Cost_KPI_Mar2026.csv + Raw_GL_Export_With_CostCenters_Mar2026_IBMBOB_Enhanced.csv"
"IBM BOB 3 - ESG",2026-08,ESG-MAR26-0535,TXN006743,FJI01,QLD,"Queensland Operations","Supplier ESG premium",6010,"Direct Materials","Carbon Neutral Pty Ltd",BOB-ESG-0535,PO-ESG-2671,6129.61,supplier_score,225.74,151.26,67.0,220.67,96.6,63,36023.67,-0.36,No,None,Complete,Ready,"No action",No,"IBMBOB_ESG_Cost_KPI_Mar2026.csv + Raw_GL_Export_With_CostCenters_Mar2026_IBMBOB_Enhanced.csv"
"IBM BOB 3 - ESG",2026-08,ESG-MAR26-0536,TXN006744,AUS01,ACT,"Australian Capital Territory","Fleet emissions",5400,Travel,"Energy Australia",BOB-ESG-0536,PO-ESG-9835,73291.70,audit_evidence_count,588.90,555.19,94.3,34.76,11.2,87,70332.65,0.10,No,None,Complete,Ready,"No action",No,"IBMBOB_ESG_Cost_KPI_Mar2026.csv + Raw_GL_Export_With_CostCenters_Mar2026_IBMBOB_Enhanced.csv"
"IBM BOB 3 - ESG",2026-08,ESG-MAR26-0537,TXN006745,AUS01,CORP,"Corporate Head Office","Supplier ESG premium",6010,"Direct Materials","Origin Energy",BOB-ESG-0537,PO-ESG-9703,29756.72,audit_evidence_count,904.89,834.48,92.2,512.15,6.5,97,-24799.17,-0.67,No,None,Partial,Ready,"No action",No,"IBMBOB_ESG_Cost_KPI_Mar2026.csv + Raw_GL_Export_With_CostCenters_Mar2026_IBMBOB_Enhanced.csv"
"IBM BOB 3 - ESG",2026-08,ESG-MAR26-0538,TXN006746,AUS01,QLD,"Queensland Operations","Sustainable packaging",6010,"Direct Materials","Sustainable Packaging Co",BOB-ESG-0538,PO-ESG-6502,7788.60,renewable_kwh,996.88,1057.93,106.1,412.83,79.8,47,-36125.27,0.21,No,None,Partial,Partial,"No action",No,"IBMBOB_ESG_Cost_KPI_Mar2026.csv + Raw_GL_Export_With_CostCenters_Mar2026_IBMBOB_Enhanced.csv"
"IBM BOB 3 - ESG",2026-08,ESG-MAR26-0539,TXN006747,AUS01,NSW,"New South Wales Operations","Compliance assurance",5320,"Audit Fees","Sustainable Packaging Co",BOB-ESG-0539,PO-ESG-3608,4690.56,audit_evidence_count,981.68,671.08,68.4,593.08,87.7,68,25436.17,0.28,No,None,Missing,Ready,"No action",No,"IBMBOB_ESG_Cost_KPI_Mar2026.csv + Raw_GL_Export_With_CostCenters_Mar2026_IBMBOB_Enhanced.csv"
"IBM BOB 3 - ESG",2026-08,ESG-MAR26-0540,TXN006748,NZL01,FIN,"Finance & Accounting","Compliance assurance",5320,"Audit Fees",EcoVadis,BOB-ESG-0540,PO-ESG-9471,107678.31,supplier_score,328.36,351.09,106.9,40.16,21.5,88,6559.86,-0.49,No,None,Complete,"Needs review","CFO approval for material ESG spend",Yes,"IBMBOB_ESG_Cost_KPI_Mar2026.csv + Raw_GL_Export_With_CostCenters_Mar2026_IBMBOB_Enhanced.csv"
"IBM BOB 3 - ESG",2026-08,ESG-MAR26-0541,TXN006749,AUS01,NSW,"New South Wales Operations","Fleet emissions",5400,Travel,EcoVadis,BOB-ESG-0541,PO-ESG-7285,106427.97,waste_kg_reduced,843.00,834.30,99.0,3.64,63.4,97,6515.79,-0.01,No,None,Complete,"Needs review","CFO approval for material ESG spend",Yes,"IBMBOB_ESG_Cost_KPI_Mar2026.csv + Raw_GL_Export_With_CostCenters_Mar2026_IBMBOB_Enhanced.csv"
"IBM BOB 3 - ESG",2026-08,ESG-MAR26-0542,TXN006750,NZL01,MKT,"Marketing & Sales","Fleet emissions",5400,Travel,"Origin Energy",BOB-ESG-0542,PO-ESG-9221,12197.25,renewable_kwh,64.38,66.37,103.1,533.44,27.8,83,-8155.54,-0.72,No,None,Partial,Ready,"No action",No,"IBMBOB_ESG_Cost_KPI_Mar2026.csv + Raw_GL_Export_With_CostCenters_Mar2026_IBMBOB_Enhanced.csv"
"IBM BOB 3 - ESG",2026-08,ESG-MAR26-0543,TXN006751,AUS01,R&D,"Research & Development","Fleet emissions",5400,Travel,"Origin Energy",BOB-ESG-0543,PO-ESG-9126,95808.99,supplier_score,283.78,242.04,85.3,104.46,3.1,59,7656.75,-0.55,No,None,Missing,"Needs review","CFO approval for material ESG spend",Yes,"IBMBOB_ESG_Cost_KPI_Mar2026.csv + Raw_GL_Export_With_CostCenters_Mar2026_IBMBOB_Enhanced.csv"
"IBM BOB 3 - ESG",2026-08,ESG-MAR26-0544,TXN006752,AUS01,IT,"Information Technology","Carbon offsets",5300,"Professional Services","Energy Australia",BOB-ESG-0544,PO-ESG-8431,46182.46,supplier_score,535.58,425.89,79.5,264.00,79.5,76,-19978.98,0.14,No,None,Complete,Ready,"No action",No,"IBMBOB_ESG_Cost_KPI_Mar2026.csv + Raw_GL_Export_With_CostCenters_Mar2026_IBMBOB_Enhanced.csv"
"IBM BOB 3 - ESG",2026-08,ESG-MAR26-0545,TXN006753,AUS01,VIC,"Victoria Operations","Compliance assurance",5320,"Audit Fees","Origin Energy",BOB-ESG-0545,PO-ESG-5170,3527.59,waste_kg_reduced,117.15,114.39,97.6,3.73,72.0,70,-7316.33,-0.30,No,None,Complete,Ready,"No action",No,"IBMBOB_ESG_Cost_KPI_Mar2026.csv + Raw_GL_Export_With_CostCenters_Mar2026_IBMBOB_Enhanced.csv"
"IBM BOB 3 - ESG",2026-08,ESG-MAR26-0546,TXN006754,AUS01,NT,"Northern Territory Operations","Carbon offsets",5300,"Professional Services","Sustainable Packaging Co",BOB-ESG-0546,PO-ESG-7986,63357.39,renewable_kwh,73.35,64.15,87.5,431.46,48.1,91,78955.41,-0.22,No,None,Partial,Ready,"No action",No,"IBMBOB_ESG_Cost_KPI_Mar2026.csv + Raw_GL_Export_With_CostCenters_Mar2026_IBMBOB_Enhanced.csv"
"IBM BOB 3 - ESG",2026-08,ESG-MAR26-0547,TXN006755,AUS01,ACT,"Australian Capital Territory","Waste reduction",5600,Telecommunications,"Origin Energy",BOB-ESG-0547,PO-ESG-7152,57836.34,waste_kg_reduced,880.17,1006.53,114.4,292.76,51.9,51,-3240.91,0.39,No,None,Missing,Ready,"No action",No,"IBMBOB_ESG_Cost_KPI_Mar2026.csv + Raw_GL_Export_With_CostCenters_Mar2026_IBMBOB_Enhanced.csv"
"IBM BOB 3 - ESG",2026-08,ESG-MAR26-0548,TXN006756,NZL01,QLD,"Queensland Operations","Sustainable packaging",6010,"Direct Materials","Green Freight",BOB-ESG-0548,PO-ESG-4962,55463.15,supplier_score,77.57,80.26,103.5,266.32,47.6,46,22034.03,0.37,No,None,Partial,Partial,"No action",No,"IBMBOB_ESG_Cost_KPI_Mar2026.csv + Raw_GL_Export_With_CostCenters_Mar2026_IBMBOB_Enhanced.csv"
"IBM BOB 3 - ESG",2026-08,ESG-MAR26-0549,TXN006757,AUS01,IT,"Information Technology","Sustainable packaging",6010,"Direct Materials","Sustainable Packaging Co",BOB-ESG-0549,PO-ESG-3383,72896.72,audit_evidence_count,65.91,51.05,77.5,66.72,59.9,87,11697.33,0.34,No,None,Partial,Partial,"No action",No,"IBMBOB_ESG_Cost_KPI_Mar2026.csv + Raw_GL_Export_With_CostCenters_Mar2026_IBMBOB_Enhanced.csv"
"IBM BOB 3 - ESG",2026-08,ESG-MAR26-0550,TXN006758,AUS01,NT,"Northern Territory Operations","Sustainable packaging",6010,"Direct Materials","Bureau Veritas",BOB-ESG-0550,PO-ESG-4959,33841.11,waste_kg_reduced,444.15,508.13,114.4,596.11,71.2,81,-23421.13,-0.72,No,None,Complete,Ready,"No action",No,"IBMBOB_ESG_Cost_KPI_Mar2026.csv + Raw_GL_Export_With_CostCenters_Mar2026_IBMBOB_Enhanced.csv"
"IBM BOB 3 - ESG",2026-08,ESG-MAR26-0551,TXN006759,NZL01,SA,"South Australia Operations","Renewable sourcing premium",6000,"Cost of Goods Sold","Green Freight",BOB-ESG-0551,PO-ESG-8774,76588.60,renewable_kwh,280.37,234.41,83.6,495.07,54.2,97,82919.69,0.00,No,None,Partial,Ready,"No action",No,"IBMBOB_ESG_Cost_KPI_Mar2026.csv + Raw_GL_Export_With_CostCenters_Mar2026_IBMBOB_Enhanced.csv"
"IBM BOB 3 - ESG",2026-08,ESG-MAR26-0552,TXN006760,AUS01,TAS,"Tasmania Operations","Supplier ESG premium",6010,"Direct Materials",EcoVadis,BOB-ESG-0552,PO-ESG-8415,52428.06,audit_evidence_count,976.46,956.96,98.0,369.33,52.1,95,24970.10,0.34,No,None,Complete,Partial,"No action",No,"IBMBOB_ESG_Cost_KPI_Mar2026.csv + Raw_GL_Export_With_CostCenters_Mar2026_IBMBOB_Enhanced.csv"
"IBM BOB 3 - ESG",2026-08,ESG-MAR26-0553,TXN006761,NZL01,NSW,"New South Wales Operations","Fleet emissions",5400,Travel,"Carbon Neutral Pty Ltd",BOB-ESG-0553,PO-ESG-8448,70492.58,audit_evidence_count,561.82,659.62,117.4,136.43,90.7,62,-15307.96,-0.17,No,None,Missing,Ready,"No action",No,"IBMBOB_ESG_Cost_KPI_Mar2026.csv + Raw_GL_Export_With_CostCenters_Mar2026_IBMBOB_Enhanced.csv"
"IBM BOB 3 - ESG",2026-08,ESG-MAR26-0554,TXN006762,AUS01,QLD,"Queensland Operations","Supplier ESG premium",6010,"Direct Materials","Bureau Veritas",BOB-ESG-0554,PO-ESG-5857,49195.03,renewable_kwh,640.50,562.88,87.9,228.58,68.1,66,68565.73,-0.36,No,None,Complete,Ready,"No action",No,"IBMBOB_ESG_Cost_KPI_Mar2026.csv + Raw_GL_Export_With_CostCenters_Mar2026_IBMBOB_Enhanced.csv"
"IBM BOB 3 - ESG",2026-08,ESG-MAR26-0555,TXN006763,NZL01,NT,"Northern Territory Operations","Waste reduction",5600,Telecommunications,"Origin Energy",BOB-ESG-0555,PO-ESG-5138,51487.85,waste_kg_reduced,598.48,571.11,95.4,46.17,21.1,85,10831.33,-0.30,No,None,Partial,Ready,"No action",No,"IBMBOB_ESG_Cost_KPI_Mar2026.csv + Raw_GL_Export_With_CostCenters_Mar2026_IBMBOB_Enhanced.csv"
"IBM BOB 3 - ESG",2026-08,ESG-MAR26-0556,TXN006764,PNG01,SA,"South Australia Operations","Energy usage",5110,Utilities,"Sustainable Packaging Co",BOB-ESG-0556,PO-ESG-4497,61295.54,"tCO2e avoided",133.92,147.18,109.9,578.46,97.1,55,13898.26,-0.38,No,None,Complete,Ready,"No action",No,"IBMBOB_ESG_Cost_KPI_Mar2026.csv + Raw_GL_Export_With_CostCenters_Mar2026_IBMBOB_Enhanced.csv"
"IBM BOB 3 - ESG",2026-08,ESG-MAR26-0557,TXN006765,AUS01,ACT,"Australian Capital Territory","Sustainable packaging",6010,"Direct Materials","Bureau Veritas",BOB-ESG-0557,PO-ESG-4496,34331.03,audit_evidence_count,940.00,891.57,94.8,310.94,79.6,59,-15682.23,-0.66,No,None,Missing,Ready,"No action",No,"IBMBOB_ESG_Cost_KPI_Mar2026.csv + Raw_GL_Export_With_CostCenters_Mar2026_IBMBOB_Enhanced.csv"
"IBM BOB 3 - ESG",2026-08,ESG-MAR26-0558,TXN006766,AUS01,R&D,"Research & Development","Compliance assurance",5320,"Audit Fees","Sustainable Packaging Co",BOB-ESG-0558,PO-ESG-6119,84557.08,"tCO2e avoided",602.87,408.81,67.8,93.64,51.9,57,-7703.55,0.07,No,None,Complete,Partial,"No action",No,"IBMBOB_ESG_Cost_KPI_Mar2026.csv + Raw_GL_Export_With_CostCenters_Mar2026_IBMBOB_Enhanced.csv"
"IBM BOB 3 - ESG",2026-08,ESG-MAR26-0559,TXN006767,PNG01,CORP,"Corporate Head Office","Supplier ESG premium",6010,"Direct Materials","Green Freight",BOB-ESG-0559,PO-ESG-5851,35206.64,"tCO2e avoided",823.50,905.72,110.0,326.96,2.8,96,25396.27,-0.63,No,None,Complete,Ready,"No action",No,"IBMBOB_ESG_Cost_KPI_Mar2026.csv + Raw_GL_Export_With_CostCenters_Mar2026_IBMBOB_Enhanced.csv"
"IBM BOB 3 - ESG",2026-08,ESG-MAR26-0560,TXN006768,AUS01,NSW,"New South Wales Operations","Sustainable packaging",6010,"Direct Materials",EcoVadis,BOB-ESG-0560,PO-ESG-6606,28323.31,"tCO2e avoided",792.53,788.07,99.4,368.52,94.6,64,39325.53,-0.56,No,None,Complete,Partial,"No action",No,"IBMBOB_ESG_Cost_KPI_Mar2026.csv + Raw_GL_Export_With_CostCenters_Mar2026_IBMBOB_Enhanced.csv"
"IBM BOB 3 - ESG",2026-08,ESG-MAR26-0561,TXN006769,AUS01,FIN,"Finance & Accounting","Carbon offsets",5300,"Professional Services","Energy Australia",BOB-ESG-0561,PO-ESG-4092,62487.46,supplier_score,624.93,740.50,118.5,383.38,25.7,68,21762.62,-0.74,No,None,Complete,Ready,"No action",No,"IBMBOB_ESG_Cost_KPI_Mar2026.csv + Raw_GL_Export_With_CostCenters_Mar2026_IBMBOB_Enhanced.csv"
"IBM BOB 3 - ESG",2026-08,ESG-MAR26-0562,TXN006770,AUS01,HR,"Human Resources","Supplier ESG premium",6010,"Direct Materials","Origin Energy",BOB-ESG-0562,PO-ESG-4785,113178.52,renewable_kwh,515.36,401.23,77.9,378.07,55.4,66,-35836.93,-0.44,No,None,Partial,"Needs review","CFO approval for material ESG spend",Yes,"IBMBOB_ESG_Cost_KPI_Mar2026.csv + Raw_GL_Export_With_CostCenters_Mar2026_IBMBOB_Enhanced.csv"
"IBM BOB 3 - ESG",2026-08,ESG-MAR26-0563,TXN006771,AUS01,OPS,"Operations & Logistics","Carbon offsets",5300,"Professional Services",EcoVadis,BOB-ESG-0563,PO-ESG-4797,13031.42,supplier_score,569.87,406.85,71.4,87.89,43.6,54,-9283.09,-0.30,No,None,Missing,Ready,"No action",No,"IBMBOB_ESG_Cost_KPI_Mar2026.csv + Raw_GL_Export_With_CostCenters_Mar2026_IBMBOB_Enhanced.csv"
"IBM BOB 3 - ESG",2026-08,ESG-MAR26-0564,TXN006772,AUS01,QLD,"Queensland Operations","Renewable sourcing premium",6000,"Cost of Goods Sold","Bureau Veritas",BOB-ESG-0564,PO-ESG-2068,91976.62,renewable_kwh,582.03,401.55,69.0,366.34,3.8,79,57851.02,0.13,No,None,Complete,Ready,"No action",No,"IBMBOB_ESG_Cost_KPI_Mar2026.csv + Raw_GL_Export_With_CostCenters_Mar2026_IBMBOB_Enhanced.csv"
"IBM BOB 3 - ESG",2026-08,ESG-MAR26-0565,TXN006773,AUS01,SA,"South Australia Operations","Waste reduction",5600,Telecommunications,"Origin Energy",BOB-ESG-0565,PO-ESG-8691,99658.51,supplier_score,927.27,696.17,75.1,537.36,1.5,77,60781.89,-0.70,No,None,Missing,"Needs review","CFO approval for material ESG spend",Yes,"IBMBOB_ESG_Cost_KPI_Mar2026.csv + Raw_GL_Export_With_CostCenters_Mar2026_IBMBOB_Enhanced.csv"
"IBM BOB 3 - ESG",2026-08,ESG-MAR26-0566,TXN006774,AUS01,NT,"Northern Territory Operations","Energy usage",5110,Utilities,"Climate Active Advisor",BOB-ESG-0566,PO-ESG-9022,118061.57,renewable_kwh,93.79,111.48,118.9,283.51,60.5,63,-43743.45,-0.02,No,None,Complete,"Needs review","CFO approval for material ESG spend",Yes,"IBMBOB_ESG_Cost_KPI_Mar2026.csv + Raw_GL_Export_With_CostCenters_Mar2026_IBMBOB_Enhanced.csv"
"IBM BOB 3 - ESG",2026-08,ESG-MAR26-0567,TXN006775,AUS01,NSW,"New South Wales Operations","Energy usage",5110,Utilities,"Origin Energy",BOB-ESG-0567,PO-ESG-3863,111476.99,renewable_kwh,347.75,237.27,68.2,427.15,0.5,55,-46222.44,-0.49,No,None,Missing,"Needs review","CFO approval for material ESG spend",Yes,"IBMBOB_ESG_Cost_KPI_Mar2026.csv + Raw_GL_Export_With_CostCenters_Mar2026_IBMBOB_Enhanced.csv"
"IBM BOB 3 - ESG",2026-08,ESG-MAR26-0568,TXN006776,AUS01,R&D,"Research & Development","Sustainable packaging",6010,"Direct Materials","Sustainable Packaging Co",BOB-ESG-0568,PO-ESG-2087,20914.60,renewable_kwh,289.63,279.44,96.5,137.45,35.7,80,20951.89,-0.65,No,None,Complete,Partial,"No action",No,"IBMBOB_ESG_Cost_KPI_Mar2026.csv + Raw_GL_Export_With_CostCenters_Mar2026_IBMBOB_Enhanced.csv"
"IBM BOB 3 - ESG",2026-08,ESG-MAR26-0569,TXN006777,AUS01,NT,"Northern Territory Operations","Sustainable packaging",6010,"Direct Materials","Origin Energy",BOB-ESG-0569,PO-ESG-8622,15771.12,renewable_kwh,737.14,625.03,84.8,435.98,50.0,83,80543.62,-0.60,No,None,Complete,Ready,"No action",No,"IBMBOB_ESG_Cost_KPI_Mar2026.csv + Raw_GL_Export_With_CostCenters_Mar2026_IBMBOB_Enhanced.csv"
"IBM BOB 3 - ESG",2026-08,ESG-MAR26-0570,TXN006778,AUS01,HR,"Human Resources","Renewable sourcing premium",6000,"Cost of Goods Sold","Sustainable Packaging Co",BOB-ESG-0570,PO-ESG-8975,89596.16,waste_kg_reduced,432.75,284.40,65.7,95.96,45.8,89,9174.64,0.14,No,None,Partial,Partial,"No action",No,"IBMBOB_ESG_Cost_KPI_Mar2026.csv + Raw_GL_Export_With_CostCenters_Mar2026_IBMBOB_Enhanced.csv"
"IBM BOB 3 - ESG",2026-08,ESG-MAR26-0571,TXN006779,AUS01,ACT,"Australian Capital Territory","Sustainable packaging",6010,"Direct Materials","Carbon Neutral Pty Ltd",BOB-ESG-0571,PO-ESG-8176,19887.78,supplier_score,973.07,1158.75,119.1,147.88,5.8,84,47884.29,-0.48,No,None,Missing,Ready,"No action",No,"IBMBOB_ESG_Cost_KPI_Mar2026.csv + Raw_GL_Export_With_CostCenters_Mar2026_IBMBOB_Enhanced.csv"
"IBM BOB 3 - ESG",2026-08,ESG-MAR26-0572,TXN006780,AUS01,VIC,"Victoria Operations","Supplier ESG premium",6010,"Direct Materials","Climate Active Advisor",BOB-ESG-0572,PO-ESG-8728,1560.04,"tCO2e avoided",670.79,702.35,104.7,381.07,28.8,90,20908.76,-0.57,No,None,Partial,Partial,"No action",No,"IBMBOB_ESG_Cost_KPI_Mar2026.csv + Raw_GL_Export_With_CostCenters_Mar2026_IBMBOB_Enhanced.csv"
"IBM BOB 3 - ESG",2026-08,ESG-MAR26-0573,TXN006781,PNG01,QLD,"Queensland Operations","Compliance assurance",5320,"Audit Fees","Sustainable Packaging Co",BOB-ESG-0573,PO-ESG-5149,117491.22,waste_kg_reduced,253.97,276.06,108.7,424.10,43.5,90,-28400.47,-0.43,No,None,Partial,"Needs review","CFO approval for material ESG spend",Yes,"IBMBOB_ESG_Cost_KPI_Mar2026.csv + Raw_GL_Export_With_CostCenters_Mar2026_IBMBOB_Enhanced.csv"
"IBM BOB 3 - ESG",2026-08,ESG-MAR26-0574,TXN006782,AUS01,R&D,"Research & Development","Fleet emissions",5400,Travel,EcoVadis,BOB-ESG-0574,PO-ESG-2425,86989.55,supplier_score,195.01,188.24,96.5,272.57,36.8,93,52061.07,0.12,No,None,Partial,Partial,"No action",No,"IBMBOB_ESG_Cost_KPI_Mar2026.csv + Raw_GL_Export_With_CostCenters_Mar2026_IBMBOB_Enhanced.csv"
"IBM BOB 3 - ESG",2026-08,ESG-MAR26-0575,TXN006783,AUS01,ACT,"Australian Capital Territory","Waste reduction",5600,Telecommunications,"Climate Active Advisor",BOB-ESG-0575,PO-ESG-5491,7173.54,supplier_score,469.70,445.41,94.8,135.02,6.4,71,60777.47,-0.65,No,None,Complete,Ready,"No action",No,"IBMBOB_ESG_Cost_KPI_Mar2026.csv + Raw_GL_Export_With_CostCenters_Mar2026_IBMBOB_Enhanced.csv"
"IBM BOB 3 - ESG",2026-08,ESG-MAR26-0576,TXN006784,AUS01,OPS,"Operations & Logistics","Sustainable packaging",6010,"Direct Materials","Origin Energy",BOB-ESG-0576,PO-ESG-9166,98895.11,renewable_kwh,263.59,178.64,67.8,11.59,12.2,47,9304.21,-0.15,No,None,Partial,"Needs review","CFO approval for material ESG spend",Yes,"IBMBOB_ESG_Cost_KPI_Mar2026.csv + Raw_GL_Export_With_CostCenters_Mar2026_IBMBOB_Enhanced.csv"
"IBM BOB 3 - ESG",2026-08,ESG-MAR26-0577,TXN006785,AUS01,CORP,"Corporate Head Office","Carbon offsets",5300,"Professional Services","Carbon Neutral Pty Ltd",BOB-ESG-0577,PO-ESG-9513,65366.72,supplier_score,829.74,1016.99,122.6,47.57,62.7,69,-13620.28,-0.16,No,None,Missing,Ready,"No action",No,"IBMBOB_ESG_Cost_KPI_Mar2026.csv + Raw_GL_Export_With_CostCenters_Mar2026_IBMBOB_Enhanced.csv"
"IBM BOB 3 - ESG",2026-08,ESG-MAR26-0578,TXN006786,NZL01,FIN,"Finance & Accounting","Compliance assurance",5320,"Audit Fees","Bureau Veritas",BOB-ESG-0578,PO-ESG-3352,62094.48,"tCO2e avoided",803.11,981.10,122.2,6.38,57.4,47,76729.10,0.07,No,None,Complete,Ready,"No action",No,"IBMBOB_ESG_Cost_KPI_Mar2026.csv + Raw_GL_Export_With_CostCenters_Mar2026_IBMBOB_Enhanced.csv"
"IBM BOB 3 - ESG",2026-08,ESG-MAR26-0579,TXN006787,FJI01,CORP,"Corporate Head Office","Carbon offsets",5300,"Professional Services","Energy Australia",BOB-ESG-0579,PO-ESG-2863,40322.32,audit_evidence_count,156.70,173.48,110.7,232.71,99.2,50,-37478.63,-0.76,No,None,Complete,Ready,"No action",No,"IBMBOB_ESG_Cost_KPI_Mar2026.csv + Raw_GL_Export_With_CostCenters_Mar2026_IBMBOB_Enhanced.csv"
"IBM BOB 3 - ESG",2026-08,ESG-MAR26-0580,TXN006788,FJI01,ACT,"Australian Capital Territory","Waste reduction",5600,Telecommunications,"Climate Active Advisor",BOB-ESG-0580,PO-ESG-2759,33082.87,renewable_kwh,119.08,137.42,115.4,286.08,55.7,57,-10559.51,-0.70,No,None,Complete,Partial,"No action",No,"IBMBOB_ESG_Cost_KPI_Mar2026.csv + Raw_GL_Export_With_CostCenters_Mar2026_IBMBOB_Enhanced.csv"
"IBM BOB 3 - ESG",2026-08,ESG-MAR26-0581,TXN006789,AUS01,NT,"Northern Territory Operations","Compliance assurance",5320,"Audit Fees","Origin Energy",BOB-ESG-0581,PO-ESG-6750,81319.66,"tCO2e avoided",850.68,880.75,103.5,16.76,10.6,66,62363.23,0.08,No,None,Partial,Ready,"No action",No,"IBMBOB_ESG_Cost_KPI_Mar2026.csv + Raw_GL_Export_With_CostCenters_Mar2026_IBMBOB_Enhanced.csv"
"IBM BOB 3 - ESG",2026-08,ESG-MAR26-0582,TXN006790,AUS01,ACT,"Australian Capital Territory","Waste reduction",5600,Telecommunications,"Sustainable Packaging Co",BOB-ESG-0582,PO-ESG-9650,61514.72,"tCO2e avoided",980.06,802.95,81.9,162.69,82.0,86,81223.76,-0.33,No,None,Complete,Ready,"No action",No,"IBMBOB_ESG_Cost_KPI_Mar2026.csv + Raw_GL_Export_With_CostCenters_Mar2026_IBMBOB_Enhanced.csv"
"IBM BOB 3 - ESG",2026-08,ESG-MAR26-0583,TXN006791,AUS01,SA,"South Australia Operations","Supplier ESG premium",6010,"Direct Materials","Green Freight",BOB-ESG-0583,PO-ESG-4061,76065.04,waste_kg_reduced,417.74,464.76,111.3,418.05,82.3,61,69205.39,0.36,No,None,Partial,Ready,"No action",No,"IBMBOB_ESG_Cost_KPI_Mar2026.csv + Raw_GL_Export_With_CostCenters_Mar2026_IBMBOB_Enhanced.csv"
"IBM BOB 3 - ESG",2026-08,ESG-MAR26-0584,TXN006792,AUS01,IT,"Information Technology","Sustainable packaging",6010,"Direct Materials","Carbon Neutral Pty Ltd",BOB-ESG-0584,PO-ESG-5131,77500.84,"tCO2e avoided",754.93,592.39,78.5,485.19,38.2,57,-43756.72,-0.37,No,None,Partial,Partial,"No action",No,"IBMBOB_ESG_Cost_KPI_Mar2026.csv + Raw_GL_Export_With_CostCenters_Mar2026_IBMBOB_Enhanced.csv"
"IBM BOB 3 - ESG",2026-08,ESG-MAR26-0585,TXN006793,FJI01,NSW,"New South Wales Operations","Energy usage",5110,Utilities,"Green Freight",BOB-ESG-0585,PO-ESG-9310,71442.38,renewable_kwh,714.07,871.31,122.0,232.26,36.0,74,64261.06,-0.27,No,None,Partial,Ready,"No action",No,"IBMBOB_ESG_Cost_KPI_Mar2026.csv + Raw_GL_Export_With_CostCenters_Mar2026_IBMBOB_Enhanced.csv"
"IBM BOB 3 - ESG",2026-08,ESG-MAR26-0586,TXN006794,NZL01,NSW,"New South Wales Operations","Renewable sourcing premium",6000,"Cost of Goods Sold","Energy Australia",BOB-ESG-0586,PO-ESG-2202,91516.29,audit_evidence_count,964.19,804.93,83.5,8.92,16.5,58,-13192.35,-0.11,No,None,Complete,Ready,"No action",No,"IBMBOB_ESG_Cost_KPI_Mar2026.csv + Raw_GL_Export_With_CostCenters_Mar2026_IBMBOB_Enhanced.csv"
"IBM BOB 3 - ESG",2026-08,ESG-MAR26-0587,TXN006795,AUS01,NT,"Northern Territory Operations","Sustainable packaging",6010,"Direct Materials","Origin Energy",BOB-ESG-0587,PO-ESG-7804,17834.56,"tCO2e avoided",110.97,77.47,69.8,351.56,4.2,65,55943.20,-0.24,No,None,Partial,Partial,"No action",No,"IBMBOB_ESG_Cost_KPI_Mar2026.csv + Raw_GL_Export_With_CostCenters_Mar2026_IBMBOB_Enhanced.csv"
"IBM BOB 3 - ESG",2026-08,ESG-MAR26-0588,TXN006796,FJI01,FIN,"Finance & Accounting","Supplier ESG premium",6010,"Direct Materials","Carbon Neutral Pty Ltd",BOB-ESG-0588,PO-ESG-8356,84416.38,supplier_score,766.15,840.60,109.7,592.69,81.5,70,55359.73,0.14,No,None,Complete,Ready,"No action",No,"IBMBOB_ESG_Cost_KPI_Mar2026.csv + Raw_GL_Export_With_CostCenters_Mar2026_IBMBOB_Enhanced.csv"
"IBM BOB 3 - ESG",2026-08,ESG-MAR26-0589,TXN006797,AUS01,ACT,"Australian Capital Territory","Supplier ESG premium",6010,"Direct Materials","Green Freight",BOB-ESG-0589,PO-ESG-7458,12713.57,waste_kg_reduced,624.83,700.60,112.1,378.33,10.2,81,21501.16,0.13,No,None,Complete,Partial,"No action",No,"IBMBOB_ESG_Cost_KPI_Mar2026.csv + Raw_GL_Export_With_CostCenters_Mar2026_IBMBOB_Enhanced.csv"
"IBM BOB 3 - ESG",2026-08,ESG-MAR26-0590,TXN006798,NZL01,R&D,"Research & Development","Compliance assurance",5320,"Audit Fees",EcoVadis,BOB-ESG-0590,PO-ESG-5483,47049.87,audit_evidence_count,492.06,414.09,84.2,137.53,2.6,55,-39024.45,0.10,No,None,Missing,Ready,"No action",No,"IBMBOB_ESG_Cost_KPI_Mar2026.csv + Raw_GL_Export_With_CostCenters_Mar2026_IBMBOB_Enhanced.csv"
"IBM BOB 3 - ESG",2026-08,ESG-MAR26-0591,TXN006799,AUS01,FIN,"Finance & Accounting","Energy usage",5110,Utilities,"Energy Australia",BOB-ESG-0591,PO-ESG-8059,52118.97,waste_kg_reduced,459.19,559.82,121.9,105.81,21.8,59,-3325.33,0.35,No,None,Missing,Ready,"No action",No,"IBMBOB_ESG_Cost_KPI_Mar2026.csv + Raw_GL_Export_With_CostCenters_Mar2026_IBMBOB_Enhanced.csv"
"IBM BOB 3 - ESG",2026-08,ESG-MAR26-0592,TXN006800,AUS01,VIC,"Victoria Operations","Renewable sourcing premium",6000,"Cost of Goods Sold","Energy Australia",BOB-ESG-0592,PO-ESG-7696,111746.57,audit_evidence_count,357.61,393.16,109.9,547.25,26.5,75,-44158.66,0.34,No,None,Partial,"Needs review","CFO approval for material ESG spend",Yes,"IBMBOB_ESG_Cost_KPI_Mar2026.csv + Raw_GL_Export_With_CostCenters_Mar2026_IBMBOB_Enhanced.csv"
"IBM BOB 3 - ESG",2026-08,ESG-MAR26-0593,TXN006801,AUS01,IT,"Information Technology","Supplier ESG premium",6010,"Direct Materials","Green Freight",BOB-ESG-0593,PO-ESG-3511,92608.13,renewable_kwh,362.87,417.26,115.0,532.63,70.1,80,-49197.60,-0.76,No,None,Partial,Ready,"No action",No,"IBMBOB_ESG_Cost_KPI_Mar2026.csv + Raw_GL_Export_With_CostCenters_Mar2026_IBMBOB_Enhanced.csv"
"IBM BOB 3 - ESG",2026-08,ESG-MAR26-0594,TXN006802,AUS01,FIN,"Finance & Accounting","Sustainable packaging",6010,"Direct Materials","Energy Australia",BOB-ESG-0594,PO-ESG-6183,8129.67,"tCO2e avoided",102.74,91.16,88.7,401.34,22.9,70,3042.24,-0.47,No,None,Partial,Ready,"No action",No,"IBMBOB_ESG_Cost_KPI_Mar2026.csv + Raw_GL_Export_With_CostCenters_Mar2026_IBMBOB_Enhanced.csv"
"IBM BOB 3 - ESG",2026-08,ESG-MAR26-0595,TXN006803,AUS01,OPS,"Operations & Logistics","Renewable sourcing premium",6000,"Cost of Goods Sold","Energy Australia",BOB-ESG-0595,PO-ESG-9801,91908.59,waste_kg_reduced,298.63,196.42,65.8,303.31,46.9,55,69436.53,-0.53,No,None,Complete,Ready,"No action",No,"IBMBOB_ESG_Cost_KPI_Mar2026.csv + Raw_GL_Export_With_CostCenters_Mar2026_IBMBOB_Enhanced.csv"
"IBM BOB 3 - ESG",2026-08,ESG-MAR26-0596,TXN006804,PNG01,TAS,"Tasmania Operations","Waste reduction",5600,Telecommunications,"Origin Energy",BOB-ESG-0596,PO-ESG-2805,80889.16,supplier_score,592.38,728.91,123.0,393.36,94.4,76,33568.78,0.30,No,None,Complete,Ready,"No action",No,"IBMBOB_ESG_Cost_KPI_Mar2026.csv + Raw_GL_Export_With_CostCenters_Mar2026_IBMBOB_Enhanced.csv"
"IBM BOB 3 - ESG",2026-08,ESG-MAR26-0597,TXN006805,PNG01,IT,"Information Technology","Renewable sourcing premium",6000,"Cost of Goods Sold","Green Freight",BOB-ESG-0597,PO-ESG-3228,2763.22,"tCO2e avoided",580.75,575.34,99.1,33.11,89.5,89,19229.92,-0.19,No,None,Complete,Ready,"No action",No,"IBMBOB_ESG_Cost_KPI_Mar2026.csv + Raw_GL_Export_With_CostCenters_Mar2026_IBMBOB_Enhanced.csv"
"IBM BOB 3 - ESG",2026-08,ESG-MAR26-0598,TXN006806,AUS01,OPS,"Operations & Logistics","Fleet emissions",5400,Travel,"Sustainable Packaging Co",BOB-ESG-0598,PO-ESG-9653,2909.71,"tCO2e avoided",511.06,426.40,83.4,450.31,89.8,48,-7842.45,-0.61,No,None,Complete,Partial,"No action",No,"IBMBOB_ESG_Cost_KPI_Mar2026.csv + Raw_GL_Export_With_CostCenters_Mar2026_IBMBOB_Enhanced.csv"
"IBM BOB 3 - ESG",2026-08,ESG-MAR26-0599,TXN006807,AUS01,ACT,"Australian Capital Territory","Waste reduction",5600,Telecommunications,"Green Freight",BOB-ESG-0599,PO-ESG-8693,101701.19,renewable_kwh,640.70,644.17,100.5,589.14,43.4,92,74956.26,0.25,No,None,Complete,"Needs review","CFO approval for material ESG spend",Yes,"IBMBOB_ESG_Cost_KPI_Mar2026.csv + Raw_GL_Export_With_CostCenters_Mar2026_IBMBOB_Enhanced.csv"
"IBM BOB 3 - ESG",2026-08,ESG-MAR26-0600,TXN006808,NZL01,SA,"South Australia Operations","Renewable sourcing premium",6000,"Cost of Goods Sold","Sustainable Packaging Co",BOB-ESG-0600,PO-ESG-5656,39280.69,waste_kg_reduced,554.61,571.97,103.1,161.80,41.2,81,-38317.38,-0.33,No,None,Complete,Ready,"No action",No,"IBMBOB_ESG_Cost_KPI_Mar2026.csv + Raw_GL_Export_With_CostCenters_Mar2026_IBMBOB_Enhanced.csv"
"IBM BOB 3 - ESG",2026-08,ESG-MAR26-0601,TXN006809,AUS01,NT,"Northern Territory Operations","Waste reduction",5600,Telecommunications,"Carbon Neutral Pty Ltd",BOB-ESG-0601,PO-ESG-3728,58179.74,audit_evidence_count,622.25,513.94,82.6,250.14,73.6,77,74208.23,0.30,No,None,Complete,Ready,"No action",No,"IBMBOB_ESG_Cost_KPI_Mar2026.csv + Raw_GL_Export_With_CostCenters_Mar2026_IBMBOB_Enhanced.csv"
"IBM BOB 3 - ESG",2026-08,ESG-MAR26-0602,TXN006810,AUS01,IT,"Information Technology","Carbon offsets",5300,"Professional Services","Sustainable Packaging Co",BOB-ESG-0602,PO-ESG-5158,20329.20,renewable_kwh,135.59,118.78,87.6,392.01,41.3,65,-34504.45,-0.16,No,None,Complete,Ready,"No action",No,"IBMBOB_ESG_Cost_KPI_Mar2026.csv + Raw_GL_Export_With_CostCenters_Mar2026_IBMBOB_Enhanced.csv"
"IBM BOB 3 - ESG",2026-08,ESG-MAR26-0603,TXN006811,AUS01,CORP,"Corporate Head Office","Renewable sourcing premium",6000,"Cost of Goods Sold","Sustainable Packaging Co",BOB-ESG-0603,PO-ESG-8856,48733.49,audit_evidence_count,402.77,421.53,104.7,406.22,34.8,80,37662.14,-0.31,No,None,Complete,Partial,"No action",No,"IBMBOB_ESG_Cost_KPI_Mar2026.csv + Raw_GL_Export_With_CostCenters_Mar2026_IBMBOB_Enhanced.csv"
"IBM BOB 3 - ESG",2026-08,ESG-MAR26-0604,TXN006812,AUS01,FIN,"Finance & Accounting","Carbon offsets",5300,"Professional Services","Origin Energy",BOB-ESG-0604,PO-ESG-5287,119189.17,supplier_score,715.45,789.19,110.3,50.34,78.1,48,-11983.99,0.25,No,None,Complete,"Needs review","CFO approval for material ESG spend",Yes,"IBMBOB_ESG_Cost_KPI_Mar2026.csv + Raw_GL_Export_With_CostCenters_Mar2026_IBMBOB_Enhanced.csv"
"IBM BOB 3 - ESG",2026-08,ESG-MAR26-0605,TXN006813,AUS01,MKT,"Marketing & Sales","Carbon offsets",5300,"Professional Services","Sustainable Packaging Co",BOB-ESG-0605,PO-ESG-5435,40907.11,renewable_kwh,86.68,57.86,66.8,148.61,23.1,83,51493.00,-0.68,No,None,Missing,Ready,"No action",No,"IBMBOB_ESG_Cost_KPI_Mar2026.csv + Raw_GL_Export_With_CostCenters_Mar2026_IBMBOB_Enhanced.csv"
"IBM BOB 3 - ESG",2026-08,ESG-MAR26-0606,TXN006814,AUS01,IT,"Information Technology","Compliance assurance",5320,"Audit Fees","Green Freight",BOB-ESG-0606,PO-ESG-5011,18856.18,"tCO2e avoided",59.81,45.64,76.3,226.07,3.8,51,17799.05,-0.58,No,None,Missing,Ready,"No action",No,"IBMBOB_ESG_Cost_KPI_Mar2026.csv + Raw_GL_Export_With_CostCenters_Mar2026_IBMBOB_Enhanced.csv"
"IBM BOB 3 - ESG",2026-08,ESG-MAR26-0607,TXN006815,AUS01,QLD,"Queensland Operations","Carbon offsets",5300,"Professional Services","Origin Energy",BOB-ESG-0607,PO-ESG-9897,94205.13,audit_evidence_count,136.93,103.48,75.6,186.74,70.0,60,-45471.23,-0.34,No,None,Complete,Ready,"No action",No,"IBMBOB_ESG_Cost_KPI_Mar2026.csv + Raw_GL_Export_With_CostCenters_Mar2026_IBMBOB_Enhanced.csv"
"IBM BOB 3 - ESG",2026-08,ESG-MAR26-0608,TXN006816,PNG01,CORP,"Corporate Head Office","Renewable sourcing premium",6000,"Cost of Goods Sold","Climate Active Advisor",BOB-ESG-0608,PO-ESG-8278,80531.53,audit_evidence_count,323.23,319.61,98.9,137.39,67.8,85,55047.51,0.18,No,None,Partial,Partial,"No action",No,"IBMBOB_ESG_Cost_KPI_Mar2026.csv + Raw_GL_Export_With_CostCenters_Mar2026_IBMBOB_Enhanced.csv"
"IBM BOB 3 - ESG",2026-08,ESG-MAR26-0609,TXN006817,AUS01,MKT,"Marketing & Sales","Carbon offsets",5300,"Professional Services","Climate Active Advisor",BOB-ESG-0609,PO-ESG-3791,2931.27,audit_evidence_count,66.78,72.42,108.4,158.57,43.4,95,-49574.15,0.13,No,None,Partial,Ready,"No action",No,"IBMBOB_ESG_Cost_KPI_Mar2026.csv + Raw_GL_Export_With_CostCenters_Mar2026_IBMBOB_Enhanced.csv"
"IBM BOB 3 - ESG",2026-08,ESG-MAR26-0610,TXN006818,AUS01,HR,"Human Resources","Carbon offsets",5300,"Professional Services","Green Freight",BOB-ESG-0610,PO-ESG-4170,33768.91,waste_kg_reduced,326.77,293.88,89.9,216.09,46.9,51,-49958.45,-0.34,No,None,Complete,Ready,"No action",No,"IBMBOB_ESG_Cost_KPI_Mar2026.csv + Raw_GL_Export_With_CostCenters_Mar2026_IBMBOB_Enhanced.csv"
"IBM BOB 3 - ESG",2026-08,ESG-MAR26-0611,TXN006819,AUS01,NT,"Northern Territory Operations","Sustainable packaging",5900,"Direct Materials","Climate Active Advisor",BOB-ESG-0611,PO-ESG-7023,10255.70,waste_kg_reduced,925.41,604.29,65.3,587.23,9.2,90,-30741.02,0.06,Yes,"ESG spend posted to non-ESG account or missing KPI link",Complete,"Needs review","Reclassify and link to KPI evidence",Yes,"IBMBOB_ESG_Cost_KPI_Mar2026.csv + Raw_GL_Export_With_CostCenters_Mar2026_IBMBOB_Enhanced.csv"
"IBM BOB 3 - ESG",2026-08,ESG-MAR26-0612,TXN006820,PNG01,CORP,"Corporate Head Office","Sustainable packaging",6010,"Direct Materials","Origin Energy",BOB-ESG-0612,PO-ESG-9634,64418.82,waste_kg_reduced,180.22,151.14,83.9,286.68,65.6,86,-18615.09,0.09,No,None,Missing,Ready,"No action",No,"IBMBOB_ESG_Cost_KPI_Mar2026.csv + Raw_GL_Export_With_CostCenters_Mar2026_IBMBOB_Enhanced.csv"
"IBM BOB 3 - ESG",2026-08,ESG-MAR26-0613,TXN006821,NZL01,NT,"Northern Territory Operations","Waste reduction",5600,Telecommunications,"Climate Active Advisor",BOB-ESG-0613,PO-ESG-5698,23951.08,waste_kg_reduced,285.75,320.02,112.0,537.62,39.3,60,29819.81,0.16,No,None,Partial,Ready,"No action",No,"IBMBOB_ESG_Cost_KPI_Mar2026.csv + Raw_GL_Export_With_CostCenters_Mar2026_IBMBOB_Enhanced.csv"
"IBM BOB 3 - ESG",2026-08,ESG-MAR26-0614,TXN006822,NZL01,TAS,"Tasmania Operations","Renewable sourcing premium",6000,"Cost of Goods Sold","Origin Energy",BOB-ESG-0614,PO-ESG-2182,109922.98,"tCO2e avoided",123.68,114.47,92.5,77.98,3.8,51,4460.71,-0.67,No,None,Missing,"Needs review","CFO approval for material ESG spend",Yes,"IBMBOB_ESG_Cost_KPI_Mar2026.csv + Raw_GL_Export_With_CostCenters_Mar2026_IBMBOB_Enhanced.csv"
"IBM BOB 3 - ESG",2026-08,ESG-MAR26-0615,TXN006823,FJI01,MKT,"Marketing & Sales","Carbon offsets",5300,"Professional Services","Carbon Neutral Pty Ltd",BOB-ESG-0615,PO-ESG-5408,30390.03,supplier_score,711.50,471.77,66.3,320.49,23.9,56,80872.16,-0.10,No,None,Missing,Ready,"No action",No,"IBMBOB_ESG_Cost_KPI_Mar2026.csv + Raw_GL_Export_With_CostCenters_Mar2026_IBMBOB_Enhanced.csv"
"IBM BOB 3 - ESG",2026-08,ESG-MAR26-0616,TXN006824,AUS01,SA,"South Australia Operations","Waste reduction",5600,Telecommunications,"Energy Australia",BOB-ESG-0616,PO-ESG-4105,79973.99,audit_evidence_count,481.79,423.58,87.9,202.95,49.9,47,-629.65,-0.42,No,None,Complete,Partial,"No action",No,"IBMBOB_ESG_Cost_KPI_Mar2026.csv + Raw_GL_Export_With_CostCenters_Mar2026_IBMBOB_Enhanced.csv"
"IBM BOB 3 - ESG",2026-08,ESG-MAR26-0617,TXN006825,NZL01,QLD,"Queensland Operations","Renewable sourcing premium",6000,"Cost of Goods Sold","Sustainable Packaging Co",BOB-ESG-0617,PO-ESG-6630,78040.31,renewable_kwh,747.96,687.86,92.0,228.91,96.9,95,40900.19,0.22,No,None,Complete,Ready,"No action",No,"IBMBOB_ESG_Cost_KPI_Mar2026.csv + Raw_GL_Export_With_CostCenters_Mar2026_IBMBOB_Enhanced.csv"
"IBM BOB 3 - ESG",2026-08,ESG-MAR26-0618,TXN006826,AUS01,R&D,"Research & Development","Compliance assurance",5320,"Audit Fees","Sustainable Packaging Co",BOB-ESG-0618,PO-ESG-8880,26195.99,waste_kg_reduced,514.85,436.76,84.8,255.96,35.1,45,59322.78,-0.55,No,None,Complete,Partial,"No action",No,"IBMBOB_ESG_Cost_KPI_Mar2026.csv + Raw_GL_Export_With_CostCenters_Mar2026_IBMBOB_Enhanced.csv"
"IBM BOB 3 - ESG",2026-08,ESG-MAR26-0619,TXN006827,PNG01,TAS,"Tasmania Operations","Fleet emissions",5400,Travel,"Climate Active Advisor",BOB-ESG-0619,PO-ESG-3651,29193.12,waste_kg_reduced,577.74,423.72,73.3,534.35,93.8,54,29930.87,-0.48,No,None,Complete,Partial,"No action",No,"IBMBOB_ESG_Cost_KPI_Mar2026.csv + Raw_GL_Export_With_CostCenters_Mar2026_IBMBOB_Enhanced.csv"
"IBM BOB 3 - ESG",2026-08,ESG-MAR26-0620,TXN006828,PNG01,OPS,"Operations & Logistics","Fleet emissions",5400,Travel,"Sustainable Packaging Co",BOB-ESG-0620,PO-ESG-5627,65953.17,waste_kg_reduced,165.90,155.98,94.0,514.04,89.7,73,71564.38,0.09,No,None,Partial,Ready,"No action",No,"IBMBOB_ESG_Cost_KPI_Mar2026.csv + Raw_GL_Export_With_CostCenters_Mar2026_IBMBOB_Enhanced.csv"
"IBM BOB 3 - ESG",2026-08,ESG-MAR26-0621,TXN006829,AUS01,WA,"Western Australia Operations","Renewable sourcing premium",6000,"Cost of Goods Sold","Bureau Veritas",BOB-ESG-0621,PO-ESG-2665,32019.82,audit_evidence_count,230.48,237.21,102.9,572.56,49.8,88,14051.35,0.25,No,None,Complete,Ready,"No action",No,"IBMBOB_ESG_Cost_KPI_Mar2026.csv + Raw_GL_Export_With_CostCenters_Mar2026_IBMBOB_Enhanced.csv"
"IBM BOB 3 - ESG",2026-08,ESG-MAR26-0622,TXN006830,AUS01,OPS,"Operations & Logistics","Fleet emissions",5400,Travel,"Energy Australia",BOB-ESG-0622,PO-ESG-2124,110537.14,waste_kg_reduced,397.34,397.82,100.1,373.46,33.0,59,45529.46,0.13,No,None,Complete,"Needs review","CFO approval for material ESG spend",Yes,"IBMBOB_ESG_Cost_KPI_Mar2026.csv + Raw_GL_Export_With_CostCenters_Mar2026_IBMBOB_Enhanced.csv"
"IBM BOB 3 - ESG",2026-08,ESG-MAR26-0623,TXN006831,NZL01,FIN,"Finance & Accounting","Supplier ESG premium",6010,"Direct Materials","Climate Active Advisor",BOB-ESG-0623,PO-ESG-3001,84190.33,"tCO2e avoided",151.10,181.98,120.4,226.65,97.1,82,43578.30,0.24,No,None,Complete,Partial,"No action",No,"IBMBOB_ESG_Cost_KPI_Mar2026.csv + Raw_GL_Export_With_CostCenters_Mar2026_IBMBOB_Enhanced.csv"
"IBM BOB 3 - ESG",2026-08,ESG-MAR26-0624,TXN006832,NZL01,NT,"Northern Territory Operations","Carbon offsets",5300,"Professional Services","Climate Active Advisor",BOB-ESG-0624,PO-ESG-9929,109911.75,waste_kg_reduced,287.12,220.60,76.8,450.24,30.8,56,76358.61,-0.42,No,None,Complete,"Needs review","CFO approval for material ESG spend",Yes,"IBMBOB_ESG_Cost_KPI_Mar2026.csv + Raw_GL_Export_With_CostCenters_Mar2026_IBMBOB_Enhanced.csv"
"IBM BOB 3 - ESG",2026-08,ESG-MAR26-0625,TXN006833,AUS01,TAS,"Tasmania Operations","Sustainable packaging",6010,"Direct Materials","Bureau Veritas",BOB-ESG-0625,PO-ESG-9389,3916.60,supplier_score,320.52,214.56,66.9,279.89,72.9,63,30265.67,-0.75,No,None,Complete,Ready,"No action",No,"IBMBOB_ESG_Cost_KPI_Mar2026.csv + Raw_GL_Export_With_CostCenters_Mar2026_IBMBOB_Enhanced.csv"
"IBM BOB 3 - ESG",2026-08,ESG-MAR26-0626,TXN006834,AUS01,HR,"Human Resources","Fleet emissions",5400,Travel,"Green Freight",BOB-ESG-0626,PO-ESG-7556,1773.31,renewable_kwh,877.41,773.79,88.2,515.01,96.2,75,7331.87,0.32,No,None,Partial,Ready,"No action",No,"IBMBOB_ESG_Cost_KPI_Mar2026.csv + Raw_GL_Export_With_CostCenters_Mar2026_IBMBOB_Enhanced.csv"
"IBM BOB 3 - ESG",2026-08,ESG-MAR26-0627,TXN006835,AUS01,R&D,"Research & Development","Waste reduction",5600,Telecommunications,"Energy Australia",BOB-ESG-0627,PO-ESG-9167,81369.54,supplier_score,408.65,427.56,104.6,211.29,46.0,73,-2799.59,-0.63,No,None,Complete,Ready,"No action",No,"IBMBOB_ESG_Cost_KPI_Mar2026.csv + Raw_GL_Export_With_CostCenters_Mar2026_IBMBOB_Enhanced.csv"
"IBM BOB 3 - ESG",2026-08,ESG-MAR26-0628,TXN006836,FJI01,HR,"Human Resources","Sustainable packaging",6010,"Direct Materials","Climate Active Advisor",BOB-ESG-0628,PO-ESG-2553,93709.32,renewable_kwh,124.49,115.62,92.9,64.40,23.7,61,47719.07,-0.49,No,None,Missing,Ready,"No action",No,"IBMBOB_ESG_Cost_KPI_Mar2026.csv + Raw_GL_Export_With_CostCenters_Mar2026_IBMBOB_Enhanced.csv"
"IBM BOB 3 - ESG",2026-08,ESG-MAR26-0629,TXN006837,AUS01,HR,"Human Resources","Carbon offsets",5300,"Professional Services",EcoVadis,BOB-ESG-0629,PO-ESG-7744,101239.07,audit_evidence_count,428.38,454.46,106.1,534.79,21.9,55,-43196.75,-0.05,No,None,Complete,"Needs review","CFO approval for material ESG spend",Yes,"IBMBOB_ESG_Cost_KPI_Mar2026.csv + Raw_GL_Export_With_CostCenters_Mar2026_IBMBOB_Enhanced.csv"
"IBM BOB 3 - ESG",2026-08,ESG-MAR26-0630,TXN006838,NZL01,VIC,"Victoria Operations","Waste reduction",5600,Telecommunications,"Sustainable Packaging Co",BOB-ESG-0630,PO-ESG-9419,23264.13,waste_kg_reduced,134.63,118.34,87.9,406.65,95.2,55,-38451.41,-0.14,No,None,Missing,Partial,"No action",No,"IBMBOB_ESG_Cost_KPI_Mar2026.csv + Raw_GL_Export_With_CostCenters_Mar2026_IBMBOB_Enhanced.csv"
"IBM BOB 3 - ESG",2026-08,ESG-MAR26-0631,TXN006839,AUS01,SA,"South Australia Operations","Energy usage",5110,Utilities,"Bureau Veritas",BOB-ESG-0631,PO-ESG-3818,90675.19,supplier_score,875.95,625.87,71.5,548.35,95.7,82,-16887.58,-0.14,No,None,Missing,Ready,"No action",No,"IBMBOB_ESG_Cost_KPI_Mar2026.csv + Raw_GL_Export_With_CostCenters_Mar2026_IBMBOB_Enhanced.csv"
"IBM BOB 3 - ESG",2026-08,ESG-MAR26-0632,TXN006840,NZL01,MKT,"Marketing & Sales","Sustainable packaging",6010,"Direct Materials",EcoVadis,BOB-ESG-0632,PO-ESG-7346,95480.50,audit_evidence_count,211.40,197.21,93.3,313.14,85.7,86,1548.90,-0.13,No,None,Missing,"Needs review","CFO approval for material ESG spend",Yes,"IBMBOB_ESG_Cost_KPI_Mar2026.csv + Raw_GL_Export_With_CostCenters_Mar2026_IBMBOB_Enhanced.csv"
"IBM BOB 3 - ESG",2026-08,ESG-MAR26-0633,TXN006841,FJI01,OPS,"Operations & Logistics","Supplier ESG premium",6010,"Direct Materials",EcoVadis,BOB-ESG-0633,PO-ESG-9260,103580.38,renewable_kwh,962.92,965.87,100.3,124.78,70.1,65,84135.46,-0.41,No,None,Missing,"Needs review","CFO approval for material ESG spend",Yes,"IBMBOB_ESG_Cost_KPI_Mar2026.csv + Raw_GL_Export_With_CostCenters_Mar2026_IBMBOB_Enhanced.csv"
"IBM BOB 3 - ESG",2026-08,ESG-MAR26-0634,TXN006842,NZL01,CORP,"Corporate Head Office","Fleet emissions",5400,Travel,"Carbon Neutral Pty Ltd",BOB-ESG-0634,PO-ESG-8974,32177.57,waste_kg_reduced,552.49,439.43,79.5,6.69,49.6,95,-18293.24,0.23,No,None,Missing,Ready,"No action",No,"IBMBOB_ESG_Cost_KPI_Mar2026.csv + Raw_GL_Export_With_CostCenters_Mar2026_IBMBOB_Enhanced.csv"
"IBM BOB 3 - ESG",2026-08,ESG-MAR26-0635,TXN006843,NZL01,NSW,"New South Wales Operations","Fleet emissions",5400,Travel,"Bureau Veritas",BOB-ESG-0635,PO-ESG-8349,14161.50,renewable_kwh,906.13,839.73,92.7,68.76,9.4,82,25537.80,-0.58,No,None,Complete,Ready,"No action",No,"IBMBOB_ESG_Cost_KPI_Mar2026.csv + Raw_GL_Export_With_CostCenters_Mar2026_IBMBOB_Enhanced.csv"
"IBM BOB 3 - ESG",2026-08,ESG-MAR26-0636,TXN006844,NZL01,SA,"South Australia Operations","Compliance assurance",5320,"Audit Fees","Energy Australia",BOB-ESG-0636,PO-ESG-4372,48318.92,renewable_kwh,350.03,436.76,124.8,22.48,87.7,61,25820.60,-0.12,No,None,Missing,Ready,"No action",No,"IBMBOB_ESG_Cost_KPI_Mar2026.csv + Raw_GL_Export_With_CostCenters_Mar2026_IBMBOB_Enhanced.csv"
"IBM BOB 3 - ESG",2026-08,ESG-MAR26-0637,TXN006845,AUS01,MKT,"Marketing & Sales","Compliance assurance",5320,"Audit Fees","Green Freight",BOB-ESG-0637,PO-ESG-3294,46032.03,waste_kg_reduced,932.88,832.01,89.2,439.83,89.2,92,72009.97,0.11,No,None,Partial,Partial,"No action",No,"IBMBOB_ESG_Cost_KPI_Mar2026.csv + Raw_GL_Export_With_CostCenters_Mar2026_IBMBOB_Enhanced.csv"
"IBM BOB 3 - ESG",2026-08,ESG-MAR26-0638,TXN006846,AUS01,VIC,"Victoria Operations","Energy usage",5110,Utilities,EcoVadis,BOB-ESG-0638,PO-ESG-9258,67595.82,supplier_score,175.68,216.87,123.4,383.47,41.3,53,37460.57,-0.16,No,None,Missing,Ready,"No action",No,"IBMBOB_ESG_Cost_KPI_Mar2026.csv + Raw_GL_Export_With_CostCenters_Mar2026_IBMBOB_Enhanced.csv"
"IBM BOB 3 - ESG",2026-08,ESG-MAR26-0639,TXN006847,FJI01,WA,"Western Australia Operations","Renewable sourcing premium",6000,"Cost of Goods Sold","Energy Australia",BOB-ESG-0639,PO-ESG-2077,116204.05,"tCO2e avoided",579.13,619.61,107.0,286.61,84.9,95,11363.53,-0.18,No,None,Complete,"Needs review","CFO approval for material ESG spend",Yes,"IBMBOB_ESG_Cost_KPI_Mar2026.csv + Raw_GL_Export_With_CostCenters_Mar2026_IBMBOB_Enhanced.csv"
"IBM BOB 3 - ESG",2026-08,ESG-MAR26-0640,TXN006848,AUS01,TAS,"Tasmania Operations","Waste reduction",5600,Telecommunications,"Origin Energy",BOB-ESG-0640,PO-ESG-6728,72196.60,"tCO2e avoided",832.61,925.38,111.1,83.81,74.7,77,-25552.19,-0.02,No,None,Complete,Partial,"No action",No,"IBMBOB_ESG_Cost_KPI_Mar2026.csv + Raw_GL_Export_With_CostCenters_Mar2026_IBMBOB_Enhanced.csv"
"IBM BOB 3 - ESG",2026-08,ESG-MAR26-0641,TXN006849,AUS01,VIC,"Victoria Operations","Supplier ESG premium",6010,"Direct Materials",EcoVadis,BOB-ESG-0641,PO-ESG-6844,110886.15,"tCO2e avoided",372.03,346.71,93.2,494.84,96.4,55,66174.48,-0.79,No,None,Complete,"Needs review","CFO approval for material ESG spend",Yes,"IBMBOB_ESG_Cost_KPI_Mar2026.csv + Raw_GL_Export_With_CostCenters_Mar2026_IBMBOB_Enhanced.csv"
"IBM BOB 3 - ESG",2026-08,ESG-MAR26-0642,TXN006850,AUS01,R&D,"Research & Development","Fleet emissions",5400,Travel,"Climate Active Advisor",BOB-ESG-0642,PO-ESG-5160,67560.34,renewable_kwh,661.03,798.00,120.7,6.94,17.8,53,1904.08,-0.10,No,None,Complete,Partial,"No action",No,"IBMBOB_ESG_Cost_KPI_Mar2026.csv + Raw_GL_Export_With_CostCenters_Mar2026_IBMBOB_Enhanced.csv"
"IBM BOB 3 - ESG",2026-08,ESG-MAR26-0643,TXN006851,AUS01,OPS,"Operations & Logistics","Sustainable packaging",6010,"Direct Materials","Bureau Veritas",BOB-ESG-0643,PO-ESG-9294,41798.06,supplier_score,379.68,310.73,81.8,445.93,72.5,81,-41848.73,0.15,No,None,Partial,Ready,"No action",No,"IBMBOB_ESG_Cost_KPI_Mar2026.csv + Raw_GL_Export_With_CostCenters_Mar2026_IBMBOB_Enhanced.csv"
"IBM BOB 3 - ESG",2026-08,ESG-MAR26-0644,TXN006852,NZL01,NT,"Northern Territory Operations","Carbon offsets",5300,"Professional Services","Green Freight",BOB-ESG-0644,PO-ESG-4684,34990.63,supplier_score,836.38,826.96,98.9,312.59,22.2,75,-470.97,-0.37,No,None,Partial,Partial,"No action",No,"IBMBOB_ESG_Cost_KPI_Mar2026.csv + Raw_GL_Export_With_CostCenters_Mar2026_IBMBOB_Enhanced.csv"
"IBM BOB 3 - ESG",2026-08,ESG-MAR26-0645,TXN006853,AUS01,ACT,"Australian Capital Territory","Waste reduction",5600,Telecommunications,"Origin Energy",BOB-ESG-0645,PO-ESG-9273,40906.56,audit_evidence_count,800.05,532.45,66.6,220.64,61.9,76,57993.33,0.24,No,None,Partial,Partial,"No action",No,"IBMBOB_ESG_Cost_KPI_Mar2026.csv + Raw_GL_Export_With_CostCenters_Mar2026_IBMBOB_Enhanced.csv"
"IBM BOB 3 - ESG",2026-08,ESG-MAR26-0646,TXN006854,FJI01,R&D,"Research & Development","Carbon offsets",5300,"Professional Services","Bureau Veritas",BOB-ESG-0646,PO-ESG-3107,52451.79,renewable_kwh,475.26,319.03,67.1,30.20,81.6,84,32962.88,-0.15,No,None,Complete,Ready,"No action",No,"IBMBOB_ESG_Cost_KPI_Mar2026.csv + Raw_GL_Export_With_CostCenters_Mar2026_IBMBOB_Enhanced.csv"
"IBM BOB 3 - ESG",2026-08,ESG-MAR26-0647,TXN006855,AUS01,WA,"Western Australia Operations","Compliance assurance",5320,"Audit Fees","Energy Australia",BOB-ESG-0647,PO-ESG-3360,19923.87,renewable_kwh,188.27,231.99,123.2,287.38,76.5,49,-2329.96,0.22,No,None,Partial,Ready,"No action",No,"IBMBOB_ESG_Cost_KPI_Mar2026.csv + Raw_GL_Export_With_CostCenters_Mar2026_IBMBOB_Enhanced.csv"
"IBM BOB 3 - ESG",2026-08,ESG-MAR26-0648,TXN006856,AUS01,QLD,"Queensland Operations","Waste reduction",5600,Telecommunications,"Energy Australia",BOB-ESG-0648,PO-ESG-5292,49927.22,audit_evidence_count,427.85,484.89,113.3,41.01,43.3,89,55020.66,-0.31,No,None,Partial,Ready,"No action",No,"IBMBOB_ESG_Cost_KPI_Mar2026.csv + Raw_GL_Export_With_CostCenters_Mar2026_IBMBOB_Enhanced.csv"
"IBM BOB 3 - ESG",2026-08,ESG-MAR26-0649,TXN006857,AUS01,WA,"Western Australia Operations","Waste reduction",5600,Telecommunications,EcoVadis,BOB-ESG-0649,PO-ESG-6325,4362.33,"tCO2e avoided",947.19,791.70,83.6,110.69,21.0,71,81917.34,-0.23,No,None,Missing,Partial,"No action",No,"IBMBOB_ESG_Cost_KPI_Mar2026.csv + Raw_GL_Export_With_CostCenters_Mar2026_IBMBOB_Enhanced.csv"
"IBM BOB 3 - ESG",2026-08,ESG-MAR26-0650,TXN006858,AUS01,MKT,"Marketing & Sales","Carbon offsets",5300,"Professional Services","Origin Energy",BOB-ESG-0650,PO-ESG-8754,109833.89,audit_evidence_count,403.36,265.02,65.7,297.35,42.2,77,78014.03,-0.57,No,None,Partial,"Needs review","CFO approval for material ESG spend",Yes,"IBMBOB_ESG_Cost_KPI_Mar2026.csv + Raw_GL_Export_With_CostCenters_Mar2026_IBMBOB_Enhanced.csv"
"IBM BOB 3 - ESG",2026-08,ESG-MAR26-0651,TXN006859,PNG01,NT,"Northern Territory Operations","Sustainable packaging",6010,"Direct Materials","Green Freight",BOB-ESG-0651,PO-ESG-5543,101386.83,waste_kg_reduced,516.71,608.81,117.8,312.55,29.9,97,53997.12,0.05,No,None,Partial,"Needs review","CFO approval for material ESG spend",Yes,"IBMBOB_ESG_Cost_KPI_Mar2026.csv + Raw_GL_Export_With_CostCenters_Mar2026_IBMBOB_Enhanced.csv"
"IBM BOB 3 - ESG",2026-08,ESG-MAR26-0652,TXN006860,AUS01,MKT,"Marketing & Sales","Supplier ESG premium",6010,"Direct Materials","Energy Australia",BOB-ESG-0652,PO-ESG-2004,96199.55,supplier_score,509.44,534.29,104.9,231.53,75.6,93,-47186.11,-0.74,No,None,Complete,"Needs review","CFO approval for material ESG spend",Yes,"IBMBOB_ESG_Cost_KPI_Mar2026.csv + Raw_GL_Export_With_CostCenters_Mar2026_IBMBOB_Enhanced.csv"
"IBM BOB 3 - ESG",2026-08,ESG-MAR26-0653,TXN006861,AUS01,TAS,"Tasmania Operations","Renewable sourcing premium",6000,"Cost of Goods Sold","Energy Australia",BOB-ESG-0653,PO-ESG-7468,16830.50,"tCO2e avoided",245.08,185.46,75.7,436.04,96.4,56,-36478.41,0.16,No,None,Complete,Ready,"No action",No,"IBMBOB_ESG_Cost_KPI_Mar2026.csv + Raw_GL_Export_With_CostCenters_Mar2026_IBMBOB_Enhanced.csv"
"IBM BOB 3 - ESG",2026-08,ESG-MAR26-0654,TXN006862,FJI01,SA,"South Australia Operations","Renewable sourcing premium",6000,"Cost of Goods Sold","Carbon Neutral Pty Ltd",BOB-ESG-0654,PO-ESG-6878,57099.10,renewable_kwh,527.85,575.63,109.1,481.03,29.8,70,-30418.45,-0.66,No,None,Complete,Ready,"No action",No,"IBMBOB_ESG_Cost_KPI_Mar2026.csv + Raw_GL_Export_With_CostCenters_Mar2026_IBMBOB_Enhanced.csv"
"IBM BOB 3 - ESG",2026-08,ESG-MAR26-0655,TXN006863,PNG01,QLD,"Queensland Operations","Compliance assurance",5320,"Audit Fees","Green Freight",BOB-ESG-0655,PO-ESG-6086,108674.37,renewable_kwh,498.53,462.73,92.8,255.44,13.0,57,67826.67,0.17,No,None,Missing,"Needs review","CFO approval for material ESG spend",Yes,"IBMBOB_ESG_Cost_KPI_Mar2026.csv + Raw_GL_Export_With_CostCenters_Mar2026_IBMBOB_Enhanced.csv"
"IBM BOB 3 - ESG",2026-08,ESG-MAR26-0656,TXN006864,AUS01,WA,"Western Australia Operations","Renewable sourcing premium",6000,"Cost of Goods Sold","Bureau Veritas",BOB-ESG-0656,PO-ESG-3168,78792.21,audit_evidence_count,722.16,864.94,119.8,93.81,91.3,78,-14261.16,-0.54,No,None,Partial,Partial,"No action",No,"IBMBOB_ESG_Cost_KPI_Mar2026.csv + Raw_GL_Export_With_CostCenters_Mar2026_IBMBOB_Enhanced.csv"
"IBM BOB 3 - ESG",2026-08,ESG-MAR26-0657,TXN006865,AUS01,QLD,"Queensland Operations","Compliance assurance",5320,"Audit Fees","Origin Energy",BOB-ESG-0657,PO-ESG-8132,73742.11,waste_kg_reduced,437.35,506.83,115.9,432.47,76.8,68,-22914.41,-0.03,No,None,Partial,Partial,"No action",No,"IBMBOB_ESG_Cost_KPI_Mar2026.csv + Raw_GL_Export_With_CostCenters_Mar2026_IBMBOB_Enhanced.csv"
"IBM BOB 3 - ESG",2026-08,ESG-MAR26-0658,TXN006866,FJI01,VIC,"Victoria Operations","Energy usage",5110,Utilities,"Origin Energy",BOB-ESG-0658,PO-ESG-4850,94914.58,audit_evidence_count,455.02,360.68,79.3,198.25,94.5,93,67397.22,-0.67,No,None,Complete,Partial,"No action",No,"IBMBOB_ESG_Cost_KPI_Mar2026.csv + Raw_GL_Export_With_CostCenters_Mar2026_IBMBOB_Enhanced.csv"
"IBM BOB 3 - ESG",2026-08,ESG-MAR26-0659,TXN006867,AUS01,ACT,"Australian Capital Territory","Compliance assurance",5320,"Audit Fees",EcoVadis,BOB-ESG-0659,PO-ESG-3449,5779.31,supplier_score,453.44,363.86,80.2,561.64,6.4,50,25048.56,-0.72,No,None,Partial,Ready,"No action",No,"IBMBOB_ESG_Cost_KPI_Mar2026.csv + Raw_GL_Export_With_CostCenters_Mar2026_IBMBOB_Enhanced.csv"
"IBM BOB 3 - ESG",2026-08,ESG-MAR26-0660,TXN006868,AUS01,CORP,"Corporate Head Office","Renewable sourcing premium",6000,"Cost of Goods Sold","Green Freight",BOB-ESG-0660,PO-ESG-3618,24318.14,supplier_score,163.15,172.31,105.6,406.80,67.0,73,5085.63,-0.20,No,None,Complete,Ready,"No action",No,"IBMBOB_ESG_Cost_KPI_Mar2026.csv + Raw_GL_Export_With_CostCenters_Mar2026_IBMBOB_Enhanced.csv"
"IBM BOB 3 - ESG",2026-08,ESG-MAR26-0661,TXN006869,AUS01,ACT,"Australian Capital Territory","Renewable sourcing premium",6000,"Cost of Goods Sold","Carbon Neutral Pty Ltd",BOB-ESG-0661,PO-ESG-8433,52246.92,supplier_score,136.99,121.23,88.5,579.64,70.6,59,-4537.45,-0.13,No,None,Complete,Ready,"No action",No,"IBMBOB_ESG_Cost_KPI_Mar2026.csv + Raw_GL_Export_With_CostCenters_Mar2026_IBMBOB_Enhanced.csv"
"IBM BOB 3 - ESG",2026-08,ESG-MAR26-0662,TXN006870,NZL01,ACT,"Australian Capital Territory","Renewable sourcing premium",6000,"Cost of Goods Sold","Origin Energy",BOB-ESG-0662,PO-ESG-3373,12296.74,supplier_score,968.09,719.60,74.3,317.28,23.9,46,27803.28,-0.61,No,None,Missing,Ready,"No action",No,"IBMBOB_ESG_Cost_KPI_Mar2026.csv + Raw_GL_Export_With_CostCenters_Mar2026_IBMBOB_Enhanced.csv"
"IBM BOB 3 - ESG",2026-08,ESG-MAR26-0663,TXN006871,AUS01,TAS,"Tasmania Operations","Sustainable packaging",6010,"Direct Materials","Bureau Veritas",BOB-ESG-0663,PO-ESG-3914,94853.27,waste_kg_reduced,836.90,818.47,97.8,116.65,75.7,47,77221.46,0.06,No,None,Complete,Ready,"No action",No,"IBMBOB_ESG_Cost_KPI_Mar2026.csv + Raw_GL_Export_With_CostCenters_Mar2026_IBMBOB_Enhanced.csv"
"IBM BOB 3 - ESG",2026-08,ESG-MAR26-0664,TXN006872,PNG01,HR,"Human Resources","Sustainable packaging",6010,"Direct Materials","Green Freight",BOB-ESG-0664,PO-ESG-4017,46251.02,renewable_kwh,626.32,658.44,105.1,563.72,51.5,72,65122.57,-0.34,No,None,Missing,Ready,"No action",No,"IBMBOB_ESG_Cost_KPI_Mar2026.csv + Raw_GL_Export_With_CostCenters_Mar2026_IBMBOB_Enhanced.csv"
"IBM BOB 3 - ESG",2026-08,ESG-MAR26-0665,TXN006873,AUS01,OPS,"Operations & Logistics","Renewable sourcing premium",6000,"Cost of Goods Sold","Origin Energy",BOB-ESG-0665,PO-ESG-4865,44908.81,waste_kg_reduced,302.19,261.49,86.5,558.55,8.1,65,65060.38,-0.47,No,None,Missing,Ready,"No action",No,"IBMBOB_ESG_Cost_KPI_Mar2026.csv + Raw_GL_Export_With_CostCenters_Mar2026_IBMBOB_Enhanced.csv"
"IBM BOB 3 - ESG",2026-08,ESG-MAR26-0666,TXN006874,AUS01,SA,"South Australia Operations","Renewable sourcing premium",6000,"Cost of Goods Sold","Sustainable Packaging Co",BOB-ESG-0666,PO-ESG-3547,8759.50,audit_evidence_count,638.84,770.98,120.7,534.91,27.4,76,60931.60,-0.07,No,None,Missing,Ready,"No action",No,"IBMBOB_ESG_Cost_KPI_Mar2026.csv + Raw_GL_Export_With_CostCenters_Mar2026_IBMBOB_Enhanced.csv"
"IBM BOB 3 - ESG",2026-08,ESG-MAR26-0667,TXN006875,AUS01,R&D,"Research & Development","Fleet emissions",5400,Travel,"Origin Energy",BOB-ESG-0667,PO-ESG-8024,63133.81,supplier_score,75.46,77.65,102.9,550.05,100.0,54,70840.48,-0.62,No,None,Partial,Partial,"No action",No,"IBMBOB_ESG_Cost_KPI_Mar2026.csv + Raw_GL_Export_With_CostCenters_Mar2026_IBMBOB_Enhanced.csv"
"IBM BOB 3 - ESG",2026-08,ESG-MAR26-0668,TXN006876,PNG01,ACT,"Australian Capital Territory","Waste reduction",5600,Telecommunications,EcoVadis,BOB-ESG-0668,PO-ESG-9533,81846.49,supplier_score,599.01,665.84,111.2,66.35,19.6,74,54312.51,0.04,No,None,Complete,Ready,"No action",No,"IBMBOB_ESG_Cost_KPI_Mar2026.csv + Raw_GL_Export_With_CostCenters_Mar2026_IBMBOB_Enhanced.csv"
"IBM BOB 3 - ESG",2026-08,ESG-MAR26-0669,TXN006877,AUS01,ACT,"Australian Capital Territory","Waste reduction",5600,Telecommunications,"Green Freight",BOB-ESG-0669,PO-ESG-7768,90499.49,"tCO2e avoided",167.65,133.61,79.7,134.23,54.5,63,-20728.55,-0.65,No,None,Partial,Ready,"No action",No,"IBMBOB_ESG_Cost_KPI_Mar2026.csv + Raw_GL_Export_With_CostCenters_Mar2026_IBMBOB_Enhanced.csv"
"IBM BOB 3 - ESG",2026-08,ESG-MAR26-0670,TXN006878,AUS01,QLD,"Queensland Operations","Compliance assurance",5320,"Audit Fees","Bureau Veritas",BOB-ESG-0670,PO-ESG-2298,5360.43,audit_evidence_count,535.55,594.64,111.0,389.64,38.9,68,18957.34,-0.69,No,None,Partial,Ready,"No action",No,"IBMBOB_ESG_Cost_KPI_Mar2026.csv + Raw_GL_Export_With_CostCenters_Mar2026_IBMBOB_Enhanced.csv"
"IBM BOB 3 - ESG",2026-08,ESG-MAR26-0671,TXN006879,AUS01,MKT,"Marketing & Sales","Compliance assurance",5320,"Audit Fees","Sustainable Packaging Co",BOB-ESG-0671,PO-ESG-2548,33661.21,supplier_score,395.02,308.47,78.1,143.06,85.3,85,82041.92,0.22,No,None,Missing,Partial,"No action",No,"IBMBOB_ESG_Cost_KPI_Mar2026.csv + Raw_GL_Export_With_CostCenters_Mar2026_IBMBOB_Enhanced.csv"
"IBM BOB 3 - ESG",2026-08,ESG-MAR26-0672,TXN006880,AUS01,NT,"Northern Territory Operations","Waste reduction",5600,Telecommunications,EcoVadis,BOB-ESG-0672,PO-ESG-5166,59131.36,audit_evidence_count,588.09,468.27,79.6,214.40,22.0,47,15520.66,-0.02,No,None,Missing,Ready,"No action",No,"IBMBOB_ESG_Cost_KPI_Mar2026.csv + Raw_GL_Export_With_CostCenters_Mar2026_IBMBOB_Enhanced.csv"
"IBM BOB 3 - ESG",2026-08,ESG-MAR26-0673,TXN006881,AUS01,TAS,"Tasmania Operations","Carbon offsets",5300,"Professional Services","Origin Energy",BOB-ESG-0673,PO-ESG-4619,42771.88,audit_evidence_count,454.86,377.96,83.1,13.31,55.7,55,81.14,-0.35,No,None,Complete,Partial,"No action",No,"IBMBOB_ESG_Cost_KPI_Mar2026.csv + Raw_GL_Export_With_CostCenters_Mar2026_IBMBOB_Enhanced.csv"
"IBM BOB 3 - ESG",2026-08,ESG-MAR26-0674,TXN006882,AUS01,VIC,"Victoria Operations","Carbon offsets",5300,"Professional Services","Carbon Neutral Pty Ltd",BOB-ESG-0674,PO-ESG-5763,5437.44,waste_kg_reduced,977.55,716.00,73.2,327.40,1.0,95,24917.02,-0.52,No,None,Complete,Ready,"No action",No,"IBMBOB_ESG_Cost_KPI_Mar2026.csv + Raw_GL_Export_With_CostCenters_Mar2026_IBMBOB_Enhanced.csv"
"IBM BOB 3 - ESG",2026-08,ESG-MAR26-0675,TXN006883,AUS01,WA,"Western Australia Operations","Compliance assurance",5320,"Audit Fees","Green Freight",BOB-ESG-0675,PO-ESG-6477,100068.20,"tCO2e avoided",241.47,183.11,75.8,278.44,33.1,61,47888.08,-0.34,No,None,Complete,"Needs review","CFO approval for material ESG spend",Yes,"IBMBOB_ESG_Cost_KPI_Mar2026.csv + Raw_GL_Export_With_CostCenters_Mar2026_IBMBOB_Enhanced.csv"
"IBM BOB 3 - ESG",2026-08,ESG-MAR26-0676,TXN006884,NZL01,ACT,"Australian Capital Territory","Energy usage",5110,Utilities,"Climate Active Advisor",BOB-ESG-0676,PO-ESG-7007,14059.32,"tCO2e avoided",281.05,218.66,77.8,455.80,95.1,79,30899.76,0.09,No,None,Complete,Ready,"No action",No,"IBMBOB_ESG_Cost_KPI_Mar2026.csv + Raw_GL_Export_With_CostCenters_Mar2026_IBMBOB_Enhanced.csv"
"IBM BOB 3 - ESG",2026-08,ESG-MAR26-0677,TXN006885,AUS01,R&D,"Research & Development","Sustainable packaging",6010,"Direct Materials","Carbon Neutral Pty Ltd",BOB-ESG-0677,PO-ESG-5593,78082.43,renewable_kwh,969.03,747.01,77.1,251.54,89.5,60,81995.77,0.36,No,None,Complete,Ready,"No action",No,"IBMBOB_ESG_Cost_KPI_Mar2026.csv + Raw_GL_Export_With_CostCenters_Mar2026_IBMBOB_Enhanced.csv"
"IBM BOB 3 - ESG",2026-08,ESG-MAR26-0678,TXN006886,NZL01,SA,"South Australia Operations","Waste reduction",5600,Telecommunications,"Bureau Veritas",BOB-ESG-0678,PO-ESG-7140,78639.11,audit_evidence_count,647.92,525.70,81.1,171.58,31.5,49,-30379.48,-0.35,No,None,Partial,Ready,"No action",No,"IBMBOB_ESG_Cost_KPI_Mar2026.csv + Raw_GL_Export_With_CostCenters_Mar2026_IBMBOB_Enhanced.csv"
"IBM BOB 3 - ESG",2026-08,ESG-MAR26-0679,TXN006887,AUS01,OPS,"Operations & Logistics","Energy usage",5110,Utilities,"Carbon Neutral Pty Ltd",BOB-ESG-0679,PO-ESG-3137,57565.39,audit_evidence_count,632.36,657.52,104.0,177.84,94.0,80,30393.93,-0.54,No,None,Complete,Ready,"No action",No,"IBMBOB_ESG_Cost_KPI_Mar2026.csv + Raw_GL_Export_With_CostCenters_Mar2026_IBMBOB_Enhanced.csv"
"IBM BOB 3 - ESG",2026-08,ESG-MAR26-0680,TXN006888,AUS01,SA,"South Australia Operations","Fleet emissions",5400,Travel,"Sustainable Packaging Co",BOB-ESG-0680,PO-ESG-6149,80374.78,supplier_score,631.59,563.09,89.2,261.55,6.0,47,39802.10,0.17,No,None,Complete,Ready,"No action",No,"IBMBOB_ESG_Cost_KPI_Mar2026.csv + Raw_GL_Export_With_CostCenters_Mar2026_IBMBOB_Enhanced.csv"
"IBM BOB 3 - ESG",2026-08,ESG-MAR26-0681,TXN006889,AUS01,WA,"Western Australia Operations","Compliance assurance",5320,"Audit Fees","Sustainable Packaging Co",BOB-ESG-0681,PO-ESG-5564,84471.72,renewable_kwh,70.32,47.57,67.6,182.16,41.6,59,41696.83,0.19,No,None,Complete,Partial,"No action",No,"IBMBOB_ESG_Cost_KPI_Mar2026.csv + Raw_GL_Export_With_CostCenters_Mar2026_IBMBOB_Enhanced.csv"
"IBM BOB 3 - ESG",2026-08,ESG-MAR26-0682,TXN006890,AUS01,WA,"Western Australia Operations","Sustainable packaging",6010,"Direct Materials","Origin Energy",BOB-ESG-0682,PO-ESG-6035,106404.12,audit_evidence_count,973.06,1139.46,117.1,153.09,9.2,71,-37315.03,-0.34,No,None,Complete,"Needs review","CFO approval for material ESG spend",Yes,"IBMBOB_ESG_Cost_KPI_Mar2026.csv + Raw_GL_Export_With_CostCenters_Mar2026_IBMBOB_Enhanced.csv"
"IBM BOB 3 - ESG",2026-08,ESG-MAR26-0683,TXN006891,AUS01,ACT,"Australian Capital Territory","Sustainable packaging",6010,"Direct Materials","Bureau Veritas",BOB-ESG-0683,PO-ESG-7018,52302.23,"tCO2e avoided",960.16,1192.62,124.2,260.46,70.3,70,-30535.04,0.38,No,None,Complete,Partial,"No action",No,"IBMBOB_ESG_Cost_KPI_Mar2026.csv + Raw_GL_Export_With_CostCenters_Mar2026_IBMBOB_Enhanced.csv"
"IBM BOB 3 - ESG",2026-08,ESG-MAR26-0684,TXN006892,FJI01,IT,"Information Technology","Carbon offsets",5300,"Professional Services","Sustainable Packaging Co",BOB-ESG-0684,PO-ESG-2977,109304.74,waste_kg_reduced,677.92,841.05,124.1,559.01,37.1,82,-48275.59,-0.46,No,None,Missing,"Needs review","CFO approval for material ESG spend",Yes,"IBMBOB_ESG_Cost_KPI_Mar2026.csv + Raw_GL_Export_With_CostCenters_Mar2026_IBMBOB_Enhanced.csv"
"IBM BOB 3 - ESG",2026-08,ESG-MAR26-0685,TXN006893,AUS01,TAS,"Tasmania Operations","Carbon offsets",5300,"Professional Services",EcoVadis,BOB-ESG-0685,PO-ESG-5245,17665.73,audit_evidence_count,661.45,473.54,71.6,250.67,23.6,85,66595.11,-0.34,No,None,Partial,Ready,"No action",No,"IBMBOB_ESG_Cost_KPI_Mar2026.csv + Raw_GL_Export_With_CostCenters_Mar2026_IBMBOB_Enhanced.csv"
"IBM BOB 3 - ESG",2026-08,ESG-MAR26-0686,TXN006894,AUS01,MKT,"Marketing & Sales","Compliance assurance",5320,"Audit Fees","Origin Energy",BOB-ESG-0686,PO-ESG-9428,82483.14,waste_kg_reduced,768.83,873.12,113.6,26.20,41.2,88,-48008.11,0.23,No,None,Partial,Partial,"No action",No,"IBMBOB_ESG_Cost_KPI_Mar2026.csv + Raw_GL_Export_With_CostCenters_Mar2026_IBMBOB_Enhanced.csv"
"IBM BOB 3 - ESG",2026-08,ESG-MAR26-0687,TXN006895,AUS01,IT,"Information Technology","Compliance assurance",5320,"Audit Fees","Bureau Veritas",BOB-ESG-0687,PO-ESG-2972,111283.35,audit_evidence_count,242.69,256.85,105.8,64.62,48.3,97,49123.23,-0.08,No,None,Partial,"Needs review","CFO approval for material ESG spend",Yes,"IBMBOB_ESG_Cost_KPI_Mar2026.csv + Raw_GL_Export_With_CostCenters_Mar2026_IBMBOB_Enhanced.csv"
"IBM BOB 3 - ESG",2026-08,ESG-MAR26-0688,TXN006896,NZL01,NT,"Northern Territory Operations","Carbon offsets",5300,"Professional Services","Energy Australia",BOB-ESG-0688,PO-ESG-6178,65182.20,"tCO2e avoided",317.49,279.37,88.0,68.27,42.2,52,65616.38,-0.30,No,None,Missing,Ready,"No action",No,"IBMBOB_ESG_Cost_KPI_Mar2026.csv + Raw_GL_Export_With_CostCenters_Mar2026_IBMBOB_Enhanced.csv"
"IBM BOB 3 - ESG",2026-08,ESG-MAR26-0689,TXN006897,AUS01,R&D,"Research & Development","Fleet emissions",5400,Travel,"Green Freight",BOB-ESG-0689,PO-ESG-7630,19575.34,renewable_kwh,130.39,88.12,67.6,185.69,3.2,85,-17525.26,-0.61,No,None,Missing,Ready,"No action",No,"IBMBOB_ESG_Cost_KPI_Mar2026.csv + Raw_GL_Export_With_CostCenters_Mar2026_IBMBOB_Enhanced.csv"
"IBM BOB 3 - ESG",2026-08,ESG-MAR26-0690,TXN006898,AUS01,CORP,"Corporate Head Office","Supplier ESG premium",6010,"Direct Materials","Climate Active Advisor",BOB-ESG-0690,PO-ESG-5946,79646.77,audit_evidence_count,849.68,1048.93,123.5,127.98,39.3,67,-30242.04,-0.77,No,None,Complete,Ready,"No action",No,"IBMBOB_ESG_Cost_KPI_Mar2026.csv + Raw_GL_Export_With_CostCenters_Mar2026_IBMBOB_Enhanced.csv"
"IBM BOB 3 - ESG",2026-08,ESG-MAR26-0691,TXN006899,PNG01,SA,"South Australia Operations","Sustainable packaging",6010,"Direct Materials","Climate Active Advisor",BOB-ESG-0691,PO-ESG-2922,20415.78,renewable_kwh,775.00,801.41,103.4,406.74,4.8,75,-49867.29,-0.00,No,None,Complete,Ready,"No action",No,"IBMBOB_ESG_Cost_KPI_Mar2026.csv + Raw_GL_Export_With_CostCenters_Mar2026_IBMBOB_Enhanced.csv"
"IBM BOB 3 - ESG",2026-08,ESG-MAR26-0692,TXN006900,AUS01,CORP,"Corporate Head Office","Renewable sourcing premium",6000,"Cost of Goods Sold","Sustainable Packaging Co",BOB-ESG-0692,PO-ESG-3102,105200.75,waste_kg_reduced,799.80,561.71,70.2,593.39,55.6,82,-6818.56,0.22,No,None,Complete,"Needs review","CFO approval for material ESG spend",Yes,"IBMBOB_ESG_Cost_KPI_Mar2026.csv + Raw_GL_Export_With_CostCenters_Mar2026_IBMBOB_Enhanced.csv"
"IBM BOB 3 - ESG",2026-08,ESG-MAR26-0693,TXN006901,AUS01,FIN,"Finance & Accounting","Renewable sourcing premium",6000,"Cost of Goods Sold",EcoVadis,BOB-ESG-0693,PO-ESG-8392,99805.57,waste_kg_reduced,596.09,492.28,82.6,195.55,11.8,91,-36609.10,-0.06,No,None,Complete,"Needs review","CFO approval for material ESG spend",Yes,"IBMBOB_ESG_Cost_KPI_Mar2026.csv + Raw_GL_Export_With_CostCenters_Mar2026_IBMBOB_Enhanced.csv"
"IBM BOB 3 - ESG",2026-08,ESG-MAR26-0694,TXN006902,AUS01,HR,"Human Resources","Supplier ESG premium",6010,"Direct Materials","Bureau Veritas",BOB-ESG-0694,PO-ESG-6456,75899.10,"tCO2e avoided",770.75,944.66,122.6,141.60,19.0,63,-21155.34,-0.66,No,None,Missing,Ready,"No action",No,"IBMBOB_ESG_Cost_KPI_Mar2026.csv + Raw_GL_Export_With_CostCenters_Mar2026_IBMBOB_Enhanced.csv"
"IBM BOB 3 - ESG",2026-08,ESG-MAR26-0695,TXN006903,NZL01,QLD,"Queensland Operations","Compliance assurance",5320,"Audit Fees",EcoVadis,BOB-ESG-0695,PO-ESG-5896,72360.61,"tCO2e avoided",399.48,301.59,75.5,247.78,77.7,63,62050.54,0.06,No,None,Complete,Ready,"No action",No,"IBMBOB_ESG_Cost_KPI_Mar2026.csv + Raw_GL_Export_With_CostCenters_Mar2026_IBMBOB_Enhanced.csv"
"IBM BOB 3 - ESG",2026-08,ESG-MAR26-0696,TXN006904,AUS01,ACT,"Australian Capital Territory","Energy usage",5110,Utilities,"Bureau Veritas",BOB-ESG-0696,PO-ESG-9844,49796.82,audit_evidence_count,902.84,976.17,108.1,236.43,12.5,97,57983.11,0.37,No,None,Partial,Ready,"No action",No,"IBMBOB_ESG_Cost_KPI_Mar2026.csv + Raw_GL_Export_With_CostCenters_Mar2026_IBMBOB_Enhanced.csv"
"IBM BOB 3 - ESG",2026-08,ESG-MAR26-0697,TXN006905,FJI01,WA,"Western Australia Operations","Sustainable packaging",6010,"Direct Materials","Green Freight",BOB-ESG-0697,PO-ESG-4882,22271.66,waste_kg_reduced,796.31,819.32,102.9,10.59,35.6,79,41738.46,-0.78,No,None,Missing,Ready,"No action",No,"IBMBOB_ESG_Cost_KPI_Mar2026.csv + Raw_GL_Export_With_CostCenters_Mar2026_IBMBOB_Enhanced.csv"
"IBM BOB 3 - ESG",2026-08,ESG-MAR26-0698,TXN006906,AUS01,IT,"Information Technology","Carbon offsets",5300,"Professional Services","Climate Active Advisor",BOB-ESG-0698,PO-ESG-2110,89633.49,"tCO2e avoided",72.93,58.42,80.1,82.06,13.5,95,66312.71,-0.32,No,None,Missing,Ready,"No action",No,"IBMBOB_ESG_Cost_KPI_Mar2026.csv + Raw_GL_Export_With_CostCenters_Mar2026_IBMBOB_Enhanced.csv"
"IBM BOB 3 - ESG",2026-08,ESG-MAR26-0699,TXN006907,NZL01,QLD,"Queensland Operations","Waste reduction",5600,Telecommunications,"Climate Active Advisor",BOB-ESG-0699,PO-ESG-3425,90448.46,audit_evidence_count,902.96,687.39,76.1,260.10,98.7,46,79824.92,0.13,No,None,Complete,Ready,"No action",No,"IBMBOB_ESG_Cost_KPI_Mar2026.csv + Raw_GL_Export_With_CostCenters_Mar2026_IBMBOB_Enhanced.csv"
"IBM BOB 3 - ESG",2026-08,ESG-MAR26-0700,TXN006908,AUS01,R&D,"Research & Development","Sustainable packaging",6010,"Direct Materials","Energy Australia",BOB-ESG-0700,PO-ESG-4301,79515.11,waste_kg_reduced,410.34,386.67,94.2,314.53,74.5,72,-2550.87,-0.01,No,None,Complete,Partial,"No action",No,"IBMBOB_ESG_Cost_KPI_Mar2026.csv + Raw_GL_Export_With_CostCenters_Mar2026_IBMBOB_Enhanced.csv"
"IBM BOB 3 - ESG",2026-08,ESG-MAR26-0701,TXN006909,AUS01,CORP,"Corporate Head Office","Carbon offsets",5300,"Professional Services","Climate Active Advisor",BOB-ESG-0701,PO-ESG-8674,81447.55,supplier_score,118.53,140.68,118.7,573.90,46.3,85,6019.26,-0.71,No,None,Missing,Partial,"No action",No,"IBMBOB_ESG_Cost_KPI_Mar2026.csv + Raw_GL_Export_With_CostCenters_Mar2026_IBMBOB_Enhanced.csv"
"IBM BOB 3 - ESG",2026-08,ESG-MAR26-0702,TXN006910,NZL01,FIN,"Finance & Accounting","Fleet emissions",5400,Travel,"Carbon Neutral Pty Ltd",BOB-ESG-0702,PO-ESG-3875,40488.50,audit_evidence_count,818.19,973.60,119.0,189.08,18.6,59,68079.41,0.19,No,None,Complete,Partial,"No action",No,"IBMBOB_ESG_Cost_KPI_Mar2026.csv + Raw_GL_Export_With_CostCenters_Mar2026_IBMBOB_Enhanced.csv"
"IBM BOB 3 - ESG",2026-08,ESG-MAR26-0703,TXN006911,NZL01,R&D,"Research & Development","Energy usage",5110,Utilities,"Climate Active Advisor",BOB-ESG-0703,PO-ESG-5995,39970.96,waste_kg_reduced,122.69,137.07,111.7,26.04,69.9,98,-40229.39,-0.25,No,None,Partial,Ready,"No action",No,"IBMBOB_ESG_Cost_KPI_Mar2026.csv + Raw_GL_Export_With_CostCenters_Mar2026_IBMBOB_Enhanced.csv"
"IBM BOB 3 - ESG",2026-08,ESG-MAR26-0704,TXN006912,AUS01,FIN,"Finance & Accounting","Compliance assurance",5320,"Audit Fees","Sustainable Packaging Co",BOB-ESG-0704,PO-ESG-2782,78975.16,renewable_kwh,251.33,233.90,93.1,490.23,2.5,61,-15115.25,-0.76,No,None,Partial,Ready,"No action",No,"IBMBOB_ESG_Cost_KPI_Mar2026.csv + Raw_GL_Export_With_CostCenters_Mar2026_IBMBOB_Enhanced.csv"
"IBM BOB 3 - ESG",2026-08,ESG-MAR26-0705,TXN006913,AUS01,VIC,"Victoria Operations","Energy usage",5110,Utilities,"Energy Australia",BOB-ESG-0705,PO-ESG-2834,89173.77,waste_kg_reduced,486.81,571.07,117.3,451.78,35.8,88,76966.77,-0.67,No,None,Partial,Partial,"No action",No,"IBMBOB_ESG_Cost_KPI_Mar2026.csv + Raw_GL_Export_With_CostCenters_Mar2026_IBMBOB_Enhanced.csv"
"IBM BOB 3 - ESG",2026-08,ESG-MAR26-0706,TXN006914,AUS01,SA,"South Australia Operations","Waste reduction",5600,Telecommunications,"Energy Australia",BOB-ESG-0706,PO-ESG-3607,65554.52,audit_evidence_count,332.72,404.13,121.5,492.10,76.1,90,-48766.26,0.03,No,None,Partial,Ready,"No action",No,"IBMBOB_ESG_Cost_KPI_Mar2026.csv + Raw_GL_Export_With_CostCenters_Mar2026_IBMBOB_Enhanced.csv"
"IBM BOB 3 - ESG",2026-08,ESG-MAR26-0707,TXN006915,AUS01,VIC,"Victoria Operations","Waste reduction",5600,Telecommunications,"Energy Australia",BOB-ESG-0707,PO-ESG-5544,28417.29,"tCO2e avoided",375.31,358.56,95.5,191.20,84.1,51,41187.28,-0.77,No,None,Partial,Ready,"No action",No,"IBMBOB_ESG_Cost_KPI_Mar2026.csv + Raw_GL_Export_With_CostCenters_Mar2026_IBMBOB_Enhanced.csv"
"IBM BOB 3 - ESG",2026-08,ESG-MAR26-0708,TXN006916,AUS01,R&D,"Research & Development","Supplier ESG premium",6010,"Direct Materials",EcoVadis,BOB-ESG-0708,PO-ESG-2620,94579.59,waste_kg_reduced,921.93,700.63,76.0,498.43,74.4,82,47274.74,0.11,No,None,Missing,Partial,"No action",No,"IBMBOB_ESG_Cost_KPI_Mar2026.csv + Raw_GL_Export_With_CostCenters_Mar2026_IBMBOB_Enhanced.csv"
"IBM BOB 3 - ESG",2026-08,ESG-MAR26-0709,TXN006917,AUS01,CORP,"Corporate Head Office","Compliance assurance",5320,"Audit Fees","Climate Active Advisor",BOB-ESG-0709,PO-ESG-4189,118806.24,audit_evidence_count,675.59,801.86,118.7,379.24,32.9,91,-17818.05,-0.27,No,None,Partial,"Needs review","CFO approval for material ESG spend",Yes,"IBMBOB_ESG_Cost_KPI_Mar2026.csv + Raw_GL_Export_With_CostCenters_Mar2026_IBMBOB_Enhanced.csv"
"IBM BOB 3 - ESG",2026-08,ESG-MAR26-0710,TXN006918,AUS01,MKT,"Marketing & Sales","Energy usage",5110,Utilities,"Climate Active Advisor",BOB-ESG-0710,PO-ESG-6288,10110.46,renewable_kwh,936.84,856.21,91.4,508.20,67.3,88,55189.04,0.01,No,None,Complete,Ready,"No action",No,"IBMBOB_ESG_Cost_KPI_Mar2026.csv + Raw_GL_Export_With_CostCenters_Mar2026_IBMBOB_Enhanced.csv"
"IBM BOB 3 - ESG",2026-08,ESG-MAR26-0711,TXN006919,AUS01,NT,"Northern Territory Operations","Energy usage",5110,Utilities,"Origin Energy",BOB-ESG-0711,PO-ESG-9019,46590.90,waste_kg_reduced,83.34,77.71,93.2,99.50,56.3,88,69773.02,0.16,No,None,Complete,Ready,"No action",No,"IBMBOB_ESG_Cost_KPI_Mar2026.csv + Raw_GL_Export_With_CostCenters_Mar2026_IBMBOB_Enhanced.csv"
"IBM BOB 3 - ESG",2026-08,ESG-MAR26-0712,TXN006920,AUS01,OPS,"Operations & Logistics","Carbon offsets",5300,"Professional Services","Energy Australia",BOB-ESG-0712,PO-ESG-5361,86214.61,"tCO2e avoided",803.75,876.68,109.1,68.82,9.5,91,68219.20,0.23,No,None,Missing,Ready,"No action",No,"IBMBOB_ESG_Cost_KPI_Mar2026.csv + Raw_GL_Export_With_CostCenters_Mar2026_IBMBOB_Enhanced.csv"
"IBM BOB 3 - ESG",2026-08,ESG-MAR26-0713,TXN006921,NZL01,WA,"Western Australia Operations","Sustainable packaging",6010,"Direct Materials","Climate Active Advisor",BOB-ESG-0713,PO-ESG-7586,61272.34,"tCO2e avoided",701.65,806.86,115.0,358.34,30.5,92,77711.00,-0.43,No,None,Complete,Ready,"No action",No,"IBMBOB_ESG_Cost_KPI_Mar2026.csv + Raw_GL_Export_With_CostCenters_Mar2026_IBMBOB_Enhanced.csv"
"IBM BOB 3 - ESG",2026-08,ESG-MAR26-0714,TXN006922,AUS01,CORP,"Corporate Head Office","Energy usage",5110,Utilities,EcoVadis,BOB-ESG-0714,PO-ESG-6707,3387.58,renewable_kwh,743.03,508.08,68.4,285.16,28.8,76,-38268.43,-0.09,No,None,Missing,Partial,"No action",No,"IBMBOB_ESG_Cost_KPI_Mar2026.csv + Raw_GL_Export_With_CostCenters_Mar2026_IBMBOB_Enhanced.csv"
"IBM BOB 3 - ESG",2026-08,ESG-MAR26-0715,TXN006923,AUS01,OPS,"Operations & Logistics","Fleet emissions",5400,Travel,"Origin Energy",BOB-ESG-0715,PO-ESG-6368,29762.02,waste_kg_reduced,191.57,213.31,111.3,476.72,31.0,55,-5970.57,0.14,No,None,Missing,Partial,"No action",No,"IBMBOB_ESG_Cost_KPI_Mar2026.csv + Raw_GL_Export_With_CostCenters_Mar2026_IBMBOB_Enhanced.csv"
"IBM BOB 3 - ESG",2026-08,ESG-MAR26-0716,TXN006924,FJI01,VIC,"Victoria Operations","Carbon offsets",5300,"Professional Services","Carbon Neutral Pty Ltd",BOB-ESG-0716,PO-ESG-9411,112977.23,supplier_score,116.66,127.30,109.1,561.60,54.7,66,19491.63,-0.51,No,None,Partial,"Needs review","CFO approval for material ESG spend",Yes,"IBMBOB_ESG_Cost_KPI_Mar2026.csv + Raw_GL_Export_With_CostCenters_Mar2026_IBMBOB_Enhanced.csv"
"IBM BOB 3 - ESG",2026-08,ESG-MAR26-0717,TXN006925,AUS01,ACT,"Australian Capital Territory","Supplier ESG premium",6010,"Direct Materials","Origin Energy",BOB-ESG-0717,PO-ESG-7223,54676.08,supplier_score,284.25,189.51,66.7,398.74,93.4,60,-1242.44,-0.01,No,None,Complete,Ready,"No action",No,"IBMBOB_ESG_Cost_KPI_Mar2026.csv + Raw_GL_Export_With_CostCenters_Mar2026_IBMBOB_Enhanced.csv"
"IBM BOB 3 - ESG",2026-08,ESG-MAR26-0718,TXN006926,FJI01,MKT,"Marketing & Sales","Carbon offsets",5300,"Professional Services",EcoVadis,BOB-ESG-0718,PO-ESG-6771,85506.79,supplier_score,183.29,165.12,90.1,331.45,5.0,94,9119.39,0.37,No,None,Complete,Ready,"No action",No,"IBMBOB_ESG_Cost_KPI_Mar2026.csv + Raw_GL_Export_With_CostCenters_Mar2026_IBMBOB_Enhanced.csv"
"IBM BOB 3 - ESG",2026-08,ESG-MAR26-0719,TXN006927,AUS01,IT,"Information Technology","Carbon offsets",5300,"Professional Services","Carbon Neutral Pty Ltd",BOB-ESG-0719,PO-ESG-5965,54002.55,"tCO2e avoided",819.37,860.08,105.0,367.90,75.8,70,-30715.72,0.02,No,None,Missing,Partial,"No action",No,"IBMBOB_ESG_Cost_KPI_Mar2026.csv + Raw_GL_Export_With_CostCenters_Mar2026_IBMBOB_Enhanced.csv"
"IBM BOB 3 - ESG",2026-08,ESG-MAR26-0720,TXN006928,AUS01,NT,"Northern Territory Operations","Compliance assurance",5320,"Audit Fees","Bureau Veritas",BOB-ESG-0720,PO-ESG-2259,59789.02,waste_kg_reduced,504.66,450.99,89.4,565.37,20.1,60,48400.59,-0.33,No,None,Partial,Ready,"No action",No,"IBMBOB_ESG_Cost_KPI_Mar2026.csv + Raw_GL_Export_With_CostCenters_Mar2026_IBMBOB_Enhanced.csv"
"IBM BOB 3 - ESG",2026-08,ESG-MAR26-0721,TXN006929,AUS01,WA,"Western Australia Operations","Waste reduction",5600,Telecommunications,"Climate Active Advisor",BOB-ESG-0721,PO-ESG-6895,109762.56,waste_kg_reduced,205.32,249.56,121.5,378.36,15.8,68,18410.49,-0.15,No,None,Complete,"Needs review","CFO approval for material ESG spend",Yes,"IBMBOB_ESG_Cost_KPI_Mar2026.csv + Raw_GL_Export_With_CostCenters_Mar2026_IBMBOB_Enhanced.csv"
"IBM BOB 3 - ESG",2026-08,ESG-MAR26-0722,TXN006930,FJI01,OPS,"Operations & Logistics","Energy usage",5110,Utilities,"Origin Energy",BOB-ESG-0722,PO-ESG-8014,47714.33,supplier_score,740.42,628.23,84.8,345.91,26.1,88,-19520.20,0.25,No,None,Partial,Partial,"No action",No,"IBMBOB_ESG_Cost_KPI_Mar2026.csv + Raw_GL_Export_With_CostCenters_Mar2026_IBMBOB_Enhanced.csv"
"IBM BOB 3 - ESG",2026-08,ESG-MAR26-0723,TXN006931,FJI01,ACT,"Australian Capital Territory","Renewable sourcing premium",6000,"Cost of Goods Sold","Carbon Neutral Pty Ltd",BOB-ESG-0723,PO-ESG-4534,82814.77,"tCO2e avoided",816.85,963.19,117.9,24.07,25.6,73,3242.94,0.10,No,None,Partial,Ready,"No action",No,"IBMBOB_ESG_Cost_KPI_Mar2026.csv + Raw_GL_Export_With_CostCenters_Mar2026_IBMBOB_Enhanced.csv"
"IBM BOB 3 - ESG",2026-08,ESG-MAR26-0724,TXN006932,PNG01,CORP,"Corporate Head Office","Energy usage",5110,Utilities,EcoVadis,BOB-ESG-0724,PO-ESG-5563,62924.17,supplier_score,613.59,655.18,106.8,226.53,19.2,52,31792.98,-0.36,No,None,Complete,Partial,"No action",No,"IBMBOB_ESG_Cost_KPI_Mar2026.csv + Raw_GL_Export_With_CostCenters_Mar2026_IBMBOB_Enhanced.csv"
"IBM BOB 3 - ESG",2026-08,ESG-MAR26-0725,TXN006933,AUS01,MKT,"Marketing & Sales","Supplier ESG premium",6010,"Direct Materials","Energy Australia",BOB-ESG-0725,PO-ESG-5519,59522.36,supplier_score,407.04,482.87,118.6,134.28,7.2,59,42083.26,0.29,No,None,Complete,Ready,"No action",No,"IBMBOB_ESG_Cost_KPI_Mar2026.csv + Raw_GL_Export_With_CostCenters_Mar2026_IBMBOB_Enhanced.csv"
"IBM BOB 3 - ESG",2026-08,ESG-MAR26-0726,TXN006934,AUS01,OPS,"Operations & Logistics","Carbon offsets",5300,"Professional Services","Carbon Neutral Pty Ltd",BOB-ESG-0726,PO-ESG-2592,93681.01,"tCO2e avoided",150.20,161.51,107.5,333.20,12.5,71,20620.39,0.21,No,None,Complete,Ready,"No action",No,"IBMBOB_ESG_Cost_KPI_Mar2026.csv + Raw_GL_Export_With_CostCenters_Mar2026_IBMBOB_Enhanced.csv"
"IBM BOB 3 - ESG",2026-08,ESG-MAR26-0727,TXN006935,AUS01,NSW,"New South Wales Operations","Supplier ESG premium",6010,"Direct Materials","Sustainable Packaging Co",BOB-ESG-0727,PO-ESG-7544,96246.68,supplier_score,736.43,707.81,96.1,438.06,70.0,49,-48693.91,0.10,No,None,Complete,"Needs review","CFO approval for material ESG spend",Yes,"IBMBOB_ESG_Cost_KPI_Mar2026.csv + Raw_GL_Export_With_CostCenters_Mar2026_IBMBOB_Enhanced.csv"
"IBM BOB 3 - ESG",2026-08,ESG-MAR26-0728,TXN006936,AUS01,OPS,"Operations & Logistics","Compliance assurance",5320,"Audit Fees","Sustainable Packaging Co",BOB-ESG-0728,PO-ESG-3001,87273.31,waste_kg_reduced,219.89,188.17,85.6,253.88,30.5,79,62817.17,-0.49,No,None,Missing,Ready,"No action",No,"IBMBOB_ESG_Cost_KPI_Mar2026.csv + Raw_GL_Export_With_CostCenters_Mar2026_IBMBOB_Enhanced.csv"
"IBM BOB 3 - ESG",2026-08,ESG-MAR26-0729,TXN006937,AUS01,OPS,"Operations & Logistics","Fleet emissions",5400,Travel,"Climate Active Advisor",BOB-ESG-0729,PO-ESG-4615,118158.85,renewable_kwh,904.24,1117.47,123.6,88.79,12.6,61,-20115.26,-0.01,No,None,Missing,"Needs review","CFO approval for material ESG spend",Yes,"IBMBOB_ESG_Cost_KPI_Mar2026.csv + Raw_GL_Export_With_CostCenters_Mar2026_IBMBOB_Enhanced.csv"
"IBM BOB 3 - ESG",2026-08,ESG-MAR26-0730,TXN006938,NZL01,FIN,"Finance & Accounting","Fleet emissions",5400,Travel,"Energy Australia",BOB-ESG-0730,PO-ESG-5026,14925.74,supplier_score,361.53,387.18,107.1,487.68,49.4,48,3048.73,0.23,No,None,Missing,Partial,"No action",No,"IBMBOB_ESG_Cost_KPI_Mar2026.csv + Raw_GL_Export_With_CostCenters_Mar2026_IBMBOB_Enhanced.csv"
"IBM BOB 3 - ESG",2026-08,ESG-MAR26-0731,TXN006939,AUS01,FIN,"Finance & Accounting","Renewable sourcing premium",6000,"Cost of Goods Sold",EcoVadis,BOB-ESG-0731,PO-ESG-2823,66577.60,renewable_kwh,664.81,606.16,91.2,209.75,35.0,93,-4510.24,-0.69,No,None,Missing,Ready,"No action",No,"IBMBOB_ESG_Cost_KPI_Mar2026.csv + Raw_GL_Export_With_CostCenters_Mar2026_IBMBOB_Enhanced.csv"
"IBM BOB 3 - ESG",2026-08,ESG-MAR26-0732,TXN006940,AUS01,QLD,"Queensland Operations","Supplier ESG premium",6010,"Direct Materials","Origin Energy",BOB-ESG-0732,PO-ESG-7479,33625.88,"tCO2e avoided",729.33,691.13,94.8,98.08,82.8,48,50606.13,0.05,No,None,Missing,Partial,"No action",No,"IBMBOB_ESG_Cost_KPI_Mar2026.csv + Raw_GL_Export_With_CostCenters_Mar2026_IBMBOB_Enhanced.csv"
"IBM BOB 3 - ESG",2026-08,ESG-MAR26-0733,TXN006941,AUS01,IT,"Information Technology","Supplier ESG premium",6010,"Direct Materials","Climate Active Advisor",BOB-ESG-0733,PO-ESG-4108,38864.46,waste_kg_reduced,759.44,881.74,116.1,116.94,81.3,57,-22317.19,-0.47,No,None,Partial,Partial,"No action",No,"IBMBOB_ESG_Cost_KPI_Mar2026.csv + Raw_GL_Export_With_CostCenters_Mar2026_IBMBOB_Enhanced.csv"
"IBM BOB 3 - ESG",2026-08,ESG-MAR26-0734,TXN006942,AUS01,NSW,"New South Wales Operations","Renewable sourcing premium",6000,"Cost of Goods Sold","Green Freight",BOB-ESG-0734,PO-ESG-3479,38548.17,waste_kg_reduced,269.43,214.01,79.4,195.37,95.0,57,-20216.09,-0.31,No,None,Complete,Partial,"No action",No,"IBMBOB_ESG_Cost_KPI_Mar2026.csv + Raw_GL_Export_With_CostCenters_Mar2026_IBMBOB_Enhanced.csv"
"IBM BOB 3 - ESG",2026-08,ESG-MAR26-0735,TXN006943,NZL01,TAS,"Tasmania Operations","Renewable sourcing premium",6000,"Cost of Goods Sold","Origin Energy",BOB-ESG-0735,PO-ESG-2853,5838.65,waste_kg_reduced,80.11,68.02,84.9,469.73,79.8,53,-19919.83,-0.23,No,None,Partial,Ready,"No action",No,"IBMBOB_ESG_Cost_KPI_Mar2026.csv + Raw_GL_Export_With_CostCenters_Mar2026_IBMBOB_Enhanced.csv"
"IBM BOB 3 - ESG",2026-08,ESG-MAR26-0736,TXN006944,NZL01,NSW,"New South Wales Operations","Waste reduction",5600,Telecommunications,"Sustainable Packaging Co",BOB-ESG-0736,PO-ESG-8464,36783.26,supplier_score,65.80,60.44,91.9,467.10,52.1,95,-44978.15,0.16,No,None,Missing,Ready,"No action",No,"IBMBOB_ESG_Cost_KPI_Mar2026.csv + Raw_GL_Export_With_CostCenters_Mar2026_IBMBOB_Enhanced.csv"
"IBM BOB 3 - ESG",2026-08,ESG-MAR26-0737,TXN006945,AUS01,VIC,"Victoria Operations","Fleet emissions",5400,Travel,EcoVadis,BOB-ESG-0737,PO-ESG-3393,65049.15,waste_kg_reduced,789.33,740.87,93.9,313.29,71.7,91,70714.99,0.18,No,None,Complete,Ready,"No action",No,"IBMBOB_ESG_Cost_KPI_Mar2026.csv + Raw_GL_Export_With_CostCenters_Mar2026_IBMBOB_Enhanced.csv"
"IBM BOB 3 - ESG",2026-08,ESG-MAR26-0738,TXN006946,PNG01,NSW,"New South Wales Operations","Carbon offsets",5300,"Professional Services","Carbon Neutral Pty Ltd",BOB-ESG-0738,PO-ESG-2033,62862.66,"tCO2e avoided",100.99,75.85,75.1,168.01,29.5,60,7359.73,-0.41,No,None,Complete,Ready,"No action",No,"IBMBOB_ESG_Cost_KPI_Mar2026.csv + Raw_GL_Export_With_CostCenters_Mar2026_IBMBOB_Enhanced.csv"
"IBM BOB 3 - ESG",2026-08,ESG-MAR26-0739,TXN006947,PNG01,FIN,"Finance & Accounting","Energy usage",5110,Utilities,"Sustainable Packaging Co",BOB-ESG-0739,PO-ESG-4893,26591.84,audit_evidence_count,89.23,86.52,97.0,38.67,13.7,96,33279.12,-0.56,No,None,Complete,Ready,"No action",No,"IBMBOB_ESG_Cost_KPI_Mar2026.csv + Raw_GL_Export_With_CostCenters_Mar2026_IBMBOB_Enhanced.csv"
"IBM BOB 3 - ESG",2026-08,ESG-MAR26-0740,TXN006948,AUS01,NSW,"New South Wales Operations","Sustainable packaging",6010,"Direct Materials","Climate Active Advisor",BOB-ESG-0740,PO-ESG-2847,72596.10,renewable_kwh,182.05,189.41,104.0,6.26,4.6,67,34490.38,0.24,No,None,Complete,Ready,"No action",No,"IBMBOB_ESG_Cost_KPI_Mar2026.csv + Raw_GL_Export_With_CostCenters_Mar2026_IBMBOB_Enhanced.csv"
"IBM BOB 3 - ESG",2026-08,ESG-MAR26-0741,TXN006949,AUS01,ACT,"Australian Capital Territory","Fleet emissions",5400,Travel,"Energy Australia",BOB-ESG-0741,PO-ESG-5348,70749.71,waste_kg_reduced,459.67,351.79,76.5,104.31,87.7,84,46865.10,-0.09,No,None,Missing,Partial,"No action",No,"IBMBOB_ESG_Cost_KPI_Mar2026.csv + Raw_GL_Export_With_CostCenters_Mar2026_IBMBOB_Enhanced.csv"
"IBM BOB 3 - ESG",2026-08,ESG-MAR26-0742,TXN006950,AUS01,CORP,"Corporate Head Office","Waste reduction",5600,Telecommunications,"Energy Australia",BOB-ESG-0742,PO-ESG-7417,66878.65,renewable_kwh,259.24,293.52,113.2,117.73,12.4,60,3785.12,0.01,No,None,Partial,Ready,"No action",No,"IBMBOB_ESG_Cost_KPI_Mar2026.csv + Raw_GL_Export_With_CostCenters_Mar2026_IBMBOB_Enhanced.csv"
"IBM BOB 3 - ESG",2026-08,ESG-MAR26-0743,TXN006951,AUS01,MKT,"Marketing & Sales","Supplier ESG premium",6010,"Direct Materials","Climate Active Advisor",BOB-ESG-0743,PO-ESG-7253,82005.36,renewable_kwh,477.46,377.39,79.0,527.36,35.8,72,66076.63,-0.03,No,None,Partial,Partial,"No action",No,"IBMBOB_ESG_Cost_KPI_Mar2026.csv + Raw_GL_Export_With_CostCenters_Mar2026_IBMBOB_Enhanced.csv"
"IBM BOB 3 - ESG",2026-08,ESG-MAR26-0744,TXN006952,FJI01,VIC,"Victoria Operations","Renewable sourcing premium",6000,"Cost of Goods Sold",EcoVadis,BOB-ESG-0744,PO-ESG-6810,56272.14,renewable_kwh,813.98,564.76,69.4,71.64,42.3,97,-22090.93,-0.02,No,None,Partial,Ready,"No action",No,"IBMBOB_ESG_Cost_KPI_Mar2026.csv + Raw_GL_Export_With_CostCenters_Mar2026_IBMBOB_Enhanced.csv"
"IBM BOB 3 - ESG",2026-08,ESG-MAR26-0745,TXN006953,AUS01,NSW,"New South Wales Operations","Energy usage",5110,Utilities,"Green Freight",BOB-ESG-0745,PO-ESG-2189,10181.68,"tCO2e avoided",140.48,154.47,110.0,387.14,46.3,58,13765.77,-0.03,No,None,Complete,Ready,"No action",No,"IBMBOB_ESG_Cost_KPI_Mar2026.csv + Raw_GL_Export_With_CostCenters_Mar2026_IBMBOB_Enhanced.csv"
"IBM BOB 3 - ESG",2026-08,ESG-MAR26-0746,TXN006954,AUS01,ACT,"Australian Capital Territory","Supplier ESG premium",6010,"Direct Materials","Origin Energy",BOB-ESG-0746,PO-ESG-3721,66898.04,supplier_score,907.18,930.42,102.6,29.40,26.7,82,-17466.55,-0.62,No,None,Complete,Ready,"No action",No,"IBMBOB_ESG_Cost_KPI_Mar2026.csv + Raw_GL_Export_With_CostCenters_Mar2026_IBMBOB_Enhanced.csv"
"IBM BOB 3 - ESG",2026-08,ESG-MAR26-0747,TXN006955,NZL01,QLD,"Queensland Operations","Energy usage",5110,Utilities,"Green Freight",BOB-ESG-0747,PO-ESG-3847,80835.54,renewable_kwh,492.18,327.06,66.5,527.81,36.1,64,47738.57,0.25,No,None,Complete,Partial,"No action",No,"IBMBOB_ESG_Cost_KPI_Mar2026.csv + Raw_GL_Export_With_CostCenters_Mar2026_IBMBOB_Enhanced.csv"
"IBM BOB 3 - ESG",2026-08,ESG-MAR26-0748,TXN006956,PNG01,CORP,"Corporate Head Office","Supplier ESG premium",6010,"Direct Materials","Climate Active Advisor",BOB-ESG-0748,PO-ESG-2253,70970.35,"tCO2e avoided",186.87,184.83,98.9,271.16,69.1,62,42902.60,-0.31,No,None,Partial,Partial,"No action",No,"IBMBOB_ESG_Cost_KPI_Mar2026.csv + Raw_GL_Export_With_CostCenters_Mar2026_IBMBOB_Enhanced.csv"
"IBM BOB 3 - ESG",2026-08,ESG-MAR26-0749,TXN006957,AUS01,CORP,"Corporate Head Office","Carbon offsets",5300,"Professional Services","Bureau Veritas",BOB-ESG-0749,PO-ESG-8305,2808.77,"tCO2e avoided",716.71,785.21,109.6,142.25,94.0,77,-22184.11,-0.46,No,None,Complete,Ready,"No action",No,"IBMBOB_ESG_Cost_KPI_Mar2026.csv + Raw_GL_Export_With_CostCenters_Mar2026_IBMBOB_Enhanced.csv"
"IBM BOB 3 - ESG",2026-08,ESG-MAR26-0750,TXN006958,AUS01,IT,"Information Technology","Energy usage",5110,Utilities,"Energy Australia",BOB-ESG-0750,PO-ESG-7832,86665.61,renewable_kwh,672.65,839.03,124.7,296.71,10.2,64,59056.78,-0.08,No,None,Complete,Partial,"No action",No,"IBMBOB_ESG_Cost_KPI_Mar2026.csv + Raw_GL_Export_With_CostCenters_Mar2026_IBMBOB_Enhanced.csv"
"IBM BOB 3 - ESG",2026-08,ESG-MAR26-0751,TXN006959,AUS01,R&D,"Research & Development","Sustainable packaging",6010,"Direct Materials","Carbon Neutral Pty Ltd",BOB-ESG-0751,PO-ESG-3888,110004.33,audit_evidence_count,821.83,683.35,83.2,543.05,61.3,75,-11745.22,-0.67,No,None,Complete,"Needs review","CFO approval for material ESG spend",Yes,"IBMBOB_ESG_Cost_KPI_Mar2026.csv + Raw_GL_Export_With_CostCenters_Mar2026_IBMBOB_Enhanced.csv"
"IBM BOB 3 - ESG",2026-08,ESG-MAR26-0752,TXN006960,AUS01,TAS,"Tasmania Operations","Carbon offsets",5300,"Professional Services","Energy Australia",BOB-ESG-0752,PO-ESG-9538,67180.52,supplier_score,700.14,469.19,67.0,437.04,29.3,73,-25568.92,0.38,No,None,Missing,Ready,"No action",No,"IBMBOB_ESG_Cost_KPI_Mar2026.csv + Raw_GL_Export_With_CostCenters_Mar2026_IBMBOB_Enhanced.csv"
"IBM BOB 3 - ESG",2026-08,ESG-MAR26-0753,TXN006961,AUS01,FIN,"Finance & Accounting","Compliance assurance",5320,"Audit Fees","Energy Australia",BOB-ESG-0753,PO-ESG-9021,32653.50,audit_evidence_count,592.79,547.57,92.4,284.53,92.2,57,35836.07,0.02,No,None,Partial,Partial,"No action",No,"IBMBOB_ESG_Cost_KPI_Mar2026.csv + Raw_GL_Export_With_CostCenters_Mar2026_IBMBOB_Enhanced.csv"
"IBM BOB 3 - ESG",2026-08,ESG-MAR26-0754,TXN006962,AUS01,MKT,"Marketing & Sales","Energy usage",5110,Utilities,"Green Freight",BOB-ESG-0754,PO-ESG-5046,73749.67,waste_kg_reduced,711.69,481.65,67.7,523.54,9.6,48,56532.20,0.33,No,None,Complete,Ready,"No action",No,"IBMBOB_ESG_Cost_KPI_Mar2026.csv + Raw_GL_Export_With_CostCenters_Mar2026_IBMBOB_Enhanced.csv"
"IBM BOB 3 - ESG",2026-08,ESG-MAR26-0755,TXN006963,AUS01,CORP,"Corporate Head Office","Renewable sourcing premium",6000,"Cost of Goods Sold","Sustainable Packaging Co",BOB-ESG-0755,PO-ESG-7775,77718.69,renewable_kwh,273.07,226.55,83.0,216.76,29.1,92,-28222.67,-0.30,No,None,Complete,Ready,"No action",No,"IBMBOB_ESG_Cost_KPI_Mar2026.csv + Raw_GL_Export_With_CostCenters_Mar2026_IBMBOB_Enhanced.csv"
"IBM BOB 3 - ESG",2026-08,ESG-MAR26-0756,TXN006964,AUS01,HR,"Human Resources","Supplier ESG premium",6010,"Direct Materials","Energy Australia",BOB-ESG-0756,PO-ESG-6616,5627.97,waste_kg_reduced,275.08,244.44,88.9,527.47,57.5,94,-12404.59,-0.33,No,None,Missing,Partial,"No action",No,"IBMBOB_ESG_Cost_KPI_Mar2026.csv + Raw_GL_Export_With_CostCenters_Mar2026_IBMBOB_Enhanced.csv"
"IBM BOB 3 - ESG",2026-08,ESG-MAR26-0757,TXN006965,FJI01,MKT,"Marketing & Sales","Supplier ESG premium",6010,"Direct Materials","Origin Energy",BOB-ESG-0757,PO-ESG-5987,21427.13,waste_kg_reduced,172.07,212.88,123.7,504.26,53.7,70,-3319.45,-0.56,No,None,Missing,Ready,"No action",No,"IBMBOB_ESG_Cost_KPI_Mar2026.csv + Raw_GL_Export_With_CostCenters_Mar2026_IBMBOB_Enhanced.csv"
"IBM BOB 3 - ESG",2026-08,ESG-MAR26-0758,TXN006966,AUS01,FIN,"Finance & Accounting","Waste reduction",5600,Telecommunications,"Energy Australia",BOB-ESG-0758,PO-ESG-8673,53556.53,renewable_kwh,673.54,563.19,83.6,235.18,18.5,49,8948.11,-0.09,No,None,Complete,Ready,"No action",No,"IBMBOB_ESG_Cost_KPI_Mar2026.csv + Raw_GL_Export_With_CostCenters_Mar2026_IBMBOB_Enhanced.csv"
"IBM BOB 3 - ESG",2026-08,ESG-MAR26-0759,TXN006967,AUS01,CORP,"Corporate Head Office","Carbon offsets",5300,"Professional Services",EcoVadis,BOB-ESG-0759,PO-ESG-9444,45408.99,supplier_score,269.11,229.04,85.1,204.00,14.6,63,21855.79,-0.45,No,None,Complete,Ready,"No action",No,"IBMBOB_ESG_Cost_KPI_Mar2026.csv + Raw_GL_Export_With_CostCenters_Mar2026_IBMBOB_Enhanced.csv"
"IBM BOB 3 - ESG",2026-08,ESG-MAR26-0760,TXN006968,AUS01,QLD,"Queensland Operations","Compliance assurance",5320,"Audit Fees","Carbon Neutral Pty Ltd",BOB-ESG-0760,PO-ESG-9754,74115.14,supplier_score,995.71,857.34,86.1,82.45,29.4,48,12051.45,-0.34,No,None,Complete,Ready,"No action",No,"IBMBOB_ESG_Cost_KPI_Mar2026.csv + Raw_GL_Export_With_CostCenters_Mar2026_IBMBOB_Enhanced.csv"
"IBM BOB 3 - ESG",2026-08,ESG-MAR26-0761,TXN006969,AUS01,ACT,"Australian Capital Territory","Waste reduction",5600,Telecommunications,"Carbon Neutral Pty Ltd",BOB-ESG-0761,PO-ESG-3928,69475.54,waste_kg_reduced,199.30,186.39,93.5,72.14,56.4,80,32780.80,-0.25,No,None,Complete,Partial,"No action",No,"IBMBOB_ESG_Cost_KPI_Mar2026.csv + Raw_GL_Export_With_CostCenters_Mar2026_IBMBOB_Enhanced.csv"
"IBM BOB 3 - ESG",2026-08,ESG-MAR26-0762,TXN006970,AUS01,QLD,"Queensland Operations","Waste reduction",5600,Telecommunications,"Energy Australia",BOB-ESG-0762,PO-ESG-9857,29535.15,"tCO2e avoided",806.78,932.08,115.5,380.12,67.9,76,46346.94,0.39,No,None,Missing,Ready,"No action",No,"IBMBOB_ESG_Cost_KPI_Mar2026.csv + Raw_GL_Export_With_CostCenters_Mar2026_IBMBOB_Enhanced.csv"
"IBM BOB 3 - ESG",2026-08,ESG-MAR26-0763,TXN006971,NZL01,R&D,"Research & Development","Carbon offsets",5300,"Professional Services","Energy Australia",BOB-ESG-0763,PO-ESG-2111,93821.89,"tCO2e avoided",59.46,50.59,85.1,99.85,42.4,47,-40469.19,-0.19,No,None,Missing,Partial,"No action",No,"IBMBOB_ESG_Cost_KPI_Mar2026.csv + Raw_GL_Export_With_CostCenters_Mar2026_IBMBOB_Enhanced.csv"
"IBM BOB 3 - ESG",2026-08,ESG-MAR26-0764,TXN006972,AUS01,VIC,"Victoria Operations","Waste reduction",5600,Telecommunications,"Climate Active Advisor",BOB-ESG-0764,PO-ESG-6420,24959.17,"tCO2e avoided",582.45,580.08,99.6,449.94,74.1,75,43729.13,-0.71,No,None,Complete,Partial,"No action",No,"IBMBOB_ESG_Cost_KPI_Mar2026.csv + Raw_GL_Export_With_CostCenters_Mar2026_IBMBOB_Enhanced.csv"
"IBM BOB 3 - ESG",2026-08,ESG-MAR26-0765,TXN006973,PNG01,FIN,"Finance & Accounting","Supplier ESG premium",6010,"Direct Materials","Sustainable Packaging Co",BOB-ESG-0765,PO-ESG-7857,71146.07,renewable_kwh,900.75,1119.51,124.3,422.97,98.9,60,-6974.28,-0.36,No,None,Complete,Partial,"No action",No,"IBMBOB_ESG_Cost_KPI_Mar2026.csv + Raw_GL_Export_With_CostCenters_Mar2026_IBMBOB_Enhanced.csv"
"IBM BOB 3 - ESG",2026-08,ESG-MAR26-0766,TXN006974,FJI01,TAS,"Tasmania Operations","Carbon offsets",5300,"Professional Services","Energy Australia",BOB-ESG-0766,PO-ESG-2810,119575.97,waste_kg_reduced,166.77,193.55,116.1,216.04,13.6,66,53233.14,-0.61,No,None,Complete,"Needs review","CFO approval for material ESG spend",Yes,"IBMBOB_ESG_Cost_KPI_Mar2026.csv + Raw_GL_Export_With_CostCenters_Mar2026_IBMBOB_Enhanced.csv"
"IBM BOB 3 - ESG",2026-08,ESG-MAR26-0767,TXN006975,NZL01,QLD,"Queensland Operations","Renewable sourcing premium",6000,"Cost of Goods Sold","Carbon Neutral Pty Ltd",BOB-ESG-0767,PO-ESG-6672,53831.86,"tCO2e avoided",326.38,316.13,96.9,527.19,65.6,46,-17979.13,-0.12,No,None,Complete,Partial,"No action",No,"IBMBOB_ESG_Cost_KPI_Mar2026.csv + Raw_GL_Export_With_CostCenters_Mar2026_IBMBOB_Enhanced.csv"
"IBM BOB 3 - ESG",2026-08,ESG-MAR26-0768,TXN006976,AUS01,OPS,"Operations & Logistics","Supplier ESG premium",6010,"Direct Materials","Energy Australia",BOB-ESG-0768,PO-ESG-4263,7183.85,audit_evidence_count,195.15,197.49,101.2,413.56,80.3,74,36972.35,-0.11,No,None,Complete,Ready,"No action",No,"IBMBOB_ESG_Cost_KPI_Mar2026.csv + Raw_GL_Export_With_CostCenters_Mar2026_IBMBOB_Enhanced.csv"
"IBM BOB 3 - ESG",2026-08,ESG-MAR26-0769,TXN006977,NZL01,R&D,"Research & Development","Sustainable packaging",6010,"Direct Materials","Origin Energy",BOB-ESG-0769,PO-ESG-8810,20041.30,supplier_score,615.74,634.41,103.0,222.03,25.2,79,55837.05,0.23,No,None,Partial,Partial,"No action",No,"IBMBOB_ESG_Cost_KPI_Mar2026.csv + Raw_GL_Export_With_CostCenters_Mar2026_IBMBOB_Enhanced.csv"
"IBM BOB 3 - ESG",2026-08,ESG-MAR26-0770,TXN006978,AUS01,FIN,"Finance & Accounting","Energy usage",5110,Utilities,"Climate Active Advisor",BOB-ESG-0770,PO-ESG-3241,79767.40,renewable_kwh,559.22,415.21,74.2,433.52,54.4,72,-201.32,-0.68,No,None,Complete,Ready,"No action",No,"IBMBOB_ESG_Cost_KPI_Mar2026.csv + Raw_GL_Export_With_CostCenters_Mar2026_IBMBOB_Enhanced.csv"
"IBM BOB 3 - ESG",2026-08,ESG-MAR26-0771,TXN006979,NZL01,NT,"Northern Territory Operations","Supplier ESG premium",6010,"Direct Materials","Bureau Veritas",BOB-ESG-0771,PO-ESG-9354,29339.26,supplier_score,743.19,523.33,70.4,567.33,24.1,54,64999.89,-0.30,No,None,Complete,Partial,"No action",No,"IBMBOB_ESG_Cost_KPI_Mar2026.csv + Raw_GL_Export_With_CostCenters_Mar2026_IBMBOB_Enhanced.csv"
"IBM BOB 3 - ESG",2026-08,ESG-MAR26-0772,TXN006980,FJI01,MKT,"Marketing & Sales","Supplier ESG premium",6010,"Direct Materials","Carbon Neutral Pty Ltd",BOB-ESG-0772,PO-ESG-5786,9738.20,supplier_score,230.10,215.13,93.5,380.06,49.9,59,3456.36,-0.42,No,None,Complete,Ready,"No action",No,"IBMBOB_ESG_Cost_KPI_Mar2026.csv + Raw_GL_Export_With_CostCenters_Mar2026_IBMBOB_Enhanced.csv"
"IBM BOB 3 - ESG",2026-08,ESG-MAR26-0773,TXN006981,AUS01,TAS,"Tasmania Operations","Sustainable packaging",6010,"Direct Materials","Green Freight",BOB-ESG-0773,PO-ESG-3819,23982.75,audit_evidence_count,761.70,933.06,122.5,531.43,76.6,78,-41053.05,-0.10,No,None,Missing,Ready,"No action",No,"IBMBOB_ESG_Cost_KPI_Mar2026.csv + Raw_GL_Export_With_CostCenters_Mar2026_IBMBOB_Enhanced.csv"
"IBM BOB 3 - ESG",2026-08,ESG-MAR26-0774,TXN006982,PNG01,CORP,"Corporate Head Office","Waste reduction",5600,Telecommunications,"Origin Energy",BOB-ESG-0774,PO-ESG-5489,57311.18,audit_evidence_count,457.22,306.36,67.0,71.89,93.7,80,80754.94,-0.49,No,None,Complete,Partial,"No action",No,"IBMBOB_ESG_Cost_KPI_Mar2026.csv + Raw_GL_Export_With_CostCenters_Mar2026_IBMBOB_Enhanced.csv"
"IBM BOB 3 - ESG",2026-08,ESG-MAR26-0775,TXN006983,PNG01,FIN,"Finance & Accounting","Compliance assurance",5320,"Audit Fees","Green Freight",BOB-ESG-0775,PO-ESG-6143,76055.58,waste_kg_reduced,333.44,355.88,106.7,245.73,24.3,74,-7966.77,-0.60,No,None,Complete,Ready,"No action",No,"IBMBOB_ESG_Cost_KPI_Mar2026.csv + Raw_GL_Export_With_CostCenters_Mar2026_IBMBOB_Enhanced.csv"
"IBM BOB 3 - ESG",2026-08,ESG-MAR26-0776,TXN006984,AUS01,OPS,"Operations & Logistics","Compliance assurance",5320,"Audit Fees","Green Freight",BOB-ESG-0776,PO-ESG-9792,79211.50,audit_evidence_count,213.08,222.61,104.5,226.85,99.0,46,77095.68,0.28,No,None,Partial,Ready,"No action",No,"IBMBOB_ESG_Cost_KPI_Mar2026.csv + Raw_GL_Export_With_CostCenters_Mar2026_IBMBOB_Enhanced.csv"
"IBM BOB 3 - ESG",2026-08,ESG-MAR26-0777,TXN006985,AUS01,MKT,"Marketing & Sales","Renewable sourcing premium",6000,"Cost of Goods Sold","Bureau Veritas",BOB-ESG-0777,PO-ESG-9887,61764.59,audit_evidence_count,85.84,62.43,72.7,353.28,39.4,66,-45108.34,-0.26,No,None,Complete,Ready,"No action",No,"IBMBOB_ESG_Cost_KPI_Mar2026.csv + Raw_GL_Export_With_CostCenters_Mar2026_IBMBOB_Enhanced.csv"
"IBM BOB 3 - ESG",2026-08,ESG-MAR26-0778,TXN006986,NZL01,OPS,"Operations & Logistics","Sustainable packaging",6010,"Direct Materials","Energy Australia",BOB-ESG-0778,PO-ESG-7232,29312.99,"tCO2e avoided",188.56,206.10,109.3,436.68,51.3,57,-1866.11,-0.75,No,None,Partial,Ready,"No action",No,"IBMBOB_ESG_Cost_KPI_Mar2026.csv + Raw_GL_Export_With_CostCenters_Mar2026_IBMBOB_Enhanced.csv"
"IBM BOB 3 - ESG",2026-08,ESG-MAR26-0779,TXN006987,FJI01,NT,"Northern Territory Operations","Fleet emissions",5400,Travel,"Bureau Veritas",BOB-ESG-0779,PO-ESG-3601,55594.36,supplier_score,773.26,688.67,89.1,308.27,12.3,60,42928.80,-0.54,No,None,Complete,Ready,"No action",No,"IBMBOB_ESG_Cost_KPI_Mar2026.csv + Raw_GL_Export_With_CostCenters_Mar2026_IBMBOB_Enhanced.csv"
"IBM BOB 3 - ESG",2026-08,ESG-MAR26-0780,TXN006988,AUS01,TAS,"Tasmania Operations","Waste reduction",5600,Telecommunications,"Sustainable Packaging Co",BOB-ESG-0780,PO-ESG-9024,15488.17,audit_evidence_count,767.62,836.91,109.0,186.56,28.4,64,73629.90,-0.23,No,None,Partial,Ready,"No action",No,"IBMBOB_ESG_Cost_KPI_Mar2026.csv + Raw_GL_Export_With_CostCenters_Mar2026_IBMBOB_Enhanced.csv"
"IBM BOB 3 - ESG",2026-08,ESG-MAR26-0781,TXN006989,AUS01,IT,"Information Technology","Renewable sourcing premium",6000,"Cost of Goods Sold",EcoVadis,BOB-ESG-0781,PO-ESG-3937,83386.52,"tCO2e avoided",98.00,106.69,108.9,546.53,86.3,76,-9941.88,-0.66,No,None,Complete,Ready,"No action",No,"IBMBOB_ESG_Cost_KPI_Mar2026.csv + Raw_GL_Export_With_CostCenters_Mar2026_IBMBOB_Enhanced.csv"
"IBM BOB 3 - ESG",2026-08,ESG-MAR26-0782,TXN006990,NZL01,CORP,"Corporate Head Office","Waste reduction",5600,Telecommunications,"Origin Energy",BOB-ESG-0782,PO-ESG-6523,38837.58,waste_kg_reduced,575.78,432.81,75.2,557.51,86.2,53,-9121.53,0.35,No,None,Complete,Partial,"No action",No,"IBMBOB_ESG_Cost_KPI_Mar2026.csv + Raw_GL_Export_With_CostCenters_Mar2026_IBMBOB_Enhanced.csv"
"IBM BOB 3 - ESG",2026-08,ESG-MAR26-0783,TXN006991,NZL01,SA,"South Australia Operations","Carbon offsets",5300,"Professional Services","Carbon Neutral Pty Ltd",BOB-ESG-0783,PO-ESG-9112,56281.48,audit_evidence_count,897.31,799.59,89.1,423.45,70.6,71,-35163.94,-0.28,No,None,Missing,Ready,"No action",No,"IBMBOB_ESG_Cost_KPI_Mar2026.csv + Raw_GL_Export_With_CostCenters_Mar2026_IBMBOB_Enhanced.csv"
"IBM BOB 3 - ESG",2026-08,ESG-MAR26-0784,TXN006992,PNG01,OPS,"Operations & Logistics","Energy usage",5110,Utilities,"Sustainable Packaging Co",BOB-ESG-0784,PO-ESG-6918,28165.44,"tCO2e avoided",865.58,762.31,88.1,467.78,30.1,77,77610.35,0.37,No,None,Complete,Partial,"No action",No,"IBMBOB_ESG_Cost_KPI_Mar2026.csv + Raw_GL_Export_With_CostCenters_Mar2026_IBMBOB_Enhanced.csv"
"IBM BOB 3 - ESG",2026-08,ESG-MAR26-0785,TXN006993,NZL01,R&D,"Research & Development","Sustainable packaging",6010,"Direct Materials","Bureau Veritas",BOB-ESG-0785,PO-ESG-6660,13097.66,supplier_score,860.86,1075.45,124.9,441.14,35.2,58,17091.39,-0.76,No,None,Missing,Ready,"No action",No,"IBMBOB_ESG_Cost_KPI_Mar2026.csv + Raw_GL_Export_With_CostCenters_Mar2026_IBMBOB_Enhanced.csv"
"IBM BOB 3 - ESG",2026-08,ESG-MAR26-0786,TXN006994,AUS01,QLD,"Queensland Operations","Renewable sourcing premium",6000,"Cost of Goods Sold","Carbon Neutral Pty Ltd",BOB-ESG-0786,PO-ESG-5485,33501.37,audit_evidence_count,953.55,694.57,72.8,381.26,86.1,65,-2445.43,0.22,No,None,Partial,Ready,"No action",No,"IBMBOB_ESG_Cost_KPI_Mar2026.csv + Raw_GL_Export_With_CostCenters_Mar2026_IBMBOB_Enhanced.csv"
"IBM BOB 3 - ESG",2026-08,ESG-MAR26-0787,TXN006995,AUS01,TAS,"Tasmania Operations","Fleet emissions",5400,Travel,"Bureau Veritas",BOB-ESG-0787,PO-ESG-4367,23564.50,audit_evidence_count,543.42,664.76,122.3,21.67,17.3,55,25139.95,-0.27,No,None,Partial,Ready,"No action",No,"IBMBOB_ESG_Cost_KPI_Mar2026.csv + Raw_GL_Export_With_CostCenters_Mar2026_IBMBOB_Enhanced.csv"
"IBM BOB 3 - ESG",2026-08,ESG-MAR26-0788,TXN006996,AUS01,IT,"Information Technology","Fleet emissions",5400,Travel,EcoVadis,BOB-ESG-0788,PO-ESG-8768,77405.47,renewable_kwh,261.84,299.07,114.2,221.72,59.1,80,51580.32,-0.48,No,None,Complete,Ready,"No action",No,"IBMBOB_ESG_Cost_KPI_Mar2026.csv + Raw_GL_Export_With_CostCenters_Mar2026_IBMBOB_Enhanced.csv"
"IBM BOB 3 - ESG",2026-08,ESG-MAR26-0789,TXN006997,FJI01,WA,"Western Australia Operations","Renewable sourcing premium",6000,"Cost of Goods Sold","Carbon Neutral Pty Ltd",BOB-ESG-0789,PO-ESG-4904,91754.23,waste_kg_reduced,393.15,431.26,109.7,597.96,47.8,51,-30984.38,0.04,No,None,Complete,Ready,"No action",No,"IBMBOB_ESG_Cost_KPI_Mar2026.csv + Raw_GL_Export_With_CostCenters_Mar2026_IBMBOB_Enhanced.csv"
"IBM BOB 3 - ESG",2026-08,ESG-MAR26-0790,TXN006998,AUS01,NSW,"New South Wales Operations","Compliance assurance",5320,"Audit Fees","Bureau Veritas",BOB-ESG-0790,PO-ESG-2805,99762.54,waste_kg_reduced,586.37,726.96,124.0,358.47,75.6,66,-16931.28,-0.77,No,None,Complete,"Needs review","CFO approval for material ESG spend",Yes,"IBMBOB_ESG_Cost_KPI_Mar2026.csv + Raw_GL_Export_With_CostCenters_Mar2026_IBMBOB_Enhanced.csv"
"IBM BOB 3 - ESG",2026-08,ESG-MAR26-0791,TXN006999,AUS01,NSW,"New South Wales Operations","Fleet emissions",5400,Travel,EcoVadis,BOB-ESG-0791,PO-ESG-4066,76523.57,renewable_kwh,732.50,847.36,115.7,250.74,10.7,97,-9026.71,-0.55,No,None,Partial,Ready,"No action",No,"IBMBOB_ESG_Cost_KPI_Mar2026.csv + Raw_GL_Export_With_CostCenters_Mar2026_IBMBOB_Enhanced.csv"
"IBM BOB 3 - ESG",2026-08,ESG-MAR26-0792,TXN007000,AUS01,TAS,"Tasmania Operations","Compliance assurance",5320,"Audit Fees","Origin Energy",BOB-ESG-0792,PO-ESG-9488,36586.82,audit_evidence_count,204.69,202.85,99.1,567.72,22.0,75,-49738.13,0.23,No,None,Complete,Ready,"No action",No,"IBMBOB_ESG_Cost_KPI_Mar2026.csv + Raw_GL_Export_With_CostCenters_Mar2026_IBMBOB_Enhanced.csv"
"IBM BOB 3 - ESG",2026-08,ESG-MAR26-0793,TXN007001,AUS01,NT,"Northern Territory Operations","Energy usage",5110,Utilities,EcoVadis,BOB-ESG-0793,PO-ESG-7292,31245.78,"tCO2e avoided",480.17,502.49,104.6,388.96,33.5,56,-34109.51,-0.14,No,None,Complete,Partial,"No action",No,"IBMBOB_ESG_Cost_KPI_Mar2026.csv + Raw_GL_Export_With_CostCenters_Mar2026_IBMBOB_Enhanced.csv"
"IBM BOB 3 - ESG",2026-08,ESG-MAR26-0794,TXN007002,AUS01,WA,"Western Australia Operations","Compliance assurance",5320,"Audit Fees",EcoVadis,BOB-ESG-0794,PO-ESG-2397,110309.09,audit_evidence_count,449.77,532.47,118.4,19.96,46.2,97,29874.94,0.18,No,None,Complete,"Needs review","CFO approval for material ESG spend",Yes,"IBMBOB_ESG_Cost_KPI_Mar2026.csv + Raw_GL_Export_With_CostCenters_Mar2026_IBMBOB_Enhanced.csv"
"IBM BOB 3 - ESG",2026-08,ESG-MAR26-0795,TXN007003,AUS01,OPS,"Operations & Logistics","Compliance assurance",5320,"Audit Fees","Carbon Neutral Pty Ltd",BOB-ESG-0795,PO-ESG-7726,56485.16,audit_evidence_count,627.65,554.40,88.3,243.55,21.4,60,77630.42,-0.05,No,None,Complete,Ready,"No action",No,"IBMBOB_ESG_Cost_KPI_Mar2026.csv + Raw_GL_Export_With_CostCenters_Mar2026_IBMBOB_Enhanced.csv"
"IBM BOB 3 - ESG",2026-08,ESG-MAR26-0796,TXN007004,PNG01,CORP,"Corporate Head Office","Carbon offsets",5300,"Professional Services",EcoVadis,BOB-ESG-0796,PO-ESG-5212,2667.27,audit_evidence_count,733.22,844.79,115.2,18.22,44.2,45,-10673.37,-0.71,No,None,Complete,Partial,"No action",No,"IBMBOB_ESG_Cost_KPI_Mar2026.csv + Raw_GL_Export_With_CostCenters_Mar2026_IBMBOB_Enhanced.csv"
"IBM BOB 3 - ESG",2026-08,ESG-MAR26-0797,TXN007005,AUS01,CORP,"Corporate Head Office","Fleet emissions",5400,Travel,"Origin Energy",BOB-ESG-0797,PO-ESG-3176,66143.14,renewable_kwh,482.18,548.64,113.8,357.64,7.9,76,58023.28,-0.73,No,None,Missing,Partial,"No action",No,"IBMBOB_ESG_Cost_KPI_Mar2026.csv + Raw_GL_Export_With_CostCenters_Mar2026_IBMBOB_Enhanced.csv"
"IBM BOB 3 - ESG",2026-08,ESG-MAR26-0798,TXN007006,AUS01,NSW,"New South Wales Operations","Energy usage",5110,Utilities,"Green Freight",BOB-ESG-0798,PO-ESG-8751,44353.98,audit_evidence_count,399.34,285.99,71.6,474.43,76.3,64,12644.32,-0.73,No,None,Partial,Ready,"No action",No,"IBMBOB_ESG_Cost_KPI_Mar2026.csv + Raw_GL_Export_With_CostCenters_Mar2026_IBMBOB_Enhanced.csv"
"IBM BOB 3 - ESG",2026-08,ESG-MAR26-0799,TXN007007,NZL01,IT,"Information Technology","Supplier ESG premium",6010,"Direct Materials","Origin Energy",BOB-ESG-0799,PO-ESG-7913,113997.88,supplier_score,987.73,1111.88,112.6,284.02,76.5,46,5376.74,0.37,No,None,Complete,"Needs review","CFO approval for material ESG spend",Yes,"IBMBOB_ESG_Cost_KPI_Mar2026.csv + Raw_GL_Export_With_CostCenters_Mar2026_IBMBOB_Enhanced.csv"
"IBM BOB 3 - ESG",2026-08,ESG-MAR26-0800,TXN007008,AUS01,CORP,"Corporate Head Office","Sustainable packaging",6010,"Direct Materials","Carbon Neutral Pty Ltd",BOB-ESG-0800,PO-ESG-7427,115644.47,waste_kg_reduced,427.89,356.84,83.4,70.99,43.2,54,-14248.04,-0.48,No,None,Complete,"Needs review","CFO approval for material ESG spend",Yes,"IBMBOB_ESG_Cost_KPI_Mar2026.csv + Raw_GL_Export_With_CostCenters_Mar2026_IBMBOB_Enhanced.csv"
"IBM BOB 3 - ESG",2026-08,ESG-MAR26-0801,TXN007009,AUS01,SA,"South Australia Operations","Renewable sourcing premium",6000,"Cost of Goods Sold","Origin Energy",BOB-ESG-0801,PO-ESG-6604,61303.02,supplier_score,125.45,112.90,90.0,491.09,34.0,85,6486.78,-0.55,No,None,Complete,Ready,"No action",No,"IBMBOB_ESG_Cost_KPI_Mar2026.csv + Raw_GL_Export_With_CostCenters_Mar2026_IBMBOB_Enhanced.csv"
"IBM BOB 3 - ESG",2026-08,ESG-MAR26-0802,TXN007010,AUS01,NT,"Northern Territory Operations","Renewable sourcing premium",6000,"Cost of Goods Sold","Carbon Neutral Pty Ltd",BOB-ESG-0802,PO-ESG-2523,5007.05,supplier_score,571.75,496.53,86.8,150.53,85.1,87,-30316.90,0.10,No,None,Partial,Partial,"No action",No,"IBMBOB_ESG_Cost_KPI_Mar2026.csv + Raw_GL_Export_With_CostCenters_Mar2026_IBMBOB_Enhanced.csv"
"IBM BOB 3 - ESG",2026-08,ESG-MAR26-0803,TXN007011,AUS01,VIC,"Victoria Operations","Energy usage",5110,Utilities,"Sustainable Packaging Co",BOB-ESG-0803,PO-ESG-9693,63592.09,waste_kg_reduced,979.59,1046.53,106.8,493.90,71.9,60,-6320.55,0.22,No,None,Missing,Ready,"No action",No,"IBMBOB_ESG_Cost_KPI_Mar2026.csv + Raw_GL_Export_With_CostCenters_Mar2026_IBMBOB_Enhanced.csv"
"IBM BOB 3 - ESG",2026-08,ESG-MAR26-0804,TXN007012,AUS01,R&D,"Research & Development","Carbon offsets",5300,"Professional Services","Climate Active Advisor",BOB-ESG-0804,PO-ESG-9940,81398.46,"tCO2e avoided",464.96,524.61,112.8,366.32,50.3,56,-36161.91,0.17,No,None,Complete,Partial,"No action",No,"IBMBOB_ESG_Cost_KPI_Mar2026.csv + Raw_GL_Export_With_CostCenters_Mar2026_IBMBOB_Enhanced.csv"
"IBM BOB 3 - ESG",2026-08,ESG-MAR26-0805,TXN007013,AUS01,NSW,"New South Wales Operations","Fleet emissions",5400,Travel,"Carbon Neutral Pty Ltd",BOB-ESG-0805,PO-ESG-6810,78266.18,audit_evidence_count,214.83,238.86,111.2,529.11,20.3,64,64472.58,0.27,No,None,Complete,Ready,"No action",No,"IBMBOB_ESG_Cost_KPI_Mar2026.csv + Raw_GL_Export_With_CostCenters_Mar2026_IBMBOB_Enhanced.csv"
"IBM BOB 3 - ESG",2026-08,ESG-MAR26-0806,TXN007014,AUS01,VIC,"Victoria Operations","Supplier ESG premium",6010,"Direct Materials","Sustainable Packaging Co",BOB-ESG-0806,PO-ESG-9594,57343.52,waste_kg_reduced,252.12,214.96,85.3,133.25,65.3,65,-21952.83,0.35,No,None,Partial,Ready,"No action",No,"IBMBOB_ESG_Cost_KPI_Mar2026.csv + Raw_GL_Export_With_CostCenters_Mar2026_IBMBOB_Enhanced.csv"
"IBM BOB 3 - ESG",2026-08,ESG-MAR26-0807,TXN007015,AUS01,NSW,"New South Wales Operations","Sustainable packaging",6010,"Direct Materials",EcoVadis,BOB-ESG-0807,PO-ESG-7191,119367.03,"tCO2e avoided",100.68,88.28,87.7,65.99,17.7,84,49136.38,-0.52,No,None,Missing,"Needs review","CFO approval for material ESG spend",Yes,"IBMBOB_ESG_Cost_KPI_Mar2026.csv + Raw_GL_Export_With_CostCenters_Mar2026_IBMBOB_Enhanced.csv"
"IBM BOB 3 - ESG",2026-08,ESG-MAR26-0808,TXN007016,AUS01,HR,"Human Resources","Fleet emissions",5400,Travel,"Green Freight",BOB-ESG-0808,PO-ESG-2732,104055.96,"tCO2e avoided",533.34,363.72,68.2,145.00,59.8,61,70360.01,-0.15,No,None,Missing,"Needs review","CFO approval for material ESG spend",Yes,"IBMBOB_ESG_Cost_KPI_Mar2026.csv + Raw_GL_Export_With_CostCenters_Mar2026_IBMBOB_Enhanced.csv"
"IBM BOB 3 - ESG",2026-08,ESG-MAR26-0809,TXN007017,AUS01,OPS,"Operations & Logistics","Renewable sourcing premium",6000,"Cost of Goods Sold","Carbon Neutral Pty Ltd",BOB-ESG-0809,PO-ESG-6042,114889.67,renewable_kwh,826.94,886.49,107.2,494.16,81.9,87,38964.08,-0.40,No,None,Complete,"Needs review","CFO approval for material ESG spend",Yes,"IBMBOB_ESG_Cost_KPI_Mar2026.csv + Raw_GL_Export_With_CostCenters_Mar2026_IBMBOB_Enhanced.csv"
"IBM BOB 3 - ESG",2026-08,ESG-MAR26-0810,TXN007018,AUS01,FIN,"Finance & Accounting","Carbon offsets",5300,"Professional Services","Energy Australia",BOB-ESG-0810,PO-ESG-5045,24859.96,supplier_score,868.15,621.68,71.6,72.29,71.6,59,73156.81,-0.34,No,None,Complete,Ready,"No action",No,"IBMBOB_ESG_Cost_KPI_Mar2026.csv + Raw_GL_Export_With_CostCenters_Mar2026_IBMBOB_Enhanced.csv"
"IBM BOB 3 - ESG",2026-08,ESG-MAR26-0811,TXN007019,NZL01,NT,"Northern Territory Operations","Carbon offsets",5300,"Professional Services","Bureau Veritas",BOB-ESG-0811,PO-ESG-6153,59601.84,renewable_kwh,851.26,676.78,79.5,324.15,68.8,76,-49269.36,-0.67,No,None,Partial,Ready,"No action",No,"IBMBOB_ESG_Cost_KPI_Mar2026.csv + Raw_GL_Export_With_CostCenters_Mar2026_IBMBOB_Enhanced.csv"
"IBM BOB 3 - ESG",2026-08,ESG-MAR26-0812,TXN007020,NZL01,MKT,"Marketing & Sales","Sustainable packaging",6010,"Direct Materials","Bureau Veritas",BOB-ESG-0812,PO-ESG-8583,41372.63,audit_evidence_count,935.42,746.19,79.8,378.35,50.4,82,-29249.67,-0.21,No,None,Missing,Ready,"No action",No,"IBMBOB_ESG_Cost_KPI_Mar2026.csv + Raw_GL_Export_With_CostCenters_Mar2026_IBMBOB_Enhanced.csv"
"IBM BOB 3 - ESG",2026-08,ESG-MAR26-0813,TXN007021,AUS01,NSW,"New South Wales Operations","Sustainable packaging",6010,"Direct Materials","Origin Energy",BOB-ESG-0813,PO-ESG-2243,92865.98,renewable_kwh,471.67,384.97,81.6,145.04,22.5,50,39067.50,-0.57,No,None,Complete,Ready,"No action",No,"IBMBOB_ESG_Cost_KPI_Mar2026.csv + Raw_GL_Export_With_CostCenters_Mar2026_IBMBOB_Enhanced.csv"
"IBM BOB 3 - ESG",2026-08,ESG-MAR26-0814,TXN007022,AUS01,IT,"Information Technology","Sustainable packaging",6010,"Direct Materials","Bureau Veritas",BOB-ESG-0814,PO-ESG-6226,65741.20,audit_evidence_count,399.16,339.87,85.1,470.01,89.5,51,10523.97,-0.68,No,None,Complete,Partial,"No action",No,"IBMBOB_ESG_Cost_KPI_Mar2026.csv + Raw_GL_Export_With_CostCenters_Mar2026_IBMBOB_Enhanced.csv"
"IBM BOB 3 - ESG",2026-08,ESG-MAR26-0815,TXN007023,NZL01,IT,"Information Technology","Carbon offsets",5300,"Professional Services","Climate Active Advisor",BOB-ESG-0815,PO-ESG-5825,97870.53,audit_evidence_count,639.52,653.63,102.2,163.30,53.7,67,83254.55,-0.65,No,None,Complete,"Needs review","CFO approval for material ESG spend",Yes,"IBMBOB_ESG_Cost_KPI_Mar2026.csv + Raw_GL_Export_With_CostCenters_Mar2026_IBMBOB_Enhanced.csv"
"IBM BOB 3 - ESG",2026-08,ESG-MAR26-0816,TXN007024,AUS01,CORP,"Corporate Head Office","Sustainable packaging",6010,"Direct Materials","Sustainable Packaging Co",BOB-ESG-0816,PO-ESG-2779,102091.09,audit_evidence_count,688.26,611.28,88.8,420.45,66.0,74,69413.43,-0.47,No,None,Missing,"Needs review","CFO approval for material ESG spend",Yes,"IBMBOB_ESG_Cost_KPI_Mar2026.csv + Raw_GL_Export_With_CostCenters_Mar2026_IBMBOB_Enhanced.csv"
"IBM BOB 3 - ESG",2026-08,ESG-MAR26-0817,TXN007025,AUS01,TAS,"Tasmania Operations","Energy usage",5110,Utilities,"Origin Energy",BOB-ESG-0817,PO-ESG-2750,22788.50,supplier_score,425.52,420.14,98.7,538.27,90.9,56,18902.26,-0.68,No,None,Missing,Ready,"No action",No,"IBMBOB_ESG_Cost_KPI_Mar2026.csv + Raw_GL_Export_With_CostCenters_Mar2026_IBMBOB_Enhanced.csv"
"IBM BOB 3 - ESG",2026-08,ESG-MAR26-0818,TXN007026,NZL01,NSW,"New South Wales Operations","Waste reduction",5600,Telecommunications,EcoVadis,BOB-ESG-0818,PO-ESG-7589,64146.41,"tCO2e avoided",571.94,706.27,123.5,430.43,80.0,74,31212.94,-0.77,No,None,Missing,Partial,"No action",No,"IBMBOB_ESG_Cost_KPI_Mar2026.csv + Raw_GL_Export_With_CostCenters_Mar2026_IBMBOB_Enhanced.csv"
"IBM BOB 3 - ESG",2026-08,ESG-MAR26-0819,TXN007027,AUS01,SA,"South Australia Operations","Compliance assurance",5320,"Audit Fees","Energy Australia",BOB-ESG-0819,PO-ESG-4446,62231.59,"tCO2e avoided",679.78,827.89,121.8,327.10,66.5,56,28088.74,-0.34,No,None,Complete,Ready,"No action",No,"IBMBOB_ESG_Cost_KPI_Mar2026.csv + Raw_GL_Export_With_CostCenters_Mar2026_IBMBOB_Enhanced.csv"
"IBM BOB 3 - ESG",2026-08,ESG-MAR26-0820,TXN007028,AUS01,MKT,"Marketing & Sales","Waste reduction",5600,Telecommunications,"Energy Australia",BOB-ESG-0820,PO-ESG-5518,53923.36,"tCO2e avoided",943.21,874.30,92.7,74.33,10.4,63,-11594.17,-0.20,No,None,Complete,Ready,"No action",No,"IBMBOB_ESG_Cost_KPI_Mar2026.csv + Raw_GL_Export_With_CostCenters_Mar2026_IBMBOB_Enhanced.csv"
"IBM BOB 3 - ESG",2026-08,ESG-MAR26-0821,TXN007029,AUS01,IT,"Information Technology","Fleet emissions",5400,Travel,"Origin Energy",BOB-ESG-0821,PO-ESG-9076,76106.18,"tCO2e avoided",466.24,515.41,110.5,243.03,56.7,66,10403.57,0.22,No,None,Complete,Ready,"No action",No,"IBMBOB_ESG_Cost_KPI_Mar2026.csv + Raw_GL_Export_With_CostCenters_Mar2026_IBMBOB_Enhanced.csv"
"IBM BOB 3 - ESG",2026-08,ESG-MAR26-0822,TXN007030,AUS01,TAS,"Tasmania Operations","Energy usage",5110,Utilities,"Sustainable Packaging Co",BOB-ESG-0822,PO-ESG-5880,73943.68,audit_evidence_count,121.31,101.49,83.7,571.25,78.3,87,-30893.77,0.08,No,None,Missing,Ready,"No action",No,"IBMBOB_ESG_Cost_KPI_Mar2026.csv + Raw_GL_Export_With_CostCenters_Mar2026_IBMBOB_Enhanced.csv"
"IBM BOB 3 - ESG",2026-08,ESG-MAR26-0823,TXN007031,AUS01,ACT,"Australian Capital Territory","Supplier ESG premium",6010,"Direct Materials","Green Freight",BOB-ESG-0823,PO-ESG-5826,31985.32,supplier_score,683.72,778.42,113.9,86.75,41.3,94,-46187.70,-0.36,No,None,Complete,Partial,"No action",No,"IBMBOB_ESG_Cost_KPI_Mar2026.csv + Raw_GL_Export_With_CostCenters_Mar2026_IBMBOB_Enhanced.csv"
"IBM BOB 3 - ESG",2026-08,ESG-MAR26-0824,TXN007032,AUS01,MKT,"Marketing & Sales","Energy usage",5110,Utilities,"Sustainable Packaging Co",BOB-ESG-0824,PO-ESG-4075,99778.86,supplier_score,206.57,247.73,119.9,337.34,17.5,56,1705.76,-0.21,No,None,Complete,"Needs review","CFO approval for material ESG spend",Yes,"IBMBOB_ESG_Cost_KPI_Mar2026.csv + Raw_GL_Export_With_CostCenters_Mar2026_IBMBOB_Enhanced.csv"
"IBM BOB 3 - ESG",2026-08,ESG-MAR26-0825,TXN007033,PNG01,QLD,"Queensland Operations","Carbon offsets",5300,"Professional Services","Energy Australia",BOB-ESG-0825,PO-ESG-9599,8835.89,supplier_score,782.15,974.12,124.5,90.76,79.0,70,70493.74,-0.43,No,None,Complete,Ready,"No action",No,"IBMBOB_ESG_Cost_KPI_Mar2026.csv + Raw_GL_Export_With_CostCenters_Mar2026_IBMBOB_Enhanced.csv"
"IBM BOB 3 - ESG",2026-08,ESG-MAR26-0826,TXN007034,AUS01,NT,"Northern Territory Operations","Compliance assurance",5320,"Audit Fees","Origin Energy",BOB-ESG-0826,PO-ESG-5886,38100.28,"tCO2e avoided",898.82,1110.97,123.6,250.57,80.6,50,22854.25,-0.37,No,None,Complete,Partial,"No action",No,"IBMBOB_ESG_Cost_KPI_Mar2026.csv + Raw_GL_Export_With_CostCenters_Mar2026_IBMBOB_Enhanced.csv"
"IBM BOB 3 - ESG",2026-08,ESG-MAR26-0827,TXN007035,AUS01,CORP,"Corporate Head Office","Supplier ESG premium",6010,"Direct Materials","Bureau Veritas",BOB-ESG-0827,PO-ESG-7112,22703.55,"tCO2e avoided",411.37,312.89,76.1,350.73,29.5,98,-12162.93,0.29,No,None,Complete,Ready,"No action",No,"IBMBOB_ESG_Cost_KPI_Mar2026.csv + Raw_GL_Export_With_CostCenters_Mar2026_IBMBOB_Enhanced.csv"
"IBM BOB 3 - ESG",2026-08,ESG-MAR26-0828,TXN007036,AUS01,TAS,"Tasmania Operations","Compliance assurance",5320,"Audit Fees","Energy Australia",BOB-ESG-0828,PO-ESG-6645,99424.91,"tCO2e avoided",621.78,619.66,99.7,368.34,54.7,69,22655.82,0.07,No,None,Complete,"Needs review","CFO approval for material ESG spend",Yes,"IBMBOB_ESG_Cost_KPI_Mar2026.csv + Raw_GL_Export_With_CostCenters_Mar2026_IBMBOB_Enhanced.csv"
"IBM BOB 3 - ESG",2026-08,ESG-MAR26-0829,TXN007037,AUS01,CORP,"Corporate Head Office","Carbon offsets",5300,"Professional Services","Climate Active Advisor",BOB-ESG-0829,PO-ESG-2518,32444.99,supplier_score,320.47,370.69,115.7,549.28,55.9,47,-25395.99,0.24,No,None,Complete,Ready,"No action",No,"IBMBOB_ESG_Cost_KPI_Mar2026.csv + Raw_GL_Export_With_CostCenters_Mar2026_IBMBOB_Enhanced.csv"
"IBM BOB 3 - ESG",2026-08,ESG-MAR26-0830,TXN007038,AUS01,TAS,"Tasmania Operations","Sustainable packaging",6010,"Direct Materials","Energy Australia",BOB-ESG-0830,PO-ESG-5604,2430.76,waste_kg_reduced,797.24,775.51,97.3,574.48,53.8,84,7027.74,-0.16,No,None,Complete,Ready,"No action",No,"IBMBOB_ESG_Cost_KPI_Mar2026.csv + Raw_GL_Export_With_CostCenters_Mar2026_IBMBOB_Enhanced.csv"
"IBM BOB 3 - ESG",2026-08,ESG-MAR26-0831,TXN007039,FJI01,QLD,"Queensland Operations","Carbon offsets",5300,"Professional Services","Carbon Neutral Pty Ltd",BOB-ESG-0831,PO-ESG-9431,80518.22,renewable_kwh,110.29,86.50,78.4,550.38,58.2,96,48585.89,-0.64,No,None,Missing,Ready,"No action",No,"IBMBOB_ESG_Cost_KPI_Mar2026.csv + Raw_GL_Export_With_CostCenters_Mar2026_IBMBOB_Enhanced.csv"
"IBM BOB 3 - ESG",2026-08,ESG-MAR26-0832,TXN007040,AUS01,HR,"Human Resources","Compliance assurance",5320,"Audit Fees","Bureau Veritas",BOB-ESG-0832,PO-ESG-6356,96869.46,supplier_score,790.25,845.56,107.0,165.95,35.4,95,-27505.90,-0.26,No,None,Complete,"Needs review","CFO approval for material ESG spend",Yes,"IBMBOB_ESG_Cost_KPI_Mar2026.csv + Raw_GL_Export_With_CostCenters_Mar2026_IBMBOB_Enhanced.csv"
"IBM BOB 3 - ESG",2026-08,ESG-MAR26-0833,TXN007041,AUS01,TAS,"Tasmania Operations","Waste reduction",5600,Telecommunications,"Bureau Veritas",BOB-ESG-0833,PO-ESG-3989,50923.91,waste_kg_reduced,223.06,189.86,85.1,572.46,60.9,54,2544.51,0.10,No,None,Partial,Partial,"No action",No,"IBMBOB_ESG_Cost_KPI_Mar2026.csv + Raw_GL_Export_With_CostCenters_Mar2026_IBMBOB_Enhanced.csv"
"IBM BOB 3 - ESG",2026-08,ESG-MAR26-0834,TXN007042,AUS01,R&D,"Research & Development","Energy usage",5110,Utilities,"Energy Australia",BOB-ESG-0834,PO-ESG-6779,99956.38,audit_evidence_count,589.32,418.97,71.1,505.06,1.4,62,16979.48,0.18,No,None,Missing,"Needs review","CFO approval for material ESG spend",Yes,"IBMBOB_ESG_Cost_KPI_Mar2026.csv + Raw_GL_Export_With_CostCenters_Mar2026_IBMBOB_Enhanced.csv"
"IBM BOB 3 - ESG",2026-08,ESG-MAR26-0835,TXN007043,NZL01,SA,"South Australia Operations","Energy usage",5110,Utilities,"Carbon Neutral Pty Ltd",BOB-ESG-0835,PO-ESG-5233,47757.71,"tCO2e avoided",646.65,763.75,118.1,65.60,93.9,53,36209.50,-0.74,No,None,Complete,Ready,"No action",No,"IBMBOB_ESG_Cost_KPI_Mar2026.csv + Raw_GL_Export_With_CostCenters_Mar2026_IBMBOB_Enhanced.csv"
"IBM BOB 3 - ESG",2026-08,ESG-MAR26-0836,TXN007044,AUS01,TAS,"Tasmania Operations","Waste reduction",5600,Telecommunications,"Sustainable Packaging Co",BOB-ESG-0836,PO-ESG-5219,7732.24,"tCO2e avoided",518.97,346.72,66.8,117.12,42.4,73,63721.59,-0.65,No,None,Partial,Partial,"No action",No,"IBMBOB_ESG_Cost_KPI_Mar2026.csv + Raw_GL_Export_With_CostCenters_Mar2026_IBMBOB_Enhanced.csv"
"IBM BOB 3 - ESG",2026-08,ESG-MAR26-0837,TXN007045,AUS01,VIC,"Victoria Operations","Renewable sourcing premium",6000,"Cost of Goods Sold","Bureau Veritas",BOB-ESG-0837,PO-ESG-4098,31762.82,renewable_kwh,701.13,758.67,108.2,179.92,18.6,58,61049.58,-0.44,No,None,Missing,Ready,"No action",No,"IBMBOB_ESG_Cost_KPI_Mar2026.csv + Raw_GL_Export_With_CostCenters_Mar2026_IBMBOB_Enhanced.csv"
"IBM BOB 3 - ESG",2026-08,ESG-MAR26-0838,TXN007046,AUS01,FIN,"Finance & Accounting","Carbon offsets",5300,"Professional Services","Bureau Veritas",BOB-ESG-0838,PO-ESG-7157,5366.59,"tCO2e avoided",121.02,104.55,86.4,253.52,20.4,49,-8341.76,0.37,No,None,Partial,Ready,"No action",No,"IBMBOB_ESG_Cost_KPI_Mar2026.csv + Raw_GL_Export_With_CostCenters_Mar2026_IBMBOB_Enhanced.csv"
"IBM BOB 3 - ESG",2026-08,ESG-MAR26-0839,TXN007047,AUS01,WA,"Western Australia Operations","Supplier ESG premium",6010,"Direct Materials","Energy Australia",BOB-ESG-0839,PO-ESG-9734,90799.05,audit_evidence_count,963.78,627.54,65.1,402.39,68.8,79,79234.64,-0.01,No,None,Complete,Ready,"No action",No,"IBMBOB_ESG_Cost_KPI_Mar2026.csv + Raw_GL_Export_With_CostCenters_Mar2026_IBMBOB_Enhanced.csv"
"IBM BOB 3 - ESG",2026-08,ESG-MAR26-0840,TXN007048,AUS01,CORP,"Corporate Head Office","Waste reduction",5600,Telecommunications,"Carbon Neutral Pty Ltd",BOB-ESG-0840,PO-ESG-8508,85204.46,supplier_score,789.23,530.57,67.2,441.48,12.6,46,75218.00,0.09,No,None,Partial,Ready,"No action",No,"IBMBOB_ESG_Cost_KPI_Mar2026.csv + Raw_GL_Export_With_CostCenters_Mar2026_IBMBOB_Enhanced.csv"
"IBM BOB 3 - ESG",2026-08,ESG-MAR26-0841,TXN007049,NZL01,VIC,"Victoria Operations","Sustainable packaging",6010,"Direct Materials","Origin Energy",BOB-ESG-0841,PO-ESG-7957,106436.62,renewable_kwh,891.32,634.47,71.2,588.69,37.8,53,-36591.40,-0.27,No,None,Partial,"Needs review","CFO approval for material ESG spend",Yes,"IBMBOB_ESG_Cost_KPI_Mar2026.csv + Raw_GL_Export_With_CostCenters_Mar2026_IBMBOB_Enhanced.csv"
"IBM BOB 3 - ESG",2026-08,ESG-MAR26-0842,TXN007050,AUS01,NT,"Northern Territory Operations","Compliance assurance",5320,"Audit Fees",EcoVadis,BOB-ESG-0842,PO-ESG-5725,27999.32,supplier_score,644.73,718.80,111.5,432.98,21.4,65,32639.07,-0.28,No,None,Partial,Ready,"No action",No,"IBMBOB_ESG_Cost_KPI_Mar2026.csv + Raw_GL_Export_With_CostCenters_Mar2026_IBMBOB_Enhanced.csv"
"IBM BOB 3 - ESG",2026-08,ESG-MAR26-0843,TXN007051,FJI01,HR,"Human Resources","Energy usage",5110,Utilities,"Carbon Neutral Pty Ltd",BOB-ESG-0843,PO-ESG-4796,49819.24,renewable_kwh,59.09,42.03,71.1,478.23,76.9,98,29807.12,0.22,No,None,Complete,Partial,"No action",No,"IBMBOB_ESG_Cost_KPI_Mar2026.csv + Raw_GL_Export_With_CostCenters_Mar2026_IBMBOB_Enhanced.csv"
"IBM BOB 3 - ESG",2026-08,ESG-MAR26-0844,TXN007052,AUS01,ACT,"Australian Capital Territory","Supplier ESG premium",6010,"Direct Materials","Carbon Neutral Pty Ltd",BOB-ESG-0844,PO-ESG-8512,51906.68,waste_kg_reduced,204.14,249.75,122.3,135.16,92.0,57,-5369.57,-0.07,No,None,Complete,Partial,"No action",No,"IBMBOB_ESG_Cost_KPI_Mar2026.csv + Raw_GL_Export_With_CostCenters_Mar2026_IBMBOB_Enhanced.csv"
"IBM BOB 3 - ESG",2026-08,ESG-MAR26-0845,TXN007053,AUS01,ACT,"Australian Capital Territory","Renewable sourcing premium",6000,"Cost of Goods Sold","Climate Active Advisor",BOB-ESG-0845,PO-ESG-3518,16425.78,renewable_kwh,315.11,351.61,111.6,164.41,81.9,84,2157.27,-0.33,No,None,Partial,Ready,"No action",No,"IBMBOB_ESG_Cost_KPI_Mar2026.csv + Raw_GL_Export_With_CostCenters_Mar2026_IBMBOB_Enhanced.csv"
"IBM BOB 3 - ESG",2026-08,ESG-MAR26-0846,TXN007054,AUS01,TAS,"Tasmania Operations","Renewable sourcing premium",6000,"Cost of Goods Sold","Sustainable Packaging Co",BOB-ESG-0846,PO-ESG-6279,27912.68,waste_kg_reduced,551.30,554.18,100.5,173.06,7.4,86,-5840.41,-0.09,No,None,Missing,Partial,"No action",No,"IBMBOB_ESG_Cost_KPI_Mar2026.csv + Raw_GL_Export_With_CostCenters_Mar2026_IBMBOB_Enhanced.csv"
"IBM BOB 3 - ESG",2026-08,ESG-MAR26-0847,TXN007055,AUS01,HR,"Human Resources","Compliance assurance",5320,"Audit Fees","Origin Energy",BOB-ESG-0847,PO-ESG-7359,82123.46,audit_evidence_count,97.64,106.47,109.0,548.69,34.4,69,731.41,-0.70,No,None,Partial,Ready,"No action",No,"IBMBOB_ESG_Cost_KPI_Mar2026.csv + Raw_GL_Export_With_CostCenters_Mar2026_IBMBOB_Enhanced.csv"
"IBM BOB 3 - ESG",2026-08,ESG-MAR26-0848,TXN007056,AUS01,ACT,"Australian Capital Territory","Energy usage",5110,Utilities,"Sustainable Packaging Co",BOB-ESG-0848,PO-ESG-3300,2719.01,"tCO2e avoided",495.36,516.53,104.3,9.75,43.0,90,-28463.08,-0.77,No,None,Missing,Ready,"No action",No,"IBMBOB_ESG_Cost_KPI_Mar2026.csv + Raw_GL_Export_With_CostCenters_Mar2026_IBMBOB_Enhanced.csv"
"IBM BOB 3 - ESG",2026-08,ESG-MAR26-0849,TXN007057,NZL01,VIC,"Victoria Operations","Supplier ESG premium",6010,"Direct Materials",EcoVadis,BOB-ESG-0849,PO-ESG-2239,71191.48,renewable_kwh,164.67,180.56,109.6,168.47,75.6,68,47302.31,-0.54,No,None,Missing,Ready,"No action",No,"IBMBOB_ESG_Cost_KPI_Mar2026.csv + Raw_GL_Export_With_CostCenters_Mar2026_IBMBOB_Enhanced.csv"
"IBM BOB 3 - ESG",2026-08,ESG-MAR26-0850,TXN007058,NZL01,VIC,"Victoria Operations","Waste reduction",5600,Telecommunications,"Sustainable Packaging Co",BOB-ESG-0850,PO-ESG-9769,7430.74,waste_kg_reduced,424.55,477.03,112.4,103.90,38.6,76,76610.26,0.20,No,None,Partial,Ready,"No action",No,"IBMBOB_ESG_Cost_KPI_Mar2026.csv + Raw_GL_Export_With_CostCenters_Mar2026_IBMBOB_Enhanced.csv"
"IBM BOB 3 - ESG",2026-08,ESG-MAR26-0851,TXN007059,AUS01,TAS,"Tasmania Operations","Compliance assurance",5320,"Audit Fees","Sustainable Packaging Co",BOB-ESG-0851,PO-ESG-3699,88818.69,renewable_kwh,412.17,357.04,86.6,310.57,24.8,67,50910.68,-0.27,No,None,Complete,Ready,"No action",No,"IBMBOB_ESG_Cost_KPI_Mar2026.csv + Raw_GL_Export_With_CostCenters_Mar2026_IBMBOB_Enhanced.csv"
"IBM BOB 3 - ESG",2026-08,ESG-MAR26-0852,TXN007060,AUS01,MKT,"Marketing & Sales","Energy usage",5110,Utilities,"Bureau Veritas",BOB-ESG-0852,PO-ESG-9123,27848.16,"tCO2e avoided",186.83,163.31,87.4,15.82,34.8,79,70679.20,0.04,No,None,Complete,Ready,"No action",No,"IBMBOB_ESG_Cost_KPI_Mar2026.csv + Raw_GL_Export_With_CostCenters_Mar2026_IBMBOB_Enhanced.csv"
"IBM BOB 3 - ESG",2026-08,ESG-MAR26-0853,TXN007061,AUS01,TAS,"Tasmania Operations","Energy usage",5110,Utilities,"Sustainable Packaging Co",BOB-ESG-0853,PO-ESG-6494,49298.82,"tCO2e avoided",401.32,368.26,91.8,8.61,98.5,63,4254.03,0.30,No,None,Partial,Partial,"No action",No,"IBMBOB_ESG_Cost_KPI_Mar2026.csv + Raw_GL_Export_With_CostCenters_Mar2026_IBMBOB_Enhanced.csv"
"IBM BOB 3 - ESG",2026-08,ESG-MAR26-0854,TXN007062,AUS01,QLD,"Queensland Operations","Waste reduction",5600,Telecommunications,"Origin Energy",BOB-ESG-0854,PO-ESG-4618,34372.99,"tCO2e avoided",924.04,1081.24,117.0,48.56,10.9,58,50631.87,-0.65,No,None,Partial,Partial,"No action",No,"IBMBOB_ESG_Cost_KPI_Mar2026.csv + Raw_GL_Export_With_CostCenters_Mar2026_IBMBOB_Enhanced.csv"
"IBM BOB 3 - ESG",2026-08,ESG-MAR26-0855,TXN007063,AUS01,NT,"Northern Territory Operations","Renewable sourcing premium",6000,"Cost of Goods Sold","Carbon Neutral Pty Ltd",BOB-ESG-0855,PO-ESG-9242,45132.58,waste_kg_reduced,601.79,675.95,112.3,89.27,54.1,61,35344.37,-0.01,No,None,Complete,Ready,"No action",No,"IBMBOB_ESG_Cost_KPI_Mar2026.csv + Raw_GL_Export_With_CostCenters_Mar2026_IBMBOB_Enhanced.csv"
"IBM BOB 3 - ESG",2026-08,ESG-MAR26-0856,TXN007064,AUS01,OPS,"Operations & Logistics","Fleet emissions",5400,Travel,"Energy Australia",BOB-ESG-0856,PO-ESG-4974,23283.25,audit_evidence_count,868.71,1011.53,116.4,290.32,0.7,88,36975.16,0.07,No,None,Partial,Ready,"No action",No,"IBMBOB_ESG_Cost_KPI_Mar2026.csv + Raw_GL_Export_With_CostCenters_Mar2026_IBMBOB_Enhanced.csv"
"IBM BOB 3 - ESG",2026-08,ESG-MAR26-0857,TXN007065,AUS01,IT,"Information Technology","Sustainable packaging",6010,"Direct Materials","Sustainable Packaging Co",BOB-ESG-0857,PO-ESG-4122,7347.78,supplier_score,403.99,434.12,107.5,596.55,57.8,86,29390.60,-0.20,No,None,Complete,Partial,"No action",No,"IBMBOB_ESG_Cost_KPI_Mar2026.csv + Raw_GL_Export_With_CostCenters_Mar2026_IBMBOB_Enhanced.csv"
"IBM BOB 3 - ESG",2026-08,ESG-MAR26-0858,TXN007066,AUS01,MKT,"Marketing & Sales","Sustainable packaging",6010,"Direct Materials","Green Freight",BOB-ESG-0858,PO-ESG-4970,105647.19,audit_evidence_count,494.42,338.84,68.5,171.28,13.9,62,-16651.83,0.28,No,None,Missing,"Needs review","CFO approval for material ESG spend",Yes,"IBMBOB_ESG_Cost_KPI_Mar2026.csv + Raw_GL_Export_With_CostCenters_Mar2026_IBMBOB_Enhanced.csv"
"IBM BOB 3 - ESG",2026-08,ESG-MAR26-0859,TXN007067,AUS01,MKT,"Marketing & Sales","Renewable sourcing premium",6000,"Cost of Goods Sold",EcoVadis,BOB-ESG-0859,PO-ESG-8094,28032.05,audit_evidence_count,286.75,326.98,114.0,480.66,29.6,48,67093.14,-0.18,No,None,Missing,Ready,"No action",No,"IBMBOB_ESG_Cost_KPI_Mar2026.csv + Raw_GL_Export_With_CostCenters_Mar2026_IBMBOB_Enhanced.csv"
"IBM BOB 3 - ESG",2026-08,ESG-MAR26-0860,TXN007068,NZL01,NSW,"New South Wales Operations","Renewable sourcing premium",6000,"Cost of Goods Sold","Sustainable Packaging Co",BOB-ESG-0860,PO-ESG-8940,41078.25,"tCO2e avoided",457.73,532.32,116.3,520.38,70.3,97,31588.36,-0.45,No,None,Complete,Ready,"No action",No,"IBMBOB_ESG_Cost_KPI_Mar2026.csv + Raw_GL_Export_With_CostCenters_Mar2026_IBMBOB_Enhanced.csv"
"IBM BOB 3 - ESG",2026-08,ESG-MAR26-0861,TXN007069,AUS01,FIN,"Finance & Accounting","Carbon offsets",5300,"Professional Services","Energy Australia",BOB-ESG-0861,PO-ESG-4086,20062.19,waste_kg_reduced,508.37,477.39,93.9,450.51,68.0,85,30503.83,-0.02,No,None,Complete,Ready,"No action",No,"IBMBOB_ESG_Cost_KPI_Mar2026.csv + Raw_GL_Export_With_CostCenters_Mar2026_IBMBOB_Enhanced.csv"
"IBM BOB 3 - ESG",2026-08,ESG-MAR26-0862,TXN007070,FJI01,OPS,"Operations & Logistics","Renewable sourcing premium",6000,"Cost of Goods Sold","Carbon Neutral Pty Ltd",BOB-ESG-0862,PO-ESG-5885,59451.62,renewable_kwh,229.76,171.80,74.8,36.11,48.4,61,74257.75,-0.06,No,None,Partial,Partial,"No action",No,"IBMBOB_ESG_Cost_KPI_Mar2026.csv + Raw_GL_Export_With_CostCenters_Mar2026_IBMBOB_Enhanced.csv"
"IBM BOB 3 - ESG",2026-08,ESG-MAR26-0863,TXN007071,AUS01,WA,"Western Australia Operations","Sustainable packaging",6010,"Direct Materials","Origin Energy",BOB-ESG-0863,PO-ESG-4360,34084.14,renewable_kwh,834.56,797.18,95.5,531.30,29.9,56,-40325.45,-0.46,No,None,Partial,Ready,"No action",No,"IBMBOB_ESG_Cost_KPI_Mar2026.csv + Raw_GL_Export_With_CostCenters_Mar2026_IBMBOB_Enhanced.csv"
"IBM BOB 3 - ESG",2026-08,ESG-MAR26-0864,TXN007072,AUS01,NT,"Northern Territory Operations","Fleet emissions",5400,Travel,"Green Freight",BOB-ESG-0864,PO-ESG-7355,55098.66,supplier_score,893.65,729.63,81.6,542.71,93.7,55,-10626.42,-0.20,No,None,Missing,Ready,"No action",No,"IBMBOB_ESG_Cost_KPI_Mar2026.csv + Raw_GL_Export_With_CostCenters_Mar2026_IBMBOB_Enhanced.csv"
"IBM BOB 3 - ESG",2026-08,ESG-MAR26-0865,TXN007073,NZL01,MKT,"Marketing & Sales","Waste reduction",5600,Telecommunications,EcoVadis,BOB-ESG-0865,PO-ESG-3066,98006.74,renewable_kwh,342.02,377.41,110.3,133.25,34.5,85,71984.04,-0.04,No,None,Complete,"Needs review","CFO approval for material ESG spend",Yes,"IBMBOB_ESG_Cost_KPI_Mar2026.csv + Raw_GL_Export_With_CostCenters_Mar2026_IBMBOB_Enhanced.csv"
"IBM BOB 3 - ESG",2026-08,ESG-MAR26-0866,TXN007074,AUS01,TAS,"Tasmania Operations","Waste reduction",5600,Telecommunications,"Green Freight",BOB-ESG-0866,PO-ESG-4582,53150.53,renewable_kwh,398.39,403.00,101.2,142.18,42.4,88,55551.71,-0.17,No,None,Partial,Ready,"No action",No,"IBMBOB_ESG_Cost_KPI_Mar2026.csv + Raw_GL_Export_With_CostCenters_Mar2026_IBMBOB_Enhanced.csv"
"IBM BOB 3 - ESG",2026-08,ESG-MAR26-0867,TXN007075,FJI01,HR,"Human Resources","Compliance assurance",5320,"Audit Fees","Green Freight",BOB-ESG-0867,PO-ESG-5281,74105.04,waste_kg_reduced,961.82,889.66,92.5,530.40,97.0,87,71465.15,-0.72,No,None,Missing,Partial,"No action",No,"IBMBOB_ESG_Cost_KPI_Mar2026.csv + Raw_GL_Export_With_CostCenters_Mar2026_IBMBOB_Enhanced.csv"
"IBM BOB 3 - ESG",2026-08,ESG-MAR26-0868,TXN007076,AUS01,HR,"Human Resources","Supplier ESG premium",6010,"Direct Materials","Bureau Veritas",BOB-ESG-0868,PO-ESG-9919,100301.60,audit_evidence_count,252.53,213.17,84.4,456.76,76.0,70,31929.75,-0.06,No,None,Partial,"Needs review","CFO approval for material ESG spend",Yes,"IBMBOB_ESG_Cost_KPI_Mar2026.csv + Raw_GL_Export_With_CostCenters_Mar2026_IBMBOB_Enhanced.csv"
"IBM BOB 3 - ESG",2026-08,ESG-MAR26-0869,TXN007077,PNG01,ACT,"Australian Capital Territory","Supplier ESG premium",6010,"Direct Materials","Origin Energy",BOB-ESG-0869,PO-ESG-2844,100941.20,supplier_score,190.76,154.05,80.8,180.65,15.2,85,-1748.25,-0.15,No,None,Complete,"Needs review","CFO approval for material ESG spend",Yes,"IBMBOB_ESG_Cost_KPI_Mar2026.csv + Raw_GL_Export_With_CostCenters_Mar2026_IBMBOB_Enhanced.csv"
"IBM BOB 3 - ESG",2026-08,ESG-MAR26-0870,TXN007078,NZL01,FIN,"Finance & Accounting","Supplier ESG premium",6010,"Direct Materials","Origin Energy",BOB-ESG-0870,PO-ESG-4483,70910.27,waste_kg_reduced,260.43,276.59,106.2,561.14,49.3,73,25913.73,-0.17,No,None,Partial,Ready,"No action",No,"IBMBOB_ESG_Cost_KPI_Mar2026.csv + Raw_GL_Export_With_CostCenters_Mar2026_IBMBOB_Enhanced.csv"
"IBM BOB 3 - ESG",2026-08,ESG-MAR26-0871,TXN007079,NZL01,TAS,"Tasmania Operations","Supplier ESG premium",6010,"Direct Materials","Climate Active Advisor",BOB-ESG-0871,PO-ESG-8819,74513.99,renewable_kwh,361.27,285.84,79.1,221.35,95.5,98,41281.77,-0.30,No,None,Complete,Ready,"No action",No,"IBMBOB_ESG_Cost_KPI_Mar2026.csv + Raw_GL_Export_With_CostCenters_Mar2026_IBMBOB_Enhanced.csv"
"IBM BOB 3 - ESG",2026-08,ESG-MAR26-0872,TXN007080,AUS01,R&D,"Research & Development","Renewable sourcing premium",6000,"Cost of Goods Sold","Climate Active Advisor",BOB-ESG-0872,PO-ESG-4988,9572.32,renewable_kwh,543.35,538.47,99.1,212.86,80.0,62,-6875.40,0.40,No,None,Partial,Partial,"No action",No,"IBMBOB_ESG_Cost_KPI_Mar2026.csv + Raw_GL_Export_With_CostCenters_Mar2026_IBMBOB_Enhanced.csv"
"IBM BOB 3 - ESG",2026-08,ESG-MAR26-0873,TXN007081,NZL01,QLD,"Queensland Operations","Fleet emissions",5400,Travel,"Bureau Veritas",BOB-ESG-0873,PO-ESG-6222,47644.02,waste_kg_reduced,93.68,75.90,81.0,447.29,39.8,95,-44782.65,-0.42,No,None,Complete,Ready,"No action",No,"IBMBOB_ESG_Cost_KPI_Mar2026.csv + Raw_GL_Export_With_CostCenters_Mar2026_IBMBOB_Enhanced.csv"
"IBM BOB 3 - ESG",2026-08,ESG-MAR26-0874,TXN007082,AUS01,NSW,"New South Wales Operations","Compliance assurance",5320,"Audit Fees","Energy Australia",BOB-ESG-0874,PO-ESG-6461,13107.54,audit_evidence_count,186.86,186.14,99.6,397.38,82.8,60,49740.18,0.08,No,None,Complete,Ready,"No action",No,"IBMBOB_ESG_Cost_KPI_Mar2026.csv + Raw_GL_Export_With_CostCenters_Mar2026_IBMBOB_Enhanced.csv"
"IBM BOB 3 - ESG",2026-08,ESG-MAR26-0875,TXN007083,AUS01,R&D,"Research & Development","Supplier ESG premium",6010,"Direct Materials","Bureau Veritas",BOB-ESG-0875,PO-ESG-2187,11663.61,supplier_score,255.27,209.19,81.9,551.40,51.9,96,-12267.62,-0.12,No,None,Complete,Ready,"No action",No,"IBMBOB_ESG_Cost_KPI_Mar2026.csv + Raw_GL_Export_With_CostCenters_Mar2026_IBMBOB_Enhanced.csv"
"IBM BOB 3 - ESG",2026-08,ESG-MAR26-0876,TXN007084,AUS01,MKT,"Marketing & Sales","Energy usage",5900,Utilities,EcoVadis,BOB-ESG-0876,PO-ESG-9589,8394.55,supplier_score,535.09,599.47,112.0,194.22,43.2,62,-27288.01,-0.38,Yes,"ESG spend posted to non-ESG account or missing KPI link",Missing,"Needs review","Reclassify and link to KPI evidence",Yes,"IBMBOB_ESG_Cost_KPI_Mar2026.csv + Raw_GL_Export_With_CostCenters_Mar2026_IBMBOB_Enhanced.csv"
"IBM BOB 3 - ESG",2026-08,ESG-MAR26-0877,TXN007085,AUS01,QLD,"Queensland Operations","Energy usage",5110,Utilities,"Carbon Neutral Pty Ltd",BOB-ESG-0877,PO-ESG-8009,14484.41,waste_kg_reduced,138.64,141.73,102.2,190.89,3.9,96,59182.53,0.27,No,None,Complete,Partial,"No action",No,"IBMBOB_ESG_Cost_KPI_Mar2026.csv + Raw_GL_Export_With_CostCenters_Mar2026_IBMBOB_Enhanced.csv"
"IBM BOB 3 - ESG",2026-08,ESG-MAR26-0878,TXN007086,AUS01,HR,"Human Resources","Energy usage",5110,Utilities,EcoVadis,BOB-ESG-0878,PO-ESG-7618,49860.37,waste_kg_reduced,214.46,254.08,118.5,151.88,27.3,52,60002.60,-0.11,No,None,Missing,Partial,"No action",No,"IBMBOB_ESG_Cost_KPI_Mar2026.csv + Raw_GL_Export_With_CostCenters_Mar2026_IBMBOB_Enhanced.csv"
"IBM BOB 3 - ESG",2026-08,ESG-MAR26-0879,TXN007087,AUS01,MKT,"Marketing & Sales","Energy usage",5110,Utilities,"Origin Energy",BOB-ESG-0879,PO-ESG-5039,65925.81,renewable_kwh,816.48,849.80,104.1,370.10,85.8,90,39599.13,0.27,No,None,Partial,Partial,"No action",No,"IBMBOB_ESG_Cost_KPI_Mar2026.csv + Raw_GL_Export_With_CostCenters_Mar2026_IBMBOB_Enhanced.csv"
"IBM BOB 3 - ESG",2026-08,ESG-MAR26-0880,TXN007088,AUS01,QLD,"Queensland Operations","Carbon offsets",5300,"Professional Services","Bureau Veritas",BOB-ESG-0880,PO-ESG-9407,119047.48,audit_evidence_count,935.26,800.45,85.6,300.11,35.9,46,35744.79,-0.48,No,None,Complete,"Needs review","CFO approval for material ESG spend",Yes,"IBMBOB_ESG_Cost_KPI_Mar2026.csv + Raw_GL_Export_With_CostCenters_Mar2026_IBMBOB_Enhanced.csv"
"IBM BOB 3 - ESG",2026-08,ESG-MAR26-0881,TXN007089,NZL01,ACT,"Australian Capital Territory","Carbon offsets",5300,"Professional Services","Climate Active Advisor",BOB-ESG-0881,PO-ESG-8504,3004.33,audit_evidence_count,879.72,947.02,107.6,350.83,81.1,58,47088.34,-0.22,No,None,Partial,Ready,"No action",No,"IBMBOB_ESG_Cost_KPI_Mar2026.csv + Raw_GL_Export_With_CostCenters_Mar2026_IBMBOB_Enhanced.csv"
"IBM BOB 3 - ESG",2026-08,ESG-MAR26-0882,TXN007090,NZL01,R&D,"Research & Development","Fleet emissions",5400,Travel,"Origin Energy",BOB-ESG-0882,PO-ESG-5619,15257.54,waste_kg_reduced,77.76,94.91,122.1,427.83,35.5,67,39104.74,0.03,No,None,Complete,Partial,"No action",No,"IBMBOB_ESG_Cost_KPI_Mar2026.csv + Raw_GL_Export_With_CostCenters_Mar2026_IBMBOB_Enhanced.csv"
"IBM BOB 3 - ESG",2026-08,ESG-MAR26-0883,TXN007091,AUS01,CORP,"Corporate Head Office","Fleet emissions",5400,Travel,"Bureau Veritas",BOB-ESG-0883,PO-ESG-7199,80999.79,renewable_kwh,704.96,757.31,107.4,387.37,14.2,81,-11505.51,-0.11,No,None,Complete,Ready,"No action",No,"IBMBOB_ESG_Cost_KPI_Mar2026.csv + Raw_GL_Export_With_CostCenters_Mar2026_IBMBOB_Enhanced.csv"
"IBM BOB 3 - ESG",2026-08,ESG-MAR26-0884,TXN007092,AUS01,SA,"South Australia Operations","Supplier ESG premium",6010,"Direct Materials",EcoVadis,BOB-ESG-0884,PO-ESG-4573,41560.76,"tCO2e avoided",444.56,442.52,99.5,523.78,81.1,84,56828.05,-0.04,No,None,Complete,Partial,"No action",No,"IBMBOB_ESG_Cost_KPI_Mar2026.csv + Raw_GL_Export_With_CostCenters_Mar2026_IBMBOB_Enhanced.csv"
"IBM BOB 3 - ESG",2026-08,ESG-MAR26-0885,TXN007093,AUS01,NSW,"New South Wales Operations","Supplier ESG premium",6010,"Direct Materials","Green Freight",BOB-ESG-0885,PO-ESG-4670,32519.55,renewable_kwh,487.61,533.66,109.4,294.33,37.7,76,6246.07,-0.71,No,None,Complete,Partial,"No action",No,"IBMBOB_ESG_Cost_KPI_Mar2026.csv + Raw_GL_Export_With_CostCenters_Mar2026_IBMBOB_Enhanced.csv"
"IBM BOB 3 - ESG",2026-08,ESG-MAR26-0886,TXN007094,AUS01,MKT,"Marketing & Sales","Sustainable packaging",6010,"Direct Materials","Sustainable Packaging Co",BOB-ESG-0886,PO-ESG-8616,10923.12,supplier_score,328.85,271.12,82.4,257.08,35.6,83,-10185.43,-0.07,No,None,Complete,Partial,"No action",No,"IBMBOB_ESG_Cost_KPI_Mar2026.csv + Raw_GL_Export_With_CostCenters_Mar2026_IBMBOB_Enhanced.csv"
"IBM BOB 3 - ESG",2026-08,ESG-MAR26-0887,TXN007095,AUS01,TAS,"Tasmania Operations","Energy usage",5110,Utilities,"Green Freight",BOB-ESG-0887,PO-ESG-9304,113335.09,waste_kg_reduced,237.93,173.43,72.9,295.86,24.3,97,77322.57,-0.76,No,None,Missing,"Needs review","CFO approval for material ESG spend",Yes,"IBMBOB_ESG_Cost_KPI_Mar2026.csv + Raw_GL_Export_With_CostCenters_Mar2026_IBMBOB_Enhanced.csv"
"IBM BOB 3 - ESG",2026-08,ESG-MAR26-0888,TXN007096,NZL01,VIC,"Victoria Operations","Carbon offsets",5300,"Professional Services","Carbon Neutral Pty Ltd",BOB-ESG-0888,PO-ESG-7074,29241.13,waste_kg_reduced,766.84,577.25,75.3,419.27,81.1,63,-4140.20,-0.24,No,None,Partial,Ready,"No action",No,"IBMBOB_ESG_Cost_KPI_Mar2026.csv + Raw_GL_Export_With_CostCenters_Mar2026_IBMBOB_Enhanced.csv"
"IBM BOB 3 - ESG",2026-08,ESG-MAR26-0889,TXN007097,AUS01,MKT,"Marketing & Sales","Sustainable packaging",6010,"Direct Materials","Green Freight",BOB-ESG-0889,PO-ESG-2805,12802.27,"tCO2e avoided",884.51,896.31,101.3,81.98,30.3,67,-28205.21,0.27,No,None,Missing,Partial,"No action",No,"IBMBOB_ESG_Cost_KPI_Mar2026.csv + Raw_GL_Export_With_CostCenters_Mar2026_IBMBOB_Enhanced.csv"
"IBM BOB 3 - ESG",2026-08,ESG-MAR26-0890,TXN007098,NZL01,WA,"Western Australia Operations","Waste reduction",5600,Telecommunications,EcoVadis,BOB-ESG-0890,PO-ESG-9751,59215.72,audit_evidence_count,356.96,391.29,109.6,352.65,72.9,81,-24443.47,-0.67,No,None,Complete,Ready,"No action",No,"IBMBOB_ESG_Cost_KPI_Mar2026.csv + Raw_GL_Export_With_CostCenters_Mar2026_IBMBOB_Enhanced.csv"
"IBM BOB 3 - ESG",2026-08,ESG-MAR26-0891,TXN007099,NZL01,MKT,"Marketing & Sales","Compliance assurance",5320,"Audit Fees","Sustainable Packaging Co",BOB-ESG-0891,PO-ESG-7041,39935.63,audit_evidence_count,155.43,166.60,107.2,376.43,81.9,62,-40737.25,-0.74,No,None,Missing,Partial,"No action",No,"IBMBOB_ESG_Cost_KPI_Mar2026.csv + Raw_GL_Export_With_CostCenters_Mar2026_IBMBOB_Enhanced.csv"
"IBM BOB 3 - ESG",2026-08,ESG-MAR26-0892,TXN007100,AUS01,FIN,"Finance & Accounting","Carbon offsets",5300,"Professional Services","Energy Australia",BOB-ESG-0892,PO-ESG-7822,93222.27,waste_kg_reduced,790.97,614.23,77.7,17.68,38.0,52,63132.36,0.11,No,None,Missing,Ready,"No action",No,"IBMBOB_ESG_Cost_KPI_Mar2026.csv + Raw_GL_Export_With_CostCenters_Mar2026_IBMBOB_Enhanced.csv"
"IBM BOB 3 - ESG",2026-08,ESG-MAR26-0893,TXN007101,AUS01,FIN,"Finance & Accounting","Sustainable packaging",6010,"Direct Materials","Origin Energy",BOB-ESG-0893,PO-ESG-5690,3462.20,waste_kg_reduced,557.97,497.19,89.1,121.13,43.6,78,-20584.90,-0.73,No,None,Complete,Partial,"No action",No,"IBMBOB_ESG_Cost_KPI_Mar2026.csv + Raw_GL_Export_With_CostCenters_Mar2026_IBMBOB_Enhanced.csv"
"IBM BOB 3 - ESG",2026-08,ESG-MAR26-0894,TXN007102,PNG01,QLD,"Queensland Operations","Energy usage",5110,Utilities,"Green Freight",BOB-ESG-0894,PO-ESG-2791,111971.10,renewable_kwh,145.62,105.96,72.8,148.06,15.1,45,-23406.04,-0.31,No,None,Complete,"Needs review","CFO approval for material ESG spend",Yes,"IBMBOB_ESG_Cost_KPI_Mar2026.csv + Raw_GL_Export_With_CostCenters_Mar2026_IBMBOB_Enhanced.csv"
"IBM BOB 3 - ESG",2026-08,ESG-MAR26-0895,TXN007103,AUS01,TAS,"Tasmania Operations","Waste reduction",5600,Telecommunications,"Bureau Veritas",BOB-ESG-0895,PO-ESG-4435,78681.78,audit_evidence_count,54.82,52.41,95.6,204.58,41.6,73,15986.07,0.33,No,None,Complete,Ready,"No action",No,"IBMBOB_ESG_Cost_KPI_Mar2026.csv + Raw_GL_Export_With_CostCenters_Mar2026_IBMBOB_Enhanced.csv"
"IBM BOB 3 - ESG",2026-08,ESG-MAR26-0896,TXN007104,NZL01,IT,"Information Technology","Sustainable packaging",6010,"Direct Materials",EcoVadis,BOB-ESG-0896,PO-ESG-5442,21349.91,audit_evidence_count,943.54,615.58,65.2,286.42,60.2,89,80754.27,-0.48,No,None,Complete,Ready,"No action",No,"IBMBOB_ESG_Cost_KPI_Mar2026.csv + Raw_GL_Export_With_CostCenters_Mar2026_IBMBOB_Enhanced.csv"
"IBM BOB 3 - ESG",2026-08,ESG-MAR26-0897,TXN007105,AUS01,NSW,"New South Wales Operations","Sustainable packaging",6010,"Direct Materials","Bureau Veritas",BOB-ESG-0897,PO-ESG-7392,90070.64,supplier_score,315.30,235.01,74.5,341.54,65.1,63,-17257.79,-0.13,No,None,Missing,Partial,"No action",No,"IBMBOB_ESG_Cost_KPI_Mar2026.csv + Raw_GL_Export_With_CostCenters_Mar2026_IBMBOB_Enhanced.csv"
"IBM BOB 3 - ESG",2026-08,ESG-MAR26-0898,TXN007106,AUS01,VIC,"Victoria Operations","Energy usage",5110,Utilities,"Green Freight",BOB-ESG-0898,PO-ESG-5074,24579.59,supplier_score,925.42,1129.68,122.1,288.11,35.7,68,6861.48,-0.19,No,None,Complete,Ready,"No action",No,"IBMBOB_ESG_Cost_KPI_Mar2026.csv + Raw_GL_Export_With_CostCenters_Mar2026_IBMBOB_Enhanced.csv"
"IBM BOB 3 - ESG",2026-08,ESG-MAR26-0899,TXN007107,PNG01,NT,"Northern Territory Operations","Energy usage",5110,Utilities,"Climate Active Advisor",BOB-ESG-0899,PO-ESG-4156,4324.84,supplier_score,807.95,969.24,120.0,10.69,59.5,79,71439.88,-0.47,No,None,Complete,Ready,"No action",No,"IBMBOB_ESG_Cost_KPI_Mar2026.csv + Raw_GL_Export_With_CostCenters_Mar2026_IBMBOB_Enhanced.csv"
"IBM BOB 3 - ESG",2026-08,ESG-MAR26-0900,TXN007108,FJI01,NT,"Northern Territory Operations","Renewable sourcing premium",6000,"Cost of Goods Sold","Carbon Neutral Pty Ltd",BOB-ESG-0900,PO-ESG-8582,110028.16,waste_kg_reduced,666.56,740.55,111.1,550.19,12.3,81,74486.30,0.15,No,None,Complete,"Needs review","CFO approval for material ESG spend",Yes,"IBMBOB_ESG_Cost_KPI_Mar2026.csv + Raw_GL_Export_With_CostCenters_Mar2026_IBMBOB_Enhanced.csv"
"IBM BOB 3 - ESG",2026-08,ESG-MAR26-0901,TXN007109,FJI01,SA,"South Australia Operations","Fleet emissions",5400,Travel,"Climate Active Advisor",BOB-ESG-0901,PO-ESG-7052,31655.73,waste_kg_reduced,552.70,471.10,85.2,275.03,94.9,86,63757.10,-0.52,No,None,Missing,Ready,"No action",No,"IBMBOB_ESG_Cost_KPI_Mar2026.csv + Raw_GL_Export_With_CostCenters_Mar2026_IBMBOB_Enhanced.csv"
"IBM BOB 3 - ESG",2026-08,ESG-MAR26-0902,TXN007110,NZL01,CORP,"Corporate Head Office","Sustainable packaging",6010,"Direct Materials","Sustainable Packaging Co",BOB-ESG-0902,PO-ESG-6611,56695.53,supplier_score,853.28,840.46,98.5,208.61,91.7,50,15005.94,-0.25,No,None,Complete,Ready,"No action",No,"IBMBOB_ESG_Cost_KPI_Mar2026.csv + Raw_GL_Export_With_CostCenters_Mar2026_IBMBOB_Enhanced.csv"
"IBM BOB 3 - ESG",2026-08,ESG-MAR26-0903,TXN007111,PNG01,HR,"Human Resources","Supplier ESG premium",6010,"Direct Materials","Green Freight",BOB-ESG-0903,PO-ESG-3843,105479.18,renewable_kwh,399.49,290.36,72.7,315.83,8.8,55,-8493.80,-0.20,No,None,Complete,"Needs review","CFO approval for material ESG spend",Yes,"IBMBOB_ESG_Cost_KPI_Mar2026.csv + Raw_GL_Export_With_CostCenters_Mar2026_IBMBOB_Enhanced.csv"
"IBM BOB 3 - ESG",2026-08,ESG-MAR26-0904,TXN007112,AUS01,IT,"Information Technology","Sustainable packaging",6010,"Direct Materials","Bureau Veritas",BOB-ESG-0904,PO-ESG-8036,104396.63,waste_kg_reduced,469.22,331.95,70.7,446.95,51.5,95,71546.46,-0.72,No,None,Missing,"Needs review","CFO approval for material ESG spend",Yes,"IBMBOB_ESG_Cost_KPI_Mar2026.csv + Raw_GL_Export_With_CostCenters_Mar2026_IBMBOB_Enhanced.csv"
"IBM BOB 3 - ESG",2026-08,ESG-MAR26-0905,TXN007113,AUS01,NSW,"New South Wales Operations","Energy usage",5110,Utilities,EcoVadis,BOB-ESG-0905,PO-ESG-7721,78628.60,renewable_kwh,85.42,65.29,76.4,260.34,0.3,87,49088.02,-0.33,No,None,Complete,Ready,"No action",No,"IBMBOB_ESG_Cost_KPI_Mar2026.csv + Raw_GL_Export_With_CostCenters_Mar2026_IBMBOB_Enhanced.csv"
"IBM BOB 3 - ESG",2026-08,ESG-MAR26-0906,TXN007114,AUS01,HR,"Human Resources","Sustainable packaging",6010,"Direct Materials","Carbon Neutral Pty Ltd",BOB-ESG-0906,PO-ESG-6668,56942.11,renewable_kwh,176.94,169.51,95.8,203.58,76.0,63,-49938.64,-0.65,No,None,Complete,Ready,"No action",No,"IBMBOB_ESG_Cost_KPI_Mar2026.csv + Raw_GL_Export_With_CostCenters_Mar2026_IBMBOB_Enhanced.csv"
"IBM BOB 3 - ESG",2026-08,ESG-MAR26-0907,TXN007115,AUS01,VIC,"Victoria Operations","Supplier ESG premium",6010,"Direct Materials","Climate Active Advisor",BOB-ESG-0907,PO-ESG-6479,72089.77,supplier_score,64.50,48.25,74.8,343.25,21.0,50,-46046.82,-0.50,No,None,Complete,Ready,"No action",No,"IBMBOB_ESG_Cost_KPI_Mar2026.csv + Raw_GL_Export_With_CostCenters_Mar2026_IBMBOB_Enhanced.csv"
"IBM BOB 3 - ESG",2026-08,ESG-MAR26-0908,TXN007116,AUS01,MKT,"Marketing & Sales","Supplier ESG premium",6010,"Direct Materials","Origin Energy",BOB-ESG-0908,PO-ESG-4721,81715.45,waste_kg_reduced,333.04,265.20,79.6,590.23,99.5,67,-37690.96,0.34,No,None,Complete,Partial,"No action",No,"IBMBOB_ESG_Cost_KPI_Mar2026.csv + Raw_GL_Export_With_CostCenters_Mar2026_IBMBOB_Enhanced.csv"
"IBM BOB 3 - ESG",2026-08,ESG-MAR26-0909,TXN007117,FJI01,FIN,"Finance & Accounting","Compliance assurance",5320,"Audit Fees","Carbon Neutral Pty Ltd",BOB-ESG-0909,PO-ESG-2497,4215.15,audit_evidence_count,113.97,86.90,76.2,205.03,17.9,87,-18915.56,-0.71,No,None,Missing,Ready,"No action",No,"IBMBOB_ESG_Cost_KPI_Mar2026.csv + Raw_GL_Export_With_CostCenters_Mar2026_IBMBOB_Enhanced.csv"
"IBM BOB 3 - ESG",2026-08,ESG-MAR26-0910,TXN007118,AUS01,FIN,"Finance & Accounting","Sustainable packaging",6010,"Direct Materials",EcoVadis,BOB-ESG-0910,PO-ESG-6192,14403.65,waste_kg_reduced,610.89,522.67,85.6,569.51,18.3,81,22646.03,-0.62,No,None,Partial,Ready,"No action",No,"IBMBOB_ESG_Cost_KPI_Mar2026.csv + Raw_GL_Export_With_CostCenters_Mar2026_IBMBOB_Enhanced.csv"
"IBM BOB 3 - ESG",2026-08,ESG-MAR26-0911,TXN007119,AUS01,IT,"Information Technology","Supplier ESG premium",6010,"Direct Materials","Sustainable Packaging Co",BOB-ESG-0911,PO-ESG-6291,20814.69,waste_kg_reduced,613.92,434.25,70.7,83.28,41.7,89,64036.70,-0.36,No,None,Complete,Partial,"No action",No,"IBMBOB_ESG_Cost_KPI_Mar2026.csv + Raw_GL_Export_With_CostCenters_Mar2026_IBMBOB_Enhanced.csv"
"IBM BOB 3 - ESG",2026-08,ESG-MAR26-0912,TXN007120,NZL01,HR,"Human Resources","Fleet emissions",5400,Travel,"Energy Australia",BOB-ESG-0912,PO-ESG-4038,106993.50,waste_kg_reduced,116.84,133.17,114.0,467.61,63.5,95,79085.25,0.11,No,None,Partial,"Needs review","CFO approval for material ESG spend",Yes,"IBMBOB_ESG_Cost_KPI_Mar2026.csv + Raw_GL_Export_With_CostCenters_Mar2026_IBMBOB_Enhanced.csv"
"IBM BOB 3 - ESG",2026-08,ESG-MAR26-0913,TXN007121,AUS01,WA,"Western Australia Operations","Renewable sourcing premium",6000,"Cost of Goods Sold","Climate Active Advisor",BOB-ESG-0913,PO-ESG-2116,81849.59,"tCO2e avoided",798.50,738.05,92.4,403.10,45.5,64,76514.23,-0.13,No,None,Partial,Ready,"No action",No,"IBMBOB_ESG_Cost_KPI_Mar2026.csv + Raw_GL_Export_With_CostCenters_Mar2026_IBMBOB_Enhanced.csv"
"IBM BOB 3 - ESG",2026-08,ESG-MAR26-0914,TXN007122,AUS01,MKT,"Marketing & Sales","Energy usage",5110,Utilities,"Green Freight",BOB-ESG-0914,PO-ESG-6698,46687.06,audit_evidence_count,304.86,343.16,112.6,433.49,95.3,78,60763.75,-0.64,No,None,Complete,Ready,"No action",No,"IBMBOB_ESG_Cost_KPI_Mar2026.csv + Raw_GL_Export_With_CostCenters_Mar2026_IBMBOB_Enhanced.csv"
"IBM BOB 3 - ESG",2026-08,ESG-MAR26-0915,TXN007123,AUS01,FIN,"Finance & Accounting","Supplier ESG premium",6010,"Direct Materials",EcoVadis,BOB-ESG-0915,PO-ESG-3650,9918.36,audit_evidence_count,894.30,762.73,85.3,389.39,24.7,48,37899.94,-0.56,No,None,Complete,Ready,"No action",No,"IBMBOB_ESG_Cost_KPI_Mar2026.csv + Raw_GL_Export_With_CostCenters_Mar2026_IBMBOB_Enhanced.csv"
"IBM BOB 3 - ESG",2026-08,ESG-MAR26-0916,TXN007124,AUS01,NT,"Northern Territory Operations","Carbon offsets",5300,"Professional Services","Energy Australia",BOB-ESG-0916,PO-ESG-8378,67845.28,"tCO2e avoided",952.62,874.58,91.8,272.14,79.8,95,46135.04,-0.21,No,None,Complete,Ready,"No action",No,"IBMBOB_ESG_Cost_KPI_Mar2026.csv + Raw_GL_Export_With_CostCenters_Mar2026_IBMBOB_Enhanced.csv"
"IBM BOB 3 - ESG",2026-08,ESG-MAR26-0917,TXN007125,AUS01,VIC,"Victoria Operations","Energy usage",5110,Utilities,"Carbon Neutral Pty Ltd",BOB-ESG-0917,PO-ESG-5959,106418.99,renewable_kwh,376.16,258.27,68.7,381.73,15.9,70,52227.19,-0.15,No,None,Partial,"Needs review","CFO approval for material ESG spend",Yes,"IBMBOB_ESG_Cost_KPI_Mar2026.csv + Raw_GL_Export_With_CostCenters_Mar2026_IBMBOB_Enhanced.csv"
"IBM BOB 3 - ESG",2026-08,ESG-MAR26-0918,TXN007126,AUS01,TAS,"Tasmania Operations","Sustainable packaging",6010,"Direct Materials","Sustainable Packaging Co",BOB-ESG-0918,PO-ESG-7173,93104.78,"tCO2e avoided",243.58,218.93,89.9,390.92,75.0,57,-1176.12,-0.61,No,None,Complete,Ready,"No action",No,"IBMBOB_ESG_Cost_KPI_Mar2026.csv + Raw_GL_Export_With_CostCenters_Mar2026_IBMBOB_Enhanced.csv"
"IBM BOB 3 - ESG",2026-08,ESG-MAR26-0919,TXN007127,AUS01,NT,"Northern Territory Operations","Compliance assurance",5320,"Audit Fees","Climate Active Advisor",BOB-ESG-0919,PO-ESG-8322,107411.45,supplier_score,871.01,642.54,73.8,484.47,20.2,55,79449.66,0.21,No,None,Complete,"Needs review","CFO approval for material ESG spend",Yes,"IBMBOB_ESG_Cost_KPI_Mar2026.csv + Raw_GL_Export_With_CostCenters_Mar2026_IBMBOB_Enhanced.csv"
"IBM BOB 3 - ESG",2026-08,ESG-MAR26-0920,TXN007128,AUS01,OPS,"Operations & Logistics","Energy usage",5110,Utilities,EcoVadis,BOB-ESG-0920,PO-ESG-4655,24552.98,audit_evidence_count,162.74,199.68,122.7,244.70,1.2,47,63141.28,-0.28,No,None,Complete,Ready,"No action",No,"IBMBOB_ESG_Cost_KPI_Mar2026.csv + Raw_GL_Export_With_CostCenters_Mar2026_IBMBOB_Enhanced.csv"
"IBM BOB 3 - ESG",2026-08,ESG-MAR26-0921,TXN007129,NZL01,R&D,"Research & Development","Fleet emissions",5400,Travel,"Carbon Neutral Pty Ltd",BOB-ESG-0921,PO-ESG-4508,34940.98,audit_evidence_count,202.58,203.64,100.5,565.28,10.9,97,-13640.46,0.04,No,None,Complete,Ready,"No action",No,"IBMBOB_ESG_Cost_KPI_Mar2026.csv + Raw_GL_Export_With_CostCenters_Mar2026_IBMBOB_Enhanced.csv"
"IBM BOB 3 - ESG",2026-08,ESG-MAR26-0922,TXN007130,AUS01,R&D,"Research & Development","Compliance assurance",5320,"Audit Fees","Climate Active Advisor",BOB-ESG-0922,PO-ESG-9294,109780.54,audit_evidence_count,219.37,232.76,106.1,28.05,37.3,50,-9545.98,-0.04,No,None,Missing,"Needs review","CFO approval for material ESG spend",Yes,"IBMBOB_ESG_Cost_KPI_Mar2026.csv + Raw_GL_Export_With_CostCenters_Mar2026_IBMBOB_Enhanced.csv"
"IBM BOB 3 - ESG",2026-08,ESG-MAR26-0923,TXN007131,AUS01,NT,"Northern Territory Operations","Compliance assurance",5320,"Audit Fees","Green Freight",BOB-ESG-0923,PO-ESG-8483,61330.38,supplier_score,971.42,756.38,77.9,63.26,43.0,49,73979.91,0.11,No,None,Complete,Ready,"No action",No,"IBMBOB_ESG_Cost_KPI_Mar2026.csv + Raw_GL_Export_With_CostCenters_Mar2026_IBMBOB_Enhanced.csv"
"IBM BOB 3 - ESG",2026-08,ESG-MAR26-0924,TXN007132,AUS01,SA,"South Australia Operations","Waste reduction",5600,Telecommunications,"Climate Active Advisor",BOB-ESG-0924,PO-ESG-2451,37356.12,waste_kg_reduced,213.20,234.08,109.8,262.90,41.0,79,38940.56,0.30,No,None,Partial,Partial,"No action",No,"IBMBOB_ESG_Cost_KPI_Mar2026.csv + Raw_GL_Export_With_CostCenters_Mar2026_IBMBOB_Enhanced.csv"
"IBM BOB 3 - ESG",2026-08,ESG-MAR26-0925,TXN007133,AUS01,IT,"Information Technology","Sustainable packaging",6010,"Direct Materials","Sustainable Packaging Co",BOB-ESG-0925,PO-ESG-6587,119695.38,waste_kg_reduced,552.83,563.77,102.0,61.63,47.2,60,71630.00,0.33,No,None,Complete,"Needs review","CFO approval for material ESG spend",Yes,"IBMBOB_ESG_Cost_KPI_Mar2026.csv + Raw_GL_Export_With_CostCenters_Mar2026_IBMBOB_Enhanced.csv"
"IBM BOB 3 - ESG",2026-08,ESG-MAR26-0926,TXN007134,AUS01,IT,"Information Technology","Renewable sourcing premium",6000,"Cost of Goods Sold","Bureau Veritas",BOB-ESG-0926,PO-ESG-3626,85582.41,waste_kg_reduced,566.28,433.40,76.5,579.17,70.9,68,74494.54,-0.54,No,None,Missing,Partial,"No action",No,"IBMBOB_ESG_Cost_KPI_Mar2026.csv + Raw_GL_Export_With_CostCenters_Mar2026_IBMBOB_Enhanced.csv"
"IBM BOB 3 - ESG",2026-08,ESG-MAR26-0927,TXN007135,FJI01,OPS,"Operations & Logistics","Fleet emissions",5400,Travel,EcoVadis,BOB-ESG-0927,PO-ESG-8065,22467.62,renewable_kwh,856.43,662.56,77.4,271.04,92.3,48,-35057.27,-0.13,No,None,Missing,Partial,"No action",No,"IBMBOB_ESG_Cost_KPI_Mar2026.csv + Raw_GL_Export_With_CostCenters_Mar2026_IBMBOB_Enhanced.csv"
"IBM BOB 3 - ESG",2026-08,ESG-MAR26-0928,TXN007136,AUS01,IT,"Information Technology","Carbon offsets",5300,"Professional Services","Energy Australia",BOB-ESG-0928,PO-ESG-4820,114269.33,supplier_score,731.37,507.65,69.4,148.35,63.7,91,56588.96,-0.66,No,None,Missing,"Needs review","CFO approval for material ESG spend",Yes,"IBMBOB_ESG_Cost_KPI_Mar2026.csv + Raw_GL_Export_With_CostCenters_Mar2026_IBMBOB_Enhanced.csv"
"IBM BOB 3 - ESG",2026-08,ESG-MAR26-0929,TXN007137,AUS01,NSW,"New South Wales Operations","Energy usage",5110,Utilities,"Carbon Neutral Pty Ltd",BOB-ESG-0929,PO-ESG-9157,3250.33,"tCO2e avoided",393.26,352.14,89.5,206.91,61.1,98,73345.59,-0.68,No,None,Complete,Partial,"No action",No,"IBMBOB_ESG_Cost_KPI_Mar2026.csv + Raw_GL_Export_With_CostCenters_Mar2026_IBMBOB_Enhanced.csv"
"IBM BOB 3 - ESG",2026-08,ESG-MAR26-0930,TXN007138,AUS01,ACT,"Australian Capital Territory","Carbon offsets",5300,"Professional Services","Bureau Veritas",BOB-ESG-0930,PO-ESG-7942,61917.39,"tCO2e avoided",890.63,948.37,106.5,469.46,67.7,68,26823.98,-0.42,No,None,Complete,Ready,"No action",No,"IBMBOB_ESG_Cost_KPI_Mar2026.csv + Raw_GL_Export_With_CostCenters_Mar2026_IBMBOB_Enhanced.csv"
"IBM BOB 3 - ESG",2026-08,ESG-MAR26-0931,TXN007139,AUS01,QLD,"Queensland Operations","Renewable sourcing premium",5120,"Cost of Goods Sold",EcoVadis,BOB-ESG-0931,PO-ESG-3715,19234.28,waste_kg_reduced,536.29,546.24,101.9,213.20,36.4,83,70335.39,0.28,Yes,"ESG spend posted to non-ESG account or missing KPI link",Missing,"Needs review","Reclassify and link to KPI evidence",Yes,"IBMBOB_ESG_Cost_KPI_Mar2026.csv + Raw_GL_Export_With_CostCenters_Mar2026_IBMBOB_Enhanced.csv"
"IBM BOB 3 - ESG",2026-08,ESG-MAR26-0932,TXN007140,AUS01,CORP,"Corporate Head Office","Fleet emissions",5400,Travel,"Green Freight",BOB-ESG-0932,PO-ESG-2828,37854.09,"tCO2e avoided",699.65,514.17,73.5,344.59,97.6,51,66564.78,-0.04,No,None,Complete,Ready,"No action",No,"IBMBOB_ESG_Cost_KPI_Mar2026.csv + Raw_GL_Export_With_CostCenters_Mar2026_IBMBOB_Enhanced.csv"
"IBM BOB 3 - ESG",2026-08,ESG-MAR26-0933,TXN007141,AUS01,ACT,"Australian Capital Territory","Energy usage",5110,Utilities,"Energy Australia",BOB-ESG-0933,PO-ESG-4495,80876.21,renewable_kwh,907.22,665.02,73.3,266.77,8.0,77,75022.35,-0.62,No,None,Partial,Ready,"No action",No,"IBMBOB_ESG_Cost_KPI_Mar2026.csv + Raw_GL_Export_With_CostCenters_Mar2026_IBMBOB_Enhanced.csv"
"IBM BOB 3 - ESG",2026-08,ESG-MAR26-0934,TXN007142,AUS01,NSW,"New South Wales Operations","Renewable sourcing premium",6000,"Cost of Goods Sold","Bureau Veritas",BOB-ESG-0934,PO-ESG-5689,60505.00,supplier_score,723.51,741.62,102.5,328.87,47.9,82,68999.64,-0.46,No,None,Complete,Ready,"No action",No,"IBMBOB_ESG_Cost_KPI_Mar2026.csv + Raw_GL_Export_With_CostCenters_Mar2026_IBMBOB_Enhanced.csv"
"IBM BOB 3 - ESG",2026-08,ESG-MAR26-0935,TXN007143,AUS01,R&D,"Research & Development","Waste reduction",5600,Telecommunications,"Green Freight",BOB-ESG-0935,PO-ESG-6090,17828.60,supplier_score,519.96,408.24,78.5,192.36,28.1,93,-20945.40,-0.19,No,None,Complete,Ready,"No action",No,"IBMBOB_ESG_Cost_KPI_Mar2026.csv + Raw_GL_Export_With_CostCenters_Mar2026_IBMBOB_Enhanced.csv"
"IBM BOB 3 - ESG",2026-08,ESG-MAR26-0936,TXN007144,AUS01,SA,"South Australia Operations","Renewable sourcing premium",6000,"Cost of Goods Sold","Bureau Veritas",BOB-ESG-0936,PO-ESG-8138,91371.76,renewable_kwh,236.82,170.16,71.9,441.67,66.6,68,-29645.86,-0.19,No,None,Complete,Ready,"No action",No,"IBMBOB_ESG_Cost_KPI_Mar2026.csv + Raw_GL_Export_With_CostCenters_Mar2026_IBMBOB_Enhanced.csv"
"IBM BOB 3 - ESG",2026-08,ESG-MAR26-0937,TXN007145,NZL01,TAS,"Tasmania Operations","Compliance assurance",5320,"Audit Fees","Carbon Neutral Pty Ltd",BOB-ESG-0937,PO-ESG-3677,91119.02,"tCO2e avoided",997.19,1242.20,124.6,55.70,40.7,49,-22314.82,0.27,No,None,Complete,Ready,"No action",No,"IBMBOB_ESG_Cost_KPI_Mar2026.csv + Raw_GL_Export_With_CostCenters_Mar2026_IBMBOB_Enhanced.csv"
"IBM BOB 3 - ESG",2026-08,ESG-MAR26-0938,TXN007146,AUS01,TAS,"Tasmania Operations","Compliance assurance",5320,"Audit Fees","Bureau Veritas",BOB-ESG-0938,PO-ESG-8587,68591.97,waste_kg_reduced,971.98,818.60,84.2,206.26,89.1,46,47098.49,-0.57,No,None,Partial,Partial,"No action",No,"IBMBOB_ESG_Cost_KPI_Mar2026.csv + Raw_GL_Export_With_CostCenters_Mar2026_IBMBOB_Enhanced.csv"
"IBM BOB 3 - ESG",2026-08,ESG-MAR26-0939,TXN007147,AUS01,SA,"South Australia Operations","Compliance assurance",5320,"Audit Fees","Energy Australia",BOB-ESG-0939,PO-ESG-5729,54898.59,"tCO2e avoided",350.88,242.25,69.0,593.33,52.9,53,-3521.16,-0.61,No,None,Complete,Ready,"No action",No,"IBMBOB_ESG_Cost_KPI_Mar2026.csv + Raw_GL_Export_With_CostCenters_Mar2026_IBMBOB_Enhanced.csv"
"IBM BOB 3 - ESG",2026-08,ESG-MAR26-0940,TXN007148,AUS01,ACT,"Australian Capital Territory","Renewable sourcing premium",6000,"Cost of Goods Sold","Sustainable Packaging Co",BOB-ESG-0940,PO-ESG-8359,66761.35,waste_kg_reduced,422.75,455.00,107.6,172.19,41.7,89,64795.12,-0.24,No,None,Partial,Ready,"No action",No,"IBMBOB_ESG_Cost_KPI_Mar2026.csv + Raw_GL_Export_With_CostCenters_Mar2026_IBMBOB_Enhanced.csv"
"IBM BOB 3 - ESG",2026-08,ESG-MAR26-0941,TXN007149,AUS01,NT,"Northern Territory Operations","Fleet emissions",5400,Travel,"Bureau Veritas",BOB-ESG-0941,PO-ESG-5086,77731.09,waste_kg_reduced,794.58,699.67,88.1,235.30,69.0,64,15403.77,0.00,No,None,Partial,Partial,"No action",No,"IBMBOB_ESG_Cost_KPI_Mar2026.csv + Raw_GL_Export_With_CostCenters_Mar2026_IBMBOB_Enhanced.csv"
"IBM BOB 3 - ESG",2026-08,ESG-MAR26-0942,TXN007150,AUS01,FIN,"Finance & Accounting","Supplier ESG premium",6010,"Direct Materials","Origin Energy",BOB-ESG-0942,PO-ESG-6323,49783.00,renewable_kwh,225.55,169.36,75.1,35.05,90.9,69,-20545.35,0.38,No,None,Complete,Ready,"No action",No,"IBMBOB_ESG_Cost_KPI_Mar2026.csv + Raw_GL_Export_With_CostCenters_Mar2026_IBMBOB_Enhanced.csv"
"IBM BOB 3 - ESG",2026-08,ESG-MAR26-0943,TXN007151,NZL01,SA,"South Australia Operations","Renewable sourcing premium",6000,"Cost of Goods Sold","Energy Australia",BOB-ESG-0943,PO-ESG-3298,30242.02,waste_kg_reduced,925.86,982.26,106.1,361.03,25.2,88,80701.71,-0.23,No,None,Missing,Partial,"No action",No,"IBMBOB_ESG_Cost_KPI_Mar2026.csv + Raw_GL_Export_With_CostCenters_Mar2026_IBMBOB_Enhanced.csv"
"IBM BOB 3 - ESG",2026-08,ESG-MAR26-0944,TXN007152,AUS01,NT,"Northern Territory Operations","Renewable sourcing premium",6000,"Cost of Goods Sold","Green Freight",BOB-ESG-0944,PO-ESG-3272,68317.76,audit_evidence_count,104.70,84.34,80.6,313.77,7.1,86,15846.65,-0.78,No,None,Complete,Ready,"No action",No,"IBMBOB_ESG_Cost_KPI_Mar2026.csv + Raw_GL_Export_With_CostCenters_Mar2026_IBMBOB_Enhanced.csv"
"IBM BOB 3 - ESG",2026-08,ESG-MAR26-0945,TXN007153,NZL01,R&D,"Research & Development","Fleet emissions",5400,Travel,"Carbon Neutral Pty Ltd",BOB-ESG-0945,PO-ESG-6864,109785.98,supplier_score,762.19,728.55,95.6,422.33,85.4,80,62397.90,-0.57,No,None,Partial,"Needs review","CFO approval for material ESG spend",Yes,"IBMBOB_ESG_Cost_KPI_Mar2026.csv + Raw_GL_Export_With_CostCenters_Mar2026_IBMBOB_Enhanced.csv"
"IBM BOB 3 - ESG",2026-08,ESG-MAR26-0946,TXN007154,NZL01,TAS,"Tasmania Operations","Supplier ESG premium",6010,"Direct Materials","Bureau Veritas",BOB-ESG-0946,PO-ESG-5613,72954.70,waste_kg_reduced,454.10,316.89,69.8,584.26,56.6,76,9448.47,0.29,No,None,Complete,Partial,"No action",No,"IBMBOB_ESG_Cost_KPI_Mar2026.csv + Raw_GL_Export_With_CostCenters_Mar2026_IBMBOB_Enhanced.csv"
"IBM BOB 3 - ESG",2026-08,ESG-MAR26-0947,TXN007155,AUS01,OPS,"Operations & Logistics","Energy usage",5110,Utilities,"Climate Active Advisor",BOB-ESG-0947,PO-ESG-9980,46121.30,waste_kg_reduced,404.68,288.52,71.3,196.84,52.6,86,-5580.37,-0.11,No,None,Complete,Ready,"No action",No,"IBMBOB_ESG_Cost_KPI_Mar2026.csv + Raw_GL_Export_With_CostCenters_Mar2026_IBMBOB_Enhanced.csv"
"IBM BOB 3 - ESG",2026-08,ESG-MAR26-0948,TXN007156,FJI01,IT,"Information Technology","Compliance assurance",5320,"Audit Fees","Sustainable Packaging Co",BOB-ESG-0948,PO-ESG-4600,71139.18,"tCO2e avoided",325.03,342.47,105.4,384.05,12.3,72,66594.89,-0.23,No,None,Missing,Ready,"No action",No,"IBMBOB_ESG_Cost_KPI_Mar2026.csv + Raw_GL_Export_With_CostCenters_Mar2026_IBMBOB_Enhanced.csv"
"IBM BOB 3 - ESG",2026-08,ESG-MAR26-0949,TXN007157,AUS01,NT,"Northern Territory Operations","Waste reduction",5600,Telecommunications,EcoVadis,BOB-ESG-0949,PO-ESG-4498,97031.70,renewable_kwh,920.27,633.05,68.8,489.64,3.5,67,25183.50,-0.34,No,None,Complete,"Needs review","CFO approval for material ESG spend",Yes,"IBMBOB_ESG_Cost_KPI_Mar2026.csv + Raw_GL_Export_With_CostCenters_Mar2026_IBMBOB_Enhanced.csv"
"IBM BOB 3 - ESG",2026-08,ESG-MAR26-0950,TXN007158,AUS01,ACT,"Australian Capital Territory","Sustainable packaging",6010,"Direct Materials","Bureau Veritas",BOB-ESG-0950,PO-ESG-2284,79836.13,"tCO2e avoided",578.59,675.72,116.8,552.73,23.4,91,54698.49,0.19,No,None,Partial,Ready,"No action",No,"IBMBOB_ESG_Cost_KPI_Mar2026.csv + Raw_GL_Export_With_CostCenters_Mar2026_IBMBOB_Enhanced.csv"
"IBM BOB 3 - ESG",2026-08,ESG-MAR26-0951,TXN007159,AUS01,NT,"Northern Territory Operations","Waste reduction",5600,Telecommunications,"Carbon Neutral Pty Ltd",BOB-ESG-0951,PO-ESG-4891,73825.69,renewable_kwh,204.24,182.23,89.2,181.84,3.9,53,-47360.49,-0.09,No,None,Complete,Ready,"No action",No,"IBMBOB_ESG_Cost_KPI_Mar2026.csv + Raw_GL_Export_With_CostCenters_Mar2026_IBMBOB_Enhanced.csv"
"IBM BOB 3 - ESG",2026-08,ESG-MAR26-0952,TXN007160,FJI01,R&D,"Research & Development","Renewable sourcing premium",6000,"Cost of Goods Sold",EcoVadis,BOB-ESG-0952,PO-ESG-5198,4397.72,audit_evidence_count,907.59,1034.75,114.0,15.02,20.6,63,45589.51,0.13,No,None,Partial,Partial,"No action",No,"IBMBOB_ESG_Cost_KPI_Mar2026.csv + Raw_GL_Export_With_CostCenters_Mar2026_IBMBOB_Enhanced.csv"
"IBM BOB 3 - ESG",2026-08,ESG-MAR26-0953,TXN007161,NZL01,MKT,"Marketing & Sales","Renewable sourcing premium",6000,"Cost of Goods Sold","Energy Australia",BOB-ESG-0953,PO-ESG-8147,74950.53,audit_evidence_count,141.00,171.57,121.7,370.74,49.4,89,-41256.32,-0.05,No,None,Partial,Ready,"No action",No,"IBMBOB_ESG_Cost_KPI_Mar2026.csv + Raw_GL_Export_With_CostCenters_Mar2026_IBMBOB_Enhanced.csv"
"IBM BOB 3 - ESG",2026-08,ESG-MAR26-0954,TXN007162,FJI01,NSW,"New South Wales Operations","Carbon offsets",5300,"Professional Services","Sustainable Packaging Co",BOB-ESG-0954,PO-ESG-3898,68659.28,audit_evidence_count,999.16,700.85,70.1,513.51,25.9,62,-49793.91,-0.50,No,None,Missing,Partial,"No action",No,"IBMBOB_ESG_Cost_KPI_Mar2026.csv + Raw_GL_Export_With_CostCenters_Mar2026_IBMBOB_Enhanced.csv"
"IBM BOB 3 - ESG",2026-08,ESG-MAR26-0955,TXN007163,AUS01,IT,"Information Technology","Compliance assurance",5320,"Audit Fees","Green Freight",BOB-ESG-0955,PO-ESG-5295,62180.37,waste_kg_reduced,814.38,696.06,85.5,408.46,6.1,81,42741.87,-0.39,No,None,Missing,Ready,"No action",No,"IBMBOB_ESG_Cost_KPI_Mar2026.csv + Raw_GL_Export_With_CostCenters_Mar2026_IBMBOB_Enhanced.csv"
"IBM BOB 3 - ESG",2026-08,ESG-MAR26-0956,TXN007164,NZL01,FIN,"Finance & Accounting","Renewable sourcing premium",6000,"Cost of Goods Sold","Green Freight",BOB-ESG-0956,PO-ESG-9672,85221.67,audit_evidence_count,837.61,630.68,75.3,16.11,8.9,93,-807.77,-0.23,No,None,Missing,Ready,"No action",No,"IBMBOB_ESG_Cost_KPI_Mar2026.csv + Raw_GL_Export_With_CostCenters_Mar2026_IBMBOB_Enhanced.csv"
"IBM BOB 3 - ESG",2026-08,ESG-MAR26-0957,TXN007165,AUS01,QLD,"Queensland Operations","Renewable sourcing premium",6000,"Cost of Goods Sold","Climate Active Advisor",BOB-ESG-0957,PO-ESG-4085,12939.52,"tCO2e avoided",870.35,964.50,110.8,51.88,69.1,53,17670.96,-0.14,No,None,Partial,Ready,"No action",No,"IBMBOB_ESG_Cost_KPI_Mar2026.csv + Raw_GL_Export_With_CostCenters_Mar2026_IBMBOB_Enhanced.csv"
"IBM BOB 3 - ESG",2026-08,ESG-MAR26-0958,TXN007166,NZL01,MKT,"Marketing & Sales","Sustainable packaging",6010,"Direct Materials","Sustainable Packaging Co",BOB-ESG-0958,PO-ESG-7167,24138.06,waste_kg_reduced,289.01,269.28,93.2,580.39,27.8,50,17778.96,0.28,No,None,Complete,Ready,"No action",No,"IBMBOB_ESG_Cost_KPI_Mar2026.csv + Raw_GL_Export_With_CostCenters_Mar2026_IBMBOB_Enhanced.csv"
"IBM BOB 3 - ESG",2026-08,ESG-MAR26-0959,TXN007167,FJI01,TAS,"Tasmania Operations","Compliance assurance",5320,"Audit Fees","Energy Australia",BOB-ESG-0959,PO-ESG-8202,100692.72,renewable_kwh,887.19,705.44,79.5,77.36,36.5,46,58953.02,0.36,No,None,Complete,"Needs review","CFO approval for material ESG spend",Yes,"IBMBOB_ESG_Cost_KPI_Mar2026.csv + Raw_GL_Export_With_CostCenters_Mar2026_IBMBOB_Enhanced.csv"
"IBM BOB 3 - ESG",2026-08,ESG-MAR26-0960,TXN007168,NZL01,OPS,"Operations & Logistics","Sustainable packaging",6010,"Direct Materials",EcoVadis,BOB-ESG-0960,PO-ESG-6473,89141.88,waste_kg_reduced,278.29,291.19,104.6,500.80,45.9,49,-27519.02,-0.68,No,None,Complete,Ready,"No action",No,"IBMBOB_ESG_Cost_KPI_Mar2026.csv + Raw_GL_Export_With_CostCenters_Mar2026_IBMBOB_Enhanced.csv"
"IBM BOB 3 - ESG",2026-08,ESG-MAR26-0961,TXN007169,AUS01,IT,"Information Technology","Energy usage",5110,Utilities,EcoVadis,BOB-ESG-0961,PO-ESG-5092,32929.15,waste_kg_reduced,81.51,67.65,83.0,518.09,63.8,94,60359.64,0.14,No,None,Complete,Partial,"No action",No,"IBMBOB_ESG_Cost_KPI_Mar2026.csv + Raw_GL_Export_With_CostCenters_Mar2026_IBMBOB_Enhanced.csv"
"IBM BOB 3 - ESG",2026-08,ESG-MAR26-0962,TXN007170,AUS01,OPS,"Operations & Logistics","Sustainable packaging",6010,"Direct Materials","Sustainable Packaging Co",BOB-ESG-0962,PO-ESG-9504,103100.81,renewable_kwh,753.86,898.05,119.1,69.44,55.0,54,69741.36,-0.50,No,None,Partial,"Needs review","CFO approval for material ESG spend",Yes,"IBMBOB_ESG_Cost_KPI_Mar2026.csv + Raw_GL_Export_With_CostCenters_Mar2026_IBMBOB_Enhanced.csv"
"IBM BOB 3 - ESG",2026-08,ESG-MAR26-0963,TXN007171,AUS01,MKT,"Marketing & Sales","Waste reduction",5600,Telecommunications,"Climate Active Advisor",BOB-ESG-0963,PO-ESG-7808,70879.61,renewable_kwh,125.21,113.24,90.4,529.66,90.0,60,-38905.75,0.15,No,None,Complete,Ready,"No action",No,"IBMBOB_ESG_Cost_KPI_Mar2026.csv + Raw_GL_Export_With_CostCenters_Mar2026_IBMBOB_Enhanced.csv"
"IBM BOB 3 - ESG",2026-08,ESG-MAR26-0964,TXN007172,AUS01,SA,"South Australia Operations","Renewable sourcing premium",6000,"Cost of Goods Sold","Energy Australia",BOB-ESG-0964,PO-ESG-4785,60997.28,renewable_kwh,865.47,853.31,98.6,546.57,4.8,47,68277.21,-0.78,No,None,Partial,Partial,"No action",No,"IBMBOB_ESG_Cost_KPI_Mar2026.csv + Raw_GL_Export_With_CostCenters_Mar2026_IBMBOB_Enhanced.csv"
"IBM BOB 3 - ESG",2026-08,ESG-MAR26-0965,TXN007173,AUS01,QLD,"Queensland Operations","Supplier ESG premium",6010,"Direct Materials","Climate Active Advisor",BOB-ESG-0965,PO-ESG-2255,52423.54,renewable_kwh,602.55,557.72,92.6,82.34,0.4,53,46397.50,-0.41,No,None,Complete,Partial,"No action",No,"IBMBOB_ESG_Cost_KPI_Mar2026.csv + Raw_GL_Export_With_CostCenters_Mar2026_IBMBOB_Enhanced.csv"
"IBM BOB 3 - ESG",2026-08,ESG-MAR26-0966,TXN007174,AUS01,NSW,"New South Wales Operations","Carbon offsets",5300,"Professional Services",EcoVadis,BOB-ESG-0966,PO-ESG-5406,80872.06,supplier_score,468.05,337.92,72.2,76.15,82.7,96,8867.38,0.06,No,None,Complete,Partial,"No action",No,"IBMBOB_ESG_Cost_KPI_Mar2026.csv + Raw_GL_Export_With_CostCenters_Mar2026_IBMBOB_Enhanced.csv"
"IBM BOB 3 - ESG",2026-08,ESG-MAR26-0967,TXN007175,AUS01,OPS,"Operations & Logistics","Compliance assurance",5320,"Audit Fees","Climate Active Advisor",BOB-ESG-0967,PO-ESG-9525,55553.24,waste_kg_reduced,806.71,836.35,103.7,535.11,14.6,65,38033.12,0.34,No,None,Partial,Partial,"No action",No,"IBMBOB_ESG_Cost_KPI_Mar2026.csv + Raw_GL_Export_With_CostCenters_Mar2026_IBMBOB_Enhanced.csv"
"IBM BOB 3 - ESG",2026-08,ESG-MAR26-0968,TXN007176,AUS01,FIN,"Finance & Accounting","Sustainable packaging",6010,"Direct Materials","Carbon Neutral Pty Ltd",BOB-ESG-0968,PO-ESG-7967,80881.60,renewable_kwh,946.80,1080.49,114.1,152.86,83.5,64,24656.46,0.01,No,None,Complete,Ready,"No action",No,"IBMBOB_ESG_Cost_KPI_Mar2026.csv + Raw_GL_Export_With_CostCenters_Mar2026_IBMBOB_Enhanced.csv"
"IBM BOB 3 - ESG",2026-08,ESG-MAR26-0969,TXN007177,AUS01,CORP,"Corporate Head Office","Energy usage",5110,Utilities,"Origin Energy",BOB-ESG-0969,PO-ESG-9818,17724.80,waste_kg_reduced,846.67,806.62,95.3,346.76,51.4,64,1995.31,-0.71,No,None,Partial,Ready,"No action",No,"IBMBOB_ESG_Cost_KPI_Mar2026.csv + Raw_GL_Export_With_CostCenters_Mar2026_IBMBOB_Enhanced.csv"
"IBM BOB 3 - ESG",2026-08,ESG-MAR26-0970,TXN007178,AUS01,QLD,"Queensland Operations","Renewable sourcing premium",6000,"Cost of Goods Sold","Climate Active Advisor",BOB-ESG-0970,PO-ESG-7064,89712.00,renewable_kwh,716.75,569.96,79.5,587.67,80.5,64,1442.41,-0.76,No,None,Complete,Partial,"No action",No,"IBMBOB_ESG_Cost_KPI_Mar2026.csv + Raw_GL_Export_With_CostCenters_Mar2026_IBMBOB_Enhanced.csv"
"IBM BOB 3 - ESG",2026-08,ESG-MAR26-0971,TXN007179,AUS01,NT,"Northern Territory Operations","Sustainable packaging",6010,"Direct Materials","Energy Australia",BOB-ESG-0971,PO-ESG-9413,37354.13,waste_kg_reduced,790.35,788.48,99.8,292.17,72.2,65,-48876.16,-0.21,No,None,Missing,Partial,"No action",No,"IBMBOB_ESG_Cost_KPI_Mar2026.csv + Raw_GL_Export_With_CostCenters_Mar2026_IBMBOB_Enhanced.csv"
"IBM BOB 3 - ESG",2026-08,ESG-MAR26-0972,TXN007180,AUS01,HR,"Human Resources","Compliance assurance",5320,"Audit Fees","Sustainable Packaging Co",BOB-ESG-0972,PO-ESG-6903,8070.03,audit_evidence_count,733.65,575.17,78.4,124.43,13.3,88,23154.01,-0.29,No,None,Complete,Ready,"No action",No,"IBMBOB_ESG_Cost_KPI_Mar2026.csv + Raw_GL_Export_With_CostCenters_Mar2026_IBMBOB_Enhanced.csv"
"IBM BOB 3 - ESG",2026-08,ESG-MAR26-0973,TXN007181,AUS01,WA,"Western Australia Operations","Waste reduction",5600,Telecommunications,"Carbon Neutral Pty Ltd",BOB-ESG-0973,PO-ESG-8380,114499.17,waste_kg_reduced,240.02,261.06,108.8,274.59,41.8,55,50868.87,0.23,No,None,Complete,"Needs review","CFO approval for material ESG spend",Yes,"IBMBOB_ESG_Cost_KPI_Mar2026.csv + Raw_GL_Export_With_CostCenters_Mar2026_IBMBOB_Enhanced.csv"
"IBM BOB 3 - ESG",2026-08,ESG-MAR26-0974,TXN007182,AUS01,IT,"Information Technology","Energy usage",5110,Utilities,"Origin Energy",BOB-ESG-0974,PO-ESG-2556,38299.57,renewable_kwh,629.72,419.58,66.6,379.20,48.4,79,-8792.47,0.04,No,None,Complete,Ready,"No action",No,"IBMBOB_ESG_Cost_KPI_Mar2026.csv + Raw_GL_Export_With_CostCenters_Mar2026_IBMBOB_Enhanced.csv"
"IBM BOB 3 - ESG",2026-08,ESG-MAR26-0975,TXN007183,AUS01,SA,"South Australia Operations","Carbon offsets",5300,"Professional Services","Bureau Veritas",BOB-ESG-0975,PO-ESG-7995,8911.00,renewable_kwh,376.29,349.12,92.8,58.42,82.6,83,-27980.14,-0.72,No,None,Missing,Ready,"No action",No,"IBMBOB_ESG_Cost_KPI_Mar2026.csv + Raw_GL_Export_With_CostCenters_Mar2026_IBMBOB_Enhanced.csv"
"IBM BOB 3 - ESG",2026-08,ESG-MAR26-0976,TXN007184,AUS01,IT,"Information Technology","Renewable sourcing premium",6000,"Cost of Goods Sold","Climate Active Advisor",BOB-ESG-0976,PO-ESG-5312,43291.12,waste_kg_reduced,493.97,551.36,111.6,530.91,62.1,64,-10077.58,0.28,No,None,Complete,Ready,"No action",No,"IBMBOB_ESG_Cost_KPI_Mar2026.csv + Raw_GL_Export_With_CostCenters_Mar2026_IBMBOB_Enhanced.csv"
"IBM BOB 3 - ESG",2026-08,ESG-MAR26-0977,TXN007185,NZL01,WA,"Western Australia Operations","Renewable sourcing premium",6000,"Cost of Goods Sold","Carbon Neutral Pty Ltd",BOB-ESG-0977,PO-ESG-2059,98206.22,audit_evidence_count,577.35,634.47,109.9,310.10,64.5,72,6002.49,-0.16,No,None,Complete,"Needs review","CFO approval for material ESG spend",Yes,"IBMBOB_ESG_Cost_KPI_Mar2026.csv + Raw_GL_Export_With_CostCenters_Mar2026_IBMBOB_Enhanced.csv"
"IBM BOB 3 - ESG",2026-08,ESG-MAR26-0978,TXN007186,AUS01,NT,"Northern Territory Operations","Energy usage",5110,Utilities,"Climate Active Advisor",BOB-ESG-0978,PO-ESG-4509,106738.40,supplier_score,198.13,167.68,84.6,86.80,10.7,53,-17087.05,-0.34,No,None,Missing,"Needs review","CFO approval for material ESG spend",Yes,"IBMBOB_ESG_Cost_KPI_Mar2026.csv + Raw_GL_Export_With_CostCenters_Mar2026_IBMBOB_Enhanced.csv"
"IBM BOB 3 - ESG",2026-08,ESG-MAR26-0979,TXN007187,AUS01,QLD,"Queensland Operations","Sustainable packaging",6010,"Direct Materials","Sustainable Packaging Co",BOB-ESG-0979,PO-ESG-3571,67847.64,renewable_kwh,432.28,460.01,106.4,9.05,2.7,78,-9504.96,-0.14,No,None,Missing,Ready,"No action",No,"IBMBOB_ESG_Cost_KPI_Mar2026.csv + Raw_GL_Export_With_CostCenters_Mar2026_IBMBOB_Enhanced.csv"
"IBM BOB 3 - ESG",2026-08,ESG-MAR26-0980,TXN007188,PNG01,QLD,"Queensland Operations","Sustainable packaging",6010,"Direct Materials","Climate Active Advisor",BOB-ESG-0980,PO-ESG-9958,62455.98,renewable_kwh,860.15,787.44,91.5,262.32,1.9,49,12996.50,0.35,No,None,Complete,Partial,"No action",No,"IBMBOB_ESG_Cost_KPI_Mar2026.csv + Raw_GL_Export_With_CostCenters_Mar2026_IBMBOB_Enhanced.csv"
"IBM BOB 3 - ESG",2026-08,ESG-MAR26-0981,TXN007189,AUS01,OPS,"Operations & Logistics","Supplier ESG premium",6010,"Direct Materials","Sustainable Packaging Co",BOB-ESG-0981,PO-ESG-2051,37289.39,"tCO2e avoided",611.66,691.75,113.1,382.66,56.8,61,19062.52,-0.56,No,None,Complete,Ready,"No action",No,"IBMBOB_ESG_Cost_KPI_Mar2026.csv + Raw_GL_Export_With_CostCenters_Mar2026_IBMBOB_Enhanced.csv"
"IBM BOB 3 - ESG",2026-08,ESG-MAR26-0982,TXN007190,AUS01,IT,"Information Technology","Renewable sourcing premium",6000,"Cost of Goods Sold","Bureau Veritas",BOB-ESG-0982,PO-ESG-4780,71454.94,supplier_score,913.37,1087.14,119.0,69.78,79.7,93,-30809.15,-0.44,No,None,Complete,Partial,"No action",No,"IBMBOB_ESG_Cost_KPI_Mar2026.csv + Raw_GL_Export_With_CostCenters_Mar2026_IBMBOB_Enhanced.csv"
"IBM BOB 3 - ESG",2026-08,ESG-MAR26-0983,TXN007191,AUS01,NSW,"New South Wales Operations","Supplier ESG premium",6010,"Direct Materials","Energy Australia",BOB-ESG-0983,PO-ESG-3835,7034.42,renewable_kwh,129.28,155.91,120.6,290.07,88.3,50,32192.23,-0.26,No,None,Complete,Ready,"No action",No,"IBMBOB_ESG_Cost_KPI_Mar2026.csv + Raw_GL_Export_With_CostCenters_Mar2026_IBMBOB_Enhanced.csv"
"IBM BOB 3 - ESG",2026-08,ESG-MAR26-0984,TXN007192,AUS01,CORP,"Corporate Head Office","Energy usage",5110,Utilities,EcoVadis,BOB-ESG-0984,PO-ESG-9319,79359.01,renewable_kwh,545.33,556.36,102.0,159.77,86.9,71,-31055.04,0.11,No,None,Complete,Ready,"No action",No,"IBMBOB_ESG_Cost_KPI_Mar2026.csv + Raw_GL_Export_With_CostCenters_Mar2026_IBMBOB_Enhanced.csv"
"IBM BOB 3 - ESG",2026-08,ESG-MAR26-0985,TXN007193,AUS01,VIC,"Victoria Operations","Compliance assurance",5320,"Audit Fees",EcoVadis,BOB-ESG-0985,PO-ESG-3699,16083.17,"tCO2e avoided",733.76,779.51,106.2,382.82,26.9,84,83108.44,0.37,No,None,Complete,Ready,"No action",No,"IBMBOB_ESG_Cost_KPI_Mar2026.csv + Raw_GL_Export_With_CostCenters_Mar2026_IBMBOB_Enhanced.csv"
"IBM BOB 3 - ESG",2026-08,ESG-MAR26-0986,TXN007194,PNG01,NSW,"New South Wales Operations","Compliance assurance",5320,"Audit Fees","Climate Active Advisor",BOB-ESG-0986,PO-ESG-9846,50276.60,"tCO2e avoided",176.59,120.15,68.0,226.39,46.0,54,21824.86,-0.02,No,None,Complete,Ready,"No action",No,"IBMBOB_ESG_Cost_KPI_Mar2026.csv + Raw_GL_Export_With_CostCenters_Mar2026_IBMBOB_Enhanced.csv"
"IBM BOB 3 - ESG",2026-08,ESG-MAR26-0987,TXN007195,PNG01,QLD,"Queensland Operations","Sustainable packaging",6010,"Direct Materials","Energy Australia",BOB-ESG-0987,PO-ESG-5941,103096.13,waste_kg_reduced,923.86,771.62,83.5,435.05,88.6,45,59617.28,0.33,No,None,Partial,"Needs review","CFO approval for material ESG spend",Yes,"IBMBOB_ESG_Cost_KPI_Mar2026.csv + Raw_GL_Export_With_CostCenters_Mar2026_IBMBOB_Enhanced.csv"
"IBM BOB 3 - ESG",2026-08,ESG-MAR26-0988,TXN007196,FJI01,ACT,"Australian Capital Territory","Sustainable packaging",6010,"Direct Materials","Sustainable Packaging Co",BOB-ESG-0988,PO-ESG-3676,58067.55,"tCO2e avoided",190.91,141.33,74.0,58.16,52.9,54,66879.88,-0.62,No,None,Missing,Ready,"No action",No,"IBMBOB_ESG_Cost_KPI_Mar2026.csv + Raw_GL_Export_With_CostCenters_Mar2026_IBMBOB_Enhanced.csv"
"IBM BOB 3 - ESG",2026-08,ESG-MAR26-0989,TXN007197,AUS01,FIN,"Finance & Accounting","Waste reduction",5600,Telecommunications,"Climate Active Advisor",BOB-ESG-0989,PO-ESG-2207,63475.42,audit_evidence_count,59.47,65.52,110.2,192.53,77.3,55,-48140.43,-0.35,No,None,Complete,Ready,"No action",No,"IBMBOB_ESG_Cost_KPI_Mar2026.csv + Raw_GL_Export_With_CostCenters_Mar2026_IBMBOB_Enhanced.csv"
"IBM BOB 3 - ESG",2026-08,ESG-MAR26-0990,TXN007198,PNG01,WA,"Western Australia Operations","Sustainable packaging",6010,"Direct Materials",EcoVadis,BOB-ESG-0990,PO-ESG-2749,12013.34,audit_evidence_count,681.73,703.11,103.1,400.72,48.9,70,3511.29,0.37,No,None,Missing,Ready,"No action",No,"IBMBOB_ESG_Cost_KPI_Mar2026.csv + Raw_GL_Export_With_CostCenters_Mar2026_IBMBOB_Enhanced.csv"
"IBM BOB 3 - ESG",2026-08,ESG-MAR26-0991,TXN007199,AUS01,WA,"Western Australia Operations","Fleet emissions",5400,Travel,"Carbon Neutral Pty Ltd",BOB-ESG-0991,PO-ESG-5001,61676.84,supplier_score,840.79,970.20,115.4,149.65,11.0,59,41114.68,-0.31,No,None,Missing,Ready,"No action",No,"IBMBOB_ESG_Cost_KPI_Mar2026.csv + Raw_GL_Export_With_CostCenters_Mar2026_IBMBOB_Enhanced.csv"
"IBM BOB 3 - ESG",2026-08,ESG-MAR26-0992,TXN007200,NZL01,MKT,"Marketing & Sales","Carbon offsets",5300,"Professional Services","Bureau Veritas",BOB-ESG-0992,PO-ESG-3903,21961.81,waste_kg_reduced,938.02,626.99,66.8,119.47,7.6,61,-5994.24,-0.51,No,None,Complete,Partial,"No action",No,"IBMBOB_ESG_Cost_KPI_Mar2026.csv + Raw_GL_Export_With_CostCenters_Mar2026_IBMBOB_Enhanced.csv"
"IBM BOB 3 - ESG",2026-08,ESG-MAR26-0993,TXN007201,AUS01,SA,"South Australia Operations","Energy usage",5110,Utilities,"Energy Australia",BOB-ESG-0993,PO-ESG-5824,36825.11,audit_evidence_count,422.33,474.52,112.4,294.79,41.5,48,50052.42,0.01,No,None,Partial,Ready,"No action",No,"IBMBOB_ESG_Cost_KPI_Mar2026.csv + Raw_GL_Export_With_CostCenters_Mar2026_IBMBOB_Enhanced.csv"
"IBM BOB 3 - ESG",2026-08,ESG-MAR26-0994,TXN007202,AUS01,NT,"Northern Territory Operations","Compliance assurance",5320,"Audit Fees","Green Freight",BOB-ESG-0994,PO-ESG-7602,8112.48,renewable_kwh,763.93,713.86,93.4,393.87,73.2,64,78225.88,-0.68,No,None,Complete,Ready,"No action",No,"IBMBOB_ESG_Cost_KPI_Mar2026.csv + Raw_GL_Export_With_CostCenters_Mar2026_IBMBOB_Enhanced.csv"
"IBM BOB 3 - ESG",2026-08,ESG-MAR26-0995,TXN007203,NZL01,NSW,"New South Wales Operations","Waste reduction",5600,Telecommunications,"Green Freight",BOB-ESG-0995,PO-ESG-4050,92221.96,"tCO2e avoided",435.51,495.72,113.8,75.09,89.0,82,-31874.10,-0.36,No,None,Complete,Ready,"No action",No,"IBMBOB_ESG_Cost_KPI_Mar2026.csv + Raw_GL_Export_With_CostCenters_Mar2026_IBMBOB_Enhanced.csv"
"IBM BOB 3 - ESG",2026-08,ESG-MAR26-0996,TXN007204,AUS01,WA,"Western Australia Operations","Fleet emissions",5400,Travel,"Bureau Veritas",BOB-ESG-0996,PO-ESG-5573,79281.20,supplier_score,345.79,368.91,106.7,532.78,90.2,97,43278.91,-0.59,No,None,Complete,Partial,"No action",No,"IBMBOB_ESG_Cost_KPI_Mar2026.csv + Raw_GL_Export_With_CostCenters_Mar2026_IBMBOB_Enhanced.csv"
"IBM BOB 3 - ESG",2026-08,ESG-MAR26-0997,TXN007205,AUS01,TAS,"Tasmania Operations","Energy usage",5110,Utilities,"Bureau Veritas",BOB-ESG-0997,PO-ESG-9389,85337.43,supplier_score,102.19,122.95,120.3,460.42,1.5,91,41207.04,0.36,No,None,Missing,Partial,"No action",No,"IBMBOB_ESG_Cost_KPI_Mar2026.csv + Raw_GL_Export_With_CostCenters_Mar2026_IBMBOB_Enhanced.csv"
"IBM BOB 3 - ESG",2026-08,ESG-MAR26-0998,TXN007206,AUS01,OPS,"Operations & Logistics","Sustainable packaging",6010,"Direct Materials",EcoVadis,BOB-ESG-0998,PO-ESG-7496,73227.28,supplier_score,732.37,721.26,98.5,444.41,12.3,94,-4037.72,-0.64,No,None,Partial,Partial,"No action",No,"IBMBOB_ESG_Cost_KPI_Mar2026.csv + Raw_GL_Export_With_CostCenters_Mar2026_IBMBOB_Enhanced.csv"
"IBM BOB 3 - ESG",2026-08,ESG-MAR26-0999,TXN007207,AUS01,WA,"Western Australia Operations","Sustainable packaging",6010,"Direct Materials","Carbon Neutral Pty Ltd",BOB-ESG-0999,PO-ESG-7130,59808.20,supplier_score,268.53,323.37,120.4,312.74,71.5,59,41619.36,0.13,No,None,Missing,Partial,"No action",No,"IBMBOB_ESG_Cost_KPI_Mar2026.csv + Raw_GL_Export_With_CostCenters_Mar2026_IBMBOB_Enhanced.csv"
"IBM BOB 3 - ESG",2026-08,ESG-MAR26-1000,TXN007208,PNG01,WA,"Western Australia Operations","Sustainable packaging",6010,"Direct Materials","Origin Energy",BOB-ESG-1000,PO-ESG-4955,26106.77,supplier_score,994.13,1028.37,103.4,94.81,34.4,85,13668.97,-0.37,No,None,Complete,Partial,"No action",No,"IBMBOB_ESG_Cost_KPI_Mar2026.csv + Raw_GL_Export_With_CostCenters_Mar2026_IBMBOB_Enhanced.csv"
