Demo_Task,Fiscal_Period,Txn_ID,Entity,Posting_Date,Account_Code,P_L_Section,P_L_Line_Item,Category,Cost_Center,Cost_Center_Name,Vendor_or_Customer,Invoice_Number,PO_Number,Amount_AUD,Input_or_Calculated,Close_Readiness_Flag,Anomaly_Flag,Approval_Required,Source_File_Target
"IBM BOB 1 - Group P&L",2026-06,TXN004209,AUS01,2026-06-14,5000,"General and administrative","Salaries and wages",Personnel,VIC,"Victoria Operations","Energy Australia",BOB-PL-0001,PO-PL-8851,16437.79,Input,Ready,None,No,Raw_GL_Export_With_CostCenters_Mar2026_IBMBOB_Enhanced.csv
"IBM BOB 1 - Group P&L",2026-06,TXN004210,NZL01,2026-06-18,5000,"General and administrative","Salaries and wages",Personnel,NT,"Northern Territory Operations","Google Ads",BOB-PL-0002,PO-PL-2207,97047.15,Input,Ready,None,No,Raw_GL_Export_With_CostCenters_Mar2026_IBMBOB_Enhanced.csv
"IBM BOB 1 - Group P&L",2026-06,TXN004211,AUS01,2026-06-16,5110,"Other operating expenses",Utilities,Facilities,CORP,"Corporate Head Office","QBE Insurance",BOB-PL-0003,PO-PL-4797,79899.48,Input,Ready,None,No,Raw_GL_Export_With_CostCenters_Mar2026_IBMBOB_Enhanced.csv
"IBM BOB 1 - Group P&L",2026-06,TXN004212,PNG01,2026-06-08,5320,"General and administrative","Audit fees",External,MKT,"Marketing & Sales","IBM Australia",BOB-PL-0004,PO-PL-2774,38629.84,Input,Ready,None,No,Raw_GL_Export_With_CostCenters_Mar2026_IBMBOB_Enhanced.csv
"IBM BOB 1 - Group P&L",2026-06,TXN004213,AUS01,2026-06-18,4000,Revenue,"Product sales","Operating Revenue",SA,"South Australia Operations","Google Ads",BOB-PL-0005,PO-PL-3728,387001.32,Input,Ready,None,No,Raw_GL_Export_With_CostCenters_Mar2026_IBMBOB_Enhanced.csv
"IBM BOB 1 - Group P&L",2026-06,TXN004214,AUS01,2026-06-17,4010,Revenue,"Service revenue","Operating Revenue",CORP,"Corporate Head Office","Melbourne Airport",BOB-PL-0006,PO-PL-9465,390892.72,Input,Ready,None,No,Raw_GL_Export_With_CostCenters_Mar2026_IBMBOB_Enhanced.csv
"IBM BOB 1 - Group P&L",2026-06,TXN004215,AUS01,2026-06-15,5500,"Sales and marketing","Campaign spend",Sales,SA,"South Australia Operations","IBM Australia",BOB-PL-0007,PO-PL-3085,36040.39,Input,Ready,None,No,Raw_GL_Export_With_CostCenters_Mar2026_IBMBOB_Enhanced.csv
"IBM BOB 1 - Group P&L",2026-06,TXN004216,AUS01,2026-06-30,4000,Revenue,"Product sales","Operating Revenue",MKT,"Marketing & Sales","IBM Australia",BOB-PL-0008,PO-PL-4277,313964.34,Input,Ready,None,No,Raw_GL_Export_With_CostCenters_Mar2026_IBMBOB_Enhanced.csv
"IBM BOB 1 - Group P&L",2026-06,TXN004217,AUS01,2026-06-17,5200,"Research and development","Software licenses",IT,ACT,"Australian Capital Territory",Deloitte,BOB-PL-0009,PO-PL-8716,43203.51,Input,Ready,None,No,Raw_GL_Export_With_CostCenters_Mar2026_IBMBOB_Enhanced.csv
"IBM BOB 1 - Group P&L",2026-06,TXN004218,AUS01,2026-06-08,4010,Revenue,"Service revenue","Operating Revenue",QLD,"Queensland Operations","Google Ads",BOB-PL-0010,PO-PL-3715,419050.23,Input,Ready,None,No,Raw_GL_Export_With_CostCenters_Mar2026_IBMBOB_Enhanced.csv
"IBM BOB 1 - Group P&L",2026-06,TXN004219,NZL01,2026-06-08,5200,"Research and development","Software licenses",IT,IT,"Information Technology","QBE Insurance",BOB-PL-0011,PO-PL-2823,111595.69,Input,Ready,None,No,Raw_GL_Export_With_CostCenters_Mar2026_IBMBOB_Enhanced.csv
"IBM BOB 1 - Group P&L",2026-06,TXN004220,AUS01,2026-06-02,5510,"Sales and marketing",Advertising,Sales,R&D,"Research & Development","IBM Australia",BOB-PL-0012,PO-PL-6767,133445.86,Input,Ready,None,No,Raw_GL_Export_With_CostCenters_Mar2026_IBMBOB_Enhanced.csv
"IBM BOB 1 - Group P&L",2026-06,TXN004221,AUS01,2026-06-19,5200,"Research and development","Software licenses",IT,WA,"Western Australia Operations","QBE Insurance",BOB-PL-0013,PO-PL-9180,72143.24,Input,Ready,None,No,Raw_GL_Export_With_CostCenters_Mar2026_IBMBOB_Enhanced.csv
"IBM BOB 1 - Group P&L",2026-06,TXN004222,AUS01,2026-06-30,5200,"Research and development","Software licenses",IT,MKT,"Marketing & Sales",Snowflake,BOB-PL-0014,PO-PL-6810,171185.67,Input,Ready,None,No,Raw_GL_Export_With_CostCenters_Mar2026_IBMBOB_Enhanced.csv
"IBM BOB 1 - Group P&L",2026-06,TXN004223,AUS01,2026-06-07,5200,"Research and development","Software licenses",IT,R&D,"Research & Development",Officeworks,BOB-PL-0015,PO-PL-5400,37904.08,Input,Ready,None,No,Raw_GL_Export_With_CostCenters_Mar2026_IBMBOB_Enhanced.csv
"IBM BOB 1 - Group P&L",2026-06,TXN004224,AUS01,2026-06-10,5520,"Sales and marketing",Events,Sales,NT,"Northern Territory Operations","Melbourne Airport",BOB-PL-0016,PO-PL-2197,82847.14,Input,Ready,None,No,Raw_GL_Export_With_CostCenters_Mar2026_IBMBOB_Enhanced.csv
"IBM BOB 1 - Group P&L",2026-06,TXN004225,NZL01,2026-06-13,4000,Revenue,"Product sales","Operating Revenue",TAS,"Tasmania Operations","QBE Insurance",BOB-PL-0017,PO-PL-2050,141246.51,Input,Ready,None,No,Raw_GL_Export_With_CostCenters_Mar2026_IBMBOB_Enhanced.csv
"IBM BOB 1 - Group P&L",2026-06,TXN004226,NZL01,2026-06-12,5000,"General and administrative","Salaries and wages",Personnel,OPS,"Operations & Logistics",LinkedIn,BOB-PL-0018,PO-PL-6328,3524.20,Input,Ready,None,No,Raw_GL_Export_With_CostCenters_Mar2026_IBMBOB_Enhanced.csv
"IBM BOB 1 - Group P&L",2026-06,TXN004227,AUS01,2026-06-31,5300,"General and administrative","Professional services",External,MKT,"Marketing & Sales",Officeworks,BOB-PL-0019,PO-PL-2373,162921.73,Input,Ready,None,No,Raw_GL_Export_With_CostCenters_Mar2026_IBMBOB_Enhanced.csv
"IBM BOB 1 - Group P&L",2026-06,TXN004228,AUS01,2026-06-22,5010,"General and administrative","Employee benefits",Personnel,CORP,"Corporate Head Office","Qantas Commercial",BOB-PL-0020,PO-PL-3982,111451.80,Input,Ready,None,No,Raw_GL_Export_With_CostCenters_Mar2026_IBMBOB_Enhanced.csv
"IBM BOB 1 - Group P&L",2026-06,TXN004229,PNG01,2026-06-04,5110,"Other operating expenses",Utilities,Facilities,TAS,"Tasmania Operations",LinkedIn,BOB-PL-0021,PO-PL-6415,133771.17,Input,Ready,None,No,Raw_GL_Export_With_CostCenters_Mar2026_IBMBOB_Enhanced.csv
"IBM BOB 1 - Group P&L",2026-06,TXN004230,FJI01,2026-06-10,4100,"Other income / expense","Interest income","Non-Operating Revenue",IT,"Information Technology","IBM Australia",BOB-PL-0022,PO-PL-2677,367691.05,Input,Ready,None,No,Raw_GL_Export_With_CostCenters_Mar2026_IBMBOB_Enhanced.csv
"IBM BOB 1 - Group P&L",2026-06,TXN004231,AUS01,2026-06-07,5910,"Other income / expense","Interest expense",Finance,ACT,"Australian Capital Territory","Melbourne Airport",BOB-PL-0023,PO-PL-9331,87437.40,Input,Ready,None,No,Raw_GL_Export_With_CostCenters_Mar2026_IBMBOB_Enhanced.csv
"IBM BOB 1 - Group P&L",2026-06,TXN004232,NZL01,2026-06-15,2210,"Tax provision","Income tax payable","Current Liabilities",MKT,"Marketing & Sales",Snowflake,BOB-PL-0024,PO-PL-9866,44374.25,Input,Ready,None,No,Raw_GL_Export_With_CostCenters_Mar2026_IBMBOB_Enhanced.csv
"IBM BOB 1 - Group P&L",2026-06,TXN004233,AUS01,2026-06-22,6020,"Cost of revenue","Direct labor",COGS,NSW,"New South Wales Operations",AWS,BOB-PL-0025,PO-PL-9649,114037.97,Input,Ready,None,No,Raw_GL_Export_With_CostCenters_Mar2026_IBMBOB_Enhanced.csv
"IBM BOB 1 - Group P&L",2026-06,TXN004234,NZL01,2026-06-17,4010,Revenue,"Service revenue","Operating Revenue",OPS,"Operations & Logistics",LinkedIn,BOB-PL-0026,PO-PL-8725,89343.80,Input,Ready,None,No,Raw_GL_Export_With_CostCenters_Mar2026_IBMBOB_Enhanced.csv
"IBM BOB 1 - Group P&L",2026-06,TXN004235,AUS01,2026-06-16,5000,"General and administrative","Salaries and wages",Personnel,CORP,"Corporate Head Office",Deloitte,BOB-PL-0027,PO-PL-5284,30389.20,Input,Ready,None,No,Raw_GL_Export_With_CostCenters_Mar2026_IBMBOB_Enhanced.csv
"IBM BOB 1 - Group P&L",2026-06,TXN004236,AUS01,2026-06-01,5210,"Research and development","Cloud services",IT,OPS,"Operations & Logistics","Google Ads",BOB-PL-0028,PO-PL-7324,117550.61,Input,Ready,None,No,Raw_GL_Export_With_CostCenters_Mar2026_IBMBOB_Enhanced.csv
"IBM BOB 1 - Group P&L",2026-06,TXN004237,AUS01,2026-06-28,6030,"Cost of revenue","Manufacturing overhead",COGS,HR,"Human Resources","Energy Australia",BOB-PL-0029,PO-PL-5069,123302.83,Input,Ready,None,No,Raw_GL_Export_With_CostCenters_Mar2026_IBMBOB_Enhanced.csv
"IBM BOB 1 - Group P&L",2026-06,TXN004238,AUS01,2026-06-23,6000,"Cost of revenue","Cost of goods sold",COGS,QLD,"Queensland Operations",LinkedIn,BOB-PL-0030,PO-PL-5970,125483.43,Input,Ready,None,No,Raw_GL_Export_With_CostCenters_Mar2026_IBMBOB_Enhanced.csv
"IBM BOB 1 - Group P&L",2026-06,TXN004239,AUS01,2026-06-23,5700,"Research and development",Training,Development,CORP,"Corporate Head Office","SAP Australia",BOB-PL-0031,PO-PL-5594,28282.80,Input,Ready,None,No,Raw_GL_Export_With_CostCenters_Mar2026_IBMBOB_Enhanced.csv
"IBM BOB 1 - Group P&L",2026-06,TXN004240,AUS01,2026-06-30,5000,"General and administrative","Salaries and wages",Personnel,IT,"Information Technology","Energy Australia",BOB-PL-0032,PO-PL-9490,20469.50,Input,Ready,None,No,Raw_GL_Export_With_CostCenters_Mar2026_IBMBOB_Enhanced.csv
"IBM BOB 1 - Group P&L",2026-06,TXN004241,AUS01,2026-06-23,4010,Revenue,"Service revenue","Operating Revenue",CORP,"Corporate Head Office","IBM Australia",BOB-PL-0033,PO-PL-5129,151941.94,Input,Ready,None,No,Raw_GL_Export_With_CostCenters_Mar2026_IBMBOB_Enhanced.csv
"IBM BOB 1 - Group P&L",2026-06,TXN004242,AUS01,2026-06-22,5300,"General and administrative","Professional services",External,VIC,"Victoria Operations","Energy Australia",BOB-PL-0034,PO-PL-5240,31741.65,Input,Ready,None,No,Raw_GL_Export_With_CostCenters_Mar2026_IBMBOB_Enhanced.csv
"IBM BOB 1 - Group P&L",2026-06,TXN004243,AUS01,2026-06-22,6030,"Cost of revenue","Manufacturing overhead",COGS,MKT,"Marketing & Sales","QBE Insurance",BOB-PL-0035,PO-PL-8422,83711.32,Input,Ready,None,No,Raw_GL_Export_With_CostCenters_Mar2026_IBMBOB_Enhanced.csv
"IBM BOB 1 - Group P&L",2026-06,TXN004244,AUS01,2026-06-23,5320,"General and administrative","Audit fees",External,MKT,"Marketing & Sales","Qantas Commercial",BOB-PL-0036,PO-PL-5626,104242.65,Input,Ready,None,No,Raw_GL_Export_With_CostCenters_Mar2026_IBMBOB_Enhanced.csv
"IBM BOB 1 - Group P&L",2026-06,TXN004245,AUS01,2026-06-20,5000,"General and administrative","Salaries and wages",Personnel,TAS,"Tasmania Operations","SAP Australia",BOB-PL-0037,PO-PL-2135,16280.72,Input,Ready,None,No,Raw_GL_Export_With_CostCenters_Mar2026_IBMBOB_Enhanced.csv
"IBM BOB 1 - Group P&L",2026-06,TXN004246,AUS01,2026-06-19,6020,"Cost of revenue","Direct labor",COGS,R&D,"Research & Development",Officeworks,BOB-PL-0038,PO-PL-7914,30639.06,Input,Ready,None,No,Raw_GL_Export_With_CostCenters_Mar2026_IBMBOB_Enhanced.csv
"IBM BOB 1 - Group P&L",2026-06,TXN004247,AUS01,2026-06-29,6020,"Cost of revenue","Direct labor",COGS,CORP,"Corporate Head Office","Google Ads",BOB-PL-0039,PO-PL-2720,105976.73,Input,Ready,None,No,Raw_GL_Export_With_CostCenters_Mar2026_IBMBOB_Enhanced.csv
"IBM BOB 1 - Group P&L",2026-06,TXN004248,AUS01,2026-06-13,2210,"Tax provision","Income tax payable","Current Liabilities",MKT,"Marketing & Sales","QBE Insurance",BOB-PL-0040,PO-PL-6110,11183.44,Input,Ready,None,No,Raw_GL_Export_With_CostCenters_Mar2026_IBMBOB_Enhanced.csv
"IBM BOB 1 - Group P&L",2026-06,TXN004249,NZL01,2026-06-24,6030,"Cost of revenue","Manufacturing overhead",COGS,OPS,"Operations & Logistics",Snowflake,BOB-PL-0041,PO-PL-8501,34200.26,Input,Ready,None,No,Raw_GL_Export_With_CostCenters_Mar2026_IBMBOB_Enhanced.csv
"IBM BOB 1 - Group P&L",2026-06,TXN004250,AUS01,2026-06-15,5320,"General and administrative","Audit fees",External,IT,"Information Technology","QBE Insurance",BOB-PL-0042,PO-PL-7691,61305.76,Input,Ready,None,No,Raw_GL_Export_With_CostCenters_Mar2026_IBMBOB_Enhanced.csv
"IBM BOB 1 - Group P&L",2026-06,TXN004251,NZL01,2026-06-24,4000,Revenue,"Product sales","Operating Revenue",NSW,"New South Wales Operations",Snowflake,BOB-PL-0043,PO-PL-9749,227154.75,Input,Ready,None,No,Raw_GL_Export_With_CostCenters_Mar2026_IBMBOB_Enhanced.csv
"IBM BOB 1 - Group P&L",2026-06,TXN004252,NZL01,2026-06-09,6020,"Cost of revenue","Direct labor",COGS,MKT,"Marketing & Sales","IBM Australia",BOB-PL-0044,PO-PL-9968,106447.92,Input,Ready,None,No,Raw_GL_Export_With_CostCenters_Mar2026_IBMBOB_Enhanced.csv
"IBM BOB 1 - Group P&L",2026-06,TXN004253,AUS01,2026-06-14,5010,"General and administrative","Employee benefits",Personnel,SA,"South Australia Operations",Deloitte,BOB-PL-0045,PO-PL-4533,104226.82,Input,Ready,None,No,Raw_GL_Export_With_CostCenters_Mar2026_IBMBOB_Enhanced.csv
"IBM BOB 1 - Group P&L",2026-06,TXN004254,AUS01,2026-06-25,4000,Revenue,"Product sales","Operating Revenue",NT,"Northern Territory Operations",Deloitte,BOB-PL-0046,PO-PL-4873,425290.70,Input,Ready,None,No,Raw_GL_Export_With_CostCenters_Mar2026_IBMBOB_Enhanced.csv
"IBM BOB 1 - Group P&L",2026-06,TXN004255,AUS01,2026-06-27,4000,Revenue,"Product sales","Operating Revenue",ACT,"Australian Capital Territory","Google Ads",BOB-PL-0047,PO-PL-2125,206129.82,Input,Ready,None,No,Raw_GL_Export_With_CostCenters_Mar2026_IBMBOB_Enhanced.csv
"IBM BOB 1 - Group P&L",2026-06,TXN004256,AUS01,2026-06-13,4100,"Other income / expense","Interest income","Non-Operating Revenue",IT,"Information Technology",Officeworks,BOB-PL-0048,PO-PL-2927,439349.98,Input,Ready,None,No,Raw_GL_Export_With_CostCenters_Mar2026_IBMBOB_Enhanced.csv
"IBM BOB 1 - Group P&L",2026-06,TXN004257,PNG01,2026-06-17,5100,"Other operating expenses","Office rent",Facilities,VIC,"Victoria Operations",LinkedIn,BOB-PL-0049,PO-PL-5741,29811.72,Input,Ready,None,No,Raw_GL_Export_With_CostCenters_Mar2026_IBMBOB_Enhanced.csv
"IBM BOB 1 - Group P&L",2026-06,TXN004258,AUS01,2026-06-12,6010,"Cost of revenue","Direct materials",COGS,NT,"Northern Territory Operations","Energy Australia",BOB-PL-0050,PO-PL-5195,14735.48,Input,Ready,None,No,Raw_GL_Export_With_CostCenters_Mar2026_IBMBOB_Enhanced.csv
"IBM BOB 1 - Group P&L",2026-06,TXN004259,AUS01,2026-06-31,5000,"General and administrative","Salaries and wages",Personnel,VIC,"Victoria Operations","Qantas Commercial",BOB-PL-0051,PO-PL-8401,33339.27,Input,Ready,None,No,Raw_GL_Export_With_CostCenters_Mar2026_IBMBOB_Enhanced.csv
"IBM BOB 1 - Group P&L",2026-06,TXN004260,AUS01,2026-06-27,4000,Revenue,"Product sales","Operating Revenue",R&D,"Research & Development","Qantas Commercial",BOB-PL-0052,PO-PL-6001,75676.05,Input,Ready,None,No,Raw_GL_Export_With_CostCenters_Mar2026_IBMBOB_Enhanced.csv
"IBM BOB 1 - Group P&L",2026-06,TXN004261,AUS01,2026-06-22,5110,"Other operating expenses",Utilities,Facilities,NSW,"New South Wales Operations",Snowflake,BOB-PL-0053,PO-PL-5686,95777.35,Input,Ready,None,No,Raw_GL_Export_With_CostCenters_Mar2026_IBMBOB_Enhanced.csv
"IBM BOB 1 - Group P&L",2026-06,TXN004262,NZL01,2026-06-06,6020,"Cost of revenue","Direct labor",COGS,CORP,"Corporate Head Office",Deloitte,BOB-PL-0054,PO-PL-7173,10424.18,Input,Ready,None,No,Raw_GL_Export_With_CostCenters_Mar2026_IBMBOB_Enhanced.csv
"IBM BOB 1 - Group P&L",2026-06,TXN004263,AUS01,2026-06-25,5000,"General and administrative","Salaries and wages",Personnel,NSW,"New South Wales Operations","Qantas Commercial",BOB-PL-0055,PO-PL-7177,161584.74,Input,Ready,None,No,Raw_GL_Export_With_CostCenters_Mar2026_IBMBOB_Enhanced.csv
"IBM BOB 1 - Group P&L",2026-06,TXN004264,FJI01,2026-06-12,5000,"General and administrative","Salaries and wages",Personnel,NT,"Northern Territory Operations",Deloitte,BOB-PL-0056,PO-PL-2618,74848.20,Input,Ready,None,No,Raw_GL_Export_With_CostCenters_Mar2026_IBMBOB_Enhanced.csv
"IBM BOB 1 - Group P&L",2026-06,TXN004265,AUS01,2026-06-05,5600,"Other operating expenses",Telecommunications,Operations,OPS,"Operations & Logistics","Google Ads",BOB-PL-0057,PO-PL-6357,151270.52,Input,Ready,None,No,Raw_GL_Export_With_CostCenters_Mar2026_IBMBOB_Enhanced.csv
"IBM BOB 1 - Group P&L",2026-06,TXN004266,AUS01,2026-06-16,5920,"Other income / expense","FX loss",Finance,ACT,"Australian Capital Territory",LinkedIn,BOB-PL-0058,PO-PL-5992,105652.09,Input,Ready,None,No,Raw_GL_Export_With_CostCenters_Mar2026_IBMBOB_Enhanced.csv
"IBM BOB 1 - Group P&L",2026-06,TXN004267,AUS01,2026-06-14,4000,Revenue,"Product sales","Operating Revenue",SA,"South Australia Operations","IBM Australia",BOB-PL-0059,PO-PL-6748,270788.86,Input,Ready,None,No,Raw_GL_Export_With_CostCenters_Mar2026_IBMBOB_Enhanced.csv
"IBM BOB 1 - Group P&L",2026-06,TXN004268,AUS01,2026-06-11,4010,Revenue,"Service revenue","Operating Revenue",SA,"South Australia Operations",AWS,BOB-PL-0060,PO-PL-4262,444159.47,Input,Ready,None,No,Raw_GL_Export_With_CostCenters_Mar2026_IBMBOB_Enhanced.csv
"IBM BOB 1 - Group P&L",2026-06,TXN004269,AUS01,2026-06-26,5100,"Other operating expenses","Office rent",Facilities,ACT,"Australian Capital Territory",Officeworks,BOB-PL-0061,PO-PL-4082,42317.52,Input,Ready,None,No,Raw_GL_Export_With_CostCenters_Mar2026_IBMBOB_Enhanced.csv
"IBM BOB 1 - Group P&L",2026-06,TXN004270,AUS01,2026-06-08,5510,"Sales and marketing",Advertising,Sales,IT,"Information Technology","SAP Australia",BOB-PL-0062,PO-PL-9922,21970.52,Input,Ready,None,No,Raw_GL_Export_With_CostCenters_Mar2026_IBMBOB_Enhanced.csv
"IBM BOB 1 - Group P&L",2026-06,TXN004271,AUS01,2026-06-24,4010,Revenue,"Service revenue","Operating Revenue",IT,"Information Technology",Officeworks,BOB-PL-0063,PO-PL-2270,95352.17,Input,Ready,None,No,Raw_GL_Export_With_CostCenters_Mar2026_IBMBOB_Enhanced.csv
"IBM BOB 1 - Group P&L",2026-06,TXN004272,AUS01,2026-06-04,5100,"Other operating expenses","Office rent",Facilities,ACT,"Australian Capital Territory","IBM Australia",BOB-PL-0064,PO-PL-2662,149127.05,Input,Ready,None,No,Raw_GL_Export_With_CostCenters_Mar2026_IBMBOB_Enhanced.csv
"IBM BOB 1 - Group P&L",2026-06,TXN004273,AUS01,2026-06-07,5510,"Sales and marketing",Advertising,Sales,IT,"Information Technology",LinkedIn,BOB-PL-0065,PO-PL-6963,58980.64,Input,Ready,None,No,Raw_GL_Export_With_CostCenters_Mar2026_IBMBOB_Enhanced.csv
"IBM BOB 1 - Group P&L",2026-06,TXN004274,AUS01,2026-06-12,5000,"General and administrative","Salaries and wages",Personnel,HR,"Human Resources","QBE Insurance",BOB-PL-0066,PO-PL-9263,152373.36,Input,Ready,None,No,Raw_GL_Export_With_CostCenters_Mar2026_IBMBOB_Enhanced.csv
"IBM BOB 1 - Group P&L",2026-06,TXN004275,AUS01,2026-06-17,6030,"Cost of revenue","Manufacturing overhead",COGS,VIC,"Victoria Operations","Google Ads",BOB-PL-0067,PO-PL-6473,12415.26,Input,Ready,None,No,Raw_GL_Export_With_CostCenters_Mar2026_IBMBOB_Enhanced.csv
"IBM BOB 1 - Group P&L",2026-06,TXN004276,AUS01,2026-06-30,5010,"General and administrative","Employee benefits",Personnel,VIC,"Victoria Operations",AWS,BOB-PL-0068,PO-PL-4498,86905.65,Input,Ready,None,No,Raw_GL_Export_With_CostCenters_Mar2026_IBMBOB_Enhanced.csv
"IBM BOB 1 - Group P&L",2026-06,TXN004277,AUS01,2026-06-20,5000,"General and administrative","Salaries and wages",Personnel,ACT,"Australian Capital Territory","IBM Australia",BOB-PL-0069,PO-PL-7851,62116.32,Input,Ready,None,No,Raw_GL_Export_With_CostCenters_Mar2026_IBMBOB_Enhanced.csv
"IBM BOB 1 - Group P&L",2026-06,TXN004278,AUS01,2026-06-11,6020,"Cost of revenue","Direct labor",COGS,ACT,"Australian Capital Territory","IBM Australia",BOB-PL-0070,PO-PL-5827,4736.83,Input,Ready,None,No,Raw_GL_Export_With_CostCenters_Mar2026_IBMBOB_Enhanced.csv
"IBM BOB 1 - Group P&L",2026-06,TXN004279,AUS01,2026-06-08,5500,"Sales and marketing","Campaign spend",Sales,ACT,"Australian Capital Territory","Qantas Commercial",BOB-PL-0071,PO-PL-5892,62804.63,Input,Ready,None,No,Raw_GL_Export_With_CostCenters_Mar2026_IBMBOB_Enhanced.csv
"IBM BOB 1 - Group P&L",2026-06,TXN004280,AUS01,2026-06-06,4020,Revenue,"Subscription revenue","Operating Revenue",NT,"Northern Territory Operations",Snowflake,BOB-PL-0072,PO-PL-8654,177969.81,Input,Ready,None,No,Raw_GL_Export_With_CostCenters_Mar2026_IBMBOB_Enhanced.csv
"IBM BOB 1 - Group P&L",2026-06,TXN004281,AUS01,2026-06-04,4020,Revenue,"Subscription revenue","Operating Revenue",WA,"Western Australia Operations","SAP Australia",BOB-PL-0073,PO-PL-4847,129211.35,Input,Ready,None,No,Raw_GL_Export_With_CostCenters_Mar2026_IBMBOB_Enhanced.csv
"IBM BOB 1 - Group P&L",2026-06,TXN004282,AUS01,2026-06-04,5000,"General and administrative","Salaries and wages",Personnel,R&D,"Research & Development","Google Ads",BOB-PL-0074,PO-PL-6331,410010.74,Input,"Requires review","Material variance > threshold",Yes,Raw_GL_Export_With_CostCenters_Mar2026_IBMBOB_Enhanced.csv
"IBM BOB 1 - Group P&L",2026-06,TXN004283,AUS01,2026-06-19,4020,Revenue,"Subscription revenue","Operating Revenue",OPS,"Operations & Logistics","Qantas Commercial",BOB-PL-0075,PO-PL-4061,267174.55,Input,Ready,None,No,Raw_GL_Export_With_CostCenters_Mar2026_IBMBOB_Enhanced.csv
"IBM BOB 1 - Group P&L",2026-06,TXN004284,AUS01,2026-06-04,4000,Revenue,"Product sales","Operating Revenue",MKT,"Marketing & Sales","SAP Australia",BOB-PL-0076,PO-PL-7131,449284.83,Input,Ready,None,No,Raw_GL_Export_With_CostCenters_Mar2026_IBMBOB_Enhanced.csv
"IBM BOB 1 - Group P&L",2026-06,TXN004285,AUS01,2026-06-19,4010,Revenue,"Service revenue","Operating Revenue",HR,"Human Resources","Google Ads",BOB-PL-0077,PO-PL-3251,413785.39,Input,Ready,None,No,Raw_GL_Export_With_CostCenters_Mar2026_IBMBOB_Enhanced.csv
"IBM BOB 1 - Group P&L",2026-06,TXN004286,AUS01,2026-06-23,4000,Revenue,"Product sales","Operating Revenue",HR,"Human Resources","Qantas Commercial",BOB-PL-0078,PO-PL-6170,342380.75,Input,Ready,None,No,Raw_GL_Export_With_CostCenters_Mar2026_IBMBOB_Enhanced.csv
"IBM BOB 1 - Group P&L",2026-06,TXN004287,AUS01,2026-06-08,5100,"Other operating expenses","Office rent",Facilities,SA,"South Australia Operations",Officeworks,BOB-PL-0079,PO-PL-9858,84218.03,Input,Ready,None,No,Raw_GL_Export_With_CostCenters_Mar2026_IBMBOB_Enhanced.csv
"IBM BOB 1 - Group P&L",2026-06,TXN004288,AUS01,2026-06-03,4000,Revenue,"Product sales","Operating Revenue",MKT,"Marketing & Sales",Deloitte,BOB-PL-0080,PO-PL-4072,430051.68,Input,Ready,None,No,Raw_GL_Export_With_CostCenters_Mar2026_IBMBOB_Enhanced.csv
"IBM BOB 1 - Group P&L",2026-06,TXN004289,AUS01,2026-06-07,4000,Revenue,"Product sales","Operating Revenue",FIN,"Finance & Accounting",AWS,BOB-PL-0081,PO-PL-8153,207651.13,Input,Ready,None,No,Raw_GL_Export_With_CostCenters_Mar2026_IBMBOB_Enhanced.csv
"IBM BOB 1 - Group P&L",2026-06,TXN004290,NZL01,2026-06-03,6010,"Cost of revenue","Direct materials",COGS,HR,"Human Resources",LinkedIn,BOB-PL-0082,PO-PL-2017,37010.67,Input,Ready,None,No,Raw_GL_Export_With_CostCenters_Mar2026_IBMBOB_Enhanced.csv
"IBM BOB 1 - Group P&L",2026-06,TXN004291,NZL01,2026-06-14,4010,Revenue,"Service revenue","Operating Revenue",CORP,"Corporate Head Office","SAP Australia",BOB-PL-0083,PO-PL-4646,110362.21,Input,Ready,None,No,Raw_GL_Export_With_CostCenters_Mar2026_IBMBOB_Enhanced.csv
"IBM BOB 1 - Group P&L",2026-06,TXN004292,AUS01,2026-06-09,5110,"Other operating expenses",Utilities,Facilities,VIC,"Victoria Operations",Deloitte,BOB-PL-0084,PO-PL-3003,43215.69,Input,Ready,None,No,Raw_GL_Export_With_CostCenters_Mar2026_IBMBOB_Enhanced.csv
"IBM BOB 1 - Group P&L",2026-06,TXN004293,AUS01,2026-06-25,5300,"General and administrative","Professional services",External,NT,"Northern Territory Operations","SAP Australia",BOB-PL-0085,PO-PL-8111,172200.90,Input,Ready,None,No,Raw_GL_Export_With_CostCenters_Mar2026_IBMBOB_Enhanced.csv
"IBM BOB 1 - Group P&L",2026-06,TXN004294,NZL01,2026-06-14,5300,"General and administrative","Professional services",External,QLD,"Queensland Operations","Energy Australia",BOB-PL-0086,PO-PL-2184,21455.55,Input,Ready,None,No,Raw_GL_Export_With_CostCenters_Mar2026_IBMBOB_Enhanced.csv
"IBM BOB 1 - Group P&L",2026-06,TXN004295,FJI01,2026-06-25,6010,"Cost of revenue","Direct materials",COGS,OPS,"Operations & Logistics",LinkedIn,BOB-PL-0087,PO-PL-5010,125904.60,Input,Ready,None,No,Raw_GL_Export_With_CostCenters_Mar2026_IBMBOB_Enhanced.csv
"IBM BOB 1 - Group P&L",2026-06,TXN004296,AUS01,2026-06-09,5510,"Sales and marketing",Advertising,Sales,R&D,"Research & Development",LinkedIn,BOB-PL-0088,PO-PL-9413,32984.28,Input,Ready,None,No,Raw_GL_Export_With_CostCenters_Mar2026_IBMBOB_Enhanced.csv
"IBM BOB 1 - Group P&L",2026-06,TXN004297,AUS01,2026-06-08,4000,Revenue,"Product sales","Operating Revenue",R&D,"Research & Development","Google Ads",BOB-PL-0089,PO-PL-2455,362973.10,Input,Ready,None,No,Raw_GL_Export_With_CostCenters_Mar2026_IBMBOB_Enhanced.csv
"IBM BOB 1 - Group P&L",2026-06,TXN004298,AUS01,2026-06-08,4020,Revenue,"Subscription revenue","Operating Revenue",R&D,"Research & Development","Melbourne Airport",BOB-PL-0090,PO-PL-5162,18501.08,Input,Ready,None,No,Raw_GL_Export_With_CostCenters_Mar2026_IBMBOB_Enhanced.csv
"IBM BOB 1 - Group P&L",2026-06,TXN004299,AUS01,2026-06-04,5110,"Other operating expenses",Utilities,Facilities,NT,"Northern Territory Operations",Officeworks,BOB-PL-0091,PO-PL-4875,176754.57,Input,Ready,None,No,Raw_GL_Export_With_CostCenters_Mar2026_IBMBOB_Enhanced.csv
"IBM BOB 1 - Group P&L",2026-06,TXN004300,AUS01,2026-06-13,6020,"Cost of revenue","Direct labor",COGS,OPS,"Operations & Logistics","IBM Australia",BOB-PL-0092,PO-PL-4977,121962.43,Input,Ready,None,No,Raw_GL_Export_With_CostCenters_Mar2026_IBMBOB_Enhanced.csv
"IBM BOB 1 - Group P&L",2026-06,TXN004301,FJI01,2026-06-28,5010,"General and administrative","Employee benefits",Personnel,SA,"South Australia Operations",Deloitte,BOB-PL-0093,PO-PL-8541,74727.11,Input,Ready,None,No,Raw_GL_Export_With_CostCenters_Mar2026_IBMBOB_Enhanced.csv
"IBM BOB 1 - Group P&L",2026-06,TXN004302,PNG01,2026-06-27,4010,Revenue,"Service revenue","Operating Revenue",IT,"Information Technology",LinkedIn,BOB-PL-0094,PO-PL-9611,386050.66,Input,Ready,None,No,Raw_GL_Export_With_CostCenters_Mar2026_IBMBOB_Enhanced.csv
"IBM BOB 1 - Group P&L",2026-06,TXN004303,AUS01,2026-06-17,5210,"Research and development","Cloud services",IT,VIC,"Victoria Operations",Deloitte,BOB-PL-0095,PO-PL-4105,106728.72,Input,Ready,None,No,Raw_GL_Export_With_CostCenters_Mar2026_IBMBOB_Enhanced.csv
"IBM BOB 1 - Group P&L",2026-06,TXN004304,AUS01,2026-06-08,5000,"General and administrative","Salaries and wages",Personnel,CORP,"Corporate Head Office",Deloitte,BOB-PL-0096,PO-PL-4007,131256.90,Input,Ready,None,No,Raw_GL_Export_With_CostCenters_Mar2026_IBMBOB_Enhanced.csv
"IBM BOB 1 - Group P&L",2026-06,TXN004305,AUS01,2026-06-19,4010,Revenue,"Service revenue","Operating Revenue",NT,"Northern Territory Operations","Energy Australia",BOB-PL-0097,PO-PL-3306,23240.11,Input,Ready,None,No,Raw_GL_Export_With_CostCenters_Mar2026_IBMBOB_Enhanced.csv
"IBM BOB 1 - Group P&L",2026-06,TXN004306,AUS01,2026-06-08,5200,"Research and development","Software licenses",IT,OPS,"Operations & Logistics",Officeworks,BOB-PL-0098,PO-PL-2271,125944.31,Input,Ready,None,No,Raw_GL_Export_With_CostCenters_Mar2026_IBMBOB_Enhanced.csv
"IBM BOB 1 - Group P&L",2026-06,TXN004307,AUS01,2026-06-14,6010,"Cost of revenue","Direct materials",COGS,HR,"Human Resources",Deloitte,BOB-PL-0099,PO-PL-4008,148008.99,Input,Ready,None,No,Raw_GL_Export_With_CostCenters_Mar2026_IBMBOB_Enhanced.csv
"IBM BOB 1 - Group P&L",2026-06,TXN004308,NZL01,2026-06-05,4000,Revenue,"Product sales","Operating Revenue",MKT,"Marketing & Sales","QBE Insurance",BOB-PL-0100,PO-PL-9810,144990.41,Input,Ready,None,No,Raw_GL_Export_With_CostCenters_Mar2026_IBMBOB_Enhanced.csv
"IBM BOB 1 - Group P&L",2026-06,TXN004309,PNG01,2026-06-18,4000,Revenue,"Product sales","Operating Revenue",MKT,"Marketing & Sales",Snowflake,BOB-PL-0101,PO-PL-9720,372949.68,Input,Ready,None,No,Raw_GL_Export_With_CostCenters_Mar2026_IBMBOB_Enhanced.csv
"IBM BOB 1 - Group P&L",2026-06,TXN004310,AUS01,2026-06-28,6010,"Cost of revenue","Direct materials",COGS,NT,"Northern Territory Operations",AWS,BOB-PL-0102,PO-PL-7770,161923.39,Input,Ready,None,No,Raw_GL_Export_With_CostCenters_Mar2026_IBMBOB_Enhanced.csv
"IBM BOB 1 - Group P&L",2026-06,TXN004311,FJI01,2026-06-14,5010,"General and administrative","Employee benefits",Personnel,NT,"Northern Territory Operations","SAP Australia",BOB-PL-0103,PO-PL-5750,150628.45,Input,Ready,None,No,Raw_GL_Export_With_CostCenters_Mar2026_IBMBOB_Enhanced.csv
"IBM BOB 1 - Group P&L",2026-06,TXN004312,AUS01,2026-06-05,5500,"Sales and marketing","Campaign spend",Sales,QLD,"Queensland Operations","Google Ads",BOB-PL-0104,PO-PL-2949,5557.07,Input,Ready,None,No,Raw_GL_Export_With_CostCenters_Mar2026_IBMBOB_Enhanced.csv
"IBM BOB 1 - Group P&L",2026-06,TXN004313,AUS01,2026-06-01,5000,"General and administrative","Salaries and wages",Personnel,NSW,"New South Wales Operations","Qantas Commercial",BOB-PL-0105,PO-PL-4159,12902.14,Input,Ready,None,No,Raw_GL_Export_With_CostCenters_Mar2026_IBMBOB_Enhanced.csv
"IBM BOB 1 - Group P&L",2026-06,TXN004314,PNG01,2026-06-13,4020,Revenue,"Subscription revenue","Operating Revenue",VIC,"Victoria Operations","SAP Australia",BOB-PL-0106,PO-PL-4334,193579.10,Input,Ready,None,No,Raw_GL_Export_With_CostCenters_Mar2026_IBMBOB_Enhanced.csv
"IBM BOB 1 - Group P&L",2026-06,TXN004315,AUS01,2026-06-26,4000,Revenue,"Product sales","Operating Revenue",SA,"South Australia Operations",Snowflake,BOB-PL-0107,PO-PL-7668,404466.37,Input,Ready,None,No,Raw_GL_Export_With_CostCenters_Mar2026_IBMBOB_Enhanced.csv
"IBM BOB 1 - Group P&L",2026-06,TXN004316,AUS01,2026-06-31,5110,"Other operating expenses",Utilities,Facilities,HR,"Human Resources",AWS,BOB-PL-0108,PO-PL-5412,34182.07,Input,Ready,None,No,Raw_GL_Export_With_CostCenters_Mar2026_IBMBOB_Enhanced.csv
"IBM BOB 1 - Group P&L",2026-06,TXN004317,AUS01,2026-06-27,5200,"Research and development","Software licenses",IT,IT,"Information Technology","Energy Australia",BOB-PL-0109,PO-PL-8668,101575.36,Input,Ready,None,No,Raw_GL_Export_With_CostCenters_Mar2026_IBMBOB_Enhanced.csv
"IBM BOB 1 - Group P&L",2026-06,TXN004318,AUS01,2026-06-14,5600,"Other operating expenses",Telecommunications,Operations,VIC,"Victoria Operations","Energy Australia",BOB-PL-0110,PO-PL-5421,112954.94,Input,Ready,None,No,Raw_GL_Export_With_CostCenters_Mar2026_IBMBOB_Enhanced.csv
"IBM BOB 1 - Group P&L",2026-06,TXN004319,PNG01,2026-06-22,6000,"Cost of revenue","Cost of goods sold",COGS,NT,"Northern Territory Operations","Melbourne Airport",BOB-PL-0111,PO-PL-5498,57722.48,Input,Ready,None,No,Raw_GL_Export_With_CostCenters_Mar2026_IBMBOB_Enhanced.csv
"IBM BOB 1 - Group P&L",2026-06,TXN004320,AUS01,2026-06-09,6030,"Cost of revenue","Manufacturing overhead",COGS,HR,"Human Resources","Qantas Commercial",BOB-PL-0112,PO-PL-8690,100823.05,Input,Ready,None,No,Raw_GL_Export_With_CostCenters_Mar2026_IBMBOB_Enhanced.csv
"IBM BOB 1 - Group P&L",2026-06,TXN004321,AUS01,2026-06-28,5500,"Sales and marketing","Campaign spend",Sales,QLD,"Queensland Operations",Deloitte,BOB-PL-0113,PO-PL-4143,38314.05,Input,Ready,None,No,Raw_GL_Export_With_CostCenters_Mar2026_IBMBOB_Enhanced.csv
"IBM BOB 1 - Group P&L",2026-06,TXN004322,AUS01,2026-06-02,5520,"Sales and marketing",Events,Sales,SA,"South Australia Operations",AWS,BOB-PL-0114,PO-PL-7237,52307.67,Input,Ready,None,No,Raw_GL_Export_With_CostCenters_Mar2026_IBMBOB_Enhanced.csv
"IBM BOB 1 - Group P&L",2026-06,TXN004323,AUS01,2026-06-07,5300,"General and administrative","Professional services",External,SA,"South Australia Operations","IBM Australia",BOB-PL-0115,PO-PL-7505,105939.32,Input,Ready,None,No,Raw_GL_Export_With_CostCenters_Mar2026_IBMBOB_Enhanced.csv
"IBM BOB 1 - Group P&L",2026-06,TXN004324,FJI01,2026-06-31,4000,Revenue,"Product sales","Operating Revenue",MKT,"Marketing & Sales","Melbourne Airport",BOB-PL-0116,PO-PL-9756,248081.19,Input,Ready,None,No,Raw_GL_Export_With_CostCenters_Mar2026_IBMBOB_Enhanced.csv
"IBM BOB 1 - Group P&L",2026-06,TXN004325,AUS01,2026-06-05,5210,"Research and development","Cloud services",IT,SA,"South Australia Operations","SAP Australia",BOB-PL-0117,PO-PL-4412,155300.40,Input,Ready,None,No,Raw_GL_Export_With_CostCenters_Mar2026_IBMBOB_Enhanced.csv
"IBM BOB 1 - Group P&L",2026-06,TXN004326,FJI01,2026-06-18,6020,"Cost of revenue","Direct labor",COGS,ACT,"Australian Capital Territory","Melbourne Airport",BOB-PL-0118,PO-PL-6180,174799.92,Input,Ready,None,No,Raw_GL_Export_With_CostCenters_Mar2026_IBMBOB_Enhanced.csv
"IBM BOB 1 - Group P&L",2026-06,TXN004327,AUS01,2026-06-07,5210,"Research and development","Cloud services",IT,VIC,"Victoria Operations","Qantas Commercial",BOB-PL-0119,PO-PL-4515,40124.56,Input,Ready,None,No,Raw_GL_Export_With_CostCenters_Mar2026_IBMBOB_Enhanced.csv
"IBM BOB 1 - Group P&L",2026-06,TXN004328,AUS01,2026-06-09,6010,"Cost of revenue","Direct materials",COGS,IT,"Information Technology",LinkedIn,BOB-PL-0120,PO-PL-6953,17406.40,Input,Ready,None,No,Raw_GL_Export_With_CostCenters_Mar2026_IBMBOB_Enhanced.csv
"IBM BOB 1 - Group P&L",2026-06,TXN004329,FJI01,2026-06-28,5210,"Research and development","Cloud services",IT,NT,"Northern Territory Operations","IBM Australia",BOB-PL-0121,PO-PL-7225,44093.40,Input,Ready,None,No,Raw_GL_Export_With_CostCenters_Mar2026_IBMBOB_Enhanced.csv
"IBM BOB 1 - Group P&L",2026-06,TXN004330,AUS01,2026-06-02,5700,"Research and development",Training,Development,CORP,"Corporate Head Office",Officeworks,BOB-PL-0122,PO-PL-2177,118593.44,Input,Ready,None,No,Raw_GL_Export_With_CostCenters_Mar2026_IBMBOB_Enhanced.csv
"IBM BOB 1 - Group P&L",2026-06,TXN004331,AUS01,2026-06-21,4020,Revenue,"Subscription revenue","Operating Revenue",OPS,"Operations & Logistics","SAP Australia",BOB-PL-0123,PO-PL-2862,336170.18,Input,Ready,None,No,Raw_GL_Export_With_CostCenters_Mar2026_IBMBOB_Enhanced.csv
"IBM BOB 1 - Group P&L",2026-06,TXN004332,AUS01,2026-06-30,6030,"Cost of revenue","Manufacturing overhead",COGS,SA,"South Australia Operations","Melbourne Airport",BOB-PL-0124,PO-PL-7790,4003.32,Input,Ready,None,No,Raw_GL_Export_With_CostCenters_Mar2026_IBMBOB_Enhanced.csv
"IBM BOB 1 - Group P&L",2026-06,TXN004333,NZL01,2026-06-11,6010,"Cost of revenue","Direct materials",COGS,SA,"South Australia Operations",Deloitte,BOB-PL-0125,PO-PL-2150,33216.79,Input,Ready,None,No,Raw_GL_Export_With_CostCenters_Mar2026_IBMBOB_Enhanced.csv
"IBM BOB 1 - Group P&L",2026-06,TXN004334,PNG01,2026-06-26,5000,"General and administrative","Salaries and wages",Personnel,R&D,"Research & Development",LinkedIn,BOB-PL-0126,PO-PL-7932,144730.51,Input,Ready,None,No,Raw_GL_Export_With_CostCenters_Mar2026_IBMBOB_Enhanced.csv
"IBM BOB 1 - Group P&L",2026-06,TXN004335,AUS01,2026-06-04,2210,"Tax provision","Income tax payable","Current Liabilities",ACT,"Australian Capital Territory","Energy Australia",BOB-PL-0127,PO-PL-4236,38701.66,Input,Ready,None,No,Raw_GL_Export_With_CostCenters_Mar2026_IBMBOB_Enhanced.csv
"IBM BOB 1 - Group P&L",2026-06,TXN004336,AUS01,2026-06-01,4000,Revenue,"Product sales","Operating Revenue",VIC,"Victoria Operations","Melbourne Airport",BOB-PL-0128,PO-PL-4644,31981.87,Input,Ready,None,No,Raw_GL_Export_With_CostCenters_Mar2026_IBMBOB_Enhanced.csv
"IBM BOB 1 - Group P&L",2026-06,TXN004337,AUS01,2026-06-22,4000,Revenue,"Product sales","Operating Revenue",NT,"Northern Territory Operations","Energy Australia",BOB-PL-0129,PO-PL-7374,409230.51,Input,Ready,None,No,Raw_GL_Export_With_CostCenters_Mar2026_IBMBOB_Enhanced.csv
"IBM BOB 1 - Group P&L",2026-06,TXN004338,AUS01,2026-06-30,5210,"Research and development","Cloud services",IT,FIN,"Finance & Accounting","Google Ads",BOB-PL-0130,PO-PL-4079,101341.02,Input,Ready,None,No,Raw_GL_Export_With_CostCenters_Mar2026_IBMBOB_Enhanced.csv
"IBM BOB 1 - Group P&L",2026-06,TXN004339,AUS01,2026-06-19,5510,"Sales and marketing",Advertising,Sales,OPS,"Operations & Logistics","Melbourne Airport",BOB-PL-0131,PO-PL-8438,36666.16,Input,Ready,None,No,Raw_GL_Export_With_CostCenters_Mar2026_IBMBOB_Enhanced.csv
"IBM BOB 1 - Group P&L",2026-06,TXN004340,AUS01,2026-06-17,5010,"General and administrative","Employee benefits",Personnel,TAS,"Tasmania Operations",LinkedIn,BOB-PL-0132,PO-PL-2359,42211.79,Input,Ready,None,No,Raw_GL_Export_With_CostCenters_Mar2026_IBMBOB_Enhanced.csv
"IBM BOB 1 - Group P&L",2026-06,TXN004341,AUS01,2026-06-11,2210,"Tax provision","Income tax payable","Current Liabilities",QLD,"Queensland Operations",Officeworks,BOB-PL-0133,PO-PL-3414,62653.70,Input,Ready,None,No,Raw_GL_Export_With_CostCenters_Mar2026_IBMBOB_Enhanced.csv
"IBM BOB 1 - Group P&L",2026-06,TXN004342,AUS01,2026-06-25,5200,"Research and development","Software licenses",IT,IT,"Information Technology","Google Ads",BOB-PL-0134,PO-PL-4244,90669.92,Input,Ready,None,No,Raw_GL_Export_With_CostCenters_Mar2026_IBMBOB_Enhanced.csv
"IBM BOB 1 - Group P&L",2026-06,TXN004343,AUS01,2026-06-10,4010,Revenue,"Service revenue","Operating Revenue",WA,"Western Australia Operations",AWS,BOB-PL-0135,PO-PL-3039,92395.64,Input,Ready,None,No,Raw_GL_Export_With_CostCenters_Mar2026_IBMBOB_Enhanced.csv
"IBM BOB 1 - Group P&L",2026-06,TXN004344,PNG01,2026-06-14,5110,"Other operating expenses",Utilities,Facilities,IT,"Information Technology","Melbourne Airport",BOB-PL-0136,PO-PL-5769,32759.52,Input,Ready,None,No,Raw_GL_Export_With_CostCenters_Mar2026_IBMBOB_Enhanced.csv
"IBM BOB 1 - Group P&L",2026-06,TXN004345,AUS01,2026-06-11,5500,"Sales and marketing","Campaign spend",Sales,CORP,"Corporate Head Office",Deloitte,BOB-PL-0137,PO-PL-7726,111593.63,Input,Ready,None,No,Raw_GL_Export_With_CostCenters_Mar2026_IBMBOB_Enhanced.csv
"IBM BOB 1 - Group P&L",2026-06,TXN004346,AUS01,2026-06-06,4020,Revenue,"Subscription revenue","Operating Revenue",MKT,"Marketing & Sales",Officeworks,BOB-PL-0138,PO-PL-2008,205434.46,Input,Ready,None,No,Raw_GL_Export_With_CostCenters_Mar2026_IBMBOB_Enhanced.csv
"IBM BOB 1 - Group P&L",2026-06,TXN004347,PNG01,2026-06-10,5300,"General and administrative","Professional services",External,CORP,"Corporate Head Office",AWS,BOB-PL-0139,PO-PL-7950,96744.61,Input,Ready,None,No,Raw_GL_Export_With_CostCenters_Mar2026_IBMBOB_Enhanced.csv
"IBM BOB 1 - Group P&L",2026-06,TXN004348,AUS01,2026-06-29,6000,"Cost of revenue","Cost of goods sold",COGS,CORP,"Corporate Head Office","Energy Australia",BOB-PL-0140,PO-PL-3110,101691.32,Input,Ready,None,No,Raw_GL_Export_With_CostCenters_Mar2026_IBMBOB_Enhanced.csv
"IBM BOB 1 - Group P&L",2026-06,TXN004349,PNG01,2026-06-20,5000,"General and administrative","Salaries and wages",Personnel,NSW,"New South Wales Operations","Google Ads",BOB-PL-0141,PO-PL-6233,60086.74,Input,Ready,None,No,Raw_GL_Export_With_CostCenters_Mar2026_IBMBOB_Enhanced.csv
"IBM BOB 1 - Group P&L",2026-06,TXN004350,AUS01,2026-06-02,6010,"Cost of revenue","Direct materials",COGS,HR,"Human Resources","Energy Australia",BOB-PL-0142,PO-PL-3781,146944.43,Input,Ready,None,No,Raw_GL_Export_With_CostCenters_Mar2026_IBMBOB_Enhanced.csv
"IBM BOB 1 - Group P&L",2026-06,TXN004351,AUS01,2026-06-21,4000,Revenue,"Product sales","Operating Revenue",VIC,"Victoria Operations",Snowflake,BOB-PL-0143,PO-PL-2899,406857.11,Input,Ready,None,No,Raw_GL_Export_With_CostCenters_Mar2026_IBMBOB_Enhanced.csv
"IBM BOB 1 - Group P&L",2026-06,TXN004352,AUS01,2026-06-21,4000,Revenue,"Product sales","Operating Revenue",OPS,"Operations & Logistics","Google Ads",BOB-PL-0144,PO-PL-5348,231745.73,Input,Ready,None,No,Raw_GL_Export_With_CostCenters_Mar2026_IBMBOB_Enhanced.csv
"IBM BOB 1 - Group P&L",2026-06,TXN004353,AUS01,2026-06-05,6010,"Cost of revenue","Direct materials",COGS,WA,"Western Australia Operations","QBE Insurance",BOB-PL-0145,PO-PL-9747,67500.34,Input,Ready,None,No,Raw_GL_Export_With_CostCenters_Mar2026_IBMBOB_Enhanced.csv
"IBM BOB 1 - Group P&L",2026-06,TXN004354,AUS01,2026-06-16,5000,"General and administrative","Salaries and wages",Personnel,WA,"Western Australia Operations",Officeworks,BOB-PL-0146,PO-PL-7581,25686.10,Input,Ready,None,No,Raw_GL_Export_With_CostCenters_Mar2026_IBMBOB_Enhanced.csv
"IBM BOB 1 - Group P&L",2026-06,TXN004355,AUS01,2026-06-12,4010,Revenue,"Service revenue","Operating Revenue",MKT,"Marketing & Sales","SAP Australia",BOB-PL-0147,PO-PL-5802,50461.69,Input,Ready,None,No,Raw_GL_Export_With_CostCenters_Mar2026_IBMBOB_Enhanced.csv
"IBM BOB 1 - Group P&L",2026-06,TXN004356,AUS01,2026-06-19,5010,"General and administrative","Employee benefits",Personnel,R&D,"Research & Development","Energy Australia",BOB-PL-0148,PO-PL-9412,36802.19,Input,Ready,None,No,Raw_GL_Export_With_CostCenters_Mar2026_IBMBOB_Enhanced.csv
"IBM BOB 1 - Group P&L",2026-06,TXN004357,AUS01,2026-06-15,6000,"Cost of revenue","Cost of goods sold",COGS,NT,"Northern Territory Operations","SAP Australia",BOB-PL-0149,PO-PL-7301,85431.15,Input,Ready,None,No,Raw_GL_Export_With_CostCenters_Mar2026_IBMBOB_Enhanced.csv
"IBM BOB 1 - Group P&L",2026-06,TXN004358,NZL01,2026-06-07,5210,"Research and development","Cloud services",IT,R&D,"Research & Development",Officeworks,BOB-PL-0150,PO-PL-3718,176535.28,Input,Ready,None,No,Raw_GL_Export_With_CostCenters_Mar2026_IBMBOB_Enhanced.csv
"IBM BOB 1 - Group P&L",2026-06,TXN004359,AUS01,2026-06-10,5010,"General and administrative","Employee benefits",Personnel,CORP,"Corporate Head Office","Melbourne Airport",BOB-PL-0151,PO-PL-2060,70525.08,Input,Ready,None,No,Raw_GL_Export_With_CostCenters_Mar2026_IBMBOB_Enhanced.csv
"IBM BOB 1 - Group P&L",2026-06,TXN004360,PNG01,2026-06-16,4000,Revenue,"Product sales","Operating Revenue",HR,"Human Resources","Qantas Commercial",BOB-PL-0152,PO-PL-9327,206885.35,Input,Ready,None,No,Raw_GL_Export_With_CostCenters_Mar2026_IBMBOB_Enhanced.csv
"IBM BOB 1 - Group P&L",2026-06,TXN004361,AUS01,2026-06-22,5500,"Sales and marketing","Campaign spend",Sales,MKT,"Marketing & Sales","Qantas Commercial",BOB-PL-0153,PO-PL-4396,173525.05,Input,Ready,None,No,Raw_GL_Export_With_CostCenters_Mar2026_IBMBOB_Enhanced.csv
"IBM BOB 1 - Group P&L",2026-06,TXN004362,AUS01,2026-06-22,5100,"Other operating expenses","Office rent",Facilities,IT,"Information Technology",LinkedIn,BOB-PL-0154,PO-PL-9386,20434.07,Input,Ready,None,No,Raw_GL_Export_With_CostCenters_Mar2026_IBMBOB_Enhanced.csv
"IBM BOB 1 - Group P&L",2026-06,TXN004363,PNG01,2026-06-21,5200,"Research and development","Software licenses",IT,HR,"Human Resources","Qantas Commercial",BOB-PL-0155,PO-PL-8744,34666.25,Input,Ready,None,No,Raw_GL_Export_With_CostCenters_Mar2026_IBMBOB_Enhanced.csv
"IBM BOB 1 - Group P&L",2026-06,TXN004364,AUS01,2026-06-10,5210,"Research and development","Cloud services",IT,VIC,"Victoria Operations","Google Ads",BOB-PL-0156,PO-PL-3267,74201.73,Input,Ready,None,No,Raw_GL_Export_With_CostCenters_Mar2026_IBMBOB_Enhanced.csv
"IBM BOB 1 - Group P&L",2026-06,TXN004365,AUS01,2026-06-26,5000,"General and administrative","Salaries and wages",Personnel,NSW,"New South Wales Operations","IBM Australia",BOB-PL-0157,PO-PL-6137,113627.53,Input,Ready,None,No,Raw_GL_Export_With_CostCenters_Mar2026_IBMBOB_Enhanced.csv
"IBM BOB 1 - Group P&L",2026-06,TXN004366,AUS01,2026-06-11,5100,"Other operating expenses","Office rent",Facilities,NSW,"New South Wales Operations",Snowflake,BOB-PL-0158,PO-PL-5158,11830.61,Input,Ready,None,No,Raw_GL_Export_With_CostCenters_Mar2026_IBMBOB_Enhanced.csv
"IBM BOB 1 - Group P&L",2026-06,TXN004367,AUS01,2026-06-31,5300,"General and administrative","Professional services",External,NSW,"New South Wales Operations",Deloitte,BOB-PL-0159,PO-PL-5697,29012.65,Input,Ready,None,No,Raw_GL_Export_With_CostCenters_Mar2026_IBMBOB_Enhanced.csv
"IBM BOB 1 - Group P&L",2026-06,TXN004368,NZL01,2026-06-02,4000,Revenue,"Product sales","Operating Revenue",IT,"Information Technology",Snowflake,BOB-PL-0160,PO-PL-8494,126959.93,Input,Ready,None,No,Raw_GL_Export_With_CostCenters_Mar2026_IBMBOB_Enhanced.csv
"IBM BOB 1 - Group P&L",2026-06,TXN004369,NZL01,2026-06-10,5000,"General and administrative","Salaries and wages",Personnel,NSW,"New South Wales Operations","Qantas Commercial",BOB-PL-0161,PO-PL-5294,81504.44,Input,Ready,None,No,Raw_GL_Export_With_CostCenters_Mar2026_IBMBOB_Enhanced.csv
"IBM BOB 1 - Group P&L",2026-06,TXN004370,AUS01,2026-06-21,6010,"Cost of revenue","Direct materials",COGS,SA,"South Australia Operations","Qantas Commercial",BOB-PL-0162,PO-PL-9391,163448.66,Input,Ready,None,No,Raw_GL_Export_With_CostCenters_Mar2026_IBMBOB_Enhanced.csv
"IBM BOB 1 - Group P&L",2026-06,TXN004371,NZL01,2026-06-18,5700,"Research and development",Training,Development,R&D,"Research & Development",LinkedIn,BOB-PL-0163,PO-PL-9538,126324.78,Input,Ready,None,No,Raw_GL_Export_With_CostCenters_Mar2026_IBMBOB_Enhanced.csv
"IBM BOB 1 - Group P&L",2026-06,TXN004372,AUS01,2026-06-16,4010,Revenue,"Service revenue","Operating Revenue",FIN,"Finance & Accounting",AWS,BOB-PL-0164,PO-PL-8226,56474.85,Input,Ready,None,No,Raw_GL_Export_With_CostCenters_Mar2026_IBMBOB_Enhanced.csv
"IBM BOB 1 - Group P&L",2026-06,TXN004373,FJI01,2026-06-31,4010,Revenue,"Service revenue","Operating Revenue",VIC,"Victoria Operations","Qantas Commercial",BOB-PL-0165,PO-PL-3251,379454.53,Input,Ready,None,No,Raw_GL_Export_With_CostCenters_Mar2026_IBMBOB_Enhanced.csv
"IBM BOB 1 - Group P&L",2026-06,TXN004374,AUS01,2026-06-13,5700,"Research and development",Training,Development,QLD,"Queensland Operations","Energy Australia",BOB-PL-0166,PO-PL-6539,95877.49,Input,Ready,None,No,Raw_GL_Export_With_CostCenters_Mar2026_IBMBOB_Enhanced.csv
"IBM BOB 1 - Group P&L",2026-06,TXN004375,AUS01,2026-06-29,5210,"Research and development","Cloud services",IT,VIC,"Victoria Operations","Google Ads",BOB-PL-0167,PO-PL-6576,17996.49,Input,Ready,None,No,Raw_GL_Export_With_CostCenters_Mar2026_IBMBOB_Enhanced.csv
"IBM BOB 1 - Group P&L",2026-06,TXN004376,AUS01,2026-06-21,5600,"Other operating expenses",Telecommunications,Operations,VIC,"Victoria Operations","Qantas Commercial",BOB-PL-0168,PO-PL-2392,126323.25,Input,Ready,None,No,Raw_GL_Export_With_CostCenters_Mar2026_IBMBOB_Enhanced.csv
"IBM BOB 1 - Group P&L",2026-06,TXN004377,AUS01,2026-06-12,6000,"Cost of revenue","Cost of goods sold",COGS,MKT,"Marketing & Sales",Snowflake,BOB-PL-0169,PO-PL-3881,144563.71,Input,Ready,None,No,Raw_GL_Export_With_CostCenters_Mar2026_IBMBOB_Enhanced.csv
"IBM BOB 1 - Group P&L",2026-06,TXN004378,AUS01,2026-06-18,4020,Revenue,"Subscription revenue","Operating Revenue",NSW,"New South Wales Operations","Energy Australia",BOB-PL-0170,PO-PL-5362,418186.59,Input,Ready,None,No,Raw_GL_Export_With_CostCenters_Mar2026_IBMBOB_Enhanced.csv
"IBM BOB 1 - Group P&L",2026-06,TXN004379,AUS01,2026-06-07,5000,"General and administrative","Salaries and wages",Personnel,R&D,"Research & Development","Melbourne Airport",BOB-PL-0171,PO-PL-4623,138076.56,Input,Ready,None,No,Raw_GL_Export_With_CostCenters_Mar2026_IBMBOB_Enhanced.csv
"IBM BOB 1 - Group P&L",2026-06,TXN004380,AUS01,2026-06-24,6030,"Cost of revenue","Manufacturing overhead",COGS,NSW,"New South Wales Operations","Energy Australia",BOB-PL-0172,PO-PL-6304,107243.27,Input,Ready,None,No,Raw_GL_Export_With_CostCenters_Mar2026_IBMBOB_Enhanced.csv
"IBM BOB 1 - Group P&L",2026-06,TXN004381,AUS01,2026-06-08,4000,Revenue,"Product sales","Operating Revenue",HR,"Human Resources",LinkedIn,BOB-PL-0173,PO-PL-8308,240689.06,Input,Ready,None,No,Raw_GL_Export_With_CostCenters_Mar2026_IBMBOB_Enhanced.csv
"IBM BOB 1 - Group P&L",2026-06,TXN004382,AUS01,2026-06-13,6020,"Cost of revenue","Direct labor",COGS,NSW,"New South Wales Operations","Google Ads",BOB-PL-0174,PO-PL-7055,32133.78,Input,Ready,None,No,Raw_GL_Export_With_CostCenters_Mar2026_IBMBOB_Enhanced.csv
"IBM BOB 1 - Group P&L",2026-06,TXN004383,AUS01,2026-06-26,6000,"Cost of revenue","Cost of goods sold",COGS,R&D,"Research & Development","Energy Australia",BOB-PL-0175,PO-PL-7723,62360.50,Input,Ready,None,No,Raw_GL_Export_With_CostCenters_Mar2026_IBMBOB_Enhanced.csv
"IBM BOB 1 - Group P&L",2026-06,TXN004384,AUS01,2026-06-04,4010,Revenue,"Service revenue","Operating Revenue",ACT,"Australian Capital Territory","Qantas Commercial",BOB-PL-0176,PO-PL-9232,417856.55,Input,Ready,None,No,Raw_GL_Export_With_CostCenters_Mar2026_IBMBOB_Enhanced.csv
"IBM BOB 1 - Group P&L",2026-06,TXN004385,AUS01,2026-06-17,5000,"General and administrative","Salaries and wages",Personnel,QLD,"Queensland Operations","Melbourne Airport",BOB-PL-0177,PO-PL-6587,161556.02,Input,Ready,None,No,Raw_GL_Export_With_CostCenters_Mar2026_IBMBOB_Enhanced.csv
"IBM BOB 1 - Group P&L",2026-06,TXN004386,AUS01,2026-06-12,4000,Revenue,"Product sales","Operating Revenue",CORP,"Corporate Head Office",LinkedIn,BOB-PL-0178,PO-PL-7273,167154.50,Input,Ready,None,No,Raw_GL_Export_With_CostCenters_Mar2026_IBMBOB_Enhanced.csv
"IBM BOB 1 - Group P&L",2026-06,TXN004387,NZL01,2026-06-05,4020,Revenue,"Subscription revenue","Operating Revenue",OPS,"Operations & Logistics",AWS,BOB-PL-0179,PO-PL-5778,365817.16,Input,Ready,None,No,Raw_GL_Export_With_CostCenters_Mar2026_IBMBOB_Enhanced.csv
"IBM BOB 1 - Group P&L",2026-06,TXN004388,AUS01,2026-06-19,4000,Revenue,"Product sales","Operating Revenue",VIC,"Victoria Operations","Energy Australia",BOB-PL-0180,PO-PL-8888,311503.49,Input,Ready,None,No,Raw_GL_Export_With_CostCenters_Mar2026_IBMBOB_Enhanced.csv
"IBM BOB 1 - Group P&L",2026-06,TXN004389,AUS01,2026-06-24,5510,"Sales and marketing",Advertising,Sales,NSW,"New South Wales Operations","IBM Australia",BOB-PL-0181,PO-PL-2290,98319.15,Input,Ready,None,No,Raw_GL_Export_With_CostCenters_Mar2026_IBMBOB_Enhanced.csv
"IBM BOB 1 - Group P&L",2026-06,TXN004390,AUS01,2026-06-06,6010,"Cost of revenue","Direct materials",COGS,VIC,"Victoria Operations","Qantas Commercial",BOB-PL-0182,PO-PL-4068,26720.17,Input,Ready,None,No,Raw_GL_Export_With_CostCenters_Mar2026_IBMBOB_Enhanced.csv
"IBM BOB 1 - Group P&L",2026-06,TXN004391,PNG01,2026-06-05,5520,"Sales and marketing",Events,Sales,TAS,"Tasmania Operations","QBE Insurance",BOB-PL-0183,PO-PL-7086,77499.24,Input,Ready,None,No,Raw_GL_Export_With_CostCenters_Mar2026_IBMBOB_Enhanced.csv
"IBM BOB 1 - Group P&L",2026-06,TXN004392,AUS01,2026-06-30,5520,"Sales and marketing",Events,Sales,WA,"Western Australia Operations",Officeworks,BOB-PL-0184,PO-PL-5811,122612.97,Input,Ready,None,No,Raw_GL_Export_With_CostCenters_Mar2026_IBMBOB_Enhanced.csv
"IBM BOB 1 - Group P&L",2026-06,TXN004393,NZL01,2026-06-12,5300,"General and administrative","Professional services",External,VIC,"Victoria Operations","SAP Australia",BOB-PL-0185,PO-PL-9991,124001.98,Input,Ready,None,No,Raw_GL_Export_With_CostCenters_Mar2026_IBMBOB_Enhanced.csv
"IBM BOB 1 - Group P&L",2026-06,TXN004394,AUS01,2026-06-16,5000,"General and administrative","Salaries and wages",Personnel,TAS,"Tasmania Operations","Qantas Commercial",BOB-PL-0186,PO-PL-7726,71987.92,Input,Ready,None,No,Raw_GL_Export_With_CostCenters_Mar2026_IBMBOB_Enhanced.csv
"IBM BOB 1 - Group P&L",2026-06,TXN004395,AUS01,2026-06-10,6010,"Cost of revenue","Direct materials",COGS,NSW,"New South Wales Operations",LinkedIn,BOB-PL-0187,PO-PL-5786,143489.99,Input,Ready,None,No,Raw_GL_Export_With_CostCenters_Mar2026_IBMBOB_Enhanced.csv
"IBM BOB 1 - Group P&L",2026-06,TXN004396,AUS01,2026-06-19,6020,"Cost of revenue","Direct labor",COGS,HR,"Human Resources","QBE Insurance",BOB-PL-0188,PO-PL-9660,163340.22,Input,Ready,None,No,Raw_GL_Export_With_CostCenters_Mar2026_IBMBOB_Enhanced.csv
"IBM BOB 1 - Group P&L",2026-06,TXN004397,AUS01,2026-06-28,6010,"Cost of revenue","Direct materials",COGS,WA,"Western Australia Operations","IBM Australia",BOB-PL-0189,PO-PL-5664,99900.66,Input,Ready,None,No,Raw_GL_Export_With_CostCenters_Mar2026_IBMBOB_Enhanced.csv
"IBM BOB 1 - Group P&L",2026-06,TXN004398,AUS01,2026-06-31,5320,"General and administrative","Audit fees",External,MKT,"Marketing & Sales","QBE Insurance",BOB-PL-0190,PO-PL-8519,61172.06,Input,Ready,None,No,Raw_GL_Export_With_CostCenters_Mar2026_IBMBOB_Enhanced.csv
"IBM BOB 1 - Group P&L",2026-06,TXN004399,NZL01,2026-06-18,4000,Revenue,"Product sales","Operating Revenue",NT,"Northern Territory Operations",Deloitte,BOB-PL-0191,PO-PL-8200,292697.22,Input,Ready,None,No,Raw_GL_Export_With_CostCenters_Mar2026_IBMBOB_Enhanced.csv
"IBM BOB 1 - Group P&L",2026-06,TXN004400,AUS01,2026-06-10,6010,"Cost of revenue","Direct materials",COGS,NSW,"New South Wales Operations",AWS,BOB-PL-0192,PO-PL-5421,123154.96,Input,Ready,None,No,Raw_GL_Export_With_CostCenters_Mar2026_IBMBOB_Enhanced.csv
"IBM BOB 1 - Group P&L",2026-06,TXN004401,PNG01,2026-06-02,4000,Revenue,"Product sales","Operating Revenue",NT,"Northern Territory Operations","SAP Australia",BOB-PL-0193,PO-PL-9986,297332.26,Input,Ready,None,No,Raw_GL_Export_With_CostCenters_Mar2026_IBMBOB_Enhanced.csv
"IBM BOB 1 - Group P&L",2026-06,TXN004402,AUS01,2026-06-28,5700,"Research and development",Training,Development,WA,"Western Australia Operations",Snowflake,BOB-PL-0194,PO-PL-2357,141344.10,Input,Ready,None,No,Raw_GL_Export_With_CostCenters_Mar2026_IBMBOB_Enhanced.csv
"IBM BOB 1 - Group P&L",2026-06,TXN004403,NZL01,2026-06-05,2210,"Tax provision","Income tax payable","Current Liabilities",FIN,"Finance & Accounting","Melbourne Airport",BOB-PL-0195,PO-PL-2098,65111.62,Input,Ready,None,No,Raw_GL_Export_With_CostCenters_Mar2026_IBMBOB_Enhanced.csv
"IBM BOB 1 - Group P&L",2026-06,TXN004404,NZL01,2026-06-19,5010,"General and administrative","Employee benefits",Personnel,QLD,"Queensland Operations",LinkedIn,BOB-PL-0196,PO-PL-3505,19327.32,Input,Ready,None,No,Raw_GL_Export_With_CostCenters_Mar2026_IBMBOB_Enhanced.csv
"IBM BOB 1 - Group P&L",2026-06,TXN004405,AUS01,2026-06-16,6030,"Cost of revenue","Manufacturing overhead",COGS,R&D,"Research & Development","Qantas Commercial",BOB-PL-0197,PO-PL-4544,97472.40,Input,Ready,None,No,Raw_GL_Export_With_CostCenters_Mar2026_IBMBOB_Enhanced.csv
"IBM BOB 1 - Group P&L",2026-06,TXN004406,AUS01,2026-06-31,5200,"Research and development","Software licenses",IT,SA,"South Australia Operations","Google Ads",BOB-PL-0198,PO-PL-6347,177691.56,Input,Ready,None,No,Raw_GL_Export_With_CostCenters_Mar2026_IBMBOB_Enhanced.csv
"IBM BOB 1 - Group P&L",2026-06,TXN004407,AUS01,2026-06-24,5010,"General and administrative","Employee benefits",Personnel,WA,"Western Australia Operations",Snowflake,BOB-PL-0199,PO-PL-8850,122619.37,Input,Ready,None,No,Raw_GL_Export_With_CostCenters_Mar2026_IBMBOB_Enhanced.csv
"IBM BOB 1 - Group P&L",2026-06,TXN004408,FJI01,2026-06-21,5700,"Research and development",Training,Development,SA,"South Australia Operations",AWS,BOB-PL-0200,PO-PL-9767,58689.74,Input,Ready,None,No,Raw_GL_Export_With_CostCenters_Mar2026_IBMBOB_Enhanced.csv
"IBM BOB 1 - Group P&L",2026-06,TXN004409,AUS01,2026-06-20,5920,"Other income / expense","FX loss",Finance,ACT,"Australian Capital Territory","Qantas Commercial",BOB-PL-0201,PO-PL-4947,89811.08,Input,Ready,None,No,Raw_GL_Export_With_CostCenters_Mar2026_IBMBOB_Enhanced.csv
"IBM BOB 1 - Group P&L",2026-06,TXN004410,AUS01,2026-06-05,5600,"Other operating expenses",Telecommunications,Operations,CORP,"Corporate Head Office","Melbourne Airport",BOB-PL-0202,PO-PL-4259,87490.67,Input,Ready,None,No,Raw_GL_Export_With_CostCenters_Mar2026_IBMBOB_Enhanced.csv
"IBM BOB 1 - Group P&L",2026-06,TXN004411,AUS01,2026-06-27,5200,"Research and development","Software licenses",IT,MKT,"Marketing & Sales",Officeworks,BOB-PL-0203,PO-PL-6500,95107.62,Input,Ready,None,No,Raw_GL_Export_With_CostCenters_Mar2026_IBMBOB_Enhanced.csv
"IBM BOB 1 - Group P&L",2026-06,TXN004412,NZL01,2026-06-08,6020,"Cost of revenue","Direct labor",COGS,NT,"Northern Territory Operations","Melbourne Airport",BOB-PL-0204,PO-PL-7424,31894.90,Input,Ready,None,No,Raw_GL_Export_With_CostCenters_Mar2026_IBMBOB_Enhanced.csv
"IBM BOB 1 - Group P&L",2026-06,TXN004413,NZL01,2026-06-26,6020,"Cost of revenue","Direct labor",COGS,HR,"Human Resources","SAP Australia",BOB-PL-0205,PO-PL-6852,119114.90,Input,Ready,None,No,Raw_GL_Export_With_CostCenters_Mar2026_IBMBOB_Enhanced.csv
"IBM BOB 1 - Group P&L",2026-06,TXN004414,AUS01,2026-06-05,5700,"Research and development",Training,Development,CORP,"Corporate Head Office","Qantas Commercial",BOB-PL-0206,PO-PL-9899,96899.42,Input,Ready,None,No,Raw_GL_Export_With_CostCenters_Mar2026_IBMBOB_Enhanced.csv
"IBM BOB 1 - Group P&L",2026-06,TXN004415,AUS01,2026-06-16,5110,"Other operating expenses",Utilities,Facilities,OPS,"Operations & Logistics","Qantas Commercial",BOB-PL-0207,PO-PL-7735,95273.43,Input,Ready,None,No,Raw_GL_Export_With_CostCenters_Mar2026_IBMBOB_Enhanced.csv
"IBM BOB 1 - Group P&L",2026-06,TXN004416,AUS01,2026-06-02,4010,Revenue,"Service revenue","Operating Revenue",SA,"South Australia Operations","Google Ads",BOB-PL-0208,PO-PL-2879,252035.48,Input,Ready,None,No,Raw_GL_Export_With_CostCenters_Mar2026_IBMBOB_Enhanced.csv
"IBM BOB 1 - Group P&L",2026-06,TXN004417,NZL01,2026-06-05,4010,Revenue,"Service revenue","Operating Revenue",NT,"Northern Territory Operations","Qantas Commercial",BOB-PL-0209,PO-PL-8888,56563.57,Input,Ready,None,No,Raw_GL_Export_With_CostCenters_Mar2026_IBMBOB_Enhanced.csv
"IBM BOB 1 - Group P&L",2026-06,TXN004418,AUS01,2026-06-05,5510,"Sales and marketing",Advertising,Sales,HR,"Human Resources",Snowflake,BOB-PL-0210,PO-PL-4388,119570.92,Input,Ready,None,No,Raw_GL_Export_With_CostCenters_Mar2026_IBMBOB_Enhanced.csv
"IBM BOB 1 - Group P&L",2026-06,TXN004419,AUS01,2026-06-07,5320,"General and administrative","Audit fees",External,TAS,"Tasmania Operations","IBM Australia",BOB-PL-0211,PO-PL-8770,137368.36,Input,Ready,None,No,Raw_GL_Export_With_CostCenters_Mar2026_IBMBOB_Enhanced.csv
"IBM BOB 1 - Group P&L",2026-06,TXN004420,AUS01,2026-06-29,4010,Revenue,"Service revenue","Operating Revenue",ACT,"Australian Capital Territory","Melbourne Airport",BOB-PL-0212,PO-PL-3454,81800.51,Input,Ready,None,No,Raw_GL_Export_With_CostCenters_Mar2026_IBMBOB_Enhanced.csv
"IBM BOB 1 - Group P&L",2026-06,TXN004421,PNG01,2026-06-08,5000,"General and administrative","Salaries and wages",Personnel,CORP,"Corporate Head Office","IBM Australia",BOB-PL-0213,PO-PL-4489,57301.71,Input,Ready,None,No,Raw_GL_Export_With_CostCenters_Mar2026_IBMBOB_Enhanced.csv
"IBM BOB 1 - Group P&L",2026-06,TXN004422,AUS01,2026-06-12,4020,Revenue,"Subscription revenue","Operating Revenue",WA,"Western Australia Operations","Google Ads",BOB-PL-0214,PO-PL-7347,318246.32,Input,Ready,None,No,Raw_GL_Export_With_CostCenters_Mar2026_IBMBOB_Enhanced.csv
"IBM BOB 1 - Group P&L",2026-06,TXN004423,AUS01,2026-06-25,5000,"General and administrative","Salaries and wages",Personnel,R&D,"Research & Development",Deloitte,BOB-PL-0215,PO-PL-2485,324718.15,Input,"Requires review","Material variance > threshold",Yes,Raw_GL_Export_With_CostCenters_Mar2026_IBMBOB_Enhanced.csv
"IBM BOB 1 - Group P&L",2026-06,TXN004424,PNG01,2026-06-02,5600,"Other operating expenses",Telecommunications,Operations,CORP,"Corporate Head Office","QBE Insurance",BOB-PL-0216,PO-PL-8628,24880.51,Input,Ready,None,No,Raw_GL_Export_With_CostCenters_Mar2026_IBMBOB_Enhanced.csv
"IBM BOB 1 - Group P&L",2026-06,TXN004425,AUS01,2026-06-22,4000,Revenue,"Product sales","Operating Revenue",NT,"Northern Territory Operations",Snowflake,BOB-PL-0217,PO-PL-2852,49500.05,Input,Ready,None,No,Raw_GL_Export_With_CostCenters_Mar2026_IBMBOB_Enhanced.csv
"IBM BOB 1 - Group P&L",2026-06,TXN004426,FJI01,2026-06-30,4010,Revenue,"Service revenue","Operating Revenue",IT,"Information Technology",AWS,BOB-PL-0218,PO-PL-5964,231642.23,Input,Ready,None,No,Raw_GL_Export_With_CostCenters_Mar2026_IBMBOB_Enhanced.csv
"IBM BOB 1 - Group P&L",2026-06,TXN004427,AUS01,2026-06-07,4000,Revenue,"Product sales","Operating Revenue",TAS,"Tasmania Operations",Deloitte,BOB-PL-0219,PO-PL-5208,251632.12,Input,Ready,None,No,Raw_GL_Export_With_CostCenters_Mar2026_IBMBOB_Enhanced.csv
"IBM BOB 1 - Group P&L",2026-06,TXN004428,AUS01,2026-06-16,4020,Revenue,"Subscription revenue","Operating Revenue",CORP,"Corporate Head Office","Melbourne Airport",BOB-PL-0220,PO-PL-2673,100848.82,Input,Ready,None,No,Raw_GL_Export_With_CostCenters_Mar2026_IBMBOB_Enhanced.csv
"IBM BOB 1 - Group P&L",2026-06,TXN004429,AUS01,2026-06-14,5000,"General and administrative","Salaries and wages",Personnel,CORP,"Corporate Head Office",AWS,BOB-PL-0221,PO-PL-7769,168720.25,Input,Ready,None,No,Raw_GL_Export_With_CostCenters_Mar2026_IBMBOB_Enhanced.csv
"IBM BOB 1 - Group P&L",2026-06,TXN004430,AUS01,2026-06-27,4000,Revenue,"Product sales","Operating Revenue",HR,"Human Resources","SAP Australia",BOB-PL-0222,PO-PL-3435,20348.76,Input,Ready,None,No,Raw_GL_Export_With_CostCenters_Mar2026_IBMBOB_Enhanced.csv
"IBM BOB 1 - Group P&L",2026-06,TXN004431,FJI01,2026-06-02,5520,"Sales and marketing",Events,Sales,NT,"Northern Territory Operations","Qantas Commercial",BOB-PL-0223,PO-PL-8071,81275.82,Input,Ready,None,No,Raw_GL_Export_With_CostCenters_Mar2026_IBMBOB_Enhanced.csv
"IBM BOB 1 - Group P&L",2026-06,TXN004432,AUS01,2026-06-21,4010,Revenue,"Service revenue","Operating Revenue",NSW,"New South Wales Operations","IBM Australia",BOB-PL-0224,PO-PL-7746,158361.32,Input,Ready,None,No,Raw_GL_Export_With_CostCenters_Mar2026_IBMBOB_Enhanced.csv
"IBM BOB 1 - Group P&L",2026-06,TXN004433,AUS01,2026-06-12,5100,"Other operating expenses","Office rent",Facilities,HR,"Human Resources","Google Ads",BOB-PL-0225,PO-PL-2076,112765.76,Input,Ready,None,No,Raw_GL_Export_With_CostCenters_Mar2026_IBMBOB_Enhanced.csv
"IBM BOB 1 - Group P&L",2026-06,TXN004434,AUS01,2026-06-27,4000,Revenue,"Product sales","Operating Revenue",WA,"Western Australia Operations","Melbourne Airport",BOB-PL-0226,PO-PL-4199,176951.74,Input,Ready,None,No,Raw_GL_Export_With_CostCenters_Mar2026_IBMBOB_Enhanced.csv
"IBM BOB 1 - Group P&L",2026-06,TXN004435,AUS01,2026-06-06,6000,"Cost of revenue","Cost of goods sold",COGS,R&D,"Research & Development","Energy Australia",BOB-PL-0227,PO-PL-8641,46701.82,Input,Ready,None,No,Raw_GL_Export_With_CostCenters_Mar2026_IBMBOB_Enhanced.csv
"IBM BOB 1 - Group P&L",2026-06,TXN004436,AUS01,2026-06-19,5600,"Other operating expenses",Telecommunications,Operations,QLD,"Queensland Operations",LinkedIn,BOB-PL-0228,PO-PL-2392,60724.58,Input,Ready,None,No,Raw_GL_Export_With_CostCenters_Mar2026_IBMBOB_Enhanced.csv
"IBM BOB 1 - Group P&L",2026-06,TXN004437,AUS01,2026-06-06,5300,"General and administrative","Professional services",External,CORP,"Corporate Head Office",LinkedIn,BOB-PL-0229,PO-PL-4368,51037.18,Input,Ready,None,No,Raw_GL_Export_With_CostCenters_Mar2026_IBMBOB_Enhanced.csv
"IBM BOB 1 - Group P&L",2026-06,TXN004438,AUS01,2026-06-20,5010,"General and administrative","Employee benefits",Personnel,TAS,"Tasmania Operations","Energy Australia",BOB-PL-0230,PO-PL-4484,95769.67,Input,Ready,None,No,Raw_GL_Export_With_CostCenters_Mar2026_IBMBOB_Enhanced.csv
"IBM BOB 1 - Group P&L",2026-06,TXN004439,AUS01,2026-06-18,5000,"General and administrative","Salaries and wages",Personnel,MKT,"Marketing & Sales",Officeworks,BOB-PL-0231,PO-PL-7880,101087.86,Input,Ready,None,No,Raw_GL_Export_With_CostCenters_Mar2026_IBMBOB_Enhanced.csv
"IBM BOB 1 - Group P&L",2026-06,TXN004440,AUS01,2026-06-03,4010,Revenue,"Service revenue","Operating Revenue",FIN,"Finance & Accounting",AWS,BOB-PL-0232,PO-PL-4442,25644.76,Input,Ready,None,No,Raw_GL_Export_With_CostCenters_Mar2026_IBMBOB_Enhanced.csv
"IBM BOB 1 - Group P&L",2026-06,TXN004441,AUS01,2026-06-21,4010,Revenue,"Service revenue","Operating Revenue",OPS,"Operations & Logistics","Google Ads",BOB-PL-0233,PO-PL-2538,224317.93,Input,Ready,None,No,Raw_GL_Export_With_CostCenters_Mar2026_IBMBOB_Enhanced.csv
"IBM BOB 1 - Group P&L",2026-06,TXN004442,PNG01,2026-06-18,6020,"Cost of revenue","Direct labor",COGS,HR,"Human Resources","Qantas Commercial",BOB-PL-0234,PO-PL-8994,55694.43,Input,Ready,None,No,Raw_GL_Export_With_CostCenters_Mar2026_IBMBOB_Enhanced.csv
"IBM BOB 1 - Group P&L",2026-06,TXN004443,AUS01,2026-06-13,4000,Revenue,"Product sales","Operating Revenue",FIN,"Finance & Accounting","SAP Australia",BOB-PL-0235,PO-PL-4644,313887.00,Input,Ready,None,No,Raw_GL_Export_With_CostCenters_Mar2026_IBMBOB_Enhanced.csv
"IBM BOB 1 - Group P&L",2026-06,TXN004444,AUS01,2026-06-20,6000,"Cost of revenue","Cost of goods sold",COGS,WA,"Western Australia Operations",Officeworks,BOB-PL-0236,PO-PL-4337,163411.33,Input,Ready,None,No,Raw_GL_Export_With_CostCenters_Mar2026_IBMBOB_Enhanced.csv
"IBM BOB 1 - Group P&L",2026-06,TXN004445,NZL01,2026-06-16,4000,Revenue,"Product sales","Operating Revenue",CORP,"Corporate Head Office","SAP Australia",BOB-PL-0237,PO-PL-2157,201550.94,Input,Ready,None,No,Raw_GL_Export_With_CostCenters_Mar2026_IBMBOB_Enhanced.csv
"IBM BOB 1 - Group P&L",2026-06,TXN004446,AUS01,2026-06-24,2210,"Tax provision","Income tax payable","Current Liabilities",MKT,"Marketing & Sales","SAP Australia",BOB-PL-0238,PO-PL-2616,22441.87,Input,Ready,None,No,Raw_GL_Export_With_CostCenters_Mar2026_IBMBOB_Enhanced.csv
"IBM BOB 1 - Group P&L",2026-06,TXN004447,NZL01,2026-06-05,6010,"Cost of revenue","Direct materials",COGS,OPS,"Operations & Logistics",AWS,BOB-PL-0239,PO-PL-2953,64336.51,Input,Ready,None,No,Raw_GL_Export_With_CostCenters_Mar2026_IBMBOB_Enhanced.csv
"IBM BOB 1 - Group P&L",2026-06,TXN004448,AUS01,2026-06-20,5500,"Sales and marketing","Campaign spend",Sales,IT,"Information Technology","Energy Australia",BOB-PL-0240,PO-PL-8219,139488.08,Input,Ready,None,No,Raw_GL_Export_With_CostCenters_Mar2026_IBMBOB_Enhanced.csv
"IBM BOB 1 - Group P&L",2026-06,TXN004449,AUS01,2026-06-20,5000,"General and administrative","Salaries and wages",Personnel,FIN,"Finance & Accounting","Melbourne Airport",BOB-PL-0241,PO-PL-9651,123861.10,Input,Ready,None,No,Raw_GL_Export_With_CostCenters_Mar2026_IBMBOB_Enhanced.csv
"IBM BOB 1 - Group P&L",2026-06,TXN004450,PNG01,2026-06-29,4020,Revenue,"Subscription revenue","Operating Revenue",FIN,"Finance & Accounting","SAP Australia",BOB-PL-0242,PO-PL-9906,278895.88,Input,Ready,None,No,Raw_GL_Export_With_CostCenters_Mar2026_IBMBOB_Enhanced.csv
"IBM BOB 1 - Group P&L",2026-06,TXN004451,AUS01,2026-06-27,5600,"Other operating expenses",Telecommunications,Operations,CORP,"Corporate Head Office","QBE Insurance",BOB-PL-0243,PO-PL-4058,29191.31,Input,Ready,None,No,Raw_GL_Export_With_CostCenters_Mar2026_IBMBOB_Enhanced.csv
"IBM BOB 1 - Group P&L",2026-06,TXN004452,AUS01,2026-06-15,5210,"Research and development","Cloud services",IT,CORP,"Corporate Head Office","IBM Australia",BOB-PL-0244,PO-PL-2814,151767.47,Input,Ready,None,No,Raw_GL_Export_With_CostCenters_Mar2026_IBMBOB_Enhanced.csv
"IBM BOB 1 - Group P&L",2026-06,TXN004453,NZL01,2026-06-15,4020,Revenue,"Subscription revenue","Operating Revenue",SA,"South Australia Operations","IBM Australia",BOB-PL-0245,PO-PL-2242,48356.17,Input,Ready,None,No,Raw_GL_Export_With_CostCenters_Mar2026_IBMBOB_Enhanced.csv
"IBM BOB 1 - Group P&L",2026-06,TXN004454,AUS01,2026-06-05,4000,Revenue,"Product sales","Operating Revenue",HR,"Human Resources","Melbourne Airport",BOB-PL-0246,PO-PL-6362,152341.89,Input,Ready,None,No,Raw_GL_Export_With_CostCenters_Mar2026_IBMBOB_Enhanced.csv
"IBM BOB 1 - Group P&L",2026-06,TXN004455,AUS01,2026-06-05,4020,Revenue,"Subscription revenue","Operating Revenue",NT,"Northern Territory Operations","IBM Australia",BOB-PL-0247,PO-PL-3276,223812.74,Input,Ready,None,No,Raw_GL_Export_With_CostCenters_Mar2026_IBMBOB_Enhanced.csv
"IBM BOB 1 - Group P&L",2026-06,TXN004456,AUS01,2026-06-20,4010,Revenue,"Service revenue","Operating Revenue",WA,"Western Australia Operations",Snowflake,BOB-PL-0248,PO-PL-6091,393235.25,Input,Ready,None,No,Raw_GL_Export_With_CostCenters_Mar2026_IBMBOB_Enhanced.csv
"IBM BOB 1 - Group P&L",2026-06,TXN004457,AUS01,2026-06-28,6030,"Cost of revenue","Manufacturing overhead",COGS,SA,"South Australia Operations",AWS,BOB-PL-0249,PO-PL-8685,36536.75,Input,Ready,None,No,Raw_GL_Export_With_CostCenters_Mar2026_IBMBOB_Enhanced.csv
"IBM BOB 1 - Group P&L",2026-06,TXN004458,PNG01,2026-06-17,5300,"General and administrative","Professional services",External,MKT,"Marketing & Sales",AWS,BOB-PL-0250,PO-PL-5472,153300.44,Input,Ready,None,No,Raw_GL_Export_With_CostCenters_Mar2026_IBMBOB_Enhanced.csv
"IBM BOB 1 - Group P&L",2026-06,TXN004459,NZL01,2026-06-07,5500,"Sales and marketing","Campaign spend",Sales,QLD,"Queensland Operations","Google Ads",BOB-PL-0251,PO-PL-3615,44473.48,Input,Ready,None,No,Raw_GL_Export_With_CostCenters_Mar2026_IBMBOB_Enhanced.csv
"IBM BOB 1 - Group P&L",2026-06,TXN004460,NZL01,2026-06-04,4010,Revenue,"Service revenue","Operating Revenue",TAS,"Tasmania Operations",AWS,BOB-PL-0252,PO-PL-7706,340117.55,Input,Ready,None,No,Raw_GL_Export_With_CostCenters_Mar2026_IBMBOB_Enhanced.csv
"IBM BOB 1 - Group P&L",2026-06,TXN004461,AUS01,2026-06-18,2210,"Tax provision","Income tax payable","Current Liabilities",NT,"Northern Territory Operations",AWS,BOB-PL-0253,PO-PL-8777,84866.36,Input,Ready,None,No,Raw_GL_Export_With_CostCenters_Mar2026_IBMBOB_Enhanced.csv
"IBM BOB 1 - Group P&L",2026-06,TXN004462,FJI01,2026-06-11,5910,"Other income / expense","Interest expense",Finance,R&D,"Research & Development",AWS,BOB-PL-0254,PO-PL-5551,20419.66,Input,Ready,None,No,Raw_GL_Export_With_CostCenters_Mar2026_IBMBOB_Enhanced.csv
"IBM BOB 1 - Group P&L",2026-06,TXN004463,PNG01,2026-06-26,5510,"Sales and marketing",Advertising,Sales,CORP,"Corporate Head Office","Qantas Commercial",BOB-PL-0255,PO-PL-2172,173336.46,Input,Ready,None,No,Raw_GL_Export_With_CostCenters_Mar2026_IBMBOB_Enhanced.csv
"IBM BOB 1 - Group P&L",2026-06,TXN004464,NZL01,2026-06-21,5000,"General and administrative","Salaries and wages",Personnel,ACT,"Australian Capital Territory",Officeworks,BOB-PL-0256,PO-PL-3220,17692.15,Input,Ready,None,No,Raw_GL_Export_With_CostCenters_Mar2026_IBMBOB_Enhanced.csv
"IBM BOB 1 - Group P&L",2026-06,TXN004465,AUS01,2026-06-10,5010,"General and administrative","Employee benefits",Personnel,WA,"Western Australia Operations","Qantas Commercial",BOB-PL-0257,PO-PL-7650,10780.88,Input,Ready,None,No,Raw_GL_Export_With_CostCenters_Mar2026_IBMBOB_Enhanced.csv
"IBM BOB 1 - Group P&L",2026-06,TXN004466,AUS01,2026-06-13,5100,"Other operating expenses","Office rent",Facilities,QLD,"Queensland Operations","QBE Insurance",BOB-PL-0258,PO-PL-8349,71109.05,Input,Ready,None,No,Raw_GL_Export_With_CostCenters_Mar2026_IBMBOB_Enhanced.csv
"IBM BOB 1 - Group P&L",2026-06,TXN004467,FJI01,2026-06-08,4010,Revenue,"Service revenue","Operating Revenue",HR,"Human Resources","Google Ads",BOB-PL-0259,PO-PL-9321,355500.50,Input,Ready,None,No,Raw_GL_Export_With_CostCenters_Mar2026_IBMBOB_Enhanced.csv
"IBM BOB 1 - Group P&L",2026-06,TXN004468,AUS01,2026-06-07,4010,Revenue,"Service revenue","Operating Revenue",TAS,"Tasmania Operations","Qantas Commercial",BOB-PL-0260,PO-PL-6108,146882.12,Input,Ready,None,No,Raw_GL_Export_With_CostCenters_Mar2026_IBMBOB_Enhanced.csv
"IBM BOB 1 - Group P&L",2026-06,TXN004469,NZL01,2026-06-01,5000,"General and administrative","Salaries and wages",Personnel,IT,"Information Technology","Qantas Commercial",BOB-PL-0261,PO-PL-8849,152082.38,Input,Ready,None,No,Raw_GL_Export_With_CostCenters_Mar2026_IBMBOB_Enhanced.csv
"IBM BOB 1 - Group P&L",2026-06,TXN004470,AUS01,2026-06-30,5300,"General and administrative","Professional services",External,OPS,"Operations & Logistics","Google Ads",BOB-PL-0262,PO-PL-9449,36170.56,Input,Ready,None,No,Raw_GL_Export_With_CostCenters_Mar2026_IBMBOB_Enhanced.csv
"IBM BOB 1 - Group P&L",2026-06,TXN004471,NZL01,2026-06-31,5700,"Research and development",Training,Development,CORP,"Corporate Head Office","Energy Australia",BOB-PL-0263,PO-PL-8675,137207.21,Input,Ready,None,No,Raw_GL_Export_With_CostCenters_Mar2026_IBMBOB_Enhanced.csv
"IBM BOB 1 - Group P&L",2026-06,TXN004472,AUS01,2026-06-10,4000,Revenue,"Product sales","Operating Revenue",TAS,"Tasmania Operations","Energy Australia",BOB-PL-0264,PO-PL-9544,304817.64,Input,Ready,None,No,Raw_GL_Export_With_CostCenters_Mar2026_IBMBOB_Enhanced.csv
"IBM BOB 1 - Group P&L",2026-06,TXN004473,AUS01,2026-06-12,5620,"Other operating expenses",Insurance,Operations,TAS,"Tasmania Operations","IBM Australia",BOB-PL-0265,PO-PL-2181,138054.45,Input,Ready,None,No,Raw_GL_Export_With_CostCenters_Mar2026_IBMBOB_Enhanced.csv
"IBM BOB 1 - Group P&L",2026-06,TXN004474,NZL01,2026-06-18,4000,Revenue,"Product sales","Operating Revenue",ACT,"Australian Capital Territory",Deloitte,BOB-PL-0266,PO-PL-4441,90517.23,Input,Ready,None,No,Raw_GL_Export_With_CostCenters_Mar2026_IBMBOB_Enhanced.csv
"IBM BOB 1 - Group P&L",2026-06,TXN004475,AUS01,2026-06-20,5600,"Other operating expenses",Telecommunications,Operations,SA,"South Australia Operations","SAP Australia",BOB-PL-0267,PO-PL-5837,16045.80,Input,Ready,None,No,Raw_GL_Export_With_CostCenters_Mar2026_IBMBOB_Enhanced.csv
"IBM BOB 1 - Group P&L",2026-06,TXN004476,AUS01,2026-06-23,4010,Revenue,"Service revenue","Operating Revenue",IT,"Information Technology","Qantas Commercial",BOB-PL-0268,PO-PL-5963,391695.94,Input,Ready,None,No,Raw_GL_Export_With_CostCenters_Mar2026_IBMBOB_Enhanced.csv
"IBM BOB 1 - Group P&L",2026-06,TXN004477,AUS01,2026-06-30,5010,"General and administrative","Employee benefits",Personnel,CORP,"Corporate Head Office","IBM Australia",BOB-PL-0269,PO-PL-2360,28849.14,Input,Ready,None,No,Raw_GL_Export_With_CostCenters_Mar2026_IBMBOB_Enhanced.csv
"IBM BOB 1 - Group P&L",2026-06,TXN004478,PNG01,2026-06-21,4020,Revenue,"Subscription revenue","Operating Revenue",MKT,"Marketing & Sales","Melbourne Airport",BOB-PL-0270,PO-PL-6883,405406.56,Input,Ready,None,No,Raw_GL_Export_With_CostCenters_Mar2026_IBMBOB_Enhanced.csv
"IBM BOB 1 - Group P&L",2026-06,TXN004479,AUS01,2026-06-20,6010,"Cost of revenue","Direct materials",COGS,MKT,"Marketing & Sales","Energy Australia",BOB-PL-0271,PO-PL-9921,110804.25,Input,Ready,None,No,Raw_GL_Export_With_CostCenters_Mar2026_IBMBOB_Enhanced.csv
"IBM BOB 1 - Group P&L",2026-06,TXN004480,AUS01,2026-06-31,5920,"Other income / expense","FX loss",Finance,FIN,"Finance & Accounting",Deloitte,BOB-PL-0272,PO-PL-4414,99263.23,Input,Ready,None,No,Raw_GL_Export_With_CostCenters_Mar2026_IBMBOB_Enhanced.csv
"IBM BOB 1 - Group P&L",2026-06,TXN004481,AUS01,2026-06-15,4000,Revenue,"Product sales","Operating Revenue",TAS,"Tasmania Operations","Energy Australia",BOB-PL-0273,PO-PL-6418,437970.77,Input,Ready,None,No,Raw_GL_Export_With_CostCenters_Mar2026_IBMBOB_Enhanced.csv
"IBM BOB 1 - Group P&L",2026-06,TXN004482,NZL01,2026-06-04,5010,"General and administrative","Employee benefits",Personnel,ACT,"Australian Capital Territory","Melbourne Airport",BOB-PL-0274,PO-PL-2035,145402.85,Input,Ready,None,No,Raw_GL_Export_With_CostCenters_Mar2026_IBMBOB_Enhanced.csv
"IBM BOB 1 - Group P&L",2026-06,TXN004483,AUS01,2026-06-28,5500,"Sales and marketing","Campaign spend",Sales,IT,"Information Technology","QBE Insurance",BOB-PL-0275,PO-PL-7865,61523.39,Input,Ready,None,No,Raw_GL_Export_With_CostCenters_Mar2026_IBMBOB_Enhanced.csv
"IBM BOB 1 - Group P&L",2026-06,TXN004484,AUS01,2026-06-05,5000,"General and administrative","Salaries and wages",Personnel,VIC,"Victoria Operations",Snowflake,BOB-PL-0276,PO-PL-9688,61833.58,Input,Ready,None,No,Raw_GL_Export_With_CostCenters_Mar2026_IBMBOB_Enhanced.csv
"IBM BOB 1 - Group P&L",2026-06,TXN004485,AUS01,2026-06-07,2210,"Tax provision","Income tax payable","Current Liabilities",IT,"Information Technology","IBM Australia",BOB-PL-0277,PO-PL-9909,54386.28,Input,Ready,None,No,Raw_GL_Export_With_CostCenters_Mar2026_IBMBOB_Enhanced.csv
"IBM BOB 1 - Group P&L",2026-06,TXN004486,AUS01,2026-06-09,5200,"Research and development","Software licenses",IT,IT,"Information Technology",Officeworks,BOB-PL-0278,PO-PL-8381,167245.00,Input,Ready,None,No,Raw_GL_Export_With_CostCenters_Mar2026_IBMBOB_Enhanced.csv
"IBM BOB 1 - Group P&L",2026-06,TXN004487,NZL01,2026-06-13,5110,"Other operating expenses",Utilities,Facilities,VIC,"Victoria Operations",AWS,BOB-PL-0279,PO-PL-7522,23199.60,Input,Ready,None,No,Raw_GL_Export_With_CostCenters_Mar2026_IBMBOB_Enhanced.csv
"IBM BOB 1 - Group P&L",2026-06,TXN004488,FJI01,2026-06-09,4000,Revenue,"Product sales","Operating Revenue",CORP,"Corporate Head Office","SAP Australia",BOB-PL-0280,PO-PL-7226,391427.93,Input,Ready,None,No,Raw_GL_Export_With_CostCenters_Mar2026_IBMBOB_Enhanced.csv
"IBM BOB 1 - Group P&L",2026-06,TXN004489,AUS01,2026-06-25,4100,"Other income / expense","Interest income","Non-Operating Revenue",NSW,"New South Wales Operations","Energy Australia",BOB-PL-0281,PO-PL-5889,154861.25,Input,Ready,None,No,Raw_GL_Export_With_CostCenters_Mar2026_IBMBOB_Enhanced.csv
"IBM BOB 1 - Group P&L",2026-06,TXN004490,AUS01,2026-06-11,4000,Revenue,"Product sales","Operating Revenue",IT,"Information Technology","Melbourne Airport",BOB-PL-0282,PO-PL-2932,377387.68,Input,Ready,None,No,Raw_GL_Export_With_CostCenters_Mar2026_IBMBOB_Enhanced.csv
"IBM BOB 1 - Group P&L",2026-06,TXN004491,AUS01,2026-06-24,5110,"Other operating expenses",Utilities,Facilities,MKT,"Marketing & Sales",Officeworks,BOB-PL-0283,PO-PL-9528,69320.68,Input,Ready,None,No,Raw_GL_Export_With_CostCenters_Mar2026_IBMBOB_Enhanced.csv
"IBM BOB 1 - Group P&L",2026-06,TXN004492,AUS01,2026-06-20,5600,"Other operating expenses",Telecommunications,Operations,MKT,"Marketing & Sales","Energy Australia",BOB-PL-0284,PO-PL-5813,50323.37,Input,Ready,None,No,Raw_GL_Export_With_CostCenters_Mar2026_IBMBOB_Enhanced.csv
"IBM BOB 1 - Group P&L",2026-06,TXN004493,PNG01,2026-06-25,4020,Revenue,"Subscription revenue","Operating Revenue",TAS,"Tasmania Operations","Google Ads",BOB-PL-0285,PO-PL-2676,292929.36,Input,Ready,None,No,Raw_GL_Export_With_CostCenters_Mar2026_IBMBOB_Enhanced.csv
"IBM BOB 1 - Group P&L",2026-06,TXN004494,NZL01,2026-06-01,5210,"Research and development","Cloud services",IT,TAS,"Tasmania Operations","SAP Australia",BOB-PL-0286,PO-PL-2304,57469.12,Input,Ready,None,No,Raw_GL_Export_With_CostCenters_Mar2026_IBMBOB_Enhanced.csv
"IBM BOB 1 - Group P&L",2026-06,TXN004495,PNG01,2026-06-23,5500,"Sales and marketing","Campaign spend",Sales,NSW,"New South Wales Operations",Snowflake,BOB-PL-0287,PO-PL-7958,16065.93,Input,Ready,None,No,Raw_GL_Export_With_CostCenters_Mar2026_IBMBOB_Enhanced.csv
"IBM BOB 1 - Group P&L",2026-06,TXN004496,AUS01,2026-06-04,4020,Revenue,"Subscription revenue","Operating Revenue",WA,"Western Australia Operations",Officeworks,BOB-PL-0288,PO-PL-6051,316445.92,Input,Ready,None,No,Raw_GL_Export_With_CostCenters_Mar2026_IBMBOB_Enhanced.csv
"IBM BOB 1 - Group P&L",2026-06,TXN004497,AUS01,2026-06-31,5300,"General and administrative","Professional services",External,TAS,"Tasmania Operations","Google Ads",BOB-PL-0289,PO-PL-8395,112453.16,Input,Ready,None,No,Raw_GL_Export_With_CostCenters_Mar2026_IBMBOB_Enhanced.csv
"IBM BOB 1 - Group P&L",2026-06,TXN004498,AUS01,2026-06-12,5700,"Research and development",Training,Development,SA,"South Australia Operations","Melbourne Airport",BOB-PL-0290,PO-PL-7583,56389.47,Input,Ready,None,No,Raw_GL_Export_With_CostCenters_Mar2026_IBMBOB_Enhanced.csv
"IBM BOB 1 - Group P&L",2026-06,TXN004499,NZL01,2026-06-18,5520,"Sales and marketing",Events,Sales,MKT,"Marketing & Sales","QBE Insurance",BOB-PL-0291,PO-PL-7756,112170.16,Input,Ready,None,No,Raw_GL_Export_With_CostCenters_Mar2026_IBMBOB_Enhanced.csv
"IBM BOB 1 - Group P&L",2026-06,TXN004500,NZL01,2026-06-20,5510,"Sales and marketing",Advertising,Sales,QLD,"Queensland Operations",AWS,BOB-PL-0292,PO-PL-2611,46750.17,Input,Ready,None,No,Raw_GL_Export_With_CostCenters_Mar2026_IBMBOB_Enhanced.csv
"IBM BOB 1 - Group P&L",2026-06,TXN004501,NZL01,2026-06-13,6030,"Cost of revenue","Manufacturing overhead",COGS,FIN,"Finance & Accounting","QBE Insurance",BOB-PL-0293,PO-PL-2303,8319.14,Input,Ready,None,No,Raw_GL_Export_With_CostCenters_Mar2026_IBMBOB_Enhanced.csv
"IBM BOB 1 - Group P&L",2026-06,TXN004502,AUS01,2026-06-07,4020,Revenue,"Subscription revenue","Operating Revenue",HR,"Human Resources","Google Ads",BOB-PL-0294,PO-PL-8973,262928.26,Input,Ready,None,No,Raw_GL_Export_With_CostCenters_Mar2026_IBMBOB_Enhanced.csv
"IBM BOB 1 - Group P&L",2026-06,TXN004503,AUS01,2026-06-17,4020,Revenue,"Subscription revenue","Operating Revenue",NSW,"New South Wales Operations","Energy Australia",BOB-PL-0295,PO-PL-6953,42986.35,Input,Ready,None,No,Raw_GL_Export_With_CostCenters_Mar2026_IBMBOB_Enhanced.csv
"IBM BOB 1 - Group P&L",2026-06,TXN004504,AUS01,2026-06-21,4010,Revenue,"Service revenue","Operating Revenue",MKT,"Marketing & Sales",Deloitte,BOB-PL-0296,PO-PL-8271,24476.57,Input,Ready,None,No,Raw_GL_Export_With_CostCenters_Mar2026_IBMBOB_Enhanced.csv
"IBM BOB 1 - Group P&L",2026-06,TXN004505,AUS01,2026-06-25,6020,"Cost of revenue","Direct labor",COGS,ACT,"Australian Capital Territory",AWS,BOB-PL-0297,PO-PL-8892,43645.98,Input,Ready,None,No,Raw_GL_Export_With_CostCenters_Mar2026_IBMBOB_Enhanced.csv
"IBM BOB 1 - Group P&L",2026-06,TXN004506,AUS01,2026-06-22,5600,"Other operating expenses",Telecommunications,Operations,CORP,"Corporate Head Office",Deloitte,BOB-PL-0298,PO-PL-6217,104417.58,Input,Ready,None,No,Raw_GL_Export_With_CostCenters_Mar2026_IBMBOB_Enhanced.csv
"IBM BOB 1 - Group P&L",2026-06,TXN004507,AUS01,2026-06-04,5600,"Other operating expenses",Telecommunications,Operations,NT,"Northern Territory Operations","SAP Australia",BOB-PL-0299,PO-PL-3663,47005.51,Input,Ready,None,No,Raw_GL_Export_With_CostCenters_Mar2026_IBMBOB_Enhanced.csv
"IBM BOB 1 - Group P&L",2026-06,TXN004508,NZL01,2026-06-22,6000,"Cost of revenue","Cost of goods sold",COGS,SA,"South Australia Operations","SAP Australia",BOB-PL-0300,PO-PL-7730,89445.22,Input,Ready,None,No,Raw_GL_Export_With_CostCenters_Mar2026_IBMBOB_Enhanced.csv
"IBM BOB 1 - Group P&L",2026-06,TXN004509,AUS01,2026-06-09,5010,"General and administrative","Employee benefits",Personnel,HR,"Human Resources","IBM Australia",BOB-PL-0301,PO-PL-6778,23062.78,Input,Ready,None,No,Raw_GL_Export_With_CostCenters_Mar2026_IBMBOB_Enhanced.csv
"IBM BOB 1 - Group P&L",2026-06,TXN004510,AUS01,2026-06-05,5520,"Sales and marketing",Events,Sales,TAS,"Tasmania Operations",Officeworks,BOB-PL-0302,PO-PL-8809,28384.85,Input,Ready,None,No,Raw_GL_Export_With_CostCenters_Mar2026_IBMBOB_Enhanced.csv
"IBM BOB 1 - Group P&L",2026-06,TXN004511,AUS01,2026-06-08,4000,Revenue,"Product sales","Operating Revenue",NSW,"New South Wales Operations",Snowflake,BOB-PL-0303,PO-PL-7861,127556.38,Input,Ready,None,No,Raw_GL_Export_With_CostCenters_Mar2026_IBMBOB_Enhanced.csv
"IBM BOB 1 - Group P&L",2026-06,TXN004512,AUS01,2026-06-02,5700,"Research and development",Training,Development,IT,"Information Technology",LinkedIn,BOB-PL-0304,PO-PL-5210,3075.56,Input,Ready,None,No,Raw_GL_Export_With_CostCenters_Mar2026_IBMBOB_Enhanced.csv
"IBM BOB 1 - Group P&L",2026-06,TXN004513,NZL01,2026-06-30,4010,Revenue,"Service revenue","Operating Revenue",NSW,"New South Wales Operations","QBE Insurance",BOB-PL-0305,PO-PL-4371,331646.90,Input,Ready,None,No,Raw_GL_Export_With_CostCenters_Mar2026_IBMBOB_Enhanced.csv
"IBM BOB 1 - Group P&L",2026-06,TXN004514,AUS01,2026-06-11,4000,Revenue,"Product sales","Operating Revenue",SA,"South Australia Operations","Google Ads",BOB-PL-0306,PO-PL-3978,166924.53,Input,Ready,None,No,Raw_GL_Export_With_CostCenters_Mar2026_IBMBOB_Enhanced.csv
"IBM BOB 1 - Group P&L",2026-06,TXN004515,AUS01,2026-06-20,5320,"General and administrative","Audit fees",External,VIC,"Victoria Operations",Snowflake,BOB-PL-0307,PO-PL-5938,130487.03,Input,Ready,None,No,Raw_GL_Export_With_CostCenters_Mar2026_IBMBOB_Enhanced.csv
"IBM BOB 1 - Group P&L",2026-06,TXN004516,NZL01,2026-06-13,5510,"Sales and marketing",Advertising,Sales,QLD,"Queensland Operations",Snowflake,BOB-PL-0308,PO-PL-9830,127770.32,Input,Ready,None,No,Raw_GL_Export_With_CostCenters_Mar2026_IBMBOB_Enhanced.csv
"IBM BOB 1 - Group P&L",2026-06,TXN004517,AUS01,2026-06-06,4010,Revenue,"Service revenue","Operating Revenue",R&D,"Research & Development","Qantas Commercial",BOB-PL-0309,PO-PL-6320,422553.64,Input,Ready,None,No,Raw_GL_Export_With_CostCenters_Mar2026_IBMBOB_Enhanced.csv
"IBM BOB 1 - Group P&L",2026-06,TXN004518,PNG01,2026-06-02,5520,"Sales and marketing",Events,Sales,R&D,"Research & Development",Snowflake,BOB-PL-0310,PO-PL-8461,18094.94,Input,Ready,None,No,Raw_GL_Export_With_CostCenters_Mar2026_IBMBOB_Enhanced.csv
"IBM BOB 1 - Group P&L",2026-06,TXN004519,AUS01,2026-06-22,5000,"General and administrative","Salaries and wages",Personnel,R&D,"Research & Development",Officeworks,BOB-PL-0311,PO-PL-2047,98009.79,Input,Ready,None,No,Raw_GL_Export_With_CostCenters_Mar2026_IBMBOB_Enhanced.csv
"IBM BOB 1 - Group P&L",2026-06,TXN004520,AUS01,2026-06-23,4010,Revenue,"Service revenue","Operating Revenue",SA,"South Australia Operations",Officeworks,BOB-PL-0312,PO-PL-2769,211217.24,Input,Ready,None,No,Raw_GL_Export_With_CostCenters_Mar2026_IBMBOB_Enhanced.csv
"IBM BOB 1 - Group P&L",2026-06,TXN004521,AUS01,2026-06-13,4000,Revenue,"Product sales","Operating Revenue",FIN,"Finance & Accounting",Deloitte,BOB-PL-0313,PO-PL-2747,347968.75,Input,Ready,None,No,Raw_GL_Export_With_CostCenters_Mar2026_IBMBOB_Enhanced.csv
"IBM BOB 1 - Group P&L",2026-06,TXN004522,PNG01,2026-06-29,5510,"Sales and marketing",Advertising,Sales,NT,"Northern Territory Operations","QBE Insurance",BOB-PL-0314,PO-PL-8055,178231.93,Input,Ready,None,No,Raw_GL_Export_With_CostCenters_Mar2026_IBMBOB_Enhanced.csv
"IBM BOB 1 - Group P&L",2026-06,TXN004523,AUS01,2026-06-30,5200,"Research and development","Software licenses",IT,R&D,"Research & Development",AWS,BOB-PL-0315,PO-PL-4220,77027.01,Input,Ready,None,No,Raw_GL_Export_With_CostCenters_Mar2026_IBMBOB_Enhanced.csv
"IBM BOB 1 - Group P&L",2026-06,TXN004524,NZL01,2026-06-26,5010,"General and administrative","Employee benefits",Personnel,SA,"South Australia Operations",Snowflake,BOB-PL-0316,PO-PL-2210,42455.71,Input,Ready,None,No,Raw_GL_Export_With_CostCenters_Mar2026_IBMBOB_Enhanced.csv
"IBM BOB 1 - Group P&L",2026-06,TXN004525,AUS01,2026-06-27,5700,"Research and development",Training,Development,FIN,"Finance & Accounting",LinkedIn,BOB-PL-0317,PO-PL-9258,145147.76,Input,Ready,None,No,Raw_GL_Export_With_CostCenters_Mar2026_IBMBOB_Enhanced.csv
"IBM BOB 1 - Group P&L",2026-06,TXN004526,AUS01,2026-06-19,6010,"Cost of revenue","Direct materials",COGS,MKT,"Marketing & Sales","SAP Australia",BOB-PL-0318,PO-PL-4943,173999.49,Input,Ready,None,No,Raw_GL_Export_With_CostCenters_Mar2026_IBMBOB_Enhanced.csv
"IBM BOB 1 - Group P&L",2026-06,TXN004527,AUS01,2026-06-22,5010,"General and administrative","Employee benefits",Personnel,SA,"South Australia Operations","Energy Australia",BOB-PL-0319,PO-PL-7272,146137.66,Input,Ready,None,No,Raw_GL_Export_With_CostCenters_Mar2026_IBMBOB_Enhanced.csv
"IBM BOB 1 - Group P&L",2026-06,TXN004528,FJI01,2026-06-20,5110,"Other operating expenses",Utilities,Facilities,R&D,"Research & Development",LinkedIn,BOB-PL-0320,PO-PL-6057,100347.08,Input,Ready,None,No,Raw_GL_Export_With_CostCenters_Mar2026_IBMBOB_Enhanced.csv
"IBM BOB 1 - Group P&L",2026-06,TXN004529,AUS01,2026-06-26,5920,"Other income / expense","FX loss",Finance,QLD,"Queensland Operations",AWS,BOB-PL-0321,PO-PL-9735,46866.81,Input,Ready,None,No,Raw_GL_Export_With_CostCenters_Mar2026_IBMBOB_Enhanced.csv
"IBM BOB 1 - Group P&L",2026-06,TXN004530,AUS01,2026-06-09,5300,"General and administrative","Professional services",External,R&D,"Research & Development",Snowflake,BOB-PL-0322,PO-PL-8816,14220.13,Input,Ready,None,No,Raw_GL_Export_With_CostCenters_Mar2026_IBMBOB_Enhanced.csv
"IBM BOB 1 - Group P&L",2026-06,TXN004531,AUS01,2026-06-07,4000,Revenue,"Product sales","Operating Revenue",IT,"Information Technology",LinkedIn,BOB-PL-0323,PO-PL-8485,301697.06,Input,Ready,None,No,Raw_GL_Export_With_CostCenters_Mar2026_IBMBOB_Enhanced.csv
"IBM BOB 1 - Group P&L",2026-06,TXN004532,FJI01,2026-06-26,4100,"Other income / expense","Interest income","Non-Operating Revenue",WA,"Western Australia Operations","Qantas Commercial",BOB-PL-0324,PO-PL-8444,172474.79,Input,Ready,None,No,Raw_GL_Export_With_CostCenters_Mar2026_IBMBOB_Enhanced.csv
"IBM BOB 1 - Group P&L",2026-06,TXN004533,AUS01,2026-06-18,5110,"Other operating expenses",Utilities,Facilities,CORP,"Corporate Head Office","Google Ads",BOB-PL-0325,PO-PL-5914,13957.91,Input,Ready,None,No,Raw_GL_Export_With_CostCenters_Mar2026_IBMBOB_Enhanced.csv
"IBM BOB 1 - Group P&L",2026-06,TXN004534,AUS01,2026-06-14,4000,Revenue,"Product sales","Operating Revenue",CORP,"Corporate Head Office",LinkedIn,BOB-PL-0326,PO-PL-7762,35950.96,Input,Ready,None,No,Raw_GL_Export_With_CostCenters_Mar2026_IBMBOB_Enhanced.csv
"IBM BOB 1 - Group P&L",2026-06,TXN004535,AUS01,2026-06-18,2210,"Tax provision","Income tax payable","Current Liabilities",IT,"Information Technology","Melbourne Airport",BOB-PL-0327,PO-PL-4074,51211.07,Input,Ready,None,No,Raw_GL_Export_With_CostCenters_Mar2026_IBMBOB_Enhanced.csv
"IBM BOB 1 - Group P&L",2026-06,TXN004536,FJI01,2026-06-05,5700,"Research and development",Training,Development,CORP,"Corporate Head Office",AWS,BOB-PL-0328,PO-PL-6021,159628.42,Input,Ready,None,No,Raw_GL_Export_With_CostCenters_Mar2026_IBMBOB_Enhanced.csv
"IBM BOB 1 - Group P&L",2026-06,TXN004537,NZL01,2026-06-06,6010,"Cost of revenue","Direct materials",COGS,R&D,"Research & Development","Energy Australia",BOB-PL-0329,PO-PL-9736,132169.43,Input,Ready,None,No,Raw_GL_Export_With_CostCenters_Mar2026_IBMBOB_Enhanced.csv
"IBM BOB 1 - Group P&L",2026-06,TXN004538,AUS01,2026-06-02,6000,"Cost of revenue","Cost of goods sold",COGS,CORP,"Corporate Head Office","Melbourne Airport",BOB-PL-0330,PO-PL-2943,31464.01,Input,Ready,None,No,Raw_GL_Export_With_CostCenters_Mar2026_IBMBOB_Enhanced.csv
"IBM BOB 1 - Group P&L",2026-06,TXN004539,NZL01,2026-06-14,5300,"General and administrative","Professional services",External,OPS,"Operations & Logistics",Deloitte,BOB-PL-0331,PO-PL-2430,155343.80,Input,Ready,None,No,Raw_GL_Export_With_CostCenters_Mar2026_IBMBOB_Enhanced.csv
"IBM BOB 1 - Group P&L",2026-06,TXN004540,AUS01,2026-06-05,5510,"Sales and marketing",Advertising,Sales,WA,"Western Australia Operations","SAP Australia",BOB-PL-0332,PO-PL-6016,4197.88,Input,Ready,None,No,Raw_GL_Export_With_CostCenters_Mar2026_IBMBOB_Enhanced.csv
"IBM BOB 1 - Group P&L",2026-06,TXN004541,AUS01,2026-06-25,5110,"Other operating expenses",Utilities,Facilities,SA,"South Australia Operations","IBM Australia",BOB-PL-0333,PO-PL-6489,24658.34,Input,Ready,None,No,Raw_GL_Export_With_CostCenters_Mar2026_IBMBOB_Enhanced.csv
"IBM BOB 1 - Group P&L",2026-06,TXN004542,AUS01,2026-06-01,4010,Revenue,"Service revenue","Operating Revenue",NT,"Northern Territory Operations","Energy Australia",BOB-PL-0334,PO-PL-7055,335896.72,Input,Ready,None,No,Raw_GL_Export_With_CostCenters_Mar2026_IBMBOB_Enhanced.csv
"IBM BOB 1 - Group P&L",2026-06,TXN004543,AUS01,2026-06-01,6010,"Cost of revenue","Direct materials",COGS,HR,"Human Resources",Deloitte,BOB-PL-0335,PO-PL-2151,146899.77,Input,Ready,None,No,Raw_GL_Export_With_CostCenters_Mar2026_IBMBOB_Enhanced.csv
"IBM BOB 1 - Group P&L",2026-06,TXN004544,AUS01,2026-06-25,5320,"General and administrative","Audit fees",External,CORP,"Corporate Head Office",Snowflake,BOB-PL-0336,PO-PL-8086,116671.11,Input,Ready,None,No,Raw_GL_Export_With_CostCenters_Mar2026_IBMBOB_Enhanced.csv
"IBM BOB 1 - Group P&L",2026-06,TXN004545,AUS01,2026-06-25,2210,"Tax provision","Income tax payable","Current Liabilities",NSW,"New South Wales Operations",Snowflake,BOB-PL-0337,PO-PL-4722,6441.83,Input,Ready,None,No,Raw_GL_Export_With_CostCenters_Mar2026_IBMBOB_Enhanced.csv
"IBM BOB 1 - Group P&L",2026-06,TXN004546,AUS01,2026-06-26,5010,"General and administrative","Employee benefits",Personnel,CORP,"Corporate Head Office","Qantas Commercial",BOB-PL-0338,PO-PL-2561,166234.46,Input,Ready,None,No,Raw_GL_Export_With_CostCenters_Mar2026_IBMBOB_Enhanced.csv
"IBM BOB 1 - Group P&L",2026-06,TXN004547,AUS01,2026-06-21,4020,Revenue,"Subscription revenue","Operating Revenue",SA,"South Australia Operations",LinkedIn,BOB-PL-0339,PO-PL-2851,29500.77,Input,Ready,None,No,Raw_GL_Export_With_CostCenters_Mar2026_IBMBOB_Enhanced.csv
"IBM BOB 1 - Group P&L",2026-06,TXN004548,AUS01,2026-06-06,4020,Revenue,"Subscription revenue","Operating Revenue",FIN,"Finance & Accounting","Google Ads",BOB-PL-0340,PO-PL-3946,248625.25,Input,Ready,None,No,Raw_GL_Export_With_CostCenters_Mar2026_IBMBOB_Enhanced.csv
"IBM BOB 1 - Group P&L",2026-06,TXN004549,AUS01,2026-06-14,5210,"Research and development","Cloud services",IT,WA,"Western Australia Operations",Officeworks,BOB-PL-0341,PO-PL-8945,128558.00,Input,Ready,None,No,Raw_GL_Export_With_CostCenters_Mar2026_IBMBOB_Enhanced.csv
"IBM BOB 1 - Group P&L",2026-06,TXN004550,AUS01,2026-06-23,5500,"Sales and marketing","Campaign spend",Sales,SA,"South Australia Operations","Qantas Commercial",BOB-PL-0342,PO-PL-7717,45184.86,Input,Ready,None,No,Raw_GL_Export_With_CostCenters_Mar2026_IBMBOB_Enhanced.csv
"IBM BOB 1 - Group P&L",2026-06,TXN004551,AUS01,2026-06-14,5200,"Research and development","Software licenses",IT,VIC,"Victoria Operations","Melbourne Airport",BOB-PL-0343,PO-PL-4746,177181.57,Input,Ready,None,No,Raw_GL_Export_With_CostCenters_Mar2026_IBMBOB_Enhanced.csv
"IBM BOB 1 - Group P&L",2026-06,TXN004552,AUS01,2026-06-14,6010,"Cost of revenue","Direct materials",COGS,NSW,"New South Wales Operations","SAP Australia",BOB-PL-0344,PO-PL-6781,25249.57,Input,Ready,None,No,Raw_GL_Export_With_CostCenters_Mar2026_IBMBOB_Enhanced.csv
"IBM BOB 1 - Group P&L",2026-06,TXN004553,NZL01,2026-06-16,4100,"Other income / expense","Interest income","Non-Operating Revenue",VIC,"Victoria Operations","IBM Australia",BOB-PL-0345,PO-PL-7113,82273.87,Input,Ready,None,No,Raw_GL_Export_With_CostCenters_Mar2026_IBMBOB_Enhanced.csv
"IBM BOB 1 - Group P&L",2026-06,TXN004554,NZL01,2026-06-05,6030,"Cost of revenue","Manufacturing overhead",COGS,VIC,"Victoria Operations",AWS,BOB-PL-0346,PO-PL-6371,63453.50,Input,Ready,None,No,Raw_GL_Export_With_CostCenters_Mar2026_IBMBOB_Enhanced.csv
"IBM BOB 1 - Group P&L",2026-06,TXN004555,AUS01,2026-06-02,5600,"Other operating expenses",Telecommunications,Operations,MKT,"Marketing & Sales",AWS,BOB-PL-0347,PO-PL-9031,84758.83,Input,Ready,None,No,Raw_GL_Export_With_CostCenters_Mar2026_IBMBOB_Enhanced.csv
"IBM BOB 1 - Group P&L",2026-06,TXN004556,AUS01,2026-06-14,5510,"Sales and marketing",Advertising,Sales,ACT,"Australian Capital Territory","SAP Australia",BOB-PL-0348,PO-PL-2432,156222.39,Input,Ready,None,No,Raw_GL_Export_With_CostCenters_Mar2026_IBMBOB_Enhanced.csv
"IBM BOB 1 - Group P&L",2026-06,TXN004557,AUS01,2026-06-04,5000,"General and administrative","Salaries and wages",Personnel,TAS,"Tasmania Operations",LinkedIn,BOB-PL-0349,PO-PL-8885,71466.39,Input,Ready,None,No,Raw_GL_Export_With_CostCenters_Mar2026_IBMBOB_Enhanced.csv
"IBM BOB 1 - Group P&L",2026-06,TXN004558,PNG01,2026-06-10,4020,Revenue,"Subscription revenue","Operating Revenue",MKT,"Marketing & Sales",AWS,BOB-PL-0350,PO-PL-9541,234016.20,Input,Ready,None,No,Raw_GL_Export_With_CostCenters_Mar2026_IBMBOB_Enhanced.csv
"IBM BOB 1 - Group P&L",2026-06,TXN004559,AUS01,2026-06-03,6010,"Cost of revenue","Direct materials",COGS,R&D,"Research & Development","QBE Insurance",BOB-PL-0351,PO-PL-7026,78984.89,Input,Ready,None,No,Raw_GL_Export_With_CostCenters_Mar2026_IBMBOB_Enhanced.csv
"IBM BOB 1 - Group P&L",2026-06,TXN004560,AUS01,2026-06-25,4020,Revenue,"Subscription revenue","Operating Revenue",TAS,"Tasmania Operations","IBM Australia",BOB-PL-0352,PO-PL-2376,229969.90,Input,Ready,None,No,Raw_GL_Export_With_CostCenters_Mar2026_IBMBOB_Enhanced.csv
"IBM BOB 1 - Group P&L",2026-06,TXN004561,AUS01,2026-06-02,4000,Revenue,"Product sales","Operating Revenue",IT,"Information Technology","Melbourne Airport",BOB-PL-0353,PO-PL-2666,204373.64,Input,Ready,None,No,Raw_GL_Export_With_CostCenters_Mar2026_IBMBOB_Enhanced.csv
"IBM BOB 1 - Group P&L",2026-06,TXN004562,AUS01,2026-06-09,6000,"Cost of revenue","Cost of goods sold",COGS,HR,"Human Resources",Deloitte,BOB-PL-0354,PO-PL-4786,64907.21,Input,Ready,None,No,Raw_GL_Export_With_CostCenters_Mar2026_IBMBOB_Enhanced.csv
"IBM BOB 1 - Group P&L",2026-06,TXN004563,AUS01,2026-06-20,4000,Revenue,"Product sales","Operating Revenue",SA,"South Australia Operations","Melbourne Airport",BOB-PL-0355,PO-PL-2118,315278.17,Input,Ready,None,No,Raw_GL_Export_With_CostCenters_Mar2026_IBMBOB_Enhanced.csv
"IBM BOB 1 - Group P&L",2026-06,TXN004564,PNG01,2026-06-30,4010,Revenue,"Service revenue","Operating Revenue",QLD,"Queensland Operations",LinkedIn,BOB-PL-0356,PO-PL-2475,391863.37,Input,Ready,None,No,Raw_GL_Export_With_CostCenters_Mar2026_IBMBOB_Enhanced.csv
"IBM BOB 1 - Group P&L",2026-06,TXN004565,AUS01,2026-06-23,6010,"Cost of revenue","Direct materials",COGS,IT,"Information Technology","Melbourne Airport",BOB-PL-0357,PO-PL-3437,64843.89,Input,Ready,None,No,Raw_GL_Export_With_CostCenters_Mar2026_IBMBOB_Enhanced.csv
"IBM BOB 1 - Group P&L",2026-06,TXN004566,AUS01,2026-06-11,5500,"Sales and marketing","Campaign spend",Sales,ACT,"Australian Capital Territory","Energy Australia",BOB-PL-0358,PO-PL-5344,67945.34,Input,Ready,None,No,Raw_GL_Export_With_CostCenters_Mar2026_IBMBOB_Enhanced.csv
"IBM BOB 1 - Group P&L",2026-06,TXN004567,FJI01,2026-06-24,4010,Revenue,"Service revenue","Operating Revenue",TAS,"Tasmania Operations","Qantas Commercial",BOB-PL-0359,PO-PL-4469,423803.66,Input,Ready,None,No,Raw_GL_Export_With_CostCenters_Mar2026_IBMBOB_Enhanced.csv
"IBM BOB 1 - Group P&L",2026-06,TXN004568,AUS01,2026-06-02,4010,Revenue,"Service revenue","Operating Revenue",NT,"Northern Territory Operations","Melbourne Airport",BOB-PL-0360,PO-PL-3513,328619.69,Input,Ready,None,No,Raw_GL_Export_With_CostCenters_Mar2026_IBMBOB_Enhanced.csv
"IBM BOB 1 - Group P&L",2026-06,TXN004569,NZL01,2026-06-27,5520,"Sales and marketing",Events,Sales,R&D,"Research & Development","Melbourne Airport",BOB-PL-0361,PO-PL-3354,166252.49,Input,Ready,None,No,Raw_GL_Export_With_CostCenters_Mar2026_IBMBOB_Enhanced.csv
"IBM BOB 1 - Group P&L",2026-06,TXN004570,PNG01,2026-06-20,4020,Revenue,"Subscription revenue","Operating Revenue",QLD,"Queensland Operations","SAP Australia",BOB-PL-0362,PO-PL-3062,269056.20,Input,Ready,None,No,Raw_GL_Export_With_CostCenters_Mar2026_IBMBOB_Enhanced.csv
"IBM BOB 1 - Group P&L",2026-06,TXN004571,NZL01,2026-06-26,5010,"General and administrative","Employee benefits",Personnel,FIN,"Finance & Accounting","Google Ads",BOB-PL-0363,PO-PL-2514,125731.93,Input,Ready,None,No,Raw_GL_Export_With_CostCenters_Mar2026_IBMBOB_Enhanced.csv
"IBM BOB 1 - Group P&L",2026-06,TXN004572,AUS01,2026-06-07,5110,"Other operating expenses",Utilities,Facilities,NT,"Northern Territory Operations",Snowflake,BOB-PL-0364,PO-PL-9514,171600.09,Input,Ready,None,No,Raw_GL_Export_With_CostCenters_Mar2026_IBMBOB_Enhanced.csv
"IBM BOB 1 - Group P&L",2026-06,TXN004573,AUS01,2026-06-06,5510,"Sales and marketing",Advertising,Sales,OPS,"Operations & Logistics",Deloitte,BOB-PL-0365,PO-PL-5140,77452.22,Input,Ready,None,No,Raw_GL_Export_With_CostCenters_Mar2026_IBMBOB_Enhanced.csv
"IBM BOB 1 - Group P&L",2026-06,TXN004574,NZL01,2026-06-04,6020,"Cost of revenue","Direct labor",COGS,VIC,"Victoria Operations","Melbourne Airport",BOB-PL-0366,PO-PL-5102,7359.71,Input,Ready,None,No,Raw_GL_Export_With_CostCenters_Mar2026_IBMBOB_Enhanced.csv
"IBM BOB 1 - Group P&L",2026-06,TXN004575,AUS01,2026-06-24,6030,"Cost of revenue","Manufacturing overhead",COGS,TAS,"Tasmania Operations","QBE Insurance",BOB-PL-0367,PO-PL-3241,101894.01,Input,Ready,None,No,Raw_GL_Export_With_CostCenters_Mar2026_IBMBOB_Enhanced.csv
"IBM BOB 1 - Group P&L",2026-06,TXN004576,AUS01,2026-06-21,6030,"Cost of revenue","Manufacturing overhead",COGS,SA,"South Australia Operations","Melbourne Airport",BOB-PL-0368,PO-PL-7839,157368.15,Input,Ready,None,No,Raw_GL_Export_With_CostCenters_Mar2026_IBMBOB_Enhanced.csv
"IBM BOB 1 - Group P&L",2026-06,TXN004577,FJI01,2026-06-01,5520,"Sales and marketing",Events,Sales,TAS,"Tasmania Operations",AWS,BOB-PL-0369,PO-PL-6250,7875.68,Input,Ready,None,No,Raw_GL_Export_With_CostCenters_Mar2026_IBMBOB_Enhanced.csv
"IBM BOB 1 - Group P&L",2026-06,TXN004578,FJI01,2026-06-29,6000,"Cost of revenue","Cost of goods sold",COGS,NSW,"New South Wales Operations",Officeworks,BOB-PL-0370,PO-PL-6431,80760.61,Input,Ready,None,No,Raw_GL_Export_With_CostCenters_Mar2026_IBMBOB_Enhanced.csv
"IBM BOB 1 - Group P&L",2026-06,TXN004579,AUS01,2026-06-17,5010,"General and administrative","Employee benefits",Personnel,IT,"Information Technology","Energy Australia",BOB-PL-0371,PO-PL-9249,68724.46,Input,Ready,None,No,Raw_GL_Export_With_CostCenters_Mar2026_IBMBOB_Enhanced.csv
"IBM BOB 1 - Group P&L",2026-06,TXN004580,AUS01,2026-06-03,6000,"Cost of revenue","Cost of goods sold",COGS,NSW,"New South Wales Operations","SAP Australia",BOB-PL-0372,PO-PL-7063,172160.69,Input,Ready,None,No,Raw_GL_Export_With_CostCenters_Mar2026_IBMBOB_Enhanced.csv
"IBM BOB 1 - Group P&L",2026-06,TXN004581,AUS01,2026-06-20,6030,"Cost of revenue","Manufacturing overhead",COGS,FIN,"Finance & Accounting",Snowflake,BOB-PL-0373,PO-PL-9823,61504.79,Input,Ready,None,No,Raw_GL_Export_With_CostCenters_Mar2026_IBMBOB_Enhanced.csv
"IBM BOB 1 - Group P&L",2026-06,TXN004582,AUS01,2026-06-27,5510,"Sales and marketing",Advertising,Sales,OPS,"Operations & Logistics",LinkedIn,BOB-PL-0374,PO-PL-6086,123397.38,Input,Ready,None,No,Raw_GL_Export_With_CostCenters_Mar2026_IBMBOB_Enhanced.csv
"IBM BOB 1 - Group P&L",2026-06,TXN004583,AUS01,2026-06-02,5520,"Sales and marketing",Events,Sales,FIN,"Finance & Accounting",LinkedIn,BOB-PL-0375,PO-PL-8587,128280.48,Input,Ready,None,No,Raw_GL_Export_With_CostCenters_Mar2026_IBMBOB_Enhanced.csv
"IBM BOB 1 - Group P&L",2026-06,TXN004584,PNG01,2026-06-24,6000,"Cost of revenue","Cost of goods sold",COGS,QLD,"Queensland Operations",Officeworks,BOB-PL-0376,PO-PL-8638,104681.56,Input,Ready,None,No,Raw_GL_Export_With_CostCenters_Mar2026_IBMBOB_Enhanced.csv
"IBM BOB 1 - Group P&L",2026-06,TXN004585,AUS01,2026-06-09,6020,"Cost of revenue","Direct labor",COGS,MKT,"Marketing & Sales",Officeworks,BOB-PL-0377,PO-PL-2410,80887.27,Input,Ready,None,No,Raw_GL_Export_With_CostCenters_Mar2026_IBMBOB_Enhanced.csv
"IBM BOB 1 - Group P&L",2026-06,TXN004586,AUS01,2026-06-12,4000,Revenue,"Product sales","Operating Revenue",TAS,"Tasmania Operations",LinkedIn,BOB-PL-0378,PO-PL-7232,190878.65,Input,Ready,None,No,Raw_GL_Export_With_CostCenters_Mar2026_IBMBOB_Enhanced.csv
"IBM BOB 1 - Group P&L",2026-06,TXN004587,AUS01,2026-06-16,4000,Revenue,"Product sales","Operating Revenue",TAS,"Tasmania Operations","Melbourne Airport",BOB-PL-0379,PO-PL-5374,120554.19,Input,Ready,None,No,Raw_GL_Export_With_CostCenters_Mar2026_IBMBOB_Enhanced.csv
"IBM BOB 1 - Group P&L",2026-06,TXN004588,AUS01,2026-06-05,5700,"Research and development",Training,Development,OPS,"Operations & Logistics","Melbourne Airport",BOB-PL-0380,PO-PL-4336,43734.43,Input,Ready,None,No,Raw_GL_Export_With_CostCenters_Mar2026_IBMBOB_Enhanced.csv
"IBM BOB 1 - Group P&L",2026-06,TXN004589,AUS01,2026-06-22,4010,Revenue,"Service revenue","Operating Revenue",ACT,"Australian Capital Territory","Qantas Commercial",BOB-PL-0381,PO-PL-6489,120859.15,Input,Ready,None,No,Raw_GL_Export_With_CostCenters_Mar2026_IBMBOB_Enhanced.csv
"IBM BOB 1 - Group P&L",2026-06,TXN004590,AUS01,2026-06-28,5510,"Sales and marketing",Advertising,Sales,VIC,"Victoria Operations","SAP Australia",BOB-PL-0382,PO-PL-4989,84888.87,Input,Ready,None,No,Raw_GL_Export_With_CostCenters_Mar2026_IBMBOB_Enhanced.csv
"IBM BOB 1 - Group P&L",2026-06,TXN004591,AUS01,2026-06-14,5210,"Research and development","Cloud services",IT,OPS,"Operations & Logistics","SAP Australia",BOB-PL-0383,PO-PL-7206,88800.60,Input,Ready,None,No,Raw_GL_Export_With_CostCenters_Mar2026_IBMBOB_Enhanced.csv
"IBM BOB 1 - Group P&L",2026-06,TXN004592,AUS01,2026-06-10,5910,"Other income / expense","Interest expense",Finance,CORP,"Corporate Head Office",Snowflake,BOB-PL-0384,PO-PL-3467,138057.56,Input,Ready,None,No,Raw_GL_Export_With_CostCenters_Mar2026_IBMBOB_Enhanced.csv
"IBM BOB 1 - Group P&L",2026-06,TXN004593,NZL01,2026-06-22,5920,"Other income / expense","FX loss",Finance,R&D,"Research & Development","Google Ads",BOB-PL-0385,PO-PL-3755,44178.96,Input,Ready,None,No,Raw_GL_Export_With_CostCenters_Mar2026_IBMBOB_Enhanced.csv
"IBM BOB 1 - Group P&L",2026-06,TXN004594,AUS01,2026-06-07,6030,"Cost of revenue","Manufacturing overhead",COGS,NSW,"New South Wales Operations","IBM Australia",BOB-PL-0386,PO-PL-6048,102954.21,Input,Ready,None,No,Raw_GL_Export_With_CostCenters_Mar2026_IBMBOB_Enhanced.csv
"IBM BOB 1 - Group P&L",2026-06,TXN004595,AUS01,2026-06-22,6030,"Cost of revenue","Manufacturing overhead",COGS,NSW,"New South Wales Operations","SAP Australia",BOB-PL-0387,PO-PL-5335,70958.22,Input,Ready,None,No,Raw_GL_Export_With_CostCenters_Mar2026_IBMBOB_Enhanced.csv
"IBM BOB 1 - Group P&L",2026-06,TXN004596,AUS01,2026-06-10,5010,"General and administrative","Employee benefits",Personnel,VIC,"Victoria Operations","Google Ads",BOB-PL-0388,PO-PL-5888,9072.64,Input,Ready,None,No,Raw_GL_Export_With_CostCenters_Mar2026_IBMBOB_Enhanced.csv
"IBM BOB 1 - Group P&L",2026-06,TXN004597,AUS01,2026-06-02,5000,"General and administrative","Salaries and wages",Personnel,QLD,"Queensland Operations","Qantas Commercial",BOB-PL-0389,PO-PL-5197,92457.07,Input,Ready,None,No,Raw_GL_Export_With_CostCenters_Mar2026_IBMBOB_Enhanced.csv
"IBM BOB 1 - Group P&L",2026-06,TXN004598,FJI01,2026-06-14,4000,Revenue,"Product sales","Operating Revenue",NT,"Northern Territory Operations","QBE Insurance",BOB-PL-0390,PO-PL-4064,292188.57,Input,Ready,None,No,Raw_GL_Export_With_CostCenters_Mar2026_IBMBOB_Enhanced.csv
"IBM BOB 1 - Group P&L",2026-06,TXN004599,AUS01,2026-06-14,4000,Revenue,"Product sales","Operating Revenue",MKT,"Marketing & Sales","SAP Australia",BOB-PL-0391,PO-PL-7639,133514.73,Input,Ready,None,No,Raw_GL_Export_With_CostCenters_Mar2026_IBMBOB_Enhanced.csv
"IBM BOB 1 - Group P&L",2026-06,TXN004600,AUS01,2026-06-29,5210,"Research and development","Cloud services",IT,FIN,"Finance & Accounting",AWS,BOB-PL-0392,PO-PL-4785,119547.69,Input,Ready,None,No,Raw_GL_Export_With_CostCenters_Mar2026_IBMBOB_Enhanced.csv
"IBM BOB 1 - Group P&L",2026-06,TXN004601,NZL01,2026-06-10,4000,Revenue,"Product sales","Operating Revenue",MKT,"Marketing & Sales",Officeworks,BOB-PL-0393,PO-PL-7954,145518.59,Input,Ready,None,No,Raw_GL_Export_With_CostCenters_Mar2026_IBMBOB_Enhanced.csv
"IBM BOB 1 - Group P&L",2026-06,TXN004602,AUS01,2026-06-09,5000,"General and administrative","Salaries and wages",Personnel,SA,"South Australia Operations",Officeworks,BOB-PL-0394,PO-PL-2834,82516.72,Input,Ready,None,No,Raw_GL_Export_With_CostCenters_Mar2026_IBMBOB_Enhanced.csv
"IBM BOB 1 - Group P&L",2026-06,TXN004603,AUS01,2026-06-03,6020,"Cost of revenue","Direct labor",COGS,OPS,"Operations & Logistics",AWS,BOB-PL-0395,PO-PL-8362,123350.94,Input,Ready,None,No,Raw_GL_Export_With_CostCenters_Mar2026_IBMBOB_Enhanced.csv
"IBM BOB 1 - Group P&L",2026-06,TXN004604,AUS01,2026-06-12,6020,"Cost of revenue","Direct labor",COGS,MKT,"Marketing & Sales",LinkedIn,BOB-PL-0396,PO-PL-7242,25174.02,Input,Ready,None,No,Raw_GL_Export_With_CostCenters_Mar2026_IBMBOB_Enhanced.csv
"IBM BOB 1 - Group P&L",2026-06,TXN004605,AUS01,2026-06-08,2210,"Tax provision","Income tax payable","Current Liabilities",CORP,"Corporate Head Office","IBM Australia",BOB-PL-0397,PO-PL-2949,61062.04,Input,Ready,None,No,Raw_GL_Export_With_CostCenters_Mar2026_IBMBOB_Enhanced.csv
"IBM BOB 1 - Group P&L",2026-06,TXN004606,PNG01,2026-06-11,6010,"Cost of revenue","Direct materials",COGS,NSW,"New South Wales Operations",Deloitte,BOB-PL-0398,PO-PL-3253,179316.16,Input,Ready,None,No,Raw_GL_Export_With_CostCenters_Mar2026_IBMBOB_Enhanced.csv
"IBM BOB 1 - Group P&L",2026-06,TXN004607,AUS01,2026-06-02,6010,"Cost of revenue","Direct materials",COGS,CORP,"Corporate Head Office",LinkedIn,BOB-PL-0399,PO-PL-2649,99363.13,Input,Ready,None,No,Raw_GL_Export_With_CostCenters_Mar2026_IBMBOB_Enhanced.csv
"IBM BOB 1 - Group P&L",2026-06,TXN004608,AUS01,2026-06-26,4020,Revenue,"Subscription revenue","Operating Revenue",SA,"South Australia Operations",Deloitte,BOB-PL-0400,PO-PL-4588,24915.22,Input,Ready,None,No,Raw_GL_Export_With_CostCenters_Mar2026_IBMBOB_Enhanced.csv
"IBM BOB 1 - Group P&L",2026-06,TXN004609,AUS01,2026-06-30,5500,"Sales and marketing","Campaign spend",Sales,NT,"Northern Territory Operations","Qantas Commercial",BOB-PL-0401,PO-PL-5308,173895.64,Input,Ready,None,No,Raw_GL_Export_With_CostCenters_Mar2026_IBMBOB_Enhanced.csv
"IBM BOB 1 - Group P&L",2026-06,TXN004610,FJI01,2026-06-04,6000,"Cost of revenue","Cost of goods sold",COGS,NSW,"New South Wales Operations","IBM Australia",BOB-PL-0402,PO-PL-6054,12097.38,Input,Ready,None,No,Raw_GL_Export_With_CostCenters_Mar2026_IBMBOB_Enhanced.csv
"IBM BOB 1 - Group P&L",2026-06,TXN004611,FJI01,2026-06-22,4010,Revenue,"Service revenue","Operating Revenue",NSW,"New South Wales Operations","Google Ads",BOB-PL-0403,PO-PL-9848,119425.45,Input,Ready,None,No,Raw_GL_Export_With_CostCenters_Mar2026_IBMBOB_Enhanced.csv
"IBM BOB 1 - Group P&L",2026-06,TXN004612,AUS01,2026-06-12,5000,"General and administrative","Salaries and wages",Personnel,HR,"Human Resources",Deloitte,BOB-PL-0404,PO-PL-8525,115122.48,Input,Ready,None,No,Raw_GL_Export_With_CostCenters_Mar2026_IBMBOB_Enhanced.csv
"IBM BOB 1 - Group P&L",2026-06,TXN004613,FJI01,2026-06-24,5510,"Sales and marketing",Advertising,Sales,HR,"Human Resources","Google Ads",BOB-PL-0405,PO-PL-7565,161656.78,Input,Ready,None,No,Raw_GL_Export_With_CostCenters_Mar2026_IBMBOB_Enhanced.csv
"IBM BOB 1 - Group P&L",2026-06,TXN004614,NZL01,2026-06-05,5500,"Sales and marketing","Campaign spend",Sales,SA,"South Australia Operations",Deloitte,BOB-PL-0406,PO-PL-2324,102062.38,Input,Ready,None,No,Raw_GL_Export_With_CostCenters_Mar2026_IBMBOB_Enhanced.csv
"IBM BOB 1 - Group P&L",2026-06,TXN004615,AUS01,2026-06-28,4010,Revenue,"Service revenue","Operating Revenue",MKT,"Marketing & Sales","Melbourne Airport",BOB-PL-0407,PO-PL-5605,442990.71,Input,Ready,None,No,Raw_GL_Export_With_CostCenters_Mar2026_IBMBOB_Enhanced.csv
"IBM BOB 1 - Group P&L",2026-06,TXN004616,AUS01,2026-06-25,5200,"Research and development","Software licenses",IT,VIC,"Victoria Operations",LinkedIn,BOB-PL-0408,PO-PL-5040,114433.29,Input,Ready,None,No,Raw_GL_Export_With_CostCenters_Mar2026_IBMBOB_Enhanced.csv
"IBM BOB 1 - Group P&L",2026-06,TXN004617,AUS01,2026-06-20,5110,"Other operating expenses",Utilities,Facilities,SA,"South Australia Operations",LinkedIn,BOB-PL-0409,PO-PL-3632,164031.44,Input,Ready,None,No,Raw_GL_Export_With_CostCenters_Mar2026_IBMBOB_Enhanced.csv
"IBM BOB 1 - Group P&L",2026-06,TXN004618,AUS01,2026-06-08,4010,Revenue,"Service revenue","Operating Revenue",FIN,"Finance & Accounting",Snowflake,BOB-PL-0410,PO-PL-3810,82184.45,Input,Ready,None,No,Raw_GL_Export_With_CostCenters_Mar2026_IBMBOB_Enhanced.csv
"IBM BOB 1 - Group P&L",2026-06,TXN004619,AUS01,2026-06-27,6010,"Cost of revenue","Direct materials",COGS,VIC,"Victoria Operations","Melbourne Airport",BOB-PL-0411,PO-PL-6732,24513.29,Input,Ready,None,No,Raw_GL_Export_With_CostCenters_Mar2026_IBMBOB_Enhanced.csv
"IBM BOB 1 - Group P&L",2026-06,TXN004620,AUS01,2026-06-20,4000,Revenue,"Product sales","Operating Revenue",TAS,"Tasmania Operations","Energy Australia",BOB-PL-0412,PO-PL-6098,89353.48,Input,Ready,None,No,Raw_GL_Export_With_CostCenters_Mar2026_IBMBOB_Enhanced.csv
"IBM BOB 1 - Group P&L",2026-06,TXN004621,AUS01,2026-06-12,4000,Revenue,"Product sales","Operating Revenue",OPS,"Operations & Logistics","QBE Insurance",BOB-PL-0413,PO-PL-7573,84571.59,Input,Ready,None,No,Raw_GL_Export_With_CostCenters_Mar2026_IBMBOB_Enhanced.csv
"IBM BOB 1 - Group P&L",2026-06,TXN004622,AUS01,2026-06-18,4020,Revenue,"Subscription revenue","Operating Revenue",IT,"Information Technology","Melbourne Airport",BOB-PL-0414,PO-PL-4999,233255.24,Input,Ready,None,No,Raw_GL_Export_With_CostCenters_Mar2026_IBMBOB_Enhanced.csv
"IBM BOB 1 - Group P&L",2026-06,TXN004623,PNG01,2026-06-19,5000,"General and administrative","Salaries and wages",Personnel,TAS,"Tasmania Operations",AWS,BOB-PL-0415,PO-PL-8864,140537.55,Input,Ready,None,No,Raw_GL_Export_With_CostCenters_Mar2026_IBMBOB_Enhanced.csv
"IBM BOB 1 - Group P&L",2026-06,TXN004624,AUS01,2026-06-27,4000,Revenue,"Product sales","Operating Revenue",FIN,"Finance & Accounting",Officeworks,BOB-PL-0416,PO-PL-3109,27347.08,Input,Ready,None,No,Raw_GL_Export_With_CostCenters_Mar2026_IBMBOB_Enhanced.csv
"IBM BOB 1 - Group P&L",2026-06,TXN004625,AUS01,2026-06-24,4010,Revenue,"Service revenue","Operating Revenue",WA,"Western Australia Operations","QBE Insurance",BOB-PL-0417,PO-PL-7138,144937.27,Input,Ready,None,No,Raw_GL_Export_With_CostCenters_Mar2026_IBMBOB_Enhanced.csv
"IBM BOB 1 - Group P&L",2026-06,TXN004626,NZL01,2026-06-15,6020,"Cost of revenue","Direct labor",COGS,WA,"Western Australia Operations","QBE Insurance",BOB-PL-0418,PO-PL-8979,153061.85,Input,Ready,None,No,Raw_GL_Export_With_CostCenters_Mar2026_IBMBOB_Enhanced.csv
"IBM BOB 1 - Group P&L",2026-06,TXN004627,NZL01,2026-06-21,4010,Revenue,"Service revenue","Operating Revenue",HR,"Human Resources","Melbourne Airport",BOB-PL-0419,PO-PL-4887,151116.62,Input,Ready,None,No,Raw_GL_Export_With_CostCenters_Mar2026_IBMBOB_Enhanced.csv
"IBM BOB 1 - Group P&L",2026-06,TXN004628,PNG01,2026-06-12,4020,Revenue,"Subscription revenue","Operating Revenue",SA,"South Australia Operations",AWS,BOB-PL-0420,PO-PL-2191,102610.86,Input,Ready,None,No,Raw_GL_Export_With_CostCenters_Mar2026_IBMBOB_Enhanced.csv
"IBM BOB 1 - Group P&L",2026-06,TXN004629,PNG01,2026-06-23,4010,Revenue,"Service revenue","Operating Revenue",OPS,"Operations & Logistics","IBM Australia",BOB-PL-0421,PO-PL-8090,166302.21,Input,Ready,None,No,Raw_GL_Export_With_CostCenters_Mar2026_IBMBOB_Enhanced.csv
"IBM BOB 1 - Group P&L",2026-06,TXN004630,PNG01,2026-06-01,4000,Revenue,"Product sales","Operating Revenue",MKT,"Marketing & Sales",Snowflake,BOB-PL-0422,PO-PL-9090,147732.16,Input,Ready,None,No,Raw_GL_Export_With_CostCenters_Mar2026_IBMBOB_Enhanced.csv
"IBM BOB 1 - Group P&L",2026-06,TXN004631,AUS01,2026-06-15,6010,"Cost of revenue","Direct materials",COGS,R&D,"Research & Development","Qantas Commercial",BOB-PL-0423,PO-PL-8156,43098.30,Input,Ready,None,No,Raw_GL_Export_With_CostCenters_Mar2026_IBMBOB_Enhanced.csv
"IBM BOB 1 - Group P&L",2026-06,TXN004632,FJI01,2026-06-24,5200,"Research and development","Software licenses",IT,QLD,"Queensland Operations",Officeworks,BOB-PL-0424,PO-PL-9197,91908.55,Input,Ready,None,No,Raw_GL_Export_With_CostCenters_Mar2026_IBMBOB_Enhanced.csv
"IBM BOB 1 - Group P&L",2026-06,TXN004633,AUS01,2026-06-02,5920,"Other income / expense","FX loss",Finance,SA,"South Australia Operations",Snowflake,BOB-PL-0425,PO-PL-5315,34031.99,Input,Ready,None,No,Raw_GL_Export_With_CostCenters_Mar2026_IBMBOB_Enhanced.csv
"IBM BOB 1 - Group P&L",2026-06,TXN004634,AUS01,2026-06-23,4020,Revenue,"Subscription revenue","Operating Revenue",QLD,"Queensland Operations","IBM Australia",BOB-PL-0426,PO-PL-2342,177393.91,Input,Ready,None,No,Raw_GL_Export_With_CostCenters_Mar2026_IBMBOB_Enhanced.csv
"IBM BOB 1 - Group P&L",2026-06,TXN004635,AUS01,2026-06-25,5000,"General and administrative","Salaries and wages",Personnel,MKT,"Marketing & Sales",LinkedIn,BOB-PL-0427,PO-PL-4493,159891.60,Input,Ready,None,No,Raw_GL_Export_With_CostCenters_Mar2026_IBMBOB_Enhanced.csv
"IBM BOB 1 - Group P&L",2026-06,TXN004636,AUS01,2026-06-20,6000,"Cost of revenue","Cost of goods sold",COGS,CORP,"Corporate Head Office","IBM Australia",BOB-PL-0428,PO-PL-8537,118764.07,Input,Ready,None,No,Raw_GL_Export_With_CostCenters_Mar2026_IBMBOB_Enhanced.csv
"IBM BOB 1 - Group P&L",2026-06,TXN004637,AUS01,2026-06-02,4010,Revenue,"Service revenue","Operating Revenue",NSW,"New South Wales Operations",Officeworks,BOB-PL-0429,PO-PL-4702,65280.13,Input,Ready,None,No,Raw_GL_Export_With_CostCenters_Mar2026_IBMBOB_Enhanced.csv
"IBM BOB 1 - Group P&L",2026-06,TXN004638,AUS01,2026-06-16,6010,"Cost of revenue","Direct materials",COGS,MKT,"Marketing & Sales","Energy Australia",BOB-PL-0430,PO-PL-6630,39906.67,Input,Ready,None,No,Raw_GL_Export_With_CostCenters_Mar2026_IBMBOB_Enhanced.csv
"IBM BOB 1 - Group P&L",2026-06,TXN004639,AUS01,2026-06-09,6010,"Cost of revenue","Direct materials",COGS,QLD,"Queensland Operations","IBM Australia",BOB-PL-0431,PO-PL-4963,105389.78,Input,Ready,None,No,Raw_GL_Export_With_CostCenters_Mar2026_IBMBOB_Enhanced.csv
"IBM BOB 1 - Group P&L",2026-06,TXN004640,AUS01,2026-06-28,5510,"Sales and marketing",Advertising,Sales,IT,"Information Technology",LinkedIn,BOB-PL-0432,PO-PL-3773,63201.26,Input,Ready,None,No,Raw_GL_Export_With_CostCenters_Mar2026_IBMBOB_Enhanced.csv
"IBM BOB 1 - Group P&L",2026-06,TXN004641,AUS01,2026-06-13,5000,"General and administrative","Salaries and wages",Personnel,NT,"Northern Territory Operations","QBE Insurance",BOB-PL-0433,PO-PL-3817,25606.79,Input,Ready,None,No,Raw_GL_Export_With_CostCenters_Mar2026_IBMBOB_Enhanced.csv
"IBM BOB 1 - Group P&L",2026-06,TXN004642,NZL01,2026-06-02,6020,"Cost of revenue","Direct labor",COGS,SA,"South Australia Operations","Melbourne Airport",BOB-PL-0434,PO-PL-5718,27794.14,Input,Ready,None,No,Raw_GL_Export_With_CostCenters_Mar2026_IBMBOB_Enhanced.csv
"IBM BOB 1 - Group P&L",2026-06,TXN004643,AUS01,2026-06-16,5320,"General and administrative","Audit fees",External,MKT,"Marketing & Sales","Google Ads",BOB-PL-0435,PO-PL-3432,92832.25,Input,Ready,None,No,Raw_GL_Export_With_CostCenters_Mar2026_IBMBOB_Enhanced.csv
"IBM BOB 1 - Group P&L",2026-06,TXN004644,FJI01,2026-06-02,5210,"Research and development","Cloud services",IT,IT,"Information Technology",AWS,BOB-PL-0436,PO-PL-4000,142971.23,Input,Ready,None,No,Raw_GL_Export_With_CostCenters_Mar2026_IBMBOB_Enhanced.csv
"IBM BOB 1 - Group P&L",2026-06,TXN004645,NZL01,2026-06-12,5010,"General and administrative","Employee benefits",Personnel,OPS,"Operations & Logistics",Officeworks,BOB-PL-0437,PO-PL-7350,35696.12,Input,Ready,None,No,Raw_GL_Export_With_CostCenters_Mar2026_IBMBOB_Enhanced.csv
"IBM BOB 1 - Group P&L",2026-06,TXN004646,AUS01,2026-06-20,5110,"Other operating expenses",Utilities,Facilities,QLD,"Queensland Operations","QBE Insurance",BOB-PL-0438,PO-PL-2009,160957.02,Input,Ready,None,No,Raw_GL_Export_With_CostCenters_Mar2026_IBMBOB_Enhanced.csv
"IBM BOB 1 - Group P&L",2026-06,TXN004647,NZL01,2026-06-17,4100,"Other income / expense","Interest income","Non-Operating Revenue",IT,"Information Technology",Officeworks,BOB-PL-0439,PO-PL-2907,53662.96,Input,Ready,None,No,Raw_GL_Export_With_CostCenters_Mar2026_IBMBOB_Enhanced.csv
"IBM BOB 1 - Group P&L",2026-06,TXN004648,NZL01,2026-06-17,4100,"Other income / expense","Interest income","Non-Operating Revenue",QLD,"Queensland Operations",Deloitte,BOB-PL-0440,PO-PL-8006,148000.42,Input,Ready,None,No,Raw_GL_Export_With_CostCenters_Mar2026_IBMBOB_Enhanced.csv
"IBM BOB 1 - Group P&L",2026-06,TXN004649,AUS01,2026-06-01,6020,"Cost of revenue","Direct labor",COGS,MKT,"Marketing & Sales","Energy Australia",BOB-PL-0441,PO-PL-9344,30550.27,Input,Ready,None,No,Raw_GL_Export_With_CostCenters_Mar2026_IBMBOB_Enhanced.csv
"IBM BOB 1 - Group P&L",2026-06,TXN004650,FJI01,2026-06-25,6030,"Cost of revenue","Manufacturing overhead",COGS,WA,"Western Australia Operations","Energy Australia",BOB-PL-0442,PO-PL-5098,13433.18,Input,Ready,None,No,Raw_GL_Export_With_CostCenters_Mar2026_IBMBOB_Enhanced.csv
"IBM BOB 1 - Group P&L",2026-06,TXN004651,NZL01,2026-06-27,5000,"General and administrative","Salaries and wages",Personnel,SA,"South Australia Operations",LinkedIn,BOB-PL-0443,PO-PL-2659,24417.51,Input,Ready,None,No,Raw_GL_Export_With_CostCenters_Mar2026_IBMBOB_Enhanced.csv
"IBM BOB 1 - Group P&L",2026-06,TXN004652,AUS01,2026-06-12,6020,"Cost of revenue","Direct labor",COGS,NT,"Northern Territory Operations",Deloitte,BOB-PL-0444,PO-PL-6214,57049.96,Input,Ready,None,No,Raw_GL_Export_With_CostCenters_Mar2026_IBMBOB_Enhanced.csv
"IBM BOB 1 - Group P&L",2026-06,TXN004653,NZL01,2026-06-24,6020,"Cost of revenue","Direct labor",COGS,FIN,"Finance & Accounting",Deloitte,BOB-PL-0445,PO-PL-2211,159823.59,Input,Ready,None,No,Raw_GL_Export_With_CostCenters_Mar2026_IBMBOB_Enhanced.csv
"IBM BOB 1 - Group P&L",2026-06,TXN004654,AUS01,2026-06-02,4010,Revenue,"Service revenue","Operating Revenue",OPS,"Operations & Logistics",Deloitte,BOB-PL-0446,PO-PL-8103,174660.64,Input,Ready,None,No,Raw_GL_Export_With_CostCenters_Mar2026_IBMBOB_Enhanced.csv
"IBM BOB 1 - Group P&L",2026-06,TXN004655,NZL01,2026-06-24,4000,Revenue,"Product sales","Operating Revenue",HR,"Human Resources",Deloitte,BOB-PL-0447,PO-PL-6125,176067.90,Input,Ready,None,No,Raw_GL_Export_With_CostCenters_Mar2026_IBMBOB_Enhanced.csv
"IBM BOB 1 - Group P&L",2026-06,TXN004656,AUS01,2026-06-11,5510,"Sales and marketing",Advertising,Sales,R&D,"Research & Development",Deloitte,BOB-PL-0448,PO-PL-4401,67948.07,Input,Ready,None,No,Raw_GL_Export_With_CostCenters_Mar2026_IBMBOB_Enhanced.csv
"IBM BOB 1 - Group P&L",2026-06,TXN004657,AUS01,2026-06-30,4010,Revenue,"Service revenue","Operating Revenue",IT,"Information Technology","Qantas Commercial",BOB-PL-0449,PO-PL-8521,379340.43,Input,Ready,None,No,Raw_GL_Export_With_CostCenters_Mar2026_IBMBOB_Enhanced.csv
"IBM BOB 1 - Group P&L",2026-06,TXN004658,AUS01,2026-06-04,5510,"Sales and marketing",Advertising,Sales,IT,"Information Technology",Snowflake,BOB-PL-0450,PO-PL-3778,14128.14,Input,Ready,None,No,Raw_GL_Export_With_CostCenters_Mar2026_IBMBOB_Enhanced.csv
"IBM BOB 1 - Group P&L",2026-06,TXN004659,AUS01,2026-06-08,4020,Revenue,"Subscription revenue","Operating Revenue",TAS,"Tasmania Operations",AWS,BOB-PL-0451,PO-PL-5592,413900.56,Input,Ready,None,No,Raw_GL_Export_With_CostCenters_Mar2026_IBMBOB_Enhanced.csv
"IBM BOB 1 - Group P&L",2026-06,TXN004660,NZL01,2026-06-29,5000,"General and administrative","Salaries and wages",Personnel,ACT,"Australian Capital Territory","SAP Australia",BOB-PL-0452,PO-PL-9210,129191.33,Input,Ready,None,No,Raw_GL_Export_With_CostCenters_Mar2026_IBMBOB_Enhanced.csv
"IBM BOB 1 - Group P&L",2026-06,TXN004661,AUS01,2026-06-28,5210,"Research and development","Cloud services",IT,NT,"Northern Territory Operations",LinkedIn,BOB-PL-0453,PO-PL-3581,159958.70,Input,Ready,None,No,Raw_GL_Export_With_CostCenters_Mar2026_IBMBOB_Enhanced.csv
"IBM BOB 1 - Group P&L",2026-06,TXN004662,AUS01,2026-06-03,4020,Revenue,"Subscription revenue","Operating Revenue",IT,"Information Technology","Energy Australia",BOB-PL-0454,PO-PL-4408,96534.23,Input,Ready,None,No,Raw_GL_Export_With_CostCenters_Mar2026_IBMBOB_Enhanced.csv
"IBM BOB 1 - Group P&L",2026-06,TXN004663,AUS01,2026-06-05,4000,Revenue,"Product sales","Operating Revenue",SA,"South Australia Operations","Melbourne Airport",BOB-PL-0455,PO-PL-3662,440355.19,Input,Ready,None,No,Raw_GL_Export_With_CostCenters_Mar2026_IBMBOB_Enhanced.csv
"IBM BOB 1 - Group P&L",2026-06,TXN004664,AUS01,2026-06-23,4000,Revenue,"Product sales","Operating Revenue",R&D,"Research & Development","Energy Australia",BOB-PL-0456,PO-PL-3427,330543.23,Input,Ready,None,No,Raw_GL_Export_With_CostCenters_Mar2026_IBMBOB_Enhanced.csv
"IBM BOB 1 - Group P&L",2026-06,TXN004665,NZL01,2026-06-23,6030,"Cost of revenue","Manufacturing overhead",COGS,NT,"Northern Territory Operations","IBM Australia",BOB-PL-0457,PO-PL-4786,127407.60,Input,Ready,None,No,Raw_GL_Export_With_CostCenters_Mar2026_IBMBOB_Enhanced.csv
"IBM BOB 1 - Group P&L",2026-06,TXN004666,AUS01,2026-06-19,6000,"Cost of revenue","Cost of goods sold",COGS,QLD,"Queensland Operations","IBM Australia",BOB-PL-0458,PO-PL-5488,167770.81,Input,Ready,None,No,Raw_GL_Export_With_CostCenters_Mar2026_IBMBOB_Enhanced.csv
"IBM BOB 1 - Group P&L",2026-06,TXN004667,FJI01,2026-06-06,4010,Revenue,"Service revenue","Operating Revenue",FIN,"Finance & Accounting",Snowflake,BOB-PL-0459,PO-PL-3496,238742.70,Input,Ready,None,No,Raw_GL_Export_With_CostCenters_Mar2026_IBMBOB_Enhanced.csv
"IBM BOB 1 - Group P&L",2026-06,TXN004668,AUS01,2026-06-11,5010,"General and administrative","Employee benefits",Personnel,FIN,"Finance & Accounting","Energy Australia",BOB-PL-0460,PO-PL-3943,454648.01,Input,"Requires review","Material variance > threshold",Yes,Raw_GL_Export_With_CostCenters_Mar2026_IBMBOB_Enhanced.csv
"IBM BOB 1 - Group P&L",2026-06,TXN004669,AUS01,2026-06-08,4010,Revenue,"Service revenue","Operating Revenue",OPS,"Operations & Logistics",Snowflake,BOB-PL-0461,PO-PL-8607,110683.16,Input,Ready,None,No,Raw_GL_Export_With_CostCenters_Mar2026_IBMBOB_Enhanced.csv
"IBM BOB 1 - Group P&L",2026-06,TXN004670,AUS01,2026-06-27,6000,"Cost of revenue","Cost of goods sold",COGS,NT,"Northern Territory Operations","Energy Australia",BOB-PL-0462,PO-PL-5746,161651.44,Input,Ready,None,No,Raw_GL_Export_With_CostCenters_Mar2026_IBMBOB_Enhanced.csv
"IBM BOB 1 - Group P&L",2026-06,TXN004671,AUS01,2026-06-08,5110,"Other operating expenses",Utilities,Facilities,CORP,"Corporate Head Office","Melbourne Airport",BOB-PL-0463,PO-PL-2502,43052.48,Input,Ready,None,No,Raw_GL_Export_With_CostCenters_Mar2026_IBMBOB_Enhanced.csv
"IBM BOB 1 - Group P&L",2026-06,TXN004672,AUS01,2026-06-01,5500,"Sales and marketing","Campaign spend",Sales,NSW,"New South Wales Operations",AWS,BOB-PL-0464,PO-PL-5753,138885.15,Input,Ready,None,No,Raw_GL_Export_With_CostCenters_Mar2026_IBMBOB_Enhanced.csv
"IBM BOB 1 - Group P&L",2026-06,TXN004673,PNG01,2026-06-29,4000,Revenue,"Product sales","Operating Revenue",TAS,"Tasmania Operations","QBE Insurance",BOB-PL-0465,PO-PL-9337,410302.42,Input,Ready,None,No,Raw_GL_Export_With_CostCenters_Mar2026_IBMBOB_Enhanced.csv
"IBM BOB 1 - Group P&L",2026-06,TXN004674,AUS01,2026-06-10,5210,"Research and development","Cloud services",IT,NT,"Northern Territory Operations","Google Ads",BOB-PL-0466,PO-PL-5091,125058.49,Input,Ready,None,No,Raw_GL_Export_With_CostCenters_Mar2026_IBMBOB_Enhanced.csv
"IBM BOB 1 - Group P&L",2026-06,TXN004675,NZL01,2026-06-15,6020,"Cost of revenue","Direct labor",COGS,WA,"Western Australia Operations",Deloitte,BOB-PL-0467,PO-PL-4352,21083.63,Input,Ready,None,No,Raw_GL_Export_With_CostCenters_Mar2026_IBMBOB_Enhanced.csv
"IBM BOB 1 - Group P&L",2026-06,TXN004676,FJI01,2026-06-06,4100,"Other income / expense","Interest income","Non-Operating Revenue",HR,"Human Resources",AWS,BOB-PL-0468,PO-PL-7745,95194.60,Input,Ready,None,No,Raw_GL_Export_With_CostCenters_Mar2026_IBMBOB_Enhanced.csv
"IBM BOB 1 - Group P&L",2026-06,TXN004677,PNG01,2026-06-22,5100,"Other operating expenses","Office rent",Facilities,NT,"Northern Territory Operations",AWS,BOB-PL-0469,PO-PL-7487,67200.02,Input,Ready,None,No,Raw_GL_Export_With_CostCenters_Mar2026_IBMBOB_Enhanced.csv
"IBM BOB 1 - Group P&L",2026-06,TXN004678,AUS01,2026-06-17,5510,"Sales and marketing",Advertising,Sales,CORP,"Corporate Head Office",LinkedIn,BOB-PL-0470,PO-PL-8110,169742.67,Input,Ready,None,No,Raw_GL_Export_With_CostCenters_Mar2026_IBMBOB_Enhanced.csv
"IBM BOB 1 - Group P&L",2026-06,TXN004679,AUS01,2026-06-10,5510,"Sales and marketing",Advertising,Sales,TAS,"Tasmania Operations","Energy Australia",BOB-PL-0471,PO-PL-4412,105906.31,Input,Ready,None,No,Raw_GL_Export_With_CostCenters_Mar2026_IBMBOB_Enhanced.csv
"IBM BOB 1 - Group P&L",2026-06,TXN004680,AUS01,2026-06-25,6000,"Cost of revenue","Cost of goods sold",COGS,HR,"Human Resources","SAP Australia",BOB-PL-0472,PO-PL-3610,65986.04,Input,Ready,None,No,Raw_GL_Export_With_CostCenters_Mar2026_IBMBOB_Enhanced.csv
"IBM BOB 1 - Group P&L",2026-06,TXN004681,AUS01,2026-06-04,6010,"Cost of revenue","Direct materials",COGS,ACT,"Australian Capital Territory","Google Ads",BOB-PL-0473,PO-PL-2088,172876.34,Input,Ready,None,No,Raw_GL_Export_With_CostCenters_Mar2026_IBMBOB_Enhanced.csv
"IBM BOB 1 - Group P&L",2026-06,TXN004682,FJI01,2026-06-03,5600,"Other operating expenses",Telecommunications,Operations,ACT,"Australian Capital Territory",AWS,BOB-PL-0474,PO-PL-5791,44467.27,Input,Ready,None,No,Raw_GL_Export_With_CostCenters_Mar2026_IBMBOB_Enhanced.csv
"IBM BOB 1 - Group P&L",2026-06,TXN004683,AUS01,2026-06-28,5010,"General and administrative","Employee benefits",Personnel,TAS,"Tasmania Operations",Officeworks,BOB-PL-0475,PO-PL-5238,108281.32,Input,Ready,None,No,Raw_GL_Export_With_CostCenters_Mar2026_IBMBOB_Enhanced.csv
"IBM BOB 1 - Group P&L",2026-06,TXN004684,PNG01,2026-06-03,6030,"Cost of revenue","Manufacturing overhead",COGS,OPS,"Operations & Logistics","SAP Australia",BOB-PL-0476,PO-PL-9283,35402.14,Input,Ready,None,No,Raw_GL_Export_With_CostCenters_Mar2026_IBMBOB_Enhanced.csv
"IBM BOB 1 - Group P&L",2026-06,TXN004685,AUS01,2026-06-04,4000,Revenue,"Product sales","Operating Revenue",NSW,"New South Wales Operations",LinkedIn,BOB-PL-0477,PO-PL-6162,180565.49,Input,Ready,None,No,Raw_GL_Export_With_CostCenters_Mar2026_IBMBOB_Enhanced.csv
"IBM BOB 1 - Group P&L",2026-06,TXN004686,AUS01,2026-06-29,5510,"Sales and marketing",Advertising,Sales,CORP,"Corporate Head Office",AWS,BOB-PL-0478,PO-PL-8057,83311.94,Input,Ready,None,No,Raw_GL_Export_With_CostCenters_Mar2026_IBMBOB_Enhanced.csv
"IBM BOB 1 - Group P&L",2026-06,TXN004687,AUS01,2026-06-19,5100,"Other operating expenses","Office rent",Facilities,SA,"South Australia Operations",AWS,BOB-PL-0479,PO-PL-2276,6100.12,Input,Ready,None,No,Raw_GL_Export_With_CostCenters_Mar2026_IBMBOB_Enhanced.csv
"IBM BOB 1 - Group P&L",2026-06,TXN004688,FJI01,2026-06-10,4010,Revenue,"Service revenue","Operating Revenue",CORP,"Corporate Head Office","QBE Insurance",BOB-PL-0480,PO-PL-6362,110858.05,Input,Ready,None,No,Raw_GL_Export_With_CostCenters_Mar2026_IBMBOB_Enhanced.csv
"IBM BOB 1 - Group P&L",2026-06,TXN004689,AUS01,2026-06-21,4010,Revenue,"Service revenue","Operating Revenue",OPS,"Operations & Logistics","Qantas Commercial",BOB-PL-0481,PO-PL-9806,188059.05,Input,Ready,None,No,Raw_GL_Export_With_CostCenters_Mar2026_IBMBOB_Enhanced.csv
"IBM BOB 1 - Group P&L",2026-06,TXN004690,NZL01,2026-06-26,4020,Revenue,"Subscription revenue","Operating Revenue",HR,"Human Resources","SAP Australia",BOB-PL-0482,PO-PL-5764,257576.30,Input,Ready,None,No,Raw_GL_Export_With_CostCenters_Mar2026_IBMBOB_Enhanced.csv
"IBM BOB 1 - Group P&L",2026-06,TXN004691,AUS01,2026-06-17,5000,"General and administrative","Salaries and wages",Personnel,ACT,"Australian Capital Territory","Google Ads",BOB-PL-0483,PO-PL-4023,98662.79,Input,Ready,None,No,Raw_GL_Export_With_CostCenters_Mar2026_IBMBOB_Enhanced.csv
"IBM BOB 1 - Group P&L",2026-06,TXN004692,AUS01,2026-06-31,4010,Revenue,"Service revenue","Operating Revenue",HR,"Human Resources","IBM Australia",BOB-PL-0484,PO-PL-7688,291887.45,Input,Ready,None,No,Raw_GL_Export_With_CostCenters_Mar2026_IBMBOB_Enhanced.csv
"IBM BOB 1 - Group P&L",2026-06,TXN004693,AUS01,2026-06-11,5620,"Other operating expenses",Insurance,Operations,CORP,"Corporate Head Office",AWS,BOB-PL-0485,PO-PL-6435,173451.96,Input,Ready,None,No,Raw_GL_Export_With_CostCenters_Mar2026_IBMBOB_Enhanced.csv
"IBM BOB 1 - Group P&L",2026-06,TXN004694,AUS01,2026-06-15,5920,"Other income / expense","FX loss",Finance,TAS,"Tasmania Operations","Qantas Commercial",BOB-PL-0486,PO-PL-8859,153925.23,Input,Ready,None,No,Raw_GL_Export_With_CostCenters_Mar2026_IBMBOB_Enhanced.csv
"IBM BOB 1 - Group P&L",2026-06,TXN004695,NZL01,2026-06-06,5100,"Other operating expenses","Office rent",Facilities,NT,"Northern Territory Operations","Energy Australia",BOB-PL-0487,PO-PL-5346,21338.68,Input,Ready,None,No,Raw_GL_Export_With_CostCenters_Mar2026_IBMBOB_Enhanced.csv
"IBM BOB 1 - Group P&L",2026-06,TXN004696,AUS01,2026-06-15,6010,"Cost of revenue","Direct materials",COGS,TAS,"Tasmania Operations",LinkedIn,BOB-PL-0488,PO-PL-9077,168327.72,Input,Ready,None,No,Raw_GL_Export_With_CostCenters_Mar2026_IBMBOB_Enhanced.csv
"IBM BOB 1 - Group P&L",2026-06,TXN004697,AUS01,2026-06-27,5100,"Other operating expenses","Office rent",Facilities,NSW,"New South Wales Operations","Qantas Commercial",BOB-PL-0489,PO-PL-6177,30641.96,Input,Ready,None,No,Raw_GL_Export_With_CostCenters_Mar2026_IBMBOB_Enhanced.csv
"IBM BOB 1 - Group P&L",2026-06,TXN004698,FJI01,2026-06-22,4020,Revenue,"Subscription revenue","Operating Revenue",TAS,"Tasmania Operations","Melbourne Airport",BOB-PL-0490,PO-PL-4689,123493.12,Input,Ready,None,No,Raw_GL_Export_With_CostCenters_Mar2026_IBMBOB_Enhanced.csv
"IBM BOB 1 - Group P&L",2026-06,TXN004699,AUS01,2026-06-29,5100,"Other operating expenses","Office rent",Facilities,NSW,"New South Wales Operations",Officeworks,BOB-PL-0491,PO-PL-5961,91609.96,Input,Ready,None,No,Raw_GL_Export_With_CostCenters_Mar2026_IBMBOB_Enhanced.csv
"IBM BOB 1 - Group P&L",2026-06,TXN004700,AUS01,2026-06-21,5000,"General and administrative","Salaries and wages",Personnel,TAS,"Tasmania Operations","SAP Australia",BOB-PL-0492,PO-PL-7211,152645.47,Input,Ready,None,No,Raw_GL_Export_With_CostCenters_Mar2026_IBMBOB_Enhanced.csv
"IBM BOB 1 - Group P&L",2026-06,TXN004701,AUS01,2026-06-06,4020,Revenue,"Subscription revenue","Operating Revenue",WA,"Western Australia Operations",AWS,BOB-PL-0493,PO-PL-8428,235146.42,Input,Ready,None,No,Raw_GL_Export_With_CostCenters_Mar2026_IBMBOB_Enhanced.csv
"IBM BOB 1 - Group P&L",2026-06,TXN004702,FJI01,2026-06-23,5320,"General and administrative","Audit fees",External,VIC,"Victoria Operations","Google Ads",BOB-PL-0494,PO-PL-8468,172227.62,Input,Ready,None,No,Raw_GL_Export_With_CostCenters_Mar2026_IBMBOB_Enhanced.csv
"IBM BOB 1 - Group P&L",2026-06,TXN004703,NZL01,2026-06-27,6010,"Cost of revenue","Direct materials",COGS,MKT,"Marketing & Sales","Qantas Commercial",BOB-PL-0495,PO-PL-6063,91497.92,Input,Ready,None,No,Raw_GL_Export_With_CostCenters_Mar2026_IBMBOB_Enhanced.csv
"IBM BOB 1 - Group P&L",2026-06,TXN004704,PNG01,2026-06-03,5510,"Sales and marketing",Advertising,Sales,QLD,"Queensland Operations","IBM Australia",BOB-PL-0496,PO-PL-7683,175667.87,Input,Ready,None,No,Raw_GL_Export_With_CostCenters_Mar2026_IBMBOB_Enhanced.csv
"IBM BOB 1 - Group P&L",2026-06,TXN004705,AUS01,2026-06-24,5110,"Other operating expenses",Utilities,Facilities,WA,"Western Australia Operations","Qantas Commercial",BOB-PL-0497,PO-PL-9566,18181.11,Input,Ready,None,No,Raw_GL_Export_With_CostCenters_Mar2026_IBMBOB_Enhanced.csv
"IBM BOB 1 - Group P&L",2026-06,TXN004706,AUS01,2026-06-13,6020,"Cost of revenue","Direct labor",COGS,VIC,"Victoria Operations",Snowflake,BOB-PL-0498,PO-PL-9906,33567.64,Input,Ready,None,No,Raw_GL_Export_With_CostCenters_Mar2026_IBMBOB_Enhanced.csv
"IBM BOB 1 - Group P&L",2026-06,TXN004707,NZL01,2026-06-23,4000,Revenue,"Product sales","Operating Revenue",NSW,"New South Wales Operations",LinkedIn,BOB-PL-0499,PO-PL-7112,72117.36,Input,Ready,None,No,Raw_GL_Export_With_CostCenters_Mar2026_IBMBOB_Enhanced.csv
"IBM BOB 1 - Group P&L",2026-06,TXN004708,NZL01,2026-06-04,5600,"Other operating expenses",Telecommunications,Operations,OPS,"Operations & Logistics",AWS,BOB-PL-0500,PO-PL-3201,118942.30,Input,Ready,None,No,Raw_GL_Export_With_CostCenters_Mar2026_IBMBOB_Enhanced.csv
"IBM BOB 1 - Group P&L",2026-06,TXN004709,NZL01,2026-06-20,6010,"Cost of revenue","Direct materials",COGS,NT,"Northern Territory Operations",LinkedIn,BOB-PL-0501,PO-PL-9811,15926.81,Input,Ready,None,No,Raw_GL_Export_With_CostCenters_Mar2026_IBMBOB_Enhanced.csv
"IBM BOB 1 - Group P&L",2026-06,TXN004710,AUS01,2026-06-08,6000,"Cost of revenue","Cost of goods sold",COGS,NT,"Northern Territory Operations","SAP Australia",BOB-PL-0502,PO-PL-3986,49398.35,Input,Ready,None,No,Raw_GL_Export_With_CostCenters_Mar2026_IBMBOB_Enhanced.csv
"IBM BOB 1 - Group P&L",2026-06,TXN004711,FJI01,2026-06-31,4010,Revenue,"Service revenue","Operating Revenue",VIC,"Victoria Operations","IBM Australia",BOB-PL-0503,PO-PL-5784,240179.70,Input,Ready,None,No,Raw_GL_Export_With_CostCenters_Mar2026_IBMBOB_Enhanced.csv
"IBM BOB 1 - Group P&L",2026-06,TXN004712,AUS01,2026-06-13,4000,Revenue,"Product sales","Operating Revenue",R&D,"Research & Development","IBM Australia",BOB-PL-0504,PO-PL-5945,249225.19,Input,Ready,None,No,Raw_GL_Export_With_CostCenters_Mar2026_IBMBOB_Enhanced.csv
"IBM BOB 1 - Group P&L",2026-06,TXN004713,AUS01,2026-06-02,6000,"Cost of revenue","Cost of goods sold",COGS,FIN,"Finance & Accounting","SAP Australia",BOB-PL-0505,PO-PL-7254,9652.49,Input,Ready,None,No,Raw_GL_Export_With_CostCenters_Mar2026_IBMBOB_Enhanced.csv
"IBM BOB 1 - Group P&L",2026-06,TXN004714,AUS01,2026-06-20,5100,"Other operating expenses","Office rent",Facilities,NSW,"New South Wales Operations","SAP Australia",BOB-PL-0506,PO-PL-5901,154927.63,Input,Ready,None,No,Raw_GL_Export_With_CostCenters_Mar2026_IBMBOB_Enhanced.csv
"IBM BOB 1 - Group P&L",2026-06,TXN004715,AUS01,2026-06-22,6020,"Cost of revenue","Direct labor",COGS,ACT,"Australian Capital Territory",AWS,BOB-PL-0507,PO-PL-9064,152833.76,Input,Ready,None,No,Raw_GL_Export_With_CostCenters_Mar2026_IBMBOB_Enhanced.csv
"IBM BOB 1 - Group P&L",2026-06,TXN004716,AUS01,2026-06-22,4000,Revenue,"Product sales","Operating Revenue",IT,"Information Technology",Snowflake,BOB-PL-0508,PO-PL-2081,183384.45,Input,Ready,None,No,Raw_GL_Export_With_CostCenters_Mar2026_IBMBOB_Enhanced.csv
"IBM BOB 1 - Group P&L",2026-06,TXN004717,AUS01,2026-06-16,4000,Revenue,"Product sales","Operating Revenue",WA,"Western Australia Operations",LinkedIn,BOB-PL-0509,PO-PL-7029,302574.29,Input,Ready,None,No,Raw_GL_Export_With_CostCenters_Mar2026_IBMBOB_Enhanced.csv
"IBM BOB 1 - Group P&L",2026-06,TXN004718,PNG01,2026-06-05,6000,"Cost of revenue","Cost of goods sold",COGS,MKT,"Marketing & Sales","QBE Insurance",BOB-PL-0510,PO-PL-6149,87105.97,Input,Ready,None,No,Raw_GL_Export_With_CostCenters_Mar2026_IBMBOB_Enhanced.csv
"IBM BOB 1 - Group P&L",2026-06,TXN004719,AUS01,2026-06-02,5700,"Research and development",Training,Development,OPS,"Operations & Logistics",Snowflake,BOB-PL-0511,PO-PL-2511,164543.37,Input,Ready,None,No,Raw_GL_Export_With_CostCenters_Mar2026_IBMBOB_Enhanced.csv
"IBM BOB 1 - Group P&L",2026-06,TXN004720,AUS01,2026-06-23,5000,"General and administrative","Salaries and wages",Personnel,NT,"Northern Territory Operations",AWS,BOB-PL-0512,PO-PL-8438,111760.65,Input,Ready,None,No,Raw_GL_Export_With_CostCenters_Mar2026_IBMBOB_Enhanced.csv
"IBM BOB 1 - Group P&L",2026-06,TXN004721,AUS01,2026-06-03,5110,"Other operating expenses",Utilities,Facilities,NSW,"New South Wales Operations","Google Ads",BOB-PL-0513,PO-PL-9655,45814.95,Input,Ready,None,No,Raw_GL_Export_With_CostCenters_Mar2026_IBMBOB_Enhanced.csv
"IBM BOB 1 - Group P&L",2026-06,TXN004722,NZL01,2026-06-15,6010,"Cost of revenue","Direct materials",COGS,MKT,"Marketing & Sales","SAP Australia",BOB-PL-0514,PO-PL-5778,21277.42,Input,Ready,None,No,Raw_GL_Export_With_CostCenters_Mar2026_IBMBOB_Enhanced.csv
"IBM BOB 1 - Group P&L",2026-06,TXN004723,AUS01,2026-06-13,6020,"Cost of revenue","Direct labor",COGS,R&D,"Research & Development","IBM Australia",BOB-PL-0515,PO-PL-3663,137781.72,Input,Ready,None,No,Raw_GL_Export_With_CostCenters_Mar2026_IBMBOB_Enhanced.csv
"IBM BOB 1 - Group P&L",2026-06,TXN004724,AUS01,2026-06-15,4000,Revenue,"Product sales","Operating Revenue",NSW,"New South Wales Operations",LinkedIn,BOB-PL-0516,PO-PL-3325,31542.87,Input,Ready,None,No,Raw_GL_Export_With_CostCenters_Mar2026_IBMBOB_Enhanced.csv
"IBM BOB 1 - Group P&L",2026-06,TXN004725,AUS01,2026-06-05,5010,"General and administrative","Employee benefits",Personnel,R&D,"Research & Development","SAP Australia",BOB-PL-0517,PO-PL-6525,114812.71,Input,Ready,None,No,Raw_GL_Export_With_CostCenters_Mar2026_IBMBOB_Enhanced.csv
"IBM BOB 1 - Group P&L",2026-06,TXN004726,NZL01,2026-06-20,5500,"Sales and marketing","Campaign spend",Sales,TAS,"Tasmania Operations","Qantas Commercial",BOB-PL-0518,PO-PL-7797,45963.35,Input,Ready,None,No,Raw_GL_Export_With_CostCenters_Mar2026_IBMBOB_Enhanced.csv
"IBM BOB 1 - Group P&L",2026-06,TXN004727,AUS01,2026-06-02,6030,"Cost of revenue","Manufacturing overhead",COGS,HR,"Human Resources","Qantas Commercial",BOB-PL-0519,PO-PL-4614,170195.39,Input,Ready,None,No,Raw_GL_Export_With_CostCenters_Mar2026_IBMBOB_Enhanced.csv
"IBM BOB 1 - Group P&L",2026-06,TXN004728,FJI01,2026-06-17,4020,Revenue,"Subscription revenue","Operating Revenue",CORP,"Corporate Head Office",AWS,BOB-PL-0520,PO-PL-7526,159697.02,Input,Ready,None,No,Raw_GL_Export_With_CostCenters_Mar2026_IBMBOB_Enhanced.csv
"IBM BOB 1 - Group P&L",2026-06,TXN004729,AUS01,2026-06-12,5210,"Research and development","Cloud services",IT,MKT,"Marketing & Sales","QBE Insurance",BOB-PL-0521,PO-PL-2551,164608.80,Input,Ready,None,No,Raw_GL_Export_With_CostCenters_Mar2026_IBMBOB_Enhanced.csv
"IBM BOB 1 - Group P&L",2026-06,TXN004730,AUS01,2026-06-07,4000,Revenue,"Product sales","Operating Revenue",NT,"Northern Territory Operations","QBE Insurance",BOB-PL-0522,PO-PL-8734,417690.18,Input,Ready,None,No,Raw_GL_Export_With_CostCenters_Mar2026_IBMBOB_Enhanced.csv
"IBM BOB 1 - Group P&L",2026-06,TXN004731,NZL01,2026-06-17,6030,"Cost of revenue","Manufacturing overhead",COGS,MKT,"Marketing & Sales","QBE Insurance",BOB-PL-0523,PO-PL-7736,153673.16,Input,Ready,None,No,Raw_GL_Export_With_CostCenters_Mar2026_IBMBOB_Enhanced.csv
"IBM BOB 1 - Group P&L",2026-06,TXN004732,NZL01,2026-06-27,5520,"Sales and marketing",Events,Sales,NSW,"New South Wales Operations","QBE Insurance",BOB-PL-0524,PO-PL-7433,135151.74,Input,Ready,None,No,Raw_GL_Export_With_CostCenters_Mar2026_IBMBOB_Enhanced.csv
"IBM BOB 1 - Group P&L",2026-06,TXN004733,AUS01,2026-06-11,4000,Revenue,"Product sales","Operating Revenue",MKT,"Marketing & Sales","Melbourne Airport",BOB-PL-0525,PO-PL-5972,236216.86,Input,Ready,None,No,Raw_GL_Export_With_CostCenters_Mar2026_IBMBOB_Enhanced.csv
"IBM BOB 1 - Group P&L",2026-06,TXN004734,AUS01,2026-06-08,5210,"Research and development","Cloud services",IT,WA,"Western Australia Operations","Qantas Commercial",BOB-PL-0526,PO-PL-2356,38482.77,Input,Ready,None,No,Raw_GL_Export_With_CostCenters_Mar2026_IBMBOB_Enhanced.csv
"IBM BOB 1 - Group P&L",2026-06,TXN004735,PNG01,2026-06-16,5510,"Sales and marketing",Advertising,Sales,OPS,"Operations & Logistics",Officeworks,BOB-PL-0527,PO-PL-6561,119834.85,Input,Ready,None,No,Raw_GL_Export_With_CostCenters_Mar2026_IBMBOB_Enhanced.csv
"IBM BOB 1 - Group P&L",2026-06,TXN004736,AUS01,2026-06-20,4010,Revenue,"Service revenue","Operating Revenue",ACT,"Australian Capital Territory",AWS,BOB-PL-0528,PO-PL-4341,239703.09,Input,Ready,None,No,Raw_GL_Export_With_CostCenters_Mar2026_IBMBOB_Enhanced.csv
"IBM BOB 1 - Group P&L",2026-06,TXN004737,AUS01,2026-06-07,4000,Revenue,"Product sales","Operating Revenue",MKT,"Marketing & Sales",Snowflake,BOB-PL-0529,PO-PL-5311,59717.73,Input,Ready,None,No,Raw_GL_Export_With_CostCenters_Mar2026_IBMBOB_Enhanced.csv
"IBM BOB 1 - Group P&L",2026-06,TXN004738,AUS01,2026-06-17,6020,"Cost of revenue","Direct labor",COGS,VIC,"Victoria Operations","QBE Insurance",BOB-PL-0530,PO-PL-7542,116158.67,Input,Ready,None,No,Raw_GL_Export_With_CostCenters_Mar2026_IBMBOB_Enhanced.csv
"IBM BOB 1 - Group P&L",2026-06,TXN004739,AUS01,2026-06-12,4010,Revenue,"Service revenue","Operating Revenue",R&D,"Research & Development","IBM Australia",BOB-PL-0531,PO-PL-3822,178498.82,Input,Ready,None,No,Raw_GL_Export_With_CostCenters_Mar2026_IBMBOB_Enhanced.csv
"IBM BOB 1 - Group P&L",2026-06,TXN004740,AUS01,2026-06-14,5510,"Sales and marketing",Advertising,Sales,NT,"Northern Territory Operations",Officeworks,BOB-PL-0532,PO-PL-9907,90351.46,Input,Ready,None,No,Raw_GL_Export_With_CostCenters_Mar2026_IBMBOB_Enhanced.csv
"IBM BOB 1 - Group P&L",2026-06,TXN004741,AUS01,2026-06-27,6030,"Cost of revenue","Manufacturing overhead",COGS,SA,"South Australia Operations",Deloitte,BOB-PL-0533,PO-PL-9495,165059.67,Input,Ready,None,No,Raw_GL_Export_With_CostCenters_Mar2026_IBMBOB_Enhanced.csv
"IBM BOB 1 - Group P&L",2026-06,TXN004742,FJI01,2026-06-17,4000,Revenue,"Product sales","Operating Revenue",NSW,"New South Wales Operations",AWS,BOB-PL-0534,PO-PL-4312,114050.56,Input,Ready,None,No,Raw_GL_Export_With_CostCenters_Mar2026_IBMBOB_Enhanced.csv
"IBM BOB 1 - Group P&L",2026-06,TXN004743,AUS01,2026-06-13,5510,"Sales and marketing",Advertising,Sales,VIC,"Victoria Operations","Qantas Commercial",BOB-PL-0535,PO-PL-6643,82957.12,Input,Ready,None,No,Raw_GL_Export_With_CostCenters_Mar2026_IBMBOB_Enhanced.csv
"IBM BOB 1 - Group P&L",2026-06,TXN004744,AUS01,2026-06-22,6010,"Cost of revenue","Direct materials",COGS,CORP,"Corporate Head Office",Deloitte,BOB-PL-0536,PO-PL-7753,97278.86,Input,Ready,None,No,Raw_GL_Export_With_CostCenters_Mar2026_IBMBOB_Enhanced.csv
"IBM BOB 1 - Group P&L",2026-06,TXN004745,AUS01,2026-06-17,5510,"Sales and marketing",Advertising,Sales,R&D,"Research & Development","QBE Insurance",BOB-PL-0537,PO-PL-3123,149114.25,Input,Ready,None,No,Raw_GL_Export_With_CostCenters_Mar2026_IBMBOB_Enhanced.csv
"IBM BOB 1 - Group P&L",2026-06,TXN004746,AUS01,2026-06-21,4020,Revenue,"Subscription revenue","Operating Revenue",HR,"Human Resources",LinkedIn,BOB-PL-0538,PO-PL-6019,147974.32,Input,Ready,None,No,Raw_GL_Export_With_CostCenters_Mar2026_IBMBOB_Enhanced.csv
"IBM BOB 1 - Group P&L",2026-06,TXN004747,AUS01,2026-06-15,5110,"Other operating expenses",Utilities,Facilities,NT,"Northern Territory Operations","QBE Insurance",BOB-PL-0539,PO-PL-2894,100571.35,Input,Ready,None,No,Raw_GL_Export_With_CostCenters_Mar2026_IBMBOB_Enhanced.csv
"IBM BOB 1 - Group P&L",2026-06,TXN004748,AUS01,2026-06-06,5200,"Research and development","Software licenses",IT,R&D,"Research & Development",AWS,BOB-PL-0540,PO-PL-5233,12194.28,Input,Ready,None,No,Raw_GL_Export_With_CostCenters_Mar2026_IBMBOB_Enhanced.csv
"IBM BOB 1 - Group P&L",2026-06,TXN004749,AUS01,2026-06-21,4000,Revenue,"Product sales","Operating Revenue",VIC,"Victoria Operations","Google Ads",BOB-PL-0541,PO-PL-4900,380755.06,Input,Ready,None,No,Raw_GL_Export_With_CostCenters_Mar2026_IBMBOB_Enhanced.csv
"IBM BOB 1 - Group P&L",2026-06,TXN004750,AUS01,2026-06-03,4000,Revenue,"Product sales","Operating Revenue",QLD,"Queensland Operations","Energy Australia",BOB-PL-0542,PO-PL-7687,428700.91,Input,Ready,None,No,Raw_GL_Export_With_CostCenters_Mar2026_IBMBOB_Enhanced.csv
"IBM BOB 1 - Group P&L",2026-06,TXN004751,AUS01,2026-06-18,6010,"Cost of revenue","Direct materials",COGS,CORP,"Corporate Head Office",Officeworks,BOB-PL-0543,PO-PL-2697,153834.16,Input,Ready,None,No,Raw_GL_Export_With_CostCenters_Mar2026_IBMBOB_Enhanced.csv
"IBM BOB 1 - Group P&L",2026-06,TXN004752,AUS01,2026-06-31,4020,Revenue,"Subscription revenue","Operating Revenue",NSW,"New South Wales Operations","Qantas Commercial",BOB-PL-0544,PO-PL-3354,176619.27,Input,Ready,None,No,Raw_GL_Export_With_CostCenters_Mar2026_IBMBOB_Enhanced.csv
"IBM BOB 1 - Group P&L",2026-06,TXN004753,AUS01,2026-06-04,5010,"General and administrative","Employee benefits",Personnel,FIN,"Finance & Accounting","Google Ads",BOB-PL-0545,PO-PL-9218,75396.64,Input,Ready,None,No,Raw_GL_Export_With_CostCenters_Mar2026_IBMBOB_Enhanced.csv
"IBM BOB 1 - Group P&L",2026-06,TXN004754,PNG01,2026-06-01,5910,"Other income / expense","Interest expense",Finance,QLD,"Queensland Operations",LinkedIn,BOB-PL-0546,PO-PL-6511,61010.96,Input,Ready,None,No,Raw_GL_Export_With_CostCenters_Mar2026_IBMBOB_Enhanced.csv
"IBM BOB 1 - Group P&L",2026-06,TXN004755,AUS01,2026-06-20,4000,Revenue,"Product sales","Operating Revenue",NT,"Northern Territory Operations","Energy Australia",BOB-PL-0547,PO-PL-5089,227004.90,Input,Ready,None,No,Raw_GL_Export_With_CostCenters_Mar2026_IBMBOB_Enhanced.csv
"IBM BOB 1 - Group P&L",2026-06,TXN004756,NZL01,2026-06-21,6030,"Cost of revenue","Manufacturing overhead",COGS,R&D,"Research & Development","Melbourne Airport",BOB-PL-0548,PO-PL-8851,38360.06,Input,Ready,None,No,Raw_GL_Export_With_CostCenters_Mar2026_IBMBOB_Enhanced.csv
"IBM BOB 1 - Group P&L",2026-06,TXN004757,AUS01,2026-06-27,4020,Revenue,"Subscription revenue","Operating Revenue",NSW,"New South Wales Operations","IBM Australia",BOB-PL-0549,PO-PL-6901,61290.89,Input,Ready,None,No,Raw_GL_Export_With_CostCenters_Mar2026_IBMBOB_Enhanced.csv
"IBM BOB 1 - Group P&L",2026-06,TXN004758,AUS01,2026-06-19,5300,"General and administrative","Professional services",External,NT,"Northern Territory Operations",LinkedIn,BOB-PL-0550,PO-PL-2515,97684.23,Input,Ready,None,No,Raw_GL_Export_With_CostCenters_Mar2026_IBMBOB_Enhanced.csv
"IBM BOB 1 - Group P&L",2026-06,TXN004759,AUS01,2026-06-09,5200,"Research and development","Software licenses",IT,NSW,"New South Wales Operations",Snowflake,BOB-PL-0551,PO-PL-5841,104032.13,Input,Ready,None,No,Raw_GL_Export_With_CostCenters_Mar2026_IBMBOB_Enhanced.csv
"IBM BOB 1 - Group P&L",2026-06,TXN004760,AUS01,2026-06-12,5200,"Research and development","Software licenses",IT,ACT,"Australian Capital Territory","Melbourne Airport",BOB-PL-0552,PO-PL-4427,171649.37,Input,Ready,None,No,Raw_GL_Export_With_CostCenters_Mar2026_IBMBOB_Enhanced.csv
"IBM BOB 1 - Group P&L",2026-06,TXN004761,NZL01,2026-06-30,5000,"General and administrative","Salaries and wages",Personnel,NSW,"New South Wales Operations","SAP Australia",BOB-PL-0553,PO-PL-9098,22237.14,Input,Ready,None,No,Raw_GL_Export_With_CostCenters_Mar2026_IBMBOB_Enhanced.csv
"IBM BOB 1 - Group P&L",2026-06,TXN004762,AUS01,2026-06-31,5000,"General and administrative","Salaries and wages",Personnel,R&D,"Research & Development",Deloitte,BOB-PL-0554,PO-PL-7363,70604.37,Input,Ready,None,No,Raw_GL_Export_With_CostCenters_Mar2026_IBMBOB_Enhanced.csv
"IBM BOB 1 - Group P&L",2026-06,TXN004763,AUS01,2026-06-01,6030,"Cost of revenue","Manufacturing overhead",COGS,MKT,"Marketing & Sales",Deloitte,BOB-PL-0555,PO-PL-2434,61256.82,Input,Ready,None,No,Raw_GL_Export_With_CostCenters_Mar2026_IBMBOB_Enhanced.csv
"IBM BOB 1 - Group P&L",2026-06,TXN004764,PNG01,2026-06-24,5200,"Research and development","Software licenses",IT,R&D,"Research & Development",Officeworks,BOB-PL-0556,PO-PL-9135,31212.74,Input,Ready,None,No,Raw_GL_Export_With_CostCenters_Mar2026_IBMBOB_Enhanced.csv
"IBM BOB 1 - Group P&L",2026-06,TXN004765,AUS01,2026-06-24,5010,"General and administrative","Employee benefits",Personnel,IT,"Information Technology","QBE Insurance",BOB-PL-0557,PO-PL-6343,21754.62,Input,Ready,None,No,Raw_GL_Export_With_CostCenters_Mar2026_IBMBOB_Enhanced.csv
"IBM BOB 1 - Group P&L",2026-06,TXN004766,AUS01,2026-06-12,5510,"Sales and marketing",Advertising,Sales,FIN,"Finance & Accounting",Deloitte,BOB-PL-0558,PO-PL-9323,125390.95,Input,Ready,None,No,Raw_GL_Export_With_CostCenters_Mar2026_IBMBOB_Enhanced.csv
"IBM BOB 1 - Group P&L",2026-06,TXN004767,AUS01,2026-06-03,4000,Revenue,"Product sales","Operating Revenue",VIC,"Victoria Operations","QBE Insurance",BOB-PL-0559,PO-PL-8193,370402.28,Input,Ready,None,No,Raw_GL_Export_With_CostCenters_Mar2026_IBMBOB_Enhanced.csv
"IBM BOB 1 - Group P&L",2026-06,TXN004768,AUS01,2026-06-16,5100,"Other operating expenses","Office rent",Facilities,R&D,"Research & Development",LinkedIn,BOB-PL-0560,PO-PL-8930,132248.90,Input,Ready,None,No,Raw_GL_Export_With_CostCenters_Mar2026_IBMBOB_Enhanced.csv
"IBM BOB 1 - Group P&L",2026-06,TXN004769,FJI01,2026-06-27,5210,"Research and development","Cloud services",IT,WA,"Western Australia Operations","QBE Insurance",BOB-PL-0561,PO-PL-2761,174621.73,Input,Ready,None,No,Raw_GL_Export_With_CostCenters_Mar2026_IBMBOB_Enhanced.csv
"IBM BOB 1 - Group P&L",2026-06,TXN004770,NZL01,2026-06-29,5510,"Sales and marketing",Advertising,Sales,ACT,"Australian Capital Territory","Google Ads",BOB-PL-0562,PO-PL-2399,96227.75,Input,Ready,None,No,Raw_GL_Export_With_CostCenters_Mar2026_IBMBOB_Enhanced.csv
"IBM BOB 1 - Group P&L",2026-06,TXN004771,AUS01,2026-06-26,4010,Revenue,"Service revenue","Operating Revenue",R&D,"Research & Development","QBE Insurance",BOB-PL-0563,PO-PL-7571,330030.86,Input,Ready,None,No,Raw_GL_Export_With_CostCenters_Mar2026_IBMBOB_Enhanced.csv
"IBM BOB 1 - Group P&L",2026-06,TXN004772,AUS01,2026-06-18,4010,Revenue,"Service revenue","Operating Revenue",QLD,"Queensland Operations","Melbourne Airport",BOB-PL-0564,PO-PL-9369,154616.51,Input,Ready,None,No,Raw_GL_Export_With_CostCenters_Mar2026_IBMBOB_Enhanced.csv
"IBM BOB 1 - Group P&L",2026-06,TXN004773,NZL01,2026-06-31,5700,"Research and development",Training,Development,NT,"Northern Territory Operations","QBE Insurance",BOB-PL-0565,PO-PL-9433,146620.94,Input,Ready,None,No,Raw_GL_Export_With_CostCenters_Mar2026_IBMBOB_Enhanced.csv
"IBM BOB 1 - Group P&L",2026-06,TXN004774,AUS01,2026-06-28,5700,"Research and development",Training,Development,SA,"South Australia Operations","Qantas Commercial",BOB-PL-0566,PO-PL-3603,168240.25,Input,Ready,None,No,Raw_GL_Export_With_CostCenters_Mar2026_IBMBOB_Enhanced.csv
"IBM BOB 1 - Group P&L",2026-06,TXN004775,AUS01,2026-06-28,5010,"General and administrative","Employee benefits",Personnel,VIC,"Victoria Operations",Deloitte,BOB-PL-0567,PO-PL-8599,147732.00,Input,Ready,None,No,Raw_GL_Export_With_CostCenters_Mar2026_IBMBOB_Enhanced.csv
"IBM BOB 1 - Group P&L",2026-06,TXN004776,AUS01,2026-06-11,5700,"Research and development",Training,Development,MKT,"Marketing & Sales",AWS,BOB-PL-0568,PO-PL-6468,93222.69,Input,Ready,None,No,Raw_GL_Export_With_CostCenters_Mar2026_IBMBOB_Enhanced.csv
"IBM BOB 1 - Group P&L",2026-06,TXN004777,NZL01,2026-06-15,5500,"Sales and marketing","Campaign spend",Sales,R&D,"Research & Development","IBM Australia",BOB-PL-0569,PO-PL-8927,165073.26,Input,Ready,None,No,Raw_GL_Export_With_CostCenters_Mar2026_IBMBOB_Enhanced.csv
"IBM BOB 1 - Group P&L",2026-06,TXN004778,AUS01,2026-06-17,4010,Revenue,"Service revenue","Operating Revenue",NSW,"New South Wales Operations",Officeworks,BOB-PL-0570,PO-PL-6398,281390.99,Input,Ready,None,No,Raw_GL_Export_With_CostCenters_Mar2026_IBMBOB_Enhanced.csv
"IBM BOB 1 - Group P&L",2026-06,TXN004779,AUS01,2026-06-25,5100,"Other operating expenses","Office rent",Facilities,ACT,"Australian Capital Territory",Deloitte,BOB-PL-0571,PO-PL-4483,81305.83,Input,Ready,None,No,Raw_GL_Export_With_CostCenters_Mar2026_IBMBOB_Enhanced.csv
"IBM BOB 1 - Group P&L",2026-06,TXN004780,NZL01,2026-06-11,6000,"Cost of revenue","Cost of goods sold",COGS,QLD,"Queensland Operations",Deloitte,BOB-PL-0572,PO-PL-7722,32335.50,Input,Ready,None,No,Raw_GL_Export_With_CostCenters_Mar2026_IBMBOB_Enhanced.csv
"IBM BOB 1 - Group P&L",2026-06,TXN004781,PNG01,2026-06-03,4010,Revenue,"Service revenue","Operating Revenue",R&D,"Research & Development",Snowflake,BOB-PL-0573,PO-PL-6965,434370.45,Input,Ready,None,No,Raw_GL_Export_With_CostCenters_Mar2026_IBMBOB_Enhanced.csv
"IBM BOB 1 - Group P&L",2026-06,TXN004782,AUS01,2026-06-30,6020,"Cost of revenue","Direct labor",COGS,QLD,"Queensland Operations","Melbourne Airport",BOB-PL-0574,PO-PL-2289,20197.58,Input,Ready,None,No,Raw_GL_Export_With_CostCenters_Mar2026_IBMBOB_Enhanced.csv
"IBM BOB 1 - Group P&L",2026-06,TXN004783,AUS01,2026-06-09,5500,"Sales and marketing","Campaign spend",Sales,CORP,"Corporate Head Office",LinkedIn,BOB-PL-0575,PO-PL-8363,116495.42,Input,Ready,None,No,Raw_GL_Export_With_CostCenters_Mar2026_IBMBOB_Enhanced.csv
"IBM BOB 1 - Group P&L",2026-06,TXN004784,FJI01,2026-06-27,5600,"Other operating expenses",Telecommunications,Operations,TAS,"Tasmania Operations",LinkedIn,BOB-PL-0576,PO-PL-3271,96807.74,Input,Ready,None,No,Raw_GL_Export_With_CostCenters_Mar2026_IBMBOB_Enhanced.csv
"IBM BOB 1 - Group P&L",2026-06,TXN004785,NZL01,2026-06-08,5000,"General and administrative","Salaries and wages",Personnel,NSW,"New South Wales Operations",Deloitte,BOB-PL-0577,PO-PL-7268,27794.02,Input,Ready,None,No,Raw_GL_Export_With_CostCenters_Mar2026_IBMBOB_Enhanced.csv
"IBM BOB 1 - Group P&L",2026-06,TXN004786,AUS01,2026-06-11,5010,"General and administrative","Employee benefits",Personnel,SA,"South Australia Operations","IBM Australia",BOB-PL-0578,PO-PL-2571,164358.86,Input,Ready,None,No,Raw_GL_Export_With_CostCenters_Mar2026_IBMBOB_Enhanced.csv
"IBM BOB 1 - Group P&L",2026-06,TXN004787,AUS01,2026-06-06,5300,"General and administrative","Professional services",External,TAS,"Tasmania Operations","QBE Insurance",BOB-PL-0579,PO-PL-5224,65087.30,Input,Ready,None,No,Raw_GL_Export_With_CostCenters_Mar2026_IBMBOB_Enhanced.csv
"IBM BOB 1 - Group P&L",2026-06,TXN004788,AUS01,2026-06-03,6010,"Cost of revenue","Direct materials",COGS,R&D,"Research & Development","Energy Australia",BOB-PL-0580,PO-PL-3228,95224.62,Input,Ready,None,No,Raw_GL_Export_With_CostCenters_Mar2026_IBMBOB_Enhanced.csv
"IBM BOB 1 - Group P&L",2026-06,TXN004789,AUS01,2026-06-12,5300,"General and administrative","Professional services",External,HR,"Human Resources",AWS,BOB-PL-0581,PO-PL-9543,108706.94,Input,Ready,None,No,Raw_GL_Export_With_CostCenters_Mar2026_IBMBOB_Enhanced.csv
"IBM BOB 1 - Group P&L",2026-06,TXN004790,AUS01,2026-06-19,5010,"General and administrative","Employee benefits",Personnel,NT,"Northern Territory Operations","Energy Australia",BOB-PL-0582,PO-PL-8236,25813.40,Input,Ready,None,No,Raw_GL_Export_With_CostCenters_Mar2026_IBMBOB_Enhanced.csv
"IBM BOB 1 - Group P&L",2026-06,TXN004791,AUS01,2026-06-02,5500,"Sales and marketing","Campaign spend",Sales,MKT,"Marketing & Sales",Officeworks,BOB-PL-0583,PO-PL-8970,43637.96,Input,Ready,None,No,Raw_GL_Export_With_CostCenters_Mar2026_IBMBOB_Enhanced.csv
"IBM BOB 1 - Group P&L",2026-06,TXN004792,NZL01,2026-06-06,6020,"Cost of revenue","Direct labor",COGS,FIN,"Finance & Accounting","SAP Australia",BOB-PL-0584,PO-PL-9168,142767.92,Input,Ready,None,No,Raw_GL_Export_With_CostCenters_Mar2026_IBMBOB_Enhanced.csv
"IBM BOB 1 - Group P&L",2026-06,TXN004793,AUS01,2026-06-31,5500,"Sales and marketing","Campaign spend",Sales,FIN,"Finance & Accounting","Google Ads",BOB-PL-0585,PO-PL-2631,129308.34,Input,Ready,None,No,Raw_GL_Export_With_CostCenters_Mar2026_IBMBOB_Enhanced.csv
"IBM BOB 1 - Group P&L",2026-06,TXN004794,AUS01,2026-06-18,4020,Revenue,"Subscription revenue","Operating Revenue",QLD,"Queensland Operations",LinkedIn,BOB-PL-0586,PO-PL-4035,26501.17,Input,Ready,None,No,Raw_GL_Export_With_CostCenters_Mar2026_IBMBOB_Enhanced.csv
"IBM BOB 1 - Group P&L",2026-06,TXN004795,AUS01,2026-06-05,5200,"Research and development","Software licenses",IT,HR,"Human Resources","Melbourne Airport",BOB-PL-0587,PO-PL-4644,100704.92,Input,Ready,None,No,Raw_GL_Export_With_CostCenters_Mar2026_IBMBOB_Enhanced.csv
"IBM BOB 1 - Group P&L",2026-06,TXN004796,AUS01,2026-06-31,5010,"General and administrative","Employee benefits",Personnel,NT,"Northern Territory Operations",Snowflake,BOB-PL-0588,PO-PL-3760,173198.89,Input,Ready,None,No,Raw_GL_Export_With_CostCenters_Mar2026_IBMBOB_Enhanced.csv
"IBM BOB 1 - Group P&L",2026-06,TXN004797,AUS01,2026-06-24,4020,Revenue,"Subscription revenue","Operating Revenue",HR,"Human Resources",Snowflake,BOB-PL-0589,PO-PL-4813,349219.12,Input,Ready,None,No,Raw_GL_Export_With_CostCenters_Mar2026_IBMBOB_Enhanced.csv
"IBM BOB 1 - Group P&L",2026-06,TXN004798,AUS01,2026-06-22,5300,"General and administrative","Professional services",External,NT,"Northern Territory Operations","Melbourne Airport",BOB-PL-0590,PO-PL-4694,15178.16,Input,Ready,None,No,Raw_GL_Export_With_CostCenters_Mar2026_IBMBOB_Enhanced.csv
"IBM BOB 1 - Group P&L",2026-06,TXN004799,AUS01,2026-06-06,5300,"General and administrative","Professional services",External,OPS,"Operations & Logistics",LinkedIn,BOB-PL-0591,PO-PL-3815,128460.47,Input,Ready,None,No,Raw_GL_Export_With_CostCenters_Mar2026_IBMBOB_Enhanced.csv
"IBM BOB 1 - Group P&L",2026-06,TXN004800,AUS01,2026-06-19,5000,"General and administrative","Salaries and wages",Personnel,VIC,"Victoria Operations",Snowflake,BOB-PL-0592,PO-PL-2569,113474.07,Input,Ready,None,No,Raw_GL_Export_With_CostCenters_Mar2026_IBMBOB_Enhanced.csv
"IBM BOB 1 - Group P&L",2026-06,TXN004801,AUS01,2026-06-13,5510,"Sales and marketing",Advertising,Sales,MKT,"Marketing & Sales",AWS,BOB-PL-0593,PO-PL-3268,75605.17,Input,Ready,None,No,Raw_GL_Export_With_CostCenters_Mar2026_IBMBOB_Enhanced.csv
"IBM BOB 1 - Group P&L",2026-06,TXN004802,AUS01,2026-06-06,6030,"Cost of revenue","Manufacturing overhead",COGS,CORP,"Corporate Head Office",Snowflake,BOB-PL-0594,PO-PL-5292,4672.99,Input,Ready,None,No,Raw_GL_Export_With_CostCenters_Mar2026_IBMBOB_Enhanced.csv
"IBM BOB 1 - Group P&L",2026-06,TXN004803,NZL01,2026-06-29,4000,Revenue,"Product sales","Operating Revenue",NSW,"New South Wales Operations","QBE Insurance",BOB-PL-0595,PO-PL-9113,371036.26,Input,Ready,None,No,Raw_GL_Export_With_CostCenters_Mar2026_IBMBOB_Enhanced.csv
"IBM BOB 1 - Group P&L",2026-06,TXN004804,NZL01,2026-06-12,5620,"Other operating expenses",Insurance,Operations,ACT,"Australian Capital Territory",Snowflake,BOB-PL-0596,PO-PL-4005,97993.87,Input,Ready,None,No,Raw_GL_Export_With_CostCenters_Mar2026_IBMBOB_Enhanced.csv
"IBM BOB 1 - Group P&L",2026-06,TXN004805,NZL01,2026-06-09,5200,"Research and development","Software licenses",IT,IT,"Information Technology","QBE Insurance",BOB-PL-0597,PO-PL-4689,94822.38,Input,Ready,None,No,Raw_GL_Export_With_CostCenters_Mar2026_IBMBOB_Enhanced.csv
"IBM BOB 1 - Group P&L",2026-06,TXN004806,AUS01,2026-06-19,4010,Revenue,"Service revenue","Operating Revenue",IT,"Information Technology",Deloitte,BOB-PL-0598,PO-PL-7788,164995.53,Input,Ready,None,No,Raw_GL_Export_With_CostCenters_Mar2026_IBMBOB_Enhanced.csv
"IBM BOB 1 - Group P&L",2026-06,TXN004807,AUS01,2026-06-26,6000,"Cost of revenue","Cost of goods sold",COGS,HR,"Human Resources","Melbourne Airport",BOB-PL-0599,PO-PL-3927,165163.41,Input,Ready,None,No,Raw_GL_Export_With_CostCenters_Mar2026_IBMBOB_Enhanced.csv
"IBM BOB 1 - Group P&L",2026-06,TXN004808,AUS01,2026-06-06,4000,Revenue,"Product sales","Operating Revenue",IT,"Information Technology","Google Ads",BOB-PL-0600,PO-PL-9436,253233.37,Input,Ready,None,No,Raw_GL_Export_With_CostCenters_Mar2026_IBMBOB_Enhanced.csv
"IBM BOB 1 - Group P&L",2026-06,TXN004809,FJI01,2026-06-03,4100,"Other income / expense","Interest income","Non-Operating Revenue",SA,"South Australia Operations","SAP Australia",BOB-PL-0601,PO-PL-9058,390812.15,Input,Ready,None,No,Raw_GL_Export_With_CostCenters_Mar2026_IBMBOB_Enhanced.csv
"IBM BOB 1 - Group P&L",2026-06,TXN004810,AUS01,2026-06-04,5100,"Other operating expenses","Office rent",Facilities,R&D,"Research & Development","QBE Insurance",BOB-PL-0602,PO-PL-7707,142794.21,Input,Ready,None,No,Raw_GL_Export_With_CostCenters_Mar2026_IBMBOB_Enhanced.csv
"IBM BOB 1 - Group P&L",2026-06,TXN004811,AUS01,2026-06-26,4020,Revenue,"Subscription revenue","Operating Revenue",SA,"South Australia Operations",Officeworks,BOB-PL-0603,PO-PL-3251,128426.02,Input,Ready,None,No,Raw_GL_Export_With_CostCenters_Mar2026_IBMBOB_Enhanced.csv
"IBM BOB 1 - Group P&L",2026-06,TXN004812,AUS01,2026-06-25,6010,"Cost of revenue","Direct materials",COGS,CORP,"Corporate Head Office",Snowflake,BOB-PL-0604,PO-PL-5446,133509.68,Input,Ready,None,No,Raw_GL_Export_With_CostCenters_Mar2026_IBMBOB_Enhanced.csv
"IBM BOB 1 - Group P&L",2026-06,TXN004813,AUS01,2026-06-10,5510,"Sales and marketing",Advertising,Sales,NSW,"New South Wales Operations","SAP Australia",BOB-PL-0605,PO-PL-6574,28063.24,Input,Ready,None,No,Raw_GL_Export_With_CostCenters_Mar2026_IBMBOB_Enhanced.csv
"IBM BOB 1 - Group P&L",2026-06,TXN004814,FJI01,2026-06-01,5200,"Research and development","Software licenses",IT,QLD,"Queensland Operations","Energy Australia",BOB-PL-0606,PO-PL-8989,48447.17,Input,Ready,None,No,Raw_GL_Export_With_CostCenters_Mar2026_IBMBOB_Enhanced.csv
"IBM BOB 1 - Group P&L",2026-06,TXN004815,AUS01,2026-06-17,4010,Revenue,"Service revenue","Operating Revenue",ACT,"Australian Capital Territory",AWS,BOB-PL-0607,PO-PL-9697,109977.94,Input,Ready,None,No,Raw_GL_Export_With_CostCenters_Mar2026_IBMBOB_Enhanced.csv
"IBM BOB 1 - Group P&L",2026-06,TXN004816,AUS01,2026-06-17,5320,"General and administrative","Audit fees",External,IT,"Information Technology",Officeworks,BOB-PL-0608,PO-PL-8263,57622.66,Input,Ready,None,No,Raw_GL_Export_With_CostCenters_Mar2026_IBMBOB_Enhanced.csv
"IBM BOB 1 - Group P&L",2026-06,TXN004817,AUS01,2026-06-17,4010,Revenue,"Service revenue","Operating Revenue",NSW,"New South Wales Operations",LinkedIn,BOB-PL-0609,PO-PL-9738,401564.82,Input,Ready,None,No,Raw_GL_Export_With_CostCenters_Mar2026_IBMBOB_Enhanced.csv
"IBM BOB 1 - Group P&L",2026-06,TXN004818,AUS01,2026-06-28,5510,"Sales and marketing",Advertising,Sales,ACT,"Australian Capital Territory",LinkedIn,BOB-PL-0610,PO-PL-6980,137720.21,Input,Ready,None,No,Raw_GL_Export_With_CostCenters_Mar2026_IBMBOB_Enhanced.csv
"IBM BOB 1 - Group P&L",2026-06,TXN004819,AUS01,2026-06-01,6010,"Cost of revenue","Direct materials",COGS,NT,"Northern Territory Operations","QBE Insurance",BOB-PL-0611,PO-PL-6654,48369.13,Input,Ready,None,No,Raw_GL_Export_With_CostCenters_Mar2026_IBMBOB_Enhanced.csv
"IBM BOB 1 - Group P&L",2026-06,TXN004820,AUS01,2026-06-11,4000,Revenue,"Product sales","Operating Revenue",HR,"Human Resources","Melbourne Airport",BOB-PL-0612,PO-PL-6333,308603.20,Input,Ready,None,No,Raw_GL_Export_With_CostCenters_Mar2026_IBMBOB_Enhanced.csv
"IBM BOB 1 - Group P&L",2026-06,TXN004821,AUS01,2026-06-20,5520,"Sales and marketing",Events,Sales,QLD,"Queensland Operations",Deloitte,BOB-PL-0613,PO-PL-4593,118163.97,Input,Ready,None,No,Raw_GL_Export_With_CostCenters_Mar2026_IBMBOB_Enhanced.csv
"IBM BOB 1 - Group P&L",2026-06,TXN004822,NZL01,2026-06-08,6020,"Cost of revenue","Direct labor",COGS,SA,"South Australia Operations","Qantas Commercial",BOB-PL-0614,PO-PL-7596,143828.31,Input,Ready,None,No,Raw_GL_Export_With_CostCenters_Mar2026_IBMBOB_Enhanced.csv
"IBM BOB 1 - Group P&L",2026-06,TXN004823,AUS01,2026-06-04,5910,"Other income / expense","Interest expense",Finance,VIC,"Victoria Operations","Qantas Commercial",BOB-PL-0615,PO-PL-8607,100116.39,Input,Ready,None,No,Raw_GL_Export_With_CostCenters_Mar2026_IBMBOB_Enhanced.csv
"IBM BOB 1 - Group P&L",2026-06,TXN004824,AUS01,2026-06-24,4000,Revenue,"Product sales","Operating Revenue",MKT,"Marketing & Sales",Officeworks,BOB-PL-0616,PO-PL-5052,126345.68,Input,Ready,None,No,Raw_GL_Export_With_CostCenters_Mar2026_IBMBOB_Enhanced.csv
"IBM BOB 1 - Group P&L",2026-06,TXN004825,AUS01,2026-06-23,6000,"Cost of revenue","Cost of goods sold",COGS,MKT,"Marketing & Sales","QBE Insurance",BOB-PL-0617,PO-PL-9126,23043.22,Input,Ready,None,No,Raw_GL_Export_With_CostCenters_Mar2026_IBMBOB_Enhanced.csv
"IBM BOB 1 - Group P&L",2026-06,TXN004826,NZL01,2026-06-14,4000,Revenue,"Product sales","Operating Revenue",R&D,"Research & Development",Snowflake,BOB-PL-0618,PO-PL-6627,330061.25,Input,Ready,None,No,Raw_GL_Export_With_CostCenters_Mar2026_IBMBOB_Enhanced.csv
"IBM BOB 1 - Group P&L",2026-06,TXN004827,AUS01,2026-06-23,6000,"Cost of revenue","Cost of goods sold",COGS,VIC,"Victoria Operations","Melbourne Airport",BOB-PL-0619,PO-PL-4617,114925.89,Input,Ready,None,No,Raw_GL_Export_With_CostCenters_Mar2026_IBMBOB_Enhanced.csv
"IBM BOB 1 - Group P&L",2026-06,TXN004828,AUS01,2026-06-13,5210,"Research and development","Cloud services",IT,OPS,"Operations & Logistics","Qantas Commercial",BOB-PL-0620,PO-PL-9661,99607.55,Input,Ready,None,No,Raw_GL_Export_With_CostCenters_Mar2026_IBMBOB_Enhanced.csv
"IBM BOB 1 - Group P&L",2026-06,TXN004829,AUS01,2026-06-08,5500,"Sales and marketing","Campaign spend",Sales,CORP,"Corporate Head Office",AWS,BOB-PL-0621,PO-PL-2816,92206.20,Input,Ready,None,No,Raw_GL_Export_With_CostCenters_Mar2026_IBMBOB_Enhanced.csv
"IBM BOB 1 - Group P&L",2026-06,TXN004830,AUS01,2026-06-16,4020,Revenue,"Subscription revenue","Operating Revenue",WA,"Western Australia Operations","QBE Insurance",BOB-PL-0622,PO-PL-5210,277276.52,Input,Ready,None,No,Raw_GL_Export_With_CostCenters_Mar2026_IBMBOB_Enhanced.csv
"IBM BOB 1 - Group P&L",2026-06,TXN004831,AUS01,2026-06-07,6010,"Cost of revenue","Direct materials",COGS,WA,"Western Australia Operations","Energy Australia",BOB-PL-0623,PO-PL-6950,129923.93,Input,Ready,None,No,Raw_GL_Export_With_CostCenters_Mar2026_IBMBOB_Enhanced.csv
"IBM BOB 1 - Group P&L",2026-06,TXN004832,AUS01,2026-06-20,4020,Revenue,"Subscription revenue","Operating Revenue",MKT,"Marketing & Sales","Energy Australia",BOB-PL-0624,PO-PL-6287,393552.21,Input,Ready,None,No,Raw_GL_Export_With_CostCenters_Mar2026_IBMBOB_Enhanced.csv
"IBM BOB 1 - Group P&L",2026-06,TXN004833,AUS01,2026-06-18,4100,"Other income / expense","Interest income","Non-Operating Revenue",ACT,"Australian Capital Territory","SAP Australia",BOB-PL-0625,PO-PL-3351,385585.20,Input,Ready,None,No,Raw_GL_Export_With_CostCenters_Mar2026_IBMBOB_Enhanced.csv
"IBM BOB 1 - Group P&L",2026-06,TXN004834,FJI01,2026-06-02,4020,Revenue,"Subscription revenue","Operating Revenue",IT,"Information Technology","Google Ads",BOB-PL-0626,PO-PL-9452,449742.09,Input,Ready,None,No,Raw_GL_Export_With_CostCenters_Mar2026_IBMBOB_Enhanced.csv
"IBM BOB 1 - Group P&L",2026-06,TXN004835,AUS01,2026-06-27,5500,"Sales and marketing","Campaign spend",Sales,R&D,"Research & Development","Google Ads",BOB-PL-0627,PO-PL-8867,12602.67,Input,Ready,None,No,Raw_GL_Export_With_CostCenters_Mar2026_IBMBOB_Enhanced.csv
"IBM BOB 1 - Group P&L",2026-06,TXN004836,NZL01,2026-06-13,5500,"Sales and marketing","Campaign spend",Sales,CORP,"Corporate Head Office","Melbourne Airport",BOB-PL-0628,PO-PL-9150,64283.36,Input,Ready,None,No,Raw_GL_Export_With_CostCenters_Mar2026_IBMBOB_Enhanced.csv
"IBM BOB 1 - Group P&L",2026-06,TXN004837,AUS01,2026-06-24,4000,Revenue,"Product sales","Operating Revenue",SA,"South Australia Operations",Snowflake,BOB-PL-0629,PO-PL-6486,283979.66,Input,Ready,None,No,Raw_GL_Export_With_CostCenters_Mar2026_IBMBOB_Enhanced.csv
"IBM BOB 1 - Group P&L",2026-06,TXN004838,FJI01,2026-06-26,5620,"Other operating expenses",Insurance,Operations,NT,"Northern Territory Operations","Google Ads",BOB-PL-0630,PO-PL-2211,50546.17,Input,Ready,None,No,Raw_GL_Export_With_CostCenters_Mar2026_IBMBOB_Enhanced.csv
"IBM BOB 1 - Group P&L",2026-06,TXN004839,AUS01,2026-06-17,5200,"Research and development","Software licenses",IT,IT,"Information Technology",Snowflake,BOB-PL-0631,PO-PL-7565,169262.09,Input,Ready,None,No,Raw_GL_Export_With_CostCenters_Mar2026_IBMBOB_Enhanced.csv
"IBM BOB 1 - Group P&L",2026-06,TXN004840,AUS01,2026-06-08,6010,"Cost of revenue","Direct materials",COGS,R&D,"Research & Development","IBM Australia",BOB-PL-0632,PO-PL-9916,114748.39,Input,Ready,None,No,Raw_GL_Export_With_CostCenters_Mar2026_IBMBOB_Enhanced.csv
"IBM BOB 1 - Group P&L",2026-06,TXN004841,AUS01,2026-06-29,5100,"Other operating expenses","Office rent",Facilities,R&D,"Research & Development",AWS,BOB-PL-0633,PO-PL-9076,31926.82,Input,Ready,None,No,Raw_GL_Export_With_CostCenters_Mar2026_IBMBOB_Enhanced.csv
"IBM BOB 1 - Group P&L",2026-06,TXN004842,AUS01,2026-06-25,4020,Revenue,"Subscription revenue","Operating Revenue",FIN,"Finance & Accounting","QBE Insurance",BOB-PL-0634,PO-PL-3030,376356.11,Input,Ready,None,No,Raw_GL_Export_With_CostCenters_Mar2026_IBMBOB_Enhanced.csv
"IBM BOB 1 - Group P&L",2026-06,TXN004843,AUS01,2026-06-14,6020,"Cost of revenue","Direct labor",COGS,NT,"Northern Territory Operations",Snowflake,BOB-PL-0635,PO-PL-8283,134834.75,Input,Ready,None,No,Raw_GL_Export_With_CostCenters_Mar2026_IBMBOB_Enhanced.csv
"IBM BOB 1 - Group P&L",2026-06,TXN004844,NZL01,2026-06-28,5000,"General and administrative","Salaries and wages",Personnel,SA,"South Australia Operations",AWS,BOB-PL-0636,PO-PL-9217,147027.65,Input,Ready,None,No,Raw_GL_Export_With_CostCenters_Mar2026_IBMBOB_Enhanced.csv
"IBM BOB 1 - Group P&L",2026-06,TXN004845,AUS01,2026-06-25,4000,Revenue,"Product sales","Operating Revenue",QLD,"Queensland Operations",Officeworks,BOB-PL-0637,PO-PL-7245,265009.43,Input,Ready,None,No,Raw_GL_Export_With_CostCenters_Mar2026_IBMBOB_Enhanced.csv
"IBM BOB 1 - Group P&L",2026-06,TXN004846,NZL01,2026-06-22,4000,Revenue,"Product sales","Operating Revenue",MKT,"Marketing & Sales","QBE Insurance",BOB-PL-0638,PO-PL-4234,388628.80,Input,Ready,None,No,Raw_GL_Export_With_CostCenters_Mar2026_IBMBOB_Enhanced.csv
"IBM BOB 1 - Group P&L",2026-06,TXN004847,AUS01,2026-06-02,4000,Revenue,"Product sales","Operating Revenue",VIC,"Victoria Operations",Officeworks,BOB-PL-0639,PO-PL-5556,296267.48,Input,Ready,None,No,Raw_GL_Export_With_CostCenters_Mar2026_IBMBOB_Enhanced.csv
"IBM BOB 1 - Group P&L",2026-06,TXN004848,AUS01,2026-06-18,6000,"Cost of revenue","Cost of goods sold",COGS,OPS,"Operations & Logistics",LinkedIn,BOB-PL-0640,PO-PL-6320,17795.95,Input,Ready,None,No,Raw_GL_Export_With_CostCenters_Mar2026_IBMBOB_Enhanced.csv
"IBM BOB 1 - Group P&L",2026-06,TXN004849,NZL01,2026-06-23,4000,Revenue,"Product sales","Operating Revenue",NT,"Northern Territory Operations",Officeworks,BOB-PL-0641,PO-PL-5728,138826.22,Input,Ready,None,No,Raw_GL_Export_With_CostCenters_Mar2026_IBMBOB_Enhanced.csv
"IBM BOB 1 - Group P&L",2026-06,TXN004850,AUS01,2026-06-31,2210,"Tax provision","Income tax payable","Current Liabilities",NT,"Northern Territory Operations",Snowflake,BOB-PL-0642,PO-PL-3176,5818.43,Input,Ready,None,No,Raw_GL_Export_With_CostCenters_Mar2026_IBMBOB_Enhanced.csv
"IBM BOB 1 - Group P&L",2026-06,TXN004851,AUS01,2026-06-27,4000,Revenue,"Product sales","Operating Revenue",IT,"Information Technology",Deloitte,BOB-PL-0643,PO-PL-9627,171993.99,Input,Ready,None,No,Raw_GL_Export_With_CostCenters_Mar2026_IBMBOB_Enhanced.csv
"IBM BOB 1 - Group P&L",2026-06,TXN004852,AUS01,2026-06-02,4000,Revenue,"Product sales","Operating Revenue",QLD,"Queensland Operations",Deloitte,BOB-PL-0644,PO-PL-6954,287521.40,Input,Ready,None,No,Raw_GL_Export_With_CostCenters_Mar2026_IBMBOB_Enhanced.csv
"IBM BOB 1 - Group P&L",2026-06,TXN004853,AUS01,2026-06-29,6000,"Cost of revenue","Cost of goods sold",COGS,QLD,"Queensland Operations","Melbourne Airport",BOB-PL-0645,PO-PL-2360,24559.08,Input,Ready,None,No,Raw_GL_Export_With_CostCenters_Mar2026_IBMBOB_Enhanced.csv
"IBM BOB 1 - Group P&L",2026-06,TXN004854,AUS01,2026-06-14,5620,"Other operating expenses",Insurance,Operations,TAS,"Tasmania Operations","Energy Australia",BOB-PL-0646,PO-PL-6646,115958.38,Input,Ready,None,No,Raw_GL_Export_With_CostCenters_Mar2026_IBMBOB_Enhanced.csv
"IBM BOB 1 - Group P&L",2026-06,TXN004855,AUS01,2026-06-23,5200,"Research and development","Software licenses",IT,TAS,"Tasmania Operations",Snowflake,BOB-PL-0647,PO-PL-2022,96885.36,Input,Ready,None,No,Raw_GL_Export_With_CostCenters_Mar2026_IBMBOB_Enhanced.csv
"IBM BOB 1 - Group P&L",2026-06,TXN004856,AUS01,2026-06-18,4020,Revenue,"Subscription revenue","Operating Revenue",VIC,"Victoria Operations",Officeworks,BOB-PL-0648,PO-PL-5296,90528.94,Input,Ready,None,No,Raw_GL_Export_With_CostCenters_Mar2026_IBMBOB_Enhanced.csv
"IBM BOB 1 - Group P&L",2026-06,TXN004857,NZL01,2026-06-10,4010,Revenue,"Service revenue","Operating Revenue",FIN,"Finance & Accounting",Deloitte,BOB-PL-0649,PO-PL-7722,88563.94,Input,Ready,None,No,Raw_GL_Export_With_CostCenters_Mar2026_IBMBOB_Enhanced.csv
"IBM BOB 1 - Group P&L",2026-06,TXN004858,AUS01,2026-06-02,5600,"Other operating expenses",Telecommunications,Operations,WA,"Western Australia Operations",Deloitte,BOB-PL-0650,PO-PL-3429,150089.58,Input,Ready,None,No,Raw_GL_Export_With_CostCenters_Mar2026_IBMBOB_Enhanced.csv
"IBM BOB 1 - Group P&L",2026-06,TXN004859,AUS01,2026-06-28,4000,Revenue,"Product sales","Operating Revenue",NSW,"New South Wales Operations","Energy Australia",BOB-PL-0651,PO-PL-8270,101493.21,Input,Ready,None,No,Raw_GL_Export_With_CostCenters_Mar2026_IBMBOB_Enhanced.csv
"IBM BOB 1 - Group P&L",2026-06,TXN004860,NZL01,2026-06-06,5910,"Other income / expense","Interest expense",Finance,ACT,"Australian Capital Territory","Google Ads",BOB-PL-0652,PO-PL-8107,157063.04,Input,Ready,None,No,Raw_GL_Export_With_CostCenters_Mar2026_IBMBOB_Enhanced.csv
"IBM BOB 1 - Group P&L",2026-06,TXN004861,AUS01,2026-06-16,6010,"Cost of revenue","Direct materials",COGS,HR,"Human Resources",Officeworks,BOB-PL-0653,PO-PL-7950,166446.26,Input,Ready,None,No,Raw_GL_Export_With_CostCenters_Mar2026_IBMBOB_Enhanced.csv
"IBM BOB 1 - Group P&L",2026-06,TXN004862,FJI01,2026-06-19,4000,Revenue,"Product sales","Operating Revenue",R&D,"Research & Development",Officeworks,BOB-PL-0654,PO-PL-5024,75004.15,Input,Ready,None,No,Raw_GL_Export_With_CostCenters_Mar2026_IBMBOB_Enhanced.csv
"IBM BOB 1 - Group P&L",2026-06,TXN004863,AUS01,2026-06-11,6030,"Cost of revenue","Manufacturing overhead",COGS,NSW,"New South Wales Operations","Google Ads",BOB-PL-0655,PO-PL-3786,153628.44,Input,Ready,None,No,Raw_GL_Export_With_CostCenters_Mar2026_IBMBOB_Enhanced.csv
"IBM BOB 1 - Group P&L",2026-06,TXN004864,AUS01,2026-06-11,5210,"Research and development","Cloud services",IT,MKT,"Marketing & Sales","Google Ads",BOB-PL-0656,PO-PL-9032,144187.98,Input,Ready,None,No,Raw_GL_Export_With_CostCenters_Mar2026_IBMBOB_Enhanced.csv
"IBM BOB 1 - Group P&L",2026-06,TXN004865,AUS01,2026-06-07,4000,Revenue,"Product sales","Operating Revenue",SA,"South Australia Operations","SAP Australia",BOB-PL-0657,PO-PL-2689,188668.01,Input,Ready,None,No,Raw_GL_Export_With_CostCenters_Mar2026_IBMBOB_Enhanced.csv
"IBM BOB 1 - Group P&L",2026-06,TXN004866,AUS01,2026-06-16,5520,"Sales and marketing",Events,Sales,WA,"Western Australia Operations","QBE Insurance",BOB-PL-0658,PO-PL-6522,21794.20,Input,Ready,None,No,Raw_GL_Export_With_CostCenters_Mar2026_IBMBOB_Enhanced.csv
"IBM BOB 1 - Group P&L",2026-06,TXN004867,AUS01,2026-06-06,5110,"Other operating expenses",Utilities,Facilities,SA,"South Australia Operations","Qantas Commercial",BOB-PL-0659,PO-PL-8914,110078.50,Input,Ready,None,No,Raw_GL_Export_With_CostCenters_Mar2026_IBMBOB_Enhanced.csv
"IBM BOB 1 - Group P&L",2026-06,TXN004868,NZL01,2026-06-20,4020,Revenue,"Subscription revenue","Operating Revenue",QLD,"Queensland Operations",Deloitte,BOB-PL-0660,PO-PL-5050,337504.78,Input,Ready,None,No,Raw_GL_Export_With_CostCenters_Mar2026_IBMBOB_Enhanced.csv
"IBM BOB 1 - Group P&L",2026-06,TXN004869,AUS01,2026-06-04,4010,Revenue,"Service revenue","Operating Revenue",SA,"South Australia Operations",AWS,BOB-PL-0661,PO-PL-2215,232353.86,Input,Ready,None,No,Raw_GL_Export_With_CostCenters_Mar2026_IBMBOB_Enhanced.csv
"IBM BOB 1 - Group P&L",2026-06,TXN004870,AUS01,2026-06-17,6000,"Cost of revenue","Cost of goods sold",COGS,CORP,"Corporate Head Office","Qantas Commercial",BOB-PL-0662,PO-PL-7629,70101.72,Input,Ready,None,No,Raw_GL_Export_With_CostCenters_Mar2026_IBMBOB_Enhanced.csv
"IBM BOB 1 - Group P&L",2026-06,TXN004871,FJI01,2026-06-12,5700,"Research and development",Training,Development,ACT,"Australian Capital Territory","Melbourne Airport",BOB-PL-0663,PO-PL-9116,173353.21,Input,Ready,None,No,Raw_GL_Export_With_CostCenters_Mar2026_IBMBOB_Enhanced.csv
"IBM BOB 1 - Group P&L",2026-06,TXN004872,AUS01,2026-06-24,4020,Revenue,"Subscription revenue","Operating Revenue",TAS,"Tasmania Operations",LinkedIn,BOB-PL-0664,PO-PL-3082,309671.95,Input,Ready,None,No,Raw_GL_Export_With_CostCenters_Mar2026_IBMBOB_Enhanced.csv
"IBM BOB 1 - Group P&L",2026-06,TXN004873,AUS01,2026-06-28,5210,"Research and development","Cloud services",IT,ACT,"Australian Capital Territory","SAP Australia",BOB-PL-0665,PO-PL-3702,50641.90,Input,Ready,None,No,Raw_GL_Export_With_CostCenters_Mar2026_IBMBOB_Enhanced.csv
"IBM BOB 1 - Group P&L",2026-06,TXN004874,NZL01,2026-06-12,4000,Revenue,"Product sales","Operating Revenue",NSW,"New South Wales Operations","IBM Australia",BOB-PL-0666,PO-PL-9862,318789.17,Input,Ready,None,No,Raw_GL_Export_With_CostCenters_Mar2026_IBMBOB_Enhanced.csv
"IBM BOB 1 - Group P&L",2026-06,TXN004875,AUS01,2026-06-03,4000,Revenue,"Product sales","Operating Revenue",HR,"Human Resources","Energy Australia",BOB-PL-0667,PO-PL-8326,301110.16,Input,Ready,None,No,Raw_GL_Export_With_CostCenters_Mar2026_IBMBOB_Enhanced.csv
"IBM BOB 1 - Group P&L",2026-06,TXN004876,AUS01,2026-06-27,6000,"Cost of revenue","Cost of goods sold",COGS,ACT,"Australian Capital Territory",Snowflake,BOB-PL-0668,PO-PL-4760,89327.22,Input,Ready,None,No,Raw_GL_Export_With_CostCenters_Mar2026_IBMBOB_Enhanced.csv
"IBM BOB 1 - Group P&L",2026-06,TXN004877,NZL01,2026-06-29,5600,"Other operating expenses",Telecommunications,Operations,OPS,"Operations & Logistics","Melbourne Airport",BOB-PL-0669,PO-PL-6657,92273.43,Input,Ready,None,No,Raw_GL_Export_With_CostCenters_Mar2026_IBMBOB_Enhanced.csv
"IBM BOB 1 - Group P&L",2026-06,TXN004878,PNG01,2026-06-14,4000,Revenue,"Product sales","Operating Revenue",ACT,"Australian Capital Territory",AWS,BOB-PL-0670,PO-PL-9884,202254.14,Input,Ready,None,No,Raw_GL_Export_With_CostCenters_Mar2026_IBMBOB_Enhanced.csv
"IBM BOB 1 - Group P&L",2026-06,TXN004879,AUS01,2026-06-20,4000,Revenue,"Product sales","Operating Revenue",CORP,"Corporate Head Office",Officeworks,BOB-PL-0671,PO-PL-3456,71570.00,Input,Ready,None,No,Raw_GL_Export_With_CostCenters_Mar2026_IBMBOB_Enhanced.csv
"IBM BOB 1 - Group P&L",2026-06,TXN004880,AUS01,2026-06-01,6030,"Cost of revenue","Manufacturing overhead",COGS,ACT,"Australian Capital Territory",AWS,BOB-PL-0672,PO-PL-5343,73921.91,Input,Ready,None,No,Raw_GL_Export_With_CostCenters_Mar2026_IBMBOB_Enhanced.csv
"IBM BOB 1 - Group P&L",2026-06,TXN004881,AUS01,2026-06-31,4000,Revenue,"Product sales","Operating Revenue",VIC,"Victoria Operations",Officeworks,BOB-PL-0673,PO-PL-7502,89077.31,Input,Ready,None,No,Raw_GL_Export_With_CostCenters_Mar2026_IBMBOB_Enhanced.csv
"IBM BOB 1 - Group P&L",2026-06,TXN004882,AUS01,2026-06-18,4000,Revenue,"Product sales","Operating Revenue",FIN,"Finance & Accounting",Deloitte,BOB-PL-0674,PO-PL-9009,40878.66,Input,Ready,None,No,Raw_GL_Export_With_CostCenters_Mar2026_IBMBOB_Enhanced.csv
"IBM BOB 1 - Group P&L",2026-06,TXN004883,AUS01,2026-06-12,5010,"General and administrative","Employee benefits",Personnel,FIN,"Finance & Accounting",Officeworks,BOB-PL-0675,PO-PL-4060,14412.28,Input,Ready,None,No,Raw_GL_Export_With_CostCenters_Mar2026_IBMBOB_Enhanced.csv
"IBM BOB 1 - Group P&L",2026-06,TXN004884,PNG01,2026-06-28,5010,"General and administrative","Employee benefits",Personnel,VIC,"Victoria Operations","IBM Australia",BOB-PL-0676,PO-PL-2798,115376.93,Input,Ready,None,No,Raw_GL_Export_With_CostCenters_Mar2026_IBMBOB_Enhanced.csv
"IBM BOB 1 - Group P&L",2026-06,TXN004885,FJI01,2026-06-19,6030,"Cost of revenue","Manufacturing overhead",COGS,HR,"Human Resources","SAP Australia",BOB-PL-0677,PO-PL-9313,38327.67,Input,Ready,None,No,Raw_GL_Export_With_CostCenters_Mar2026_IBMBOB_Enhanced.csv
"IBM BOB 1 - Group P&L",2026-06,TXN004886,FJI01,2026-06-17,5110,"Other operating expenses",Utilities,Facilities,VIC,"Victoria Operations","IBM Australia",BOB-PL-0678,PO-PL-2851,25184.99,Input,Ready,None,No,Raw_GL_Export_With_CostCenters_Mar2026_IBMBOB_Enhanced.csv
"IBM BOB 1 - Group P&L",2026-06,TXN004887,AUS01,2026-06-20,5300,"General and administrative","Professional services",External,MKT,"Marketing & Sales","Energy Australia",BOB-PL-0679,PO-PL-5151,103677.29,Input,Ready,None,No,Raw_GL_Export_With_CostCenters_Mar2026_IBMBOB_Enhanced.csv
"IBM BOB 1 - Group P&L",2026-06,TXN004888,AUS01,2026-06-24,5000,"General and administrative","Salaries and wages",Personnel,MKT,"Marketing & Sales","Melbourne Airport",BOB-PL-0680,PO-PL-5032,141550.80,Input,Ready,None,No,Raw_GL_Export_With_CostCenters_Mar2026_IBMBOB_Enhanced.csv
"IBM BOB 1 - Group P&L",2026-06,TXN004889,AUS01,2026-06-21,4100,"Other income / expense","Interest income","Non-Operating Revenue",CORP,"Corporate Head Office","Qantas Commercial",BOB-PL-0681,PO-PL-2725,84855.36,Input,Ready,None,No,Raw_GL_Export_With_CostCenters_Mar2026_IBMBOB_Enhanced.csv
"IBM BOB 1 - Group P&L",2026-06,TXN004890,AUS01,2026-06-27,5100,"Other operating expenses","Office rent",Facilities,FIN,"Finance & Accounting",AWS,BOB-PL-0682,PO-PL-3145,34051.10,Input,Ready,None,No,Raw_GL_Export_With_CostCenters_Mar2026_IBMBOB_Enhanced.csv
"IBM BOB 1 - Group P&L",2026-06,TXN004891,NZL01,2026-06-23,4000,Revenue,"Product sales","Operating Revenue",TAS,"Tasmania Operations","QBE Insurance",BOB-PL-0683,PO-PL-5182,181527.92,Input,Ready,None,No,Raw_GL_Export_With_CostCenters_Mar2026_IBMBOB_Enhanced.csv
"IBM BOB 1 - Group P&L",2026-06,TXN004892,AUS01,2026-06-25,4000,Revenue,"Product sales","Operating Revenue",IT,"Information Technology",Snowflake,BOB-PL-0684,PO-PL-7282,196616.45,Input,Ready,None,No,Raw_GL_Export_With_CostCenters_Mar2026_IBMBOB_Enhanced.csv
"IBM BOB 1 - Group P&L",2026-06,TXN004893,PNG01,2026-06-08,5200,"Research and development","Software licenses",IT,NSW,"New South Wales Operations",Snowflake,BOB-PL-0685,PO-PL-9977,35526.39,Input,Ready,None,No,Raw_GL_Export_With_CostCenters_Mar2026_IBMBOB_Enhanced.csv
"IBM BOB 1 - Group P&L",2026-06,TXN004894,PNG01,2026-06-12,5100,"Other operating expenses","Office rent",Facilities,ACT,"Australian Capital Territory","Google Ads",BOB-PL-0686,PO-PL-7705,26853.24,Input,Ready,None,No,Raw_GL_Export_With_CostCenters_Mar2026_IBMBOB_Enhanced.csv
"IBM BOB 1 - Group P&L",2026-06,TXN004895,AUS01,2026-06-13,5300,"General and administrative","Professional services",External,MKT,"Marketing & Sales","Qantas Commercial",BOB-PL-0687,PO-PL-9173,136197.51,Input,Ready,None,No,Raw_GL_Export_With_CostCenters_Mar2026_IBMBOB_Enhanced.csv
"IBM BOB 1 - Group P&L",2026-06,TXN004896,AUS01,2026-06-10,6020,"Cost of revenue","Direct labor",COGS,QLD,"Queensland Operations","Qantas Commercial",BOB-PL-0688,PO-PL-7663,75365.30,Input,Ready,None,No,Raw_GL_Export_With_CostCenters_Mar2026_IBMBOB_Enhanced.csv
"IBM BOB 1 - Group P&L",2026-06,TXN004897,AUS01,2026-06-08,4000,Revenue,"Product sales","Operating Revenue",HR,"Human Resources",AWS,BOB-PL-0689,PO-PL-4130,391701.23,Input,Ready,None,No,Raw_GL_Export_With_CostCenters_Mar2026_IBMBOB_Enhanced.csv
"IBM BOB 1 - Group P&L",2026-06,TXN004898,FJI01,2026-06-26,5320,"General and administrative","Audit fees",External,R&D,"Research & Development","SAP Australia",BOB-PL-0690,PO-PL-2558,127776.18,Input,Ready,None,No,Raw_GL_Export_With_CostCenters_Mar2026_IBMBOB_Enhanced.csv
"IBM BOB 1 - Group P&L",2026-06,TXN004899,AUS01,2026-06-30,5110,"Other operating expenses",Utilities,Facilities,MKT,"Marketing & Sales","Energy Australia",BOB-PL-0691,PO-PL-5001,69606.83,Input,Ready,None,No,Raw_GL_Export_With_CostCenters_Mar2026_IBMBOB_Enhanced.csv
"IBM BOB 1 - Group P&L",2026-06,TXN004900,AUS01,2026-06-21,4000,Revenue,"Product sales","Operating Revenue",FIN,"Finance & Accounting","Energy Australia",BOB-PL-0692,PO-PL-8867,229180.58,Input,Ready,None,No,Raw_GL_Export_With_CostCenters_Mar2026_IBMBOB_Enhanced.csv
"IBM BOB 1 - Group P&L",2026-06,TXN004901,PNG01,2026-06-22,5620,"Other operating expenses",Insurance,Operations,HR,"Human Resources",Officeworks,BOB-PL-0693,PO-PL-3428,70227.39,Input,Ready,None,No,Raw_GL_Export_With_CostCenters_Mar2026_IBMBOB_Enhanced.csv
"IBM BOB 1 - Group P&L",2026-06,TXN004902,AUS01,2026-06-19,4020,Revenue,"Subscription revenue","Operating Revenue",R&D,"Research & Development",Deloitte,BOB-PL-0694,PO-PL-8215,98460.07,Input,Ready,None,No,Raw_GL_Export_With_CostCenters_Mar2026_IBMBOB_Enhanced.csv
"IBM BOB 1 - Group P&L",2026-06,TXN004903,AUS01,2026-06-25,5510,"Sales and marketing",Advertising,Sales,VIC,"Victoria Operations",Officeworks,BOB-PL-0695,PO-PL-4847,170076.41,Input,Ready,None,No,Raw_GL_Export_With_CostCenters_Mar2026_IBMBOB_Enhanced.csv
"IBM BOB 1 - Group P&L",2026-06,TXN004904,AUS01,2026-06-02,4000,Revenue,"Product sales","Operating Revenue",TAS,"Tasmania Operations","Melbourne Airport",BOB-PL-0696,PO-PL-2023,233510.65,Input,Ready,None,No,Raw_GL_Export_With_CostCenters_Mar2026_IBMBOB_Enhanced.csv
"IBM BOB 1 - Group P&L",2026-06,TXN004905,AUS01,2026-06-07,5100,"Other operating expenses","Office rent",Facilities,QLD,"Queensland Operations","Energy Australia",BOB-PL-0697,PO-PL-8823,103495.29,Input,Ready,None,No,Raw_GL_Export_With_CostCenters_Mar2026_IBMBOB_Enhanced.csv
"IBM BOB 1 - Group P&L",2026-06,TXN004906,NZL01,2026-06-07,4100,"Other income / expense","Interest income","Non-Operating Revenue",R&D,"Research & Development",Snowflake,BOB-PL-0698,PO-PL-6116,162161.46,Input,Ready,None,No,Raw_GL_Export_With_CostCenters_Mar2026_IBMBOB_Enhanced.csv
"IBM BOB 1 - Group P&L",2026-06,TXN004907,AUS01,2026-06-27,4020,Revenue,"Subscription revenue","Operating Revenue",WA,"Western Australia Operations","Google Ads",BOB-PL-0699,PO-PL-3794,345413.33,Input,Ready,None,No,Raw_GL_Export_With_CostCenters_Mar2026_IBMBOB_Enhanced.csv
"IBM BOB 1 - Group P&L",2026-06,TXN004908,AUS01,2026-06-22,5910,"Other income / expense","Interest expense",Finance,QLD,"Queensland Operations","IBM Australia",BOB-PL-0700,PO-PL-8715,161973.12,Input,Ready,None,No,Raw_GL_Export_With_CostCenters_Mar2026_IBMBOB_Enhanced.csv
"IBM BOB 1 - Group P&L",2026-06,TXN004909,PNG01,2026-06-01,5000,"General and administrative","Salaries and wages",Personnel,CORP,"Corporate Head Office","IBM Australia",BOB-PL-0701,PO-PL-4656,50615.40,Input,Ready,None,No,Raw_GL_Export_With_CostCenters_Mar2026_IBMBOB_Enhanced.csv
"IBM BOB 1 - Group P&L",2026-06,TXN004910,NZL01,2026-06-29,4000,Revenue,"Product sales","Operating Revenue",HR,"Human Resources",Officeworks,BOB-PL-0702,PO-PL-5216,281410.70,Input,Ready,None,No,Raw_GL_Export_With_CostCenters_Mar2026_IBMBOB_Enhanced.csv
"IBM BOB 1 - Group P&L",2026-06,TXN004911,AUS01,2026-06-17,5300,"General and administrative","Professional services",External,WA,"Western Australia Operations",AWS,BOB-PL-0703,PO-PL-3582,2809.75,Input,Ready,None,No,Raw_GL_Export_With_CostCenters_Mar2026_IBMBOB_Enhanced.csv
"IBM BOB 1 - Group P&L",2026-06,TXN004912,AUS01,2026-06-09,5200,"Research and development","Software licenses",IT,FIN,"Finance & Accounting","QBE Insurance",BOB-PL-0704,PO-PL-9149,173971.77,Input,Ready,None,No,Raw_GL_Export_With_CostCenters_Mar2026_IBMBOB_Enhanced.csv
"IBM BOB 1 - Group P&L",2026-06,TXN004913,FJI01,2026-06-06,6000,"Cost of revenue","Cost of goods sold",COGS,TAS,"Tasmania Operations","IBM Australia",BOB-PL-0705,PO-PL-2486,105101.28,Input,Ready,None,No,Raw_GL_Export_With_CostCenters_Mar2026_IBMBOB_Enhanced.csv
"IBM BOB 1 - Group P&L",2026-06,TXN004914,AUS01,2026-06-13,5000,"General and administrative","Salaries and wages",Personnel,QLD,"Queensland Operations","Qantas Commercial",BOB-PL-0706,PO-PL-4742,85405.26,Input,Ready,None,No,Raw_GL_Export_With_CostCenters_Mar2026_IBMBOB_Enhanced.csv
"IBM BOB 1 - Group P&L",2026-06,TXN004915,AUS01,2026-06-05,4010,Revenue,"Service revenue","Operating Revenue",NT,"Northern Territory Operations","IBM Australia",BOB-PL-0707,PO-PL-9529,41040.10,Input,Ready,None,No,Raw_GL_Export_With_CostCenters_Mar2026_IBMBOB_Enhanced.csv
"IBM BOB 1 - Group P&L",2026-06,TXN004916,AUS01,2026-06-18,5920,"Other income / expense","FX loss",Finance,OPS,"Operations & Logistics","SAP Australia",BOB-PL-0708,PO-PL-8482,47387.34,Input,Ready,None,No,Raw_GL_Export_With_CostCenters_Mar2026_IBMBOB_Enhanced.csv
"IBM BOB 1 - Group P&L",2026-06,TXN004917,AUS01,2026-06-10,4020,Revenue,"Subscription revenue","Operating Revenue",HR,"Human Resources",Officeworks,BOB-PL-0709,PO-PL-4090,183854.81,Input,Ready,None,No,Raw_GL_Export_With_CostCenters_Mar2026_IBMBOB_Enhanced.csv
"IBM BOB 1 - Group P&L",2026-06,TXN004918,AUS01,2026-06-06,5600,"Other operating expenses",Telecommunications,Operations,SA,"South Australia Operations","IBM Australia",BOB-PL-0710,PO-PL-9089,17241.46,Input,Ready,None,No,Raw_GL_Export_With_CostCenters_Mar2026_IBMBOB_Enhanced.csv
"IBM BOB 1 - Group P&L",2026-06,TXN004919,AUS01,2026-06-02,5700,"Research and development",Training,Development,NSW,"New South Wales Operations",Snowflake,BOB-PL-0711,PO-PL-4592,80539.04,Input,Ready,None,No,Raw_GL_Export_With_CostCenters_Mar2026_IBMBOB_Enhanced.csv
"IBM BOB 1 - Group P&L",2026-06,TXN004920,AUS01,2026-06-06,5700,"Research and development",Training,Development,OPS,"Operations & Logistics","IBM Australia",BOB-PL-0712,PO-PL-5304,134124.25,Input,Ready,None,No,Raw_GL_Export_With_CostCenters_Mar2026_IBMBOB_Enhanced.csv
"IBM BOB 1 - Group P&L",2026-06,TXN004921,FJI01,2026-06-15,6010,"Cost of revenue","Direct materials",COGS,MKT,"Marketing & Sales","Energy Australia",BOB-PL-0713,PO-PL-7602,150029.78,Input,Ready,None,No,Raw_GL_Export_With_CostCenters_Mar2026_IBMBOB_Enhanced.csv
"IBM BOB 1 - Group P&L",2026-06,TXN004922,AUS01,2026-06-11,6000,"Cost of revenue","Cost of goods sold",COGS,NSW,"New South Wales Operations",AWS,BOB-PL-0714,PO-PL-2892,15649.13,Input,Ready,None,No,Raw_GL_Export_With_CostCenters_Mar2026_IBMBOB_Enhanced.csv
"IBM BOB 1 - Group P&L",2026-06,TXN004923,AUS01,2026-06-18,5510,"Sales and marketing",Advertising,Sales,ACT,"Australian Capital Territory","Energy Australia",BOB-PL-0715,PO-PL-8598,149777.19,Input,Ready,None,No,Raw_GL_Export_With_CostCenters_Mar2026_IBMBOB_Enhanced.csv
"IBM BOB 1 - Group P&L",2026-06,TXN004924,AUS01,2026-06-30,6030,"Cost of revenue","Manufacturing overhead",COGS,SA,"South Australia Operations",Deloitte,BOB-PL-0716,PO-PL-2282,40246.51,Input,Ready,None,No,Raw_GL_Export_With_CostCenters_Mar2026_IBMBOB_Enhanced.csv
"IBM BOB 1 - Group P&L",2026-06,TXN004925,AUS01,2026-06-23,4000,Revenue,"Product sales","Operating Revenue",NT,"Northern Territory Operations",Deloitte,BOB-PL-0717,PO-PL-4824,32549.83,Input,Ready,None,No,Raw_GL_Export_With_CostCenters_Mar2026_IBMBOB_Enhanced.csv
"IBM BOB 1 - Group P&L",2026-06,TXN004926,AUS01,2026-06-27,5110,"Other operating expenses",Utilities,Facilities,FIN,"Finance & Accounting","IBM Australia",BOB-PL-0718,PO-PL-2236,121455.62,Input,Ready,None,No,Raw_GL_Export_With_CostCenters_Mar2026_IBMBOB_Enhanced.csv
"IBM BOB 1 - Group P&L",2026-06,TXN004927,AUS01,2026-06-05,4000,Revenue,"Product sales","Operating Revenue",QLD,"Queensland Operations",Deloitte,BOB-PL-0719,PO-PL-2625,320646.46,Input,Ready,None,No,Raw_GL_Export_With_CostCenters_Mar2026_IBMBOB_Enhanced.csv
"IBM BOB 1 - Group P&L",2026-06,TXN004928,AUS01,2026-06-01,5000,"General and administrative","Salaries and wages",Personnel,FIN,"Finance & Accounting","Qantas Commercial",BOB-PL-0720,PO-PL-6953,68843.50,Input,Ready,None,No,Raw_GL_Export_With_CostCenters_Mar2026_IBMBOB_Enhanced.csv
"IBM BOB 1 - Group P&L",2026-06,TXN004929,FJI01,2026-06-20,4010,Revenue,"Service revenue","Operating Revenue",IT,"Information Technology","Qantas Commercial",BOB-PL-0721,PO-PL-5681,345145.65,Input,Ready,None,No,Raw_GL_Export_With_CostCenters_Mar2026_IBMBOB_Enhanced.csv
"IBM BOB 1 - Group P&L",2026-06,TXN004930,AUS01,2026-06-14,5110,"Other operating expenses",Utilities,Facilities,CORP,"Corporate Head Office",LinkedIn,BOB-PL-0722,PO-PL-2033,156746.33,Input,Ready,None,No,Raw_GL_Export_With_CostCenters_Mar2026_IBMBOB_Enhanced.csv
"IBM BOB 1 - Group P&L",2026-06,TXN004931,PNG01,2026-06-16,4020,Revenue,"Subscription revenue","Operating Revenue",R&D,"Research & Development","Qantas Commercial",BOB-PL-0723,PO-PL-2538,38810.34,Input,Ready,None,No,Raw_GL_Export_With_CostCenters_Mar2026_IBMBOB_Enhanced.csv
"IBM BOB 1 - Group P&L",2026-06,TXN004932,AUS01,2026-06-19,5010,"General and administrative","Employee benefits",Personnel,NT,"Northern Territory Operations","Google Ads",BOB-PL-0724,PO-PL-2676,32528.52,Input,Ready,None,No,Raw_GL_Export_With_CostCenters_Mar2026_IBMBOB_Enhanced.csv
"IBM BOB 1 - Group P&L",2026-06,TXN004933,AUS01,2026-06-21,5320,"General and administrative","Audit fees",External,CORP,"Corporate Head Office","SAP Australia",BOB-PL-0725,PO-PL-5842,56896.41,Input,Ready,None,No,Raw_GL_Export_With_CostCenters_Mar2026_IBMBOB_Enhanced.csv
"IBM BOB 1 - Group P&L",2026-06,TXN004934,NZL01,2026-06-23,6010,"Cost of revenue","Direct materials",COGS,MKT,"Marketing & Sales","Google Ads",BOB-PL-0726,PO-PL-7554,14554.73,Input,Ready,None,No,Raw_GL_Export_With_CostCenters_Mar2026_IBMBOB_Enhanced.csv
"IBM BOB 1 - Group P&L",2026-06,TXN004935,AUS01,2026-06-04,5510,"Sales and marketing",Advertising,Sales,VIC,"Victoria Operations","IBM Australia",BOB-PL-0727,PO-PL-5689,131385.78,Input,Ready,None,No,Raw_GL_Export_With_CostCenters_Mar2026_IBMBOB_Enhanced.csv
"IBM BOB 1 - Group P&L",2026-06,TXN004936,AUS01,2026-06-21,4000,Revenue,"Product sales","Operating Revenue",QLD,"Queensland Operations","Qantas Commercial",BOB-PL-0728,PO-PL-5742,382966.70,Input,Ready,None,No,Raw_GL_Export_With_CostCenters_Mar2026_IBMBOB_Enhanced.csv
"IBM BOB 1 - Group P&L",2026-06,TXN004937,AUS01,2026-06-11,5510,"Sales and marketing",Advertising,Sales,HR,"Human Resources","Qantas Commercial",BOB-PL-0729,PO-PL-5489,72495.89,Input,Ready,None,No,Raw_GL_Export_With_CostCenters_Mar2026_IBMBOB_Enhanced.csv
"IBM BOB 1 - Group P&L",2026-06,TXN004938,FJI01,2026-06-03,6010,"Cost of revenue","Direct materials",COGS,OPS,"Operations & Logistics","Energy Australia",BOB-PL-0730,PO-PL-2115,121685.17,Input,Ready,None,No,Raw_GL_Export_With_CostCenters_Mar2026_IBMBOB_Enhanced.csv
"IBM BOB 1 - Group P&L",2026-06,TXN004939,FJI01,2026-06-18,6020,"Cost of revenue","Direct labor",COGS,VIC,"Victoria Operations","SAP Australia",BOB-PL-0731,PO-PL-6761,148854.73,Input,Ready,None,No,Raw_GL_Export_With_CostCenters_Mar2026_IBMBOB_Enhanced.csv
"IBM BOB 1 - Group P&L",2026-06,TXN004940,FJI01,2026-06-06,6020,"Cost of revenue","Direct labor",COGS,NT,"Northern Territory Operations","SAP Australia",BOB-PL-0732,PO-PL-4638,39657.05,Input,Ready,None,No,Raw_GL_Export_With_CostCenters_Mar2026_IBMBOB_Enhanced.csv
"IBM BOB 1 - Group P&L",2026-06,TXN004941,AUS01,2026-06-14,5520,"Sales and marketing",Events,Sales,WA,"Western Australia Operations","SAP Australia",BOB-PL-0733,PO-PL-3248,50658.07,Input,Ready,None,No,Raw_GL_Export_With_CostCenters_Mar2026_IBMBOB_Enhanced.csv
"IBM BOB 1 - Group P&L",2026-06,TXN004942,NZL01,2026-06-25,4000,Revenue,"Product sales","Operating Revenue",R&D,"Research & Development","Energy Australia",BOB-PL-0734,PO-PL-6919,77729.15,Input,Ready,None,No,Raw_GL_Export_With_CostCenters_Mar2026_IBMBOB_Enhanced.csv
"IBM BOB 1 - Group P&L",2026-06,TXN004943,AUS01,2026-06-05,6030,"Cost of revenue","Manufacturing overhead",COGS,HR,"Human Resources","Qantas Commercial",BOB-PL-0735,PO-PL-6780,133673.27,Input,Ready,None,No,Raw_GL_Export_With_CostCenters_Mar2026_IBMBOB_Enhanced.csv
"IBM BOB 1 - Group P&L",2026-06,TXN004944,NZL01,2026-06-08,4000,Revenue,"Product sales","Operating Revenue",R&D,"Research & Development",Officeworks,BOB-PL-0736,PO-PL-9470,296757.13,Input,Ready,None,No,Raw_GL_Export_With_CostCenters_Mar2026_IBMBOB_Enhanced.csv
"IBM BOB 1 - Group P&L",2026-06,TXN004945,AUS01,2026-06-22,6030,"Cost of revenue","Manufacturing overhead",COGS,HR,"Human Resources",Snowflake,BOB-PL-0737,PO-PL-9273,133967.93,Input,Ready,None,No,Raw_GL_Export_With_CostCenters_Mar2026_IBMBOB_Enhanced.csv
"IBM BOB 1 - Group P&L",2026-06,TXN004946,AUS01,2026-06-28,4000,Revenue,"Product sales","Operating Revenue",FIN,"Finance & Accounting","Energy Australia",BOB-PL-0738,PO-PL-5055,46404.19,Input,Ready,None,No,Raw_GL_Export_With_CostCenters_Mar2026_IBMBOB_Enhanced.csv
"IBM BOB 1 - Group P&L",2026-06,TXN004947,PNG01,2026-06-19,6020,"Cost of revenue","Direct labor",COGS,QLD,"Queensland Operations","QBE Insurance",BOB-PL-0739,PO-PL-3278,48808.49,Input,Ready,None,No,Raw_GL_Export_With_CostCenters_Mar2026_IBMBOB_Enhanced.csv
"IBM BOB 1 - Group P&L",2026-06,TXN004948,AUS01,2026-06-26,5500,"Sales and marketing","Campaign spend",Sales,OPS,"Operations & Logistics","Qantas Commercial",BOB-PL-0740,PO-PL-7539,58831.66,Input,Ready,None,No,Raw_GL_Export_With_CostCenters_Mar2026_IBMBOB_Enhanced.csv
"IBM BOB 1 - Group P&L",2026-06,TXN004949,AUS01,2026-06-28,6010,"Cost of revenue","Direct materials",COGS,NSW,"New South Wales Operations",Officeworks,BOB-PL-0741,PO-PL-9488,91674.22,Input,Ready,None,No,Raw_GL_Export_With_CostCenters_Mar2026_IBMBOB_Enhanced.csv
"IBM BOB 1 - Group P&L",2026-06,TXN004950,NZL01,2026-06-13,5620,"Other operating expenses",Insurance,Operations,OPS,"Operations & Logistics",LinkedIn,BOB-PL-0742,PO-PL-5654,122613.07,Input,Ready,None,No,Raw_GL_Export_With_CostCenters_Mar2026_IBMBOB_Enhanced.csv
"IBM BOB 1 - Group P&L",2026-06,TXN004951,AUS01,2026-06-26,4000,Revenue,"Product sales","Operating Revenue",WA,"Western Australia Operations",Deloitte,BOB-PL-0743,PO-PL-5608,146555.53,Input,Ready,None,No,Raw_GL_Export_With_CostCenters_Mar2026_IBMBOB_Enhanced.csv
"IBM BOB 1 - Group P&L",2026-06,TXN004952,AUS01,2026-06-11,5210,"Research and development","Cloud services",IT,SA,"South Australia Operations","IBM Australia",BOB-PL-0744,PO-PL-5073,23131.36,Input,Ready,None,No,Raw_GL_Export_With_CostCenters_Mar2026_IBMBOB_Enhanced.csv
"IBM BOB 1 - Group P&L",2026-06,TXN004953,FJI01,2026-06-11,5100,"Other operating expenses","Office rent",Facilities,NSW,"New South Wales Operations","IBM Australia",BOB-PL-0745,PO-PL-4986,67416.52,Input,Ready,None,No,Raw_GL_Export_With_CostCenters_Mar2026_IBMBOB_Enhanced.csv
"IBM BOB 1 - Group P&L",2026-06,TXN004954,AUS01,2026-06-27,5920,"Other income / expense","FX loss",Finance,IT,"Information Technology","QBE Insurance",BOB-PL-0746,PO-PL-4204,56728.57,Input,Ready,None,No,Raw_GL_Export_With_CostCenters_Mar2026_IBMBOB_Enhanced.csv
"IBM BOB 1 - Group P&L",2026-06,TXN004955,AUS01,2026-06-27,6020,"Cost of revenue","Direct labor",COGS,ACT,"Australian Capital Territory",AWS,BOB-PL-0747,PO-PL-7427,125463.06,Input,Ready,None,No,Raw_GL_Export_With_CostCenters_Mar2026_IBMBOB_Enhanced.csv
"IBM BOB 1 - Group P&L",2026-06,TXN004956,AUS01,2026-06-24,6010,"Cost of revenue","Direct materials",COGS,FIN,"Finance & Accounting",AWS,BOB-PL-0748,PO-PL-7119,149857.90,Input,Ready,None,No,Raw_GL_Export_With_CostCenters_Mar2026_IBMBOB_Enhanced.csv
"IBM BOB 1 - Group P&L",2026-06,TXN004957,AUS01,2026-06-17,4010,Revenue,"Service revenue","Operating Revenue",SA,"South Australia Operations","SAP Australia",BOB-PL-0749,PO-PL-2580,359175.92,Input,Ready,None,No,Raw_GL_Export_With_CostCenters_Mar2026_IBMBOB_Enhanced.csv
"IBM BOB 1 - Group P&L",2026-06,TXN004958,AUS01,2026-06-24,5000,"General and administrative","Salaries and wages",Personnel,NT,"Northern Territory Operations","SAP Australia",BOB-PL-0750,PO-PL-3011,72846.32,Input,Ready,None,No,Raw_GL_Export_With_CostCenters_Mar2026_IBMBOB_Enhanced.csv
"IBM BOB 1 - Group P&L",2026-06,TXN004959,AUS01,2026-06-31,5920,"Other income / expense","FX loss",Finance,VIC,"Victoria Operations","QBE Insurance",BOB-PL-0751,PO-PL-8321,110495.71,Input,Ready,None,No,Raw_GL_Export_With_CostCenters_Mar2026_IBMBOB_Enhanced.csv
"IBM BOB 1 - Group P&L",2026-06,TXN004960,AUS01,2026-06-30,6000,"Cost of revenue","Cost of goods sold",COGS,IT,"Information Technology",LinkedIn,BOB-PL-0752,PO-PL-3591,5409.24,Input,Ready,None,No,Raw_GL_Export_With_CostCenters_Mar2026_IBMBOB_Enhanced.csv
"IBM BOB 1 - Group P&L",2026-06,TXN004961,AUS01,2026-06-13,5300,"General and administrative","Professional services",External,QLD,"Queensland Operations","Google Ads",BOB-PL-0753,PO-PL-8517,52064.15,Input,Ready,None,No,Raw_GL_Export_With_CostCenters_Mar2026_IBMBOB_Enhanced.csv
"IBM BOB 1 - Group P&L",2026-06,TXN004962,AUS01,2026-06-02,4020,Revenue,"Subscription revenue","Operating Revenue",OPS,"Operations & Logistics",LinkedIn,BOB-PL-0754,PO-PL-7832,193673.90,Input,Ready,None,No,Raw_GL_Export_With_CostCenters_Mar2026_IBMBOB_Enhanced.csv
"IBM BOB 1 - Group P&L",2026-06,TXN004963,AUS01,2026-06-19,5300,"General and administrative","Professional services",External,QLD,"Queensland Operations","Google Ads",BOB-PL-0755,PO-PL-8600,14107.10,Input,Ready,None,No,Raw_GL_Export_With_CostCenters_Mar2026_IBMBOB_Enhanced.csv
"IBM BOB 1 - Group P&L",2026-06,TXN004964,AUS01,2026-06-03,5200,"Research and development","Software licenses",IT,QLD,"Queensland Operations","IBM Australia",BOB-PL-0756,PO-PL-5467,26477.33,Input,Ready,None,No,Raw_GL_Export_With_CostCenters_Mar2026_IBMBOB_Enhanced.csv
"IBM BOB 1 - Group P&L",2026-06,TXN004965,AUS01,2026-06-24,6010,"Cost of revenue","Direct materials",COGS,OPS,"Operations & Logistics","SAP Australia",BOB-PL-0757,PO-PL-5340,26106.30,Input,Ready,None,No,Raw_GL_Export_With_CostCenters_Mar2026_IBMBOB_Enhanced.csv
"IBM BOB 1 - Group P&L",2026-06,TXN004966,AUS01,2026-06-17,4000,Revenue,"Product sales","Operating Revenue",OPS,"Operations & Logistics","SAP Australia",BOB-PL-0758,PO-PL-4646,119895.47,Input,Ready,None,No,Raw_GL_Export_With_CostCenters_Mar2026_IBMBOB_Enhanced.csv
"IBM BOB 1 - Group P&L",2026-06,TXN004967,NZL01,2026-06-25,6000,"Cost of revenue","Cost of goods sold",COGS,TAS,"Tasmania Operations","IBM Australia",BOB-PL-0759,PO-PL-5236,8549.86,Input,Ready,None,No,Raw_GL_Export_With_CostCenters_Mar2026_IBMBOB_Enhanced.csv
"IBM BOB 1 - Group P&L",2026-06,TXN004968,AUS01,2026-06-09,4010,Revenue,"Service revenue","Operating Revenue",MKT,"Marketing & Sales","IBM Australia",BOB-PL-0760,PO-PL-7153,171995.89,Input,Ready,None,No,Raw_GL_Export_With_CostCenters_Mar2026_IBMBOB_Enhanced.csv
"IBM BOB 1 - Group P&L",2026-06,TXN004969,AUS01,2026-06-07,5910,"Other income / expense","Interest expense",Finance,HR,"Human Resources","Qantas Commercial",BOB-PL-0761,PO-PL-3915,8092.04,Input,Ready,None,No,Raw_GL_Export_With_CostCenters_Mar2026_IBMBOB_Enhanced.csv
"IBM BOB 1 - Group P&L",2026-06,TXN004970,AUS01,2026-06-09,5510,"Sales and marketing",Advertising,Sales,FIN,"Finance & Accounting","Melbourne Airport",BOB-PL-0762,PO-PL-8600,108807.12,Input,Ready,None,No,Raw_GL_Export_With_CostCenters_Mar2026_IBMBOB_Enhanced.csv
"IBM BOB 1 - Group P&L",2026-06,TXN004971,AUS01,2026-06-17,6030,"Cost of revenue","Manufacturing overhead",COGS,IT,"Information Technology",Officeworks,BOB-PL-0763,PO-PL-8969,115226.78,Input,Ready,None,No,Raw_GL_Export_With_CostCenters_Mar2026_IBMBOB_Enhanced.csv
"IBM BOB 1 - Group P&L",2026-06,TXN004972,AUS01,2026-06-26,6000,"Cost of revenue","Cost of goods sold",COGS,QLD,"Queensland Operations",Officeworks,BOB-PL-0764,PO-PL-6995,116197.67,Input,Ready,None,No,Raw_GL_Export_With_CostCenters_Mar2026_IBMBOB_Enhanced.csv
"IBM BOB 1 - Group P&L",2026-06,TXN004973,AUS01,2026-06-12,5620,"Other operating expenses",Insurance,Operations,CORP,"Corporate Head Office","Google Ads",BOB-PL-0765,PO-PL-6607,176420.34,Input,Ready,None,No,Raw_GL_Export_With_CostCenters_Mar2026_IBMBOB_Enhanced.csv
"IBM BOB 1 - Group P&L",2026-06,TXN004974,NZL01,2026-06-29,6020,"Cost of revenue","Direct labor",COGS,HR,"Human Resources","Google Ads",BOB-PL-0766,PO-PL-5095,156448.61,Input,Ready,None,No,Raw_GL_Export_With_CostCenters_Mar2026_IBMBOB_Enhanced.csv
"IBM BOB 1 - Group P&L",2026-06,TXN004975,AUS01,2026-06-06,5500,"Sales and marketing","Campaign spend",Sales,WA,"Western Australia Operations","Qantas Commercial",BOB-PL-0767,PO-PL-6561,169148.39,Input,Ready,None,No,Raw_GL_Export_With_CostCenters_Mar2026_IBMBOB_Enhanced.csv
"IBM BOB 1 - Group P&L",2026-06,TXN004976,AUS01,2026-06-06,4000,Revenue,"Product sales","Operating Revenue",IT,"Information Technology",AWS,BOB-PL-0768,PO-PL-9950,226666.39,Input,Ready,None,No,Raw_GL_Export_With_CostCenters_Mar2026_IBMBOB_Enhanced.csv
"IBM BOB 1 - Group P&L",2026-06,TXN004977,AUS01,2026-06-15,5000,"General and administrative","Salaries and wages",Personnel,NT,"Northern Territory Operations","Melbourne Airport",BOB-PL-0769,PO-PL-5617,16782.77,Input,Ready,None,No,Raw_GL_Export_With_CostCenters_Mar2026_IBMBOB_Enhanced.csv
"IBM BOB 1 - Group P&L",2026-06,TXN004978,AUS01,2026-06-09,4010,Revenue,"Service revenue","Operating Revenue",NT,"Northern Territory Operations","Melbourne Airport",BOB-PL-0770,PO-PL-3040,415380.54,Input,Ready,None,No,Raw_GL_Export_With_CostCenters_Mar2026_IBMBOB_Enhanced.csv
"IBM BOB 1 - Group P&L",2026-06,TXN004979,AUS01,2026-06-01,6010,"Cost of revenue","Direct materials",COGS,HR,"Human Resources","IBM Australia",BOB-PL-0771,PO-PL-8212,156773.36,Input,Ready,None,No,Raw_GL_Export_With_CostCenters_Mar2026_IBMBOB_Enhanced.csv
"IBM BOB 1 - Group P&L",2026-06,TXN004980,AUS01,2026-06-16,6010,"Cost of revenue","Direct materials",COGS,FIN,"Finance & Accounting",LinkedIn,BOB-PL-0772,PO-PL-8415,172622.80,Input,Ready,None,No,Raw_GL_Export_With_CostCenters_Mar2026_IBMBOB_Enhanced.csv
"IBM BOB 1 - Group P&L",2026-06,TXN004981,AUS01,2026-06-10,6030,"Cost of revenue","Manufacturing overhead",COGS,NT,"Northern Territory Operations",Deloitte,BOB-PL-0773,PO-PL-4472,126070.27,Input,Ready,None,No,Raw_GL_Export_With_CostCenters_Mar2026_IBMBOB_Enhanced.csv
"IBM BOB 1 - Group P&L",2026-06,TXN004982,NZL01,2026-06-18,4000,Revenue,"Product sales","Operating Revenue",TAS,"Tasmania Operations","Qantas Commercial",BOB-PL-0774,PO-PL-4252,202042.77,Input,Ready,None,No,Raw_GL_Export_With_CostCenters_Mar2026_IBMBOB_Enhanced.csv
"IBM BOB 1 - Group P&L",2026-06,TXN004983,PNG01,2026-06-06,6020,"Cost of revenue","Direct labor",COGS,R&D,"Research & Development","Energy Australia",BOB-PL-0775,PO-PL-8126,126231.70,Input,Ready,None,No,Raw_GL_Export_With_CostCenters_Mar2026_IBMBOB_Enhanced.csv
"IBM BOB 1 - Group P&L",2026-06,TXN004984,NZL01,2026-06-11,4020,Revenue,"Subscription revenue","Operating Revenue",TAS,"Tasmania Operations","Energy Australia",BOB-PL-0776,PO-PL-9210,188398.86,Input,Ready,None,No,Raw_GL_Export_With_CostCenters_Mar2026_IBMBOB_Enhanced.csv
"IBM BOB 1 - Group P&L",2026-06,TXN004985,AUS01,2026-06-21,5010,"General and administrative","Employee benefits",Personnel,FIN,"Finance & Accounting",Officeworks,BOB-PL-0777,PO-PL-2674,73162.79,Input,Ready,None,No,Raw_GL_Export_With_CostCenters_Mar2026_IBMBOB_Enhanced.csv
"IBM BOB 1 - Group P&L",2026-06,TXN004986,PNG01,2026-06-26,5920,"Other income / expense","FX loss",Finance,NSW,"New South Wales Operations","Qantas Commercial",BOB-PL-0778,PO-PL-5025,26136.25,Input,Ready,None,No,Raw_GL_Export_With_CostCenters_Mar2026_IBMBOB_Enhanced.csv
"IBM BOB 1 - Group P&L",2026-06,TXN004987,AUS01,2026-06-07,5200,"Research and development","Software licenses",IT,QLD,"Queensland Operations","Melbourne Airport",BOB-PL-0779,PO-PL-6240,114930.77,Input,Ready,None,No,Raw_GL_Export_With_CostCenters_Mar2026_IBMBOB_Enhanced.csv
"IBM BOB 1 - Group P&L",2026-06,TXN004988,FJI01,2026-06-18,4000,Revenue,"Product sales","Operating Revenue",HR,"Human Resources",AWS,BOB-PL-0780,PO-PL-6717,176983.49,Input,Ready,None,No,Raw_GL_Export_With_CostCenters_Mar2026_IBMBOB_Enhanced.csv
"IBM BOB 1 - Group P&L",2026-06,TXN004989,NZL01,2026-06-26,5000,"General and administrative","Salaries and wages",Personnel,VIC,"Victoria Operations","Melbourne Airport",BOB-PL-0781,PO-PL-3502,59601.71,Input,Ready,None,No,Raw_GL_Export_With_CostCenters_Mar2026_IBMBOB_Enhanced.csv
"IBM BOB 1 - Group P&L",2026-06,TXN004990,AUS01,2026-06-08,6020,"Cost of revenue","Direct labor",COGS,ACT,"Australian Capital Territory",Officeworks,BOB-PL-0782,PO-PL-4321,423915.70,Input,"Requires review","Material variance > threshold",Yes,Raw_GL_Export_With_CostCenters_Mar2026_IBMBOB_Enhanced.csv
"IBM BOB 1 - Group P&L",2026-06,TXN004991,NZL01,2026-06-01,6020,"Cost of revenue","Direct labor",COGS,VIC,"Victoria Operations","IBM Australia",BOB-PL-0783,PO-PL-3486,115596.23,Input,Ready,None,No,Raw_GL_Export_With_CostCenters_Mar2026_IBMBOB_Enhanced.csv
"IBM BOB 1 - Group P&L",2026-06,TXN004992,NZL01,2026-06-11,4000,Revenue,"Product sales","Operating Revenue",ACT,"Australian Capital Territory","Qantas Commercial",BOB-PL-0784,PO-PL-2422,24703.37,Input,Ready,None,No,Raw_GL_Export_With_CostCenters_Mar2026_IBMBOB_Enhanced.csv
"IBM BOB 1 - Group P&L",2026-06,TXN004993,NZL01,2026-06-11,5510,"Sales and marketing",Advertising,Sales,HR,"Human Resources",Snowflake,BOB-PL-0785,PO-PL-7808,157202.68,Input,Ready,None,No,Raw_GL_Export_With_CostCenters_Mar2026_IBMBOB_Enhanced.csv
"IBM BOB 1 - Group P&L",2026-06,TXN004994,PNG01,2026-06-27,4000,Revenue,"Product sales","Operating Revenue",IT,"Information Technology","Qantas Commercial",BOB-PL-0786,PO-PL-3306,191985.66,Input,Ready,None,No,Raw_GL_Export_With_CostCenters_Mar2026_IBMBOB_Enhanced.csv
"IBM BOB 1 - Group P&L",2026-06,TXN004995,NZL01,2026-06-20,4010,Revenue,"Service revenue","Operating Revenue",TAS,"Tasmania Operations","SAP Australia",BOB-PL-0787,PO-PL-3185,337147.55,Input,Ready,None,No,Raw_GL_Export_With_CostCenters_Mar2026_IBMBOB_Enhanced.csv
"IBM BOB 1 - Group P&L",2026-06,TXN004996,AUS01,2026-06-17,5520,"Sales and marketing",Events,Sales,SA,"South Australia Operations",Deloitte,BOB-PL-0788,PO-PL-5076,160973.43,Input,Ready,None,No,Raw_GL_Export_With_CostCenters_Mar2026_IBMBOB_Enhanced.csv
"IBM BOB 1 - Group P&L",2026-06,TXN004997,AUS01,2026-06-17,4010,Revenue,"Service revenue","Operating Revenue",ACT,"Australian Capital Territory",Officeworks,BOB-PL-0789,PO-PL-6707,230737.72,Input,Ready,None,No,Raw_GL_Export_With_CostCenters_Mar2026_IBMBOB_Enhanced.csv
"IBM BOB 1 - Group P&L",2026-06,TXN004998,NZL01,2026-06-25,4010,Revenue,"Service revenue","Operating Revenue",NT,"Northern Territory Operations",Snowflake,BOB-PL-0790,PO-PL-8833,444874.79,Input,Ready,None,No,Raw_GL_Export_With_CostCenters_Mar2026_IBMBOB_Enhanced.csv
"IBM BOB 1 - Group P&L",2026-06,TXN004999,NZL01,2026-06-16,6020,"Cost of revenue","Direct labor",COGS,WA,"Western Australia Operations",Deloitte,BOB-PL-0791,PO-PL-6228,40882.38,Input,Ready,None,No,Raw_GL_Export_With_CostCenters_Mar2026_IBMBOB_Enhanced.csv
"IBM BOB 1 - Group P&L",2026-06,TXN005000,AUS01,2026-06-20,5520,"Sales and marketing",Events,Sales,HR,"Human Resources","Energy Australia",BOB-PL-0792,PO-PL-2479,159744.04,Input,Ready,None,No,Raw_GL_Export_With_CostCenters_Mar2026_IBMBOB_Enhanced.csv
"IBM BOB 1 - Group P&L",2026-06,TXN005001,AUS01,2026-06-23,4000,Revenue,"Product sales","Operating Revenue",R&D,"Research & Development",Deloitte,BOB-PL-0793,PO-PL-8446,95474.59,Input,Ready,None,No,Raw_GL_Export_With_CostCenters_Mar2026_IBMBOB_Enhanced.csv
"IBM BOB 1 - Group P&L",2026-06,TXN005002,AUS01,2026-06-31,4020,Revenue,"Subscription revenue","Operating Revenue",CORP,"Corporate Head Office","QBE Insurance",BOB-PL-0794,PO-PL-6650,163117.34,Input,Ready,None,No,Raw_GL_Export_With_CostCenters_Mar2026_IBMBOB_Enhanced.csv
"IBM BOB 1 - Group P&L",2026-06,TXN005003,AUS01,2026-06-31,4020,Revenue,"Subscription revenue","Operating Revenue",MKT,"Marketing & Sales",Officeworks,BOB-PL-0795,PO-PL-8488,222816.18,Input,Ready,None,No,Raw_GL_Export_With_CostCenters_Mar2026_IBMBOB_Enhanced.csv
"IBM BOB 1 - Group P&L",2026-06,TXN005004,AUS01,2026-06-14,4010,Revenue,"Service revenue","Operating Revenue",NSW,"New South Wales Operations","Qantas Commercial",BOB-PL-0796,PO-PL-6022,187363.07,Input,Ready,None,No,Raw_GL_Export_With_CostCenters_Mar2026_IBMBOB_Enhanced.csv
"IBM BOB 1 - Group P&L",2026-06,TXN005005,AUS01,2026-06-30,5210,"Research and development","Cloud services",IT,NSW,"New South Wales Operations",AWS,BOB-PL-0797,PO-PL-9276,70321.55,Input,Ready,None,No,Raw_GL_Export_With_CostCenters_Mar2026_IBMBOB_Enhanced.csv
"IBM BOB 1 - Group P&L",2026-06,TXN005006,AUS01,2026-06-23,4000,Revenue,"Product sales","Operating Revenue",QLD,"Queensland Operations","SAP Australia",BOB-PL-0798,PO-PL-7301,83712.76,Input,Ready,None,No,Raw_GL_Export_With_CostCenters_Mar2026_IBMBOB_Enhanced.csv
"IBM BOB 1 - Group P&L",2026-06,TXN005007,NZL01,2026-06-11,5000,"General and administrative","Salaries and wages",Personnel,CORP,"Corporate Head Office",Officeworks,BOB-PL-0799,PO-PL-4951,70975.12,Input,Ready,None,No,Raw_GL_Export_With_CostCenters_Mar2026_IBMBOB_Enhanced.csv
"IBM BOB 1 - Group P&L",2026-06,TXN005008,AUS01,2026-06-22,4020,Revenue,"Subscription revenue","Operating Revenue",HR,"Human Resources","IBM Australia",BOB-PL-0800,PO-PL-3159,23093.18,Input,Ready,None,No,Raw_GL_Export_With_CostCenters_Mar2026_IBMBOB_Enhanced.csv
"IBM BOB 1 - Group P&L",2026-06,TXN005009,AUS01,2026-06-08,5510,"Sales and marketing",Advertising,Sales,VIC,"Victoria Operations",Snowflake,BOB-PL-0801,PO-PL-4650,145277.02,Input,Ready,None,No,Raw_GL_Export_With_CostCenters_Mar2026_IBMBOB_Enhanced.csv
"IBM BOB 1 - Group P&L",2026-06,TXN005010,AUS01,2026-06-10,5000,"General and administrative","Salaries and wages",Personnel,NT,"Northern Territory Operations","Melbourne Airport",BOB-PL-0802,PO-PL-7415,6537.11,Input,Ready,None,No,Raw_GL_Export_With_CostCenters_Mar2026_IBMBOB_Enhanced.csv
"IBM BOB 1 - Group P&L",2026-06,TXN005011,AUS01,2026-06-11,4000,Revenue,"Product sales","Operating Revenue",FIN,"Finance & Accounting",Snowflake,BOB-PL-0803,PO-PL-6897,172807.16,Input,Ready,None,No,Raw_GL_Export_With_CostCenters_Mar2026_IBMBOB_Enhanced.csv
"IBM BOB 1 - Group P&L",2026-06,TXN005012,AUS01,2026-06-19,4020,Revenue,"Subscription revenue","Operating Revenue",NT,"Northern Territory Operations","SAP Australia",BOB-PL-0804,PO-PL-8717,149465.10,Input,Ready,None,No,Raw_GL_Export_With_CostCenters_Mar2026_IBMBOB_Enhanced.csv
"IBM BOB 1 - Group P&L",2026-06,TXN005013,NZL01,2026-06-14,6000,"Cost of revenue","Cost of goods sold",COGS,MKT,"Marketing & Sales","Google Ads",BOB-PL-0805,PO-PL-4912,50273.57,Input,Ready,None,No,Raw_GL_Export_With_CostCenters_Mar2026_IBMBOB_Enhanced.csv
"IBM BOB 1 - Group P&L",2026-06,TXN005014,PNG01,2026-06-07,4010,Revenue,"Service revenue","Operating Revenue",NT,"Northern Territory Operations","IBM Australia",BOB-PL-0806,PO-PL-4037,341490.66,Input,Ready,None,No,Raw_GL_Export_With_CostCenters_Mar2026_IBMBOB_Enhanced.csv
"IBM BOB 1 - Group P&L",2026-06,TXN005015,AUS01,2026-06-18,5210,"Research and development","Cloud services",IT,R&D,"Research & Development","Qantas Commercial",BOB-PL-0807,PO-PL-9103,107387.95,Input,Ready,None,No,Raw_GL_Export_With_CostCenters_Mar2026_IBMBOB_Enhanced.csv
"IBM BOB 1 - Group P&L",2026-06,TXN005016,NZL01,2026-06-15,5300,"General and administrative","Professional services",External,NSW,"New South Wales Operations",Deloitte,BOB-PL-0808,PO-PL-3234,57749.13,Input,Ready,None,No,Raw_GL_Export_With_CostCenters_Mar2026_IBMBOB_Enhanced.csv
"IBM BOB 1 - Group P&L",2026-06,TXN005017,AUS01,2026-06-01,5110,"Other operating expenses",Utilities,Facilities,IT,"Information Technology","SAP Australia",BOB-PL-0809,PO-PL-3024,171666.77,Input,Ready,None,No,Raw_GL_Export_With_CostCenters_Mar2026_IBMBOB_Enhanced.csv
"IBM BOB 1 - Group P&L",2026-06,TXN005018,AUS01,2026-06-10,5000,"General and administrative","Salaries and wages",Personnel,IT,"Information Technology",Snowflake,BOB-PL-0810,PO-PL-9984,129210.69,Input,Ready,None,No,Raw_GL_Export_With_CostCenters_Mar2026_IBMBOB_Enhanced.csv
"IBM BOB 1 - Group P&L",2026-06,TXN005019,PNG01,2026-06-26,5100,"Other operating expenses","Office rent",Facilities,SA,"South Australia Operations",AWS,BOB-PL-0811,PO-PL-7091,163858.78,Input,Ready,None,No,Raw_GL_Export_With_CostCenters_Mar2026_IBMBOB_Enhanced.csv
"IBM BOB 1 - Group P&L",2026-06,TXN005020,AUS01,2026-06-16,2210,"Tax provision","Income tax payable","Current Liabilities",R&D,"Research & Development","Melbourne Airport",BOB-PL-0812,PO-PL-2341,33535.79,Input,Ready,None,No,Raw_GL_Export_With_CostCenters_Mar2026_IBMBOB_Enhanced.csv
"IBM BOB 1 - Group P&L",2026-06,TXN005021,AUS01,2026-06-03,6020,"Cost of revenue","Direct labor",COGS,VIC,"Victoria Operations",AWS,BOB-PL-0813,PO-PL-2322,91141.00,Input,Ready,None,No,Raw_GL_Export_With_CostCenters_Mar2026_IBMBOB_Enhanced.csv
"IBM BOB 1 - Group P&L",2026-06,TXN005022,FJI01,2026-06-04,5920,"Other income / expense","FX loss",Finance,WA,"Western Australia Operations","IBM Australia",BOB-PL-0814,PO-PL-2235,134502.40,Input,Ready,None,No,Raw_GL_Export_With_CostCenters_Mar2026_IBMBOB_Enhanced.csv
"IBM BOB 1 - Group P&L",2026-06,TXN005023,NZL01,2026-06-04,5320,"General and administrative","Audit fees",External,NT,"Northern Territory Operations",Snowflake,BOB-PL-0815,PO-PL-4396,146254.61,Input,Ready,None,No,Raw_GL_Export_With_CostCenters_Mar2026_IBMBOB_Enhanced.csv
"IBM BOB 1 - Group P&L",2026-06,TXN005024,AUS01,2026-06-31,4000,Revenue,"Product sales","Operating Revenue",MKT,"Marketing & Sales",Deloitte,BOB-PL-0816,PO-PL-5158,299426.95,Input,Ready,None,No,Raw_GL_Export_With_CostCenters_Mar2026_IBMBOB_Enhanced.csv
"IBM BOB 1 - Group P&L",2026-06,TXN005025,AUS01,2026-06-16,4010,Revenue,"Service revenue","Operating Revenue",MKT,"Marketing & Sales",Deloitte,BOB-PL-0817,PO-PL-4302,262770.25,Input,Ready,None,No,Raw_GL_Export_With_CostCenters_Mar2026_IBMBOB_Enhanced.csv
"IBM BOB 1 - Group P&L",2026-06,TXN005026,NZL01,2026-06-16,6030,"Cost of revenue","Manufacturing overhead",COGS,WA,"Western Australia Operations","QBE Insurance",BOB-PL-0818,PO-PL-7349,2336.16,Input,Ready,None,No,Raw_GL_Export_With_CostCenters_Mar2026_IBMBOB_Enhanced.csv
"IBM BOB 1 - Group P&L",2026-06,TXN005027,AUS01,2026-06-21,4010,Revenue,"Service revenue","Operating Revenue",TAS,"Tasmania Operations","Qantas Commercial",BOB-PL-0819,PO-PL-5867,64696.16,Input,Ready,None,No,Raw_GL_Export_With_CostCenters_Mar2026_IBMBOB_Enhanced.csv
"IBM BOB 1 - Group P&L",2026-06,TXN005028,NZL01,2026-06-10,4010,Revenue,"Service revenue","Operating Revenue",NSW,"New South Wales Operations","SAP Australia",BOB-PL-0820,PO-PL-9733,43572.02,Input,Ready,None,No,Raw_GL_Export_With_CostCenters_Mar2026_IBMBOB_Enhanced.csv
"IBM BOB 1 - Group P&L",2026-06,TXN005029,AUS01,2026-06-02,2210,"Tax provision","Income tax payable","Current Liabilities",VIC,"Victoria Operations","Google Ads",BOB-PL-0821,PO-PL-8439,23568.68,Input,Ready,None,No,Raw_GL_Export_With_CostCenters_Mar2026_IBMBOB_Enhanced.csv
"IBM BOB 1 - Group P&L",2026-06,TXN005030,AUS01,2026-06-19,5000,"General and administrative","Salaries and wages",Personnel,FIN,"Finance & Accounting","Energy Australia",BOB-PL-0822,PO-PL-7918,72300.00,Input,Ready,None,No,Raw_GL_Export_With_CostCenters_Mar2026_IBMBOB_Enhanced.csv
"IBM BOB 1 - Group P&L",2026-06,TXN005031,AUS01,2026-06-18,5010,"General and administrative","Employee benefits",Personnel,OPS,"Operations & Logistics",Snowflake,BOB-PL-0823,PO-PL-9006,138745.02,Input,Ready,None,No,Raw_GL_Export_With_CostCenters_Mar2026_IBMBOB_Enhanced.csv
"IBM BOB 1 - Group P&L",2026-06,TXN005032,AUS01,2026-06-03,5110,"Other operating expenses",Utilities,Facilities,WA,"Western Australia Operations","SAP Australia",BOB-PL-0824,PO-PL-3511,142035.52,Input,Ready,None,No,Raw_GL_Export_With_CostCenters_Mar2026_IBMBOB_Enhanced.csv
"IBM BOB 1 - Group P&L",2026-06,TXN005033,AUS01,2026-06-19,4010,Revenue,"Service revenue","Operating Revenue",QLD,"Queensland Operations","Melbourne Airport",BOB-PL-0825,PO-PL-4038,380667.04,Input,Ready,None,No,Raw_GL_Export_With_CostCenters_Mar2026_IBMBOB_Enhanced.csv
"IBM BOB 1 - Group P&L",2026-06,TXN005034,PNG01,2026-06-23,6020,"Cost of revenue","Direct labor",COGS,QLD,"Queensland Operations","Melbourne Airport",BOB-PL-0826,PO-PL-2051,3175.47,Input,Ready,None,No,Raw_GL_Export_With_CostCenters_Mar2026_IBMBOB_Enhanced.csv
"IBM BOB 1 - Group P&L",2026-06,TXN005035,AUS01,2026-06-21,4000,Revenue,"Product sales","Operating Revenue",NSW,"New South Wales Operations","Melbourne Airport",BOB-PL-0827,PO-PL-5329,144838.40,Input,Ready,None,No,Raw_GL_Export_With_CostCenters_Mar2026_IBMBOB_Enhanced.csv
"IBM BOB 1 - Group P&L",2026-06,TXN005036,AUS01,2026-06-28,4000,Revenue,"Product sales","Operating Revenue",NSW,"New South Wales Operations",Snowflake,BOB-PL-0828,PO-PL-4830,94242.38,Input,Ready,None,No,Raw_GL_Export_With_CostCenters_Mar2026_IBMBOB_Enhanced.csv
"IBM BOB 1 - Group P&L",2026-06,TXN005037,FJI01,2026-06-24,6000,"Cost of revenue","Cost of goods sold",COGS,CORP,"Corporate Head Office",Deloitte,BOB-PL-0829,PO-PL-6116,116301.66,Input,Ready,None,No,Raw_GL_Export_With_CostCenters_Mar2026_IBMBOB_Enhanced.csv
"IBM BOB 1 - Group P&L",2026-06,TXN005038,NZL01,2026-06-24,4020,Revenue,"Subscription revenue","Operating Revenue",FIN,"Finance & Accounting","Energy Australia",BOB-PL-0830,PO-PL-3885,34262.99,Input,Ready,None,No,Raw_GL_Export_With_CostCenters_Mar2026_IBMBOB_Enhanced.csv
"IBM BOB 1 - Group P&L",2026-06,TXN005039,PNG01,2026-06-26,6000,"Cost of revenue","Cost of goods sold",COGS,ACT,"Australian Capital Territory","IBM Australia",BOB-PL-0831,PO-PL-3767,73981.39,Input,Ready,None,No,Raw_GL_Export_With_CostCenters_Mar2026_IBMBOB_Enhanced.csv
"IBM BOB 1 - Group P&L",2026-06,TXN005040,AUS01,2026-06-19,6030,"Cost of revenue","Manufacturing overhead",COGS,VIC,"Victoria Operations",Snowflake,BOB-PL-0832,PO-PL-7449,80720.99,Input,Ready,None,No,Raw_GL_Export_With_CostCenters_Mar2026_IBMBOB_Enhanced.csv
"IBM BOB 1 - Group P&L",2026-06,TXN005041,AUS01,2026-06-31,5000,"General and administrative","Salaries and wages",Personnel,IT,"Information Technology",Deloitte,BOB-PL-0833,PO-PL-3309,176035.35,Input,Ready,None,No,Raw_GL_Export_With_CostCenters_Mar2026_IBMBOB_Enhanced.csv
"IBM BOB 1 - Group P&L",2026-06,TXN005042,AUS01,2026-06-22,5920,"Other income / expense","FX loss",Finance,NSW,"New South Wales Operations","IBM Australia",BOB-PL-0834,PO-PL-5130,145899.67,Input,Ready,None,No,Raw_GL_Export_With_CostCenters_Mar2026_IBMBOB_Enhanced.csv
"IBM BOB 1 - Group P&L",2026-06,TXN005043,AUS01,2026-06-11,5010,"General and administrative","Employee benefits",Personnel,FIN,"Finance & Accounting","Melbourne Airport",BOB-PL-0835,PO-PL-8088,37213.36,Input,Ready,None,No,Raw_GL_Export_With_CostCenters_Mar2026_IBMBOB_Enhanced.csv
"IBM BOB 1 - Group P&L",2026-06,TXN005044,FJI01,2026-06-29,5700,"Research and development",Training,Development,ACT,"Australian Capital Territory",Officeworks,BOB-PL-0836,PO-PL-8113,90667.02,Input,Ready,None,No,Raw_GL_Export_With_CostCenters_Mar2026_IBMBOB_Enhanced.csv
"IBM BOB 1 - Group P&L",2026-06,TXN005045,AUS01,2026-06-16,6000,"Cost of revenue","Cost of goods sold",COGS,MKT,"Marketing & Sales","QBE Insurance",BOB-PL-0837,PO-PL-5824,43635.35,Input,Ready,None,No,Raw_GL_Export_With_CostCenters_Mar2026_IBMBOB_Enhanced.csv
"IBM BOB 1 - Group P&L",2026-06,TXN005046,NZL01,2026-06-09,4000,Revenue,"Product sales","Operating Revenue",NSW,"New South Wales Operations",LinkedIn,BOB-PL-0838,PO-PL-5650,93602.41,Input,Ready,None,No,Raw_GL_Export_With_CostCenters_Mar2026_IBMBOB_Enhanced.csv
"IBM BOB 1 - Group P&L",2026-06,TXN005047,NZL01,2026-06-06,4000,Revenue,"Product sales","Operating Revenue",ACT,"Australian Capital Territory","Qantas Commercial",BOB-PL-0839,PO-PL-8364,270267.22,Input,Ready,None,No,Raw_GL_Export_With_CostCenters_Mar2026_IBMBOB_Enhanced.csv
"IBM BOB 1 - Group P&L",2026-06,TXN005048,AUS01,2026-06-22,5000,"General and administrative","Salaries and wages",Personnel,R&D,"Research & Development","IBM Australia",BOB-PL-0840,PO-PL-9142,127906.31,Input,Ready,None,No,Raw_GL_Export_With_CostCenters_Mar2026_IBMBOB_Enhanced.csv
"IBM BOB 1 - Group P&L",2026-06,TXN005049,AUS01,2026-06-23,4020,Revenue,"Subscription revenue","Operating Revenue",TAS,"Tasmania Operations",Officeworks,BOB-PL-0841,PO-PL-5405,121874.83,Input,Ready,None,No,Raw_GL_Export_With_CostCenters_Mar2026_IBMBOB_Enhanced.csv
"IBM BOB 1 - Group P&L",2026-06,TXN005050,AUS01,2026-06-01,5000,"General and administrative","Salaries and wages",Personnel,FIN,"Finance & Accounting","Qantas Commercial",BOB-PL-0842,PO-PL-5066,25442.30,Input,Ready,None,No,Raw_GL_Export_With_CostCenters_Mar2026_IBMBOB_Enhanced.csv
"IBM BOB 1 - Group P&L",2026-06,TXN005051,PNG01,2026-06-30,5320,"General and administrative","Audit fees",External,R&D,"Research & Development","QBE Insurance",BOB-PL-0843,PO-PL-6455,56074.53,Input,Ready,None,No,Raw_GL_Export_With_CostCenters_Mar2026_IBMBOB_Enhanced.csv
"IBM BOB 1 - Group P&L",2026-06,TXN005052,AUS01,2026-06-12,6030,"Cost of revenue","Manufacturing overhead",COGS,OPS,"Operations & Logistics",Deloitte,BOB-PL-0844,PO-PL-8056,145966.30,Input,Ready,None,No,Raw_GL_Export_With_CostCenters_Mar2026_IBMBOB_Enhanced.csv
"IBM BOB 1 - Group P&L",2026-06,TXN005053,AUS01,2026-06-04,5920,"Other income / expense","FX loss",Finance,TAS,"Tasmania Operations","Energy Australia",BOB-PL-0845,PO-PL-3345,106047.42,Input,Ready,None,No,Raw_GL_Export_With_CostCenters_Mar2026_IBMBOB_Enhanced.csv
"IBM BOB 1 - Group P&L",2026-06,TXN005054,AUS01,2026-06-14,5010,"General and administrative","Employee benefits",Personnel,QLD,"Queensland Operations","Google Ads",BOB-PL-0846,PO-PL-7396,135185.41,Input,Ready,None,No,Raw_GL_Export_With_CostCenters_Mar2026_IBMBOB_Enhanced.csv
"IBM BOB 1 - Group P&L",2026-06,TXN005055,AUS01,2026-06-22,5910,"Other income / expense","Interest expense",Finance,MKT,"Marketing & Sales","Google Ads",BOB-PL-0847,PO-PL-7534,15938.12,Input,Ready,None,No,Raw_GL_Export_With_CostCenters_Mar2026_IBMBOB_Enhanced.csv
"IBM BOB 1 - Group P&L",2026-06,TXN005056,AUS01,2026-06-10,5000,"General and administrative","Salaries and wages",Personnel,WA,"Western Australia Operations","Google Ads",BOB-PL-0848,PO-PL-2227,117223.46,Input,Ready,None,No,Raw_GL_Export_With_CostCenters_Mar2026_IBMBOB_Enhanced.csv
"IBM BOB 1 - Group P&L",2026-06,TXN005057,AUS01,2026-06-04,6000,"Cost of revenue","Cost of goods sold",COGS,R&D,"Research & Development","QBE Insurance",BOB-PL-0849,PO-PL-6523,44878.18,Input,Ready,None,No,Raw_GL_Export_With_CostCenters_Mar2026_IBMBOB_Enhanced.csv
"IBM BOB 1 - Group P&L",2026-06,TXN005058,FJI01,2026-06-11,4000,Revenue,"Product sales","Operating Revenue",SA,"South Australia Operations","QBE Insurance",BOB-PL-0850,PO-PL-2727,136831.76,Input,Ready,None,No,Raw_GL_Export_With_CostCenters_Mar2026_IBMBOB_Enhanced.csv
"IBM BOB 1 - Group P&L",2026-06,TXN005059,AUS01,2026-06-28,4000,Revenue,"Product sales","Operating Revenue",ACT,"Australian Capital Territory","IBM Australia",BOB-PL-0851,PO-PL-5638,212654.81,Input,Ready,None,No,Raw_GL_Export_With_CostCenters_Mar2026_IBMBOB_Enhanced.csv
"IBM BOB 1 - Group P&L",2026-06,TXN005060,AUS01,2026-06-07,4000,Revenue,"Product sales","Operating Revenue",CORP,"Corporate Head Office","SAP Australia",BOB-PL-0852,PO-PL-4568,87933.47,Input,Ready,None,No,Raw_GL_Export_With_CostCenters_Mar2026_IBMBOB_Enhanced.csv
"IBM BOB 1 - Group P&L",2026-06,TXN005061,AUS01,2026-06-30,5010,"General and administrative","Employee benefits",Personnel,TAS,"Tasmania Operations",LinkedIn,BOB-PL-0853,PO-PL-3470,37818.34,Input,Ready,None,No,Raw_GL_Export_With_CostCenters_Mar2026_IBMBOB_Enhanced.csv
"IBM BOB 1 - Group P&L",2026-06,TXN005062,AUS01,2026-06-17,5520,"Sales and marketing",Events,Sales,ACT,"Australian Capital Territory","IBM Australia",BOB-PL-0854,PO-PL-9913,127718.80,Input,Ready,None,No,Raw_GL_Export_With_CostCenters_Mar2026_IBMBOB_Enhanced.csv
"IBM BOB 1 - Group P&L",2026-06,TXN005063,AUS01,2026-06-21,4000,Revenue,"Product sales","Operating Revenue",QLD,"Queensland Operations",AWS,BOB-PL-0855,PO-PL-7254,342247.69,Input,Ready,None,No,Raw_GL_Export_With_CostCenters_Mar2026_IBMBOB_Enhanced.csv
"IBM BOB 1 - Group P&L",2026-06,TXN005064,AUS01,2026-06-06,4000,Revenue,"Product sales","Operating Revenue",MKT,"Marketing & Sales","Qantas Commercial",BOB-PL-0856,PO-PL-2248,92472.28,Input,Ready,None,No,Raw_GL_Export_With_CostCenters_Mar2026_IBMBOB_Enhanced.csv
"IBM BOB 1 - Group P&L",2026-06,TXN005065,AUS01,2026-06-27,4000,Revenue,"Product sales","Operating Revenue",CORP,"Corporate Head Office","IBM Australia",BOB-PL-0857,PO-PL-4470,197550.10,Input,Ready,None,No,Raw_GL_Export_With_CostCenters_Mar2026_IBMBOB_Enhanced.csv
"IBM BOB 1 - Group P&L",2026-06,TXN005066,FJI01,2026-06-19,5000,"General and administrative","Salaries and wages",Personnel,MKT,"Marketing & Sales","Qantas Commercial",BOB-PL-0858,PO-PL-8313,59150.98,Input,Ready,None,No,Raw_GL_Export_With_CostCenters_Mar2026_IBMBOB_Enhanced.csv
"IBM BOB 1 - Group P&L",2026-06,TXN005067,AUS01,2026-06-16,5000,"General and administrative","Salaries and wages",Personnel,CORP,"Corporate Head Office",LinkedIn,BOB-PL-0859,PO-PL-8935,122140.51,Input,Ready,None,No,Raw_GL_Export_With_CostCenters_Mar2026_IBMBOB_Enhanced.csv
"IBM BOB 1 - Group P&L",2026-06,TXN005068,AUS01,2026-06-12,4000,Revenue,"Product sales","Operating Revenue",FIN,"Finance & Accounting",LinkedIn,BOB-PL-0860,PO-PL-6440,181838.24,Input,Ready,None,No,Raw_GL_Export_With_CostCenters_Mar2026_IBMBOB_Enhanced.csv
"IBM BOB 1 - Group P&L",2026-06,TXN005069,FJI01,2026-06-04,5520,"Sales and marketing",Events,Sales,QLD,"Queensland Operations",Snowflake,BOB-PL-0861,PO-PL-5691,123756.55,Input,Ready,None,No,Raw_GL_Export_With_CostCenters_Mar2026_IBMBOB_Enhanced.csv
"IBM BOB 1 - Group P&L",2026-06,TXN005070,PNG01,2026-06-05,6010,"Cost of revenue","Direct materials",COGS,ACT,"Australian Capital Territory",AWS,BOB-PL-0862,PO-PL-2548,151369.25,Input,Ready,None,No,Raw_GL_Export_With_CostCenters_Mar2026_IBMBOB_Enhanced.csv
"IBM BOB 1 - Group P&L",2026-06,TXN005071,AUS01,2026-06-12,6010,"Cost of revenue","Direct materials",COGS,ACT,"Australian Capital Territory","Google Ads",BOB-PL-0863,PO-PL-4943,12455.92,Input,Ready,None,No,Raw_GL_Export_With_CostCenters_Mar2026_IBMBOB_Enhanced.csv
"IBM BOB 1 - Group P&L",2026-06,TXN005072,NZL01,2026-06-25,5520,"Sales and marketing",Events,Sales,HR,"Human Resources","SAP Australia",BOB-PL-0864,PO-PL-5102,35493.99,Input,Ready,None,No,Raw_GL_Export_With_CostCenters_Mar2026_IBMBOB_Enhanced.csv
"IBM BOB 1 - Group P&L",2026-06,TXN005073,NZL01,2026-06-13,6020,"Cost of revenue","Direct labor",COGS,MKT,"Marketing & Sales","Qantas Commercial",BOB-PL-0865,PO-PL-9349,158031.89,Input,Ready,None,No,Raw_GL_Export_With_CostCenters_Mar2026_IBMBOB_Enhanced.csv
"IBM BOB 1 - Group P&L",2026-06,TXN005074,FJI01,2026-06-27,5600,"Other operating expenses",Telecommunications,Operations,NT,"Northern Territory Operations","Energy Australia",BOB-PL-0866,PO-PL-8302,94678.56,Input,Ready,None,No,Raw_GL_Export_With_CostCenters_Mar2026_IBMBOB_Enhanced.csv
"IBM BOB 1 - Group P&L",2026-06,TXN005075,PNG01,2026-06-28,5200,"Research and development","Software licenses",IT,R&D,"Research & Development","Google Ads",BOB-PL-0867,PO-PL-4932,49882.00,Input,Ready,None,No,Raw_GL_Export_With_CostCenters_Mar2026_IBMBOB_Enhanced.csv
"IBM BOB 1 - Group P&L",2026-06,TXN005076,AUS01,2026-06-30,4100,"Other income / expense","Interest income","Non-Operating Revenue",IT,"Information Technology","Qantas Commercial",BOB-PL-0868,PO-PL-6789,348920.65,Input,Ready,None,No,Raw_GL_Export_With_CostCenters_Mar2026_IBMBOB_Enhanced.csv
"IBM BOB 1 - Group P&L",2026-06,TXN005077,AUS01,2026-06-01,4000,Revenue,"Product sales","Operating Revenue",R&D,"Research & Development","Qantas Commercial",BOB-PL-0869,PO-PL-7899,71181.98,Input,Ready,None,No,Raw_GL_Export_With_CostCenters_Mar2026_IBMBOB_Enhanced.csv
"IBM BOB 1 - Group P&L",2026-06,TXN005078,AUS01,2026-06-06,6020,"Cost of revenue","Direct labor",COGS,OPS,"Operations & Logistics",Deloitte,BOB-PL-0870,PO-PL-3147,147179.42,Input,Ready,None,No,Raw_GL_Export_With_CostCenters_Mar2026_IBMBOB_Enhanced.csv
"IBM BOB 1 - Group P&L",2026-06,TXN005079,NZL01,2026-06-09,6000,"Cost of revenue","Cost of goods sold",COGS,CORP,"Corporate Head Office",AWS,BOB-PL-0871,PO-PL-9652,133704.78,Input,Ready,None,No,Raw_GL_Export_With_CostCenters_Mar2026_IBMBOB_Enhanced.csv
"IBM BOB 1 - Group P&L",2026-06,TXN005080,AUS01,2026-06-23,4000,Revenue,"Product sales","Operating Revenue",WA,"Western Australia Operations","QBE Insurance",BOB-PL-0872,PO-PL-3489,411166.64,Input,Ready,None,No,Raw_GL_Export_With_CostCenters_Mar2026_IBMBOB_Enhanced.csv
"IBM BOB 1 - Group P&L",2026-06,TXN005081,FJI01,2026-06-16,5210,"Research and development","Cloud services",IT,FIN,"Finance & Accounting","Melbourne Airport",BOB-PL-0873,PO-PL-8261,68367.60,Input,Ready,None,No,Raw_GL_Export_With_CostCenters_Mar2026_IBMBOB_Enhanced.csv
"IBM BOB 1 - Group P&L",2026-06,TXN005082,AUS01,2026-06-31,6030,"Cost of revenue","Manufacturing overhead",COGS,WA,"Western Australia Operations",Deloitte,BOB-PL-0874,PO-PL-6397,6954.67,Input,Ready,None,No,Raw_GL_Export_With_CostCenters_Mar2026_IBMBOB_Enhanced.csv
"IBM BOB 1 - Group P&L",2026-06,TXN005083,NZL01,2026-06-06,6020,"Cost of revenue","Direct labor",COGS,WA,"Western Australia Operations",AWS,BOB-PL-0875,PO-PL-4695,30306.00,Input,Ready,None,No,Raw_GL_Export_With_CostCenters_Mar2026_IBMBOB_Enhanced.csv
"IBM BOB 1 - Group P&L",2026-06,TXN005084,AUS01,2026-06-23,5100,"Other operating expenses","Office rent",Facilities,IT,"Information Technology","Energy Australia",BOB-PL-0876,PO-PL-8504,25254.00,Input,Ready,None,No,Raw_GL_Export_With_CostCenters_Mar2026_IBMBOB_Enhanced.csv
"IBM BOB 1 - Group P&L",2026-06,TXN005085,NZL01,2026-06-01,5500,"Sales and marketing","Campaign spend",Sales,VIC,"Victoria Operations","Energy Australia",BOB-PL-0877,PO-PL-4077,141254.24,Input,Ready,None,No,Raw_GL_Export_With_CostCenters_Mar2026_IBMBOB_Enhanced.csv
"IBM BOB 1 - Group P&L",2026-06,TXN005086,NZL01,2026-06-21,4020,Revenue,"Subscription revenue","Operating Revenue",VIC,"Victoria Operations","SAP Australia",BOB-PL-0878,PO-PL-4002,231847.20,Input,Ready,None,No,Raw_GL_Export_With_CostCenters_Mar2026_IBMBOB_Enhanced.csv
"IBM BOB 1 - Group P&L",2026-06,TXN005087,NZL01,2026-06-08,4000,Revenue,"Product sales","Operating Revenue",IT,"Information Technology","Energy Australia",BOB-PL-0879,PO-PL-8262,361354.97,Input,Ready,None,No,Raw_GL_Export_With_CostCenters_Mar2026_IBMBOB_Enhanced.csv
"IBM BOB 1 - Group P&L",2026-06,TXN005088,NZL01,2026-06-09,5700,"Research and development",Training,Development,HR,"Human Resources",Deloitte,BOB-PL-0880,PO-PL-5350,99138.44,Input,Ready,None,No,Raw_GL_Export_With_CostCenters_Mar2026_IBMBOB_Enhanced.csv
"IBM BOB 1 - Group P&L",2026-06,TXN005089,NZL01,2026-06-03,4000,Revenue,"Product sales","Operating Revenue",ACT,"Australian Capital Territory","SAP Australia",BOB-PL-0881,PO-PL-3998,282325.75,Input,Ready,None,No,Raw_GL_Export_With_CostCenters_Mar2026_IBMBOB_Enhanced.csv
"IBM BOB 1 - Group P&L",2026-06,TXN005090,AUS01,2026-06-02,6020,"Cost of revenue","Direct labor",COGS,ACT,"Australian Capital Territory","QBE Insurance",BOB-PL-0882,PO-PL-2466,146028.34,Input,Ready,None,No,Raw_GL_Export_With_CostCenters_Mar2026_IBMBOB_Enhanced.csv
"IBM BOB 1 - Group P&L",2026-06,TXN005091,FJI01,2026-06-25,6020,"Cost of revenue","Direct labor",COGS,VIC,"Victoria Operations","Qantas Commercial",BOB-PL-0883,PO-PL-8970,86958.44,Input,Ready,None,No,Raw_GL_Export_With_CostCenters_Mar2026_IBMBOB_Enhanced.csv
"IBM BOB 1 - Group P&L",2026-06,TXN005092,FJI01,2026-06-22,4000,Revenue,"Product sales","Operating Revenue",FIN,"Finance & Accounting","SAP Australia",BOB-PL-0884,PO-PL-3693,27954.97,Input,Ready,None,No,Raw_GL_Export_With_CostCenters_Mar2026_IBMBOB_Enhanced.csv
"IBM BOB 1 - Group P&L",2026-06,TXN005093,AUS01,2026-06-13,5320,"General and administrative","Audit fees",External,R&D,"Research & Development",AWS,BOB-PL-0885,PO-PL-7999,169689.37,Input,Ready,None,No,Raw_GL_Export_With_CostCenters_Mar2026_IBMBOB_Enhanced.csv
"IBM BOB 1 - Group P&L",2026-06,TXN005094,NZL01,2026-06-05,5010,"General and administrative","Employee benefits",Personnel,HR,"Human Resources","SAP Australia",BOB-PL-0886,PO-PL-7798,91757.55,Input,Ready,None,No,Raw_GL_Export_With_CostCenters_Mar2026_IBMBOB_Enhanced.csv
"IBM BOB 1 - Group P&L",2026-06,TXN005095,AUS01,2026-06-01,6020,"Cost of revenue","Direct labor",COGS,CORP,"Corporate Head Office","Google Ads",BOB-PL-0887,PO-PL-5681,126958.52,Input,Ready,None,No,Raw_GL_Export_With_CostCenters_Mar2026_IBMBOB_Enhanced.csv
"IBM BOB 1 - Group P&L",2026-06,TXN005096,NZL01,2026-06-07,6000,"Cost of revenue","Cost of goods sold",COGS,OPS,"Operations & Logistics",LinkedIn,BOB-PL-0888,PO-PL-6317,25481.92,Input,Ready,None,No,Raw_GL_Export_With_CostCenters_Mar2026_IBMBOB_Enhanced.csv
"IBM BOB 1 - Group P&L",2026-06,TXN005097,AUS01,2026-06-16,6020,"Cost of revenue","Direct labor",COGS,SA,"South Australia Operations",AWS,BOB-PL-0889,PO-PL-7736,141011.18,Input,Ready,None,No,Raw_GL_Export_With_CostCenters_Mar2026_IBMBOB_Enhanced.csv
"IBM BOB 1 - Group P&L",2026-06,TXN005098,AUS01,2026-06-14,5510,"Sales and marketing",Advertising,Sales,MKT,"Marketing & Sales","Qantas Commercial",BOB-PL-0890,PO-PL-5494,150332.28,Input,Ready,None,No,Raw_GL_Export_With_CostCenters_Mar2026_IBMBOB_Enhanced.csv
"IBM BOB 1 - Group P&L",2026-06,TXN005099,NZL01,2026-06-09,6030,"Cost of revenue","Manufacturing overhead",COGS,SA,"South Australia Operations",LinkedIn,BOB-PL-0891,PO-PL-9373,74395.12,Input,Ready,None,No,Raw_GL_Export_With_CostCenters_Mar2026_IBMBOB_Enhanced.csv
"IBM BOB 1 - Group P&L",2026-06,TXN005100,AUS01,2026-06-06,6000,"Cost of revenue","Cost of goods sold",COGS,HR,"Human Resources",LinkedIn,BOB-PL-0892,PO-PL-3123,49328.81,Input,Ready,None,No,Raw_GL_Export_With_CostCenters_Mar2026_IBMBOB_Enhanced.csv
"IBM BOB 1 - Group P&L",2026-06,TXN005101,NZL01,2026-06-25,5000,"General and administrative","Salaries and wages",Personnel,FIN,"Finance & Accounting",AWS,BOB-PL-0893,PO-PL-6921,22125.08,Input,Ready,None,No,Raw_GL_Export_With_CostCenters_Mar2026_IBMBOB_Enhanced.csv
"IBM BOB 1 - Group P&L",2026-06,TXN005102,NZL01,2026-06-04,5510,"Sales and marketing",Advertising,Sales,OPS,"Operations & Logistics","SAP Australia",BOB-PL-0894,PO-PL-9554,4229.27,Input,Ready,None,No,Raw_GL_Export_With_CostCenters_Mar2026_IBMBOB_Enhanced.csv
"IBM BOB 1 - Group P&L",2026-06,TXN005103,NZL01,2026-06-04,5110,"Other operating expenses",Utilities,Facilities,TAS,"Tasmania Operations","IBM Australia",BOB-PL-0895,PO-PL-3034,157116.49,Input,Ready,None,No,Raw_GL_Export_With_CostCenters_Mar2026_IBMBOB_Enhanced.csv
"IBM BOB 1 - Group P&L",2026-06,TXN005104,FJI01,2026-06-30,4000,Revenue,"Product sales","Operating Revenue",IT,"Information Technology","QBE Insurance",BOB-PL-0896,PO-PL-4158,306011.82,Input,Ready,None,No,Raw_GL_Export_With_CostCenters_Mar2026_IBMBOB_Enhanced.csv
"IBM BOB 1 - Group P&L",2026-06,TXN005105,AUS01,2026-06-20,5000,"General and administrative","Salaries and wages",Personnel,R&D,"Research & Development",AWS,BOB-PL-0897,PO-PL-9736,55927.42,Input,Ready,None,No,Raw_GL_Export_With_CostCenters_Mar2026_IBMBOB_Enhanced.csv
"IBM BOB 1 - Group P&L",2026-06,TXN005106,AUS01,2026-06-23,5200,"Research and development","Software licenses",IT,HR,"Human Resources",Deloitte,BOB-PL-0898,PO-PL-8524,92036.35,Input,Ready,None,No,Raw_GL_Export_With_CostCenters_Mar2026_IBMBOB_Enhanced.csv
"IBM BOB 1 - Group P&L",2026-06,TXN005107,AUS01,2026-06-07,5010,"General and administrative","Employee benefits",Personnel,NT,"Northern Territory Operations",AWS,BOB-PL-0899,PO-PL-7590,50347.73,Input,Ready,None,No,Raw_GL_Export_With_CostCenters_Mar2026_IBMBOB_Enhanced.csv
"IBM BOB 1 - Group P&L",2026-06,TXN005108,FJI01,2026-06-31,4100,"Other income / expense","Interest income","Non-Operating Revenue",HR,"Human Resources","QBE Insurance",BOB-PL-0900,PO-PL-3674,289262.47,Input,Ready,None,No,Raw_GL_Export_With_CostCenters_Mar2026_IBMBOB_Enhanced.csv
"IBM BOB 1 - Group P&L",2026-06,TXN005109,AUS01,2026-06-13,5010,"General and administrative","Employee benefits",Personnel,NSW,"New South Wales Operations",LinkedIn,BOB-PL-0901,PO-PL-5278,74874.68,Input,Ready,None,No,Raw_GL_Export_With_CostCenters_Mar2026_IBMBOB_Enhanced.csv
"IBM BOB 1 - Group P&L",2026-06,TXN005110,AUS01,2026-06-27,5500,"Sales and marketing","Campaign spend",Sales,HR,"Human Resources",LinkedIn,BOB-PL-0902,PO-PL-4573,148975.29,Input,Ready,None,No,Raw_GL_Export_With_CostCenters_Mar2026_IBMBOB_Enhanced.csv
"IBM BOB 1 - Group P&L",2026-06,TXN005111,AUS01,2026-06-29,5110,"Other operating expenses",Utilities,Facilities,CORP,"Corporate Head Office","IBM Australia",BOB-PL-0903,PO-PL-9864,68613.91,Input,Ready,None,No,Raw_GL_Export_With_CostCenters_Mar2026_IBMBOB_Enhanced.csv
"IBM BOB 1 - Group P&L",2026-06,TXN005112,NZL01,2026-06-25,5210,"Research and development","Cloud services",IT,FIN,"Finance & Accounting","SAP Australia",BOB-PL-0904,PO-PL-7221,89143.41,Input,Ready,None,No,Raw_GL_Export_With_CostCenters_Mar2026_IBMBOB_Enhanced.csv
"IBM BOB 1 - Group P&L",2026-06,TXN005113,AUS01,2026-06-24,5510,"Sales and marketing",Advertising,Sales,WA,"Western Australia Operations",AWS,BOB-PL-0905,PO-PL-8032,160644.87,Input,Ready,None,No,Raw_GL_Export_With_CostCenters_Mar2026_IBMBOB_Enhanced.csv
"IBM BOB 1 - Group P&L",2026-06,TXN005114,AUS01,2026-06-13,6010,"Cost of revenue","Direct materials",COGS,FIN,"Finance & Accounting","QBE Insurance",BOB-PL-0906,PO-PL-5602,64901.08,Input,Ready,None,No,Raw_GL_Export_With_CostCenters_Mar2026_IBMBOB_Enhanced.csv
"IBM BOB 1 - Group P&L",2026-06,TXN005115,PNG01,2026-06-07,5000,"General and administrative","Salaries and wages",Personnel,WA,"Western Australia Operations","QBE Insurance",BOB-PL-0907,PO-PL-4569,158389.84,Input,Ready,None,No,Raw_GL_Export_With_CostCenters_Mar2026_IBMBOB_Enhanced.csv
"IBM BOB 1 - Group P&L",2026-06,TXN005116,AUS01,2026-06-27,5010,"General and administrative","Employee benefits",Personnel,IT,"Information Technology","Energy Australia",BOB-PL-0908,PO-PL-5774,162705.05,Input,Ready,None,No,Raw_GL_Export_With_CostCenters_Mar2026_IBMBOB_Enhanced.csv
"IBM BOB 1 - Group P&L",2026-06,TXN005117,AUS01,2026-06-29,5600,"Other operating expenses",Telecommunications,Operations,QLD,"Queensland Operations","Qantas Commercial",BOB-PL-0909,PO-PL-6380,39025.53,Input,Ready,None,No,Raw_GL_Export_With_CostCenters_Mar2026_IBMBOB_Enhanced.csv
"IBM BOB 1 - Group P&L",2026-06,TXN005118,AUS01,2026-06-14,5000,"General and administrative","Salaries and wages",Personnel,FIN,"Finance & Accounting",AWS,BOB-PL-0910,PO-PL-6383,122777.81,Input,Ready,None,No,Raw_GL_Export_With_CostCenters_Mar2026_IBMBOB_Enhanced.csv
"IBM BOB 1 - Group P&L",2026-06,TXN005119,AUS01,2026-06-25,5620,"Other operating expenses",Insurance,Operations,QLD,"Queensland Operations",Officeworks,BOB-PL-0911,PO-PL-2324,162476.31,Input,Ready,None,No,Raw_GL_Export_With_CostCenters_Mar2026_IBMBOB_Enhanced.csv
"IBM BOB 1 - Group P&L",2026-06,TXN005120,NZL01,2026-06-18,5010,"General and administrative","Employee benefits",Personnel,ACT,"Australian Capital Territory",Snowflake,BOB-PL-0912,PO-PL-4881,158875.11,Input,Ready,None,No,Raw_GL_Export_With_CostCenters_Mar2026_IBMBOB_Enhanced.csv
"IBM BOB 1 - Group P&L",2026-06,TXN005121,PNG01,2026-06-06,4000,Revenue,"Product sales","Operating Revenue",MKT,"Marketing & Sales","SAP Australia",BOB-PL-0913,PO-PL-4704,1279214.73,Input,"Requires review","Material variance > threshold",Yes,Raw_GL_Export_With_CostCenters_Mar2026_IBMBOB_Enhanced.csv
"IBM BOB 1 - Group P&L",2026-06,TXN005122,AUS01,2026-06-30,5300,"General and administrative","Professional services",External,VIC,"Victoria Operations","Energy Australia",BOB-PL-0914,PO-PL-7076,18169.30,Input,Ready,None,No,Raw_GL_Export_With_CostCenters_Mar2026_IBMBOB_Enhanced.csv
"IBM BOB 1 - Group P&L",2026-06,TXN005123,NZL01,2026-06-04,5510,"Sales and marketing",Advertising,Sales,CORP,"Corporate Head Office",AWS,BOB-PL-0915,PO-PL-6867,129192.11,Input,Ready,None,No,Raw_GL_Export_With_CostCenters_Mar2026_IBMBOB_Enhanced.csv
"IBM BOB 1 - Group P&L",2026-06,TXN005124,FJI01,2026-06-04,5110,"Other operating expenses",Utilities,Facilities,VIC,"Victoria Operations",Deloitte,BOB-PL-0916,PO-PL-3696,154492.46,Input,Ready,None,No,Raw_GL_Export_With_CostCenters_Mar2026_IBMBOB_Enhanced.csv
"IBM BOB 1 - Group P&L",2026-06,TXN005125,AUS01,2026-06-02,5000,"General and administrative","Salaries and wages",Personnel,NT,"Northern Territory Operations","Melbourne Airport",BOB-PL-0917,PO-PL-4289,48918.56,Input,Ready,None,No,Raw_GL_Export_With_CostCenters_Mar2026_IBMBOB_Enhanced.csv
"IBM BOB 1 - Group P&L",2026-06,TXN005126,AUS01,2026-06-25,5210,"Research and development","Cloud services",IT,R&D,"Research & Development","QBE Insurance",BOB-PL-0918,PO-PL-5528,17262.02,Input,Ready,None,No,Raw_GL_Export_With_CostCenters_Mar2026_IBMBOB_Enhanced.csv
"IBM BOB 1 - Group P&L",2026-06,TXN005127,AUS01,2026-06-31,5100,"Other operating expenses","Office rent",Facilities,HR,"Human Resources",Officeworks,BOB-PL-0919,PO-PL-2582,32588.74,Input,Ready,None,No,Raw_GL_Export_With_CostCenters_Mar2026_IBMBOB_Enhanced.csv
"IBM BOB 1 - Group P&L",2026-06,TXN005128,AUS01,2026-06-30,5210,"Research and development","Cloud services",IT,NT,"Northern Territory Operations","Qantas Commercial",BOB-PL-0920,PO-PL-2230,46101.54,Input,Ready,None,No,Raw_GL_Export_With_CostCenters_Mar2026_IBMBOB_Enhanced.csv
"IBM BOB 1 - Group P&L",2026-06,TXN005129,PNG01,2026-06-14,4020,Revenue,"Subscription revenue","Operating Revenue",CORP,"Corporate Head Office","Melbourne Airport",BOB-PL-0921,PO-PL-3913,54016.99,Input,Ready,None,No,Raw_GL_Export_With_CostCenters_Mar2026_IBMBOB_Enhanced.csv
"IBM BOB 1 - Group P&L",2026-06,TXN005130,NZL01,2026-06-05,5600,"Other operating expenses",Telecommunications,Operations,NSW,"New South Wales Operations","Qantas Commercial",BOB-PL-0922,PO-PL-2826,108544.55,Input,Ready,None,No,Raw_GL_Export_With_CostCenters_Mar2026_IBMBOB_Enhanced.csv
"IBM BOB 1 - Group P&L",2026-06,TXN005131,NZL01,2026-06-24,5520,"Sales and marketing",Events,Sales,MKT,"Marketing & Sales",Officeworks,BOB-PL-0923,PO-PL-6310,137576.36,Input,Ready,None,No,Raw_GL_Export_With_CostCenters_Mar2026_IBMBOB_Enhanced.csv
"IBM BOB 1 - Group P&L",2026-06,TXN005132,NZL01,2026-06-30,5500,"Sales and marketing","Campaign spend",Sales,HR,"Human Resources","Qantas Commercial",BOB-PL-0924,PO-PL-5030,152958.95,Input,Ready,None,No,Raw_GL_Export_With_CostCenters_Mar2026_IBMBOB_Enhanced.csv
"IBM BOB 1 - Group P&L",2026-06,TXN005133,AUS01,2026-06-25,5620,"Other operating expenses",Insurance,Operations,IT,"Information Technology","QBE Insurance",BOB-PL-0925,PO-PL-3925,149022.47,Input,Ready,None,No,Raw_GL_Export_With_CostCenters_Mar2026_IBMBOB_Enhanced.csv
"IBM BOB 1 - Group P&L",2026-06,TXN005134,AUS01,2026-06-23,6000,"Cost of revenue","Cost of goods sold",COGS,NSW,"New South Wales Operations",Snowflake,BOB-PL-0926,PO-PL-2610,164431.48,Input,Ready,None,No,Raw_GL_Export_With_CostCenters_Mar2026_IBMBOB_Enhanced.csv
"IBM BOB 1 - Group P&L",2026-06,TXN005135,PNG01,2026-06-14,5010,"General and administrative","Employee benefits",Personnel,TAS,"Tasmania Operations","Melbourne Airport",BOB-PL-0927,PO-PL-4915,68190.58,Input,Ready,None,No,Raw_GL_Export_With_CostCenters_Mar2026_IBMBOB_Enhanced.csv
"IBM BOB 1 - Group P&L",2026-06,TXN005136,AUS01,2026-06-25,5000,"General and administrative","Salaries and wages",Personnel,OPS,"Operations & Logistics","QBE Insurance",BOB-PL-0928,PO-PL-4450,30620.15,Input,Ready,None,No,Raw_GL_Export_With_CostCenters_Mar2026_IBMBOB_Enhanced.csv
"IBM BOB 1 - Group P&L",2026-06,TXN005137,NZL01,2026-06-30,6000,"Cost of revenue","Cost of goods sold",COGS,QLD,"Queensland Operations","IBM Australia",BOB-PL-0929,PO-PL-5589,142623.17,Input,Ready,None,No,Raw_GL_Export_With_CostCenters_Mar2026_IBMBOB_Enhanced.csv
"IBM BOB 1 - Group P&L",2026-06,TXN005138,FJI01,2026-06-13,4010,Revenue,"Service revenue","Operating Revenue",ACT,"Australian Capital Territory",Snowflake,BOB-PL-0930,PO-PL-8953,369555.07,Input,Ready,None,No,Raw_GL_Export_With_CostCenters_Mar2026_IBMBOB_Enhanced.csv
"IBM BOB 1 - Group P&L",2026-06,TXN005139,FJI01,2026-06-19,5200,"Research and development","Software licenses",IT,HR,"Human Resources","Melbourne Airport",BOB-PL-0931,PO-PL-5492,126806.16,Input,Ready,None,No,Raw_GL_Export_With_CostCenters_Mar2026_IBMBOB_Enhanced.csv
"IBM BOB 1 - Group P&L",2026-06,TXN005140,AUS01,2026-06-23,5600,"Other operating expenses",Telecommunications,Operations,CORP,"Corporate Head Office","Melbourne Airport",BOB-PL-0932,PO-PL-7458,76086.26,Input,Ready,None,No,Raw_GL_Export_With_CostCenters_Mar2026_IBMBOB_Enhanced.csv
"IBM BOB 1 - Group P&L",2026-06,TXN005141,AUS01,2026-06-02,5100,"Other operating expenses","Office rent",Facilities,NT,"Northern Territory Operations",AWS,BOB-PL-0933,PO-PL-6063,179631.49,Input,Ready,None,No,Raw_GL_Export_With_CostCenters_Mar2026_IBMBOB_Enhanced.csv
"IBM BOB 1 - Group P&L",2026-06,TXN005142,FJI01,2026-06-10,6000,"Cost of revenue","Cost of goods sold",COGS,IT,"Information Technology",LinkedIn,BOB-PL-0934,PO-PL-4316,93414.22,Input,Ready,None,No,Raw_GL_Export_With_CostCenters_Mar2026_IBMBOB_Enhanced.csv
"IBM BOB 1 - Group P&L",2026-06,TXN005143,AUS01,2026-06-05,4010,Revenue,"Service revenue","Operating Revenue",CORP,"Corporate Head Office","QBE Insurance",BOB-PL-0935,PO-PL-9544,139127.44,Input,Ready,None,No,Raw_GL_Export_With_CostCenters_Mar2026_IBMBOB_Enhanced.csv
"IBM BOB 1 - Group P&L",2026-06,TXN005144,NZL01,2026-06-24,5000,"General and administrative","Salaries and wages",Personnel,TAS,"Tasmania Operations",AWS,BOB-PL-0936,PO-PL-3287,178164.43,Input,Ready,None,No,Raw_GL_Export_With_CostCenters_Mar2026_IBMBOB_Enhanced.csv
"IBM BOB 1 - Group P&L",2026-06,TXN005145,AUS01,2026-06-16,4020,Revenue,"Subscription revenue","Operating Revenue",TAS,"Tasmania Operations","Melbourne Airport",BOB-PL-0937,PO-PL-4778,125874.17,Input,Ready,None,No,Raw_GL_Export_With_CostCenters_Mar2026_IBMBOB_Enhanced.csv
"IBM BOB 1 - Group P&L",2026-06,TXN005146,AUS01,2026-06-19,5510,"Sales and marketing",Advertising,Sales,OPS,"Operations & Logistics","IBM Australia",BOB-PL-0938,PO-PL-7908,123060.16,Input,Ready,None,No,Raw_GL_Export_With_CostCenters_Mar2026_IBMBOB_Enhanced.csv
"IBM BOB 1 - Group P&L",2026-06,TXN005147,AUS01,2026-06-26,6020,"Cost of revenue","Direct labor",COGS,WA,"Western Australia Operations",AWS,BOB-PL-0939,PO-PL-8568,140363.68,Input,Ready,None,No,Raw_GL_Export_With_CostCenters_Mar2026_IBMBOB_Enhanced.csv
"IBM BOB 1 - Group P&L",2026-06,TXN005148,NZL01,2026-06-02,6020,"Cost of revenue","Direct labor",COGS,CORP,"Corporate Head Office","Energy Australia",BOB-PL-0940,PO-PL-5500,37273.59,Input,Ready,None,No,Raw_GL_Export_With_CostCenters_Mar2026_IBMBOB_Enhanced.csv
"IBM BOB 1 - Group P&L",2026-06,TXN005149,PNG01,2026-06-24,6030,"Cost of revenue","Manufacturing overhead",COGS,CORP,"Corporate Head Office",Snowflake,BOB-PL-0941,PO-PL-9236,135439.28,Input,Ready,None,No,Raw_GL_Export_With_CostCenters_Mar2026_IBMBOB_Enhanced.csv
"IBM BOB 1 - Group P&L",2026-06,TXN005150,AUS01,2026-06-05,4000,Revenue,"Product sales","Operating Revenue",NSW,"New South Wales Operations",AWS,BOB-PL-0942,PO-PL-2454,69429.21,Input,Ready,None,No,Raw_GL_Export_With_CostCenters_Mar2026_IBMBOB_Enhanced.csv
"IBM BOB 1 - Group P&L",2026-06,TXN005151,AUS01,2026-06-29,4010,Revenue,"Service revenue","Operating Revenue",VIC,"Victoria Operations","SAP Australia",BOB-PL-0943,PO-PL-5054,441753.60,Input,Ready,None,No,Raw_GL_Export_With_CostCenters_Mar2026_IBMBOB_Enhanced.csv
"IBM BOB 1 - Group P&L",2026-06,TXN005152,AUS01,2026-06-06,5000,"General and administrative","Salaries and wages",Personnel,NT,"Northern Territory Operations","Qantas Commercial",BOB-PL-0944,PO-PL-4465,175695.49,Input,Ready,None,No,Raw_GL_Export_With_CostCenters_Mar2026_IBMBOB_Enhanced.csv
"IBM BOB 1 - Group P&L",2026-06,TXN005153,AUS01,2026-06-12,4000,Revenue,"Product sales","Operating Revenue",HR,"Human Resources","IBM Australia",BOB-PL-0945,PO-PL-4198,299080.81,Input,Ready,None,No,Raw_GL_Export_With_CostCenters_Mar2026_IBMBOB_Enhanced.csv
"IBM BOB 1 - Group P&L",2026-06,TXN005154,NZL01,2026-06-28,5110,"Other operating expenses",Utilities,Facilities,FIN,"Finance & Accounting",Snowflake,BOB-PL-0946,PO-PL-5367,108770.18,Input,Ready,None,No,Raw_GL_Export_With_CostCenters_Mar2026_IBMBOB_Enhanced.csv
"IBM BOB 1 - Group P&L",2026-06,TXN005155,NZL01,2026-06-15,5100,"Other operating expenses","Office rent",Facilities,SA,"South Australia Operations","QBE Insurance",BOB-PL-0947,PO-PL-6877,26816.13,Input,Ready,None,No,Raw_GL_Export_With_CostCenters_Mar2026_IBMBOB_Enhanced.csv
"IBM BOB 1 - Group P&L",2026-06,TXN005156,FJI01,2026-06-14,5510,"Sales and marketing",Advertising,Sales,CORP,"Corporate Head Office",Deloitte,BOB-PL-0948,PO-PL-2223,167271.04,Input,Ready,None,No,Raw_GL_Export_With_CostCenters_Mar2026_IBMBOB_Enhanced.csv
"IBM BOB 1 - Group P&L",2026-06,TXN005157,PNG01,2026-06-05,5910,"Other income / expense","Interest expense",Finance,FIN,"Finance & Accounting","Qantas Commercial",BOB-PL-0949,PO-PL-8295,41201.62,Input,Ready,None,No,Raw_GL_Export_With_CostCenters_Mar2026_IBMBOB_Enhanced.csv
"IBM BOB 1 - Group P&L",2026-06,TXN005158,AUS01,2026-06-01,4000,Revenue,"Product sales","Operating Revenue",SA,"South Australia Operations","Melbourne Airport",BOB-PL-0950,PO-PL-8327,114062.39,Input,Ready,None,No,Raw_GL_Export_With_CostCenters_Mar2026_IBMBOB_Enhanced.csv
"IBM BOB 1 - Group P&L",2026-06,TXN005159,AUS01,2026-06-25,4020,Revenue,"Subscription revenue","Operating Revenue",R&D,"Research & Development",LinkedIn,BOB-PL-0951,PO-PL-7108,439594.56,Input,Ready,None,No,Raw_GL_Export_With_CostCenters_Mar2026_IBMBOB_Enhanced.csv
"IBM BOB 1 - Group P&L",2026-06,TXN005160,PNG01,2026-06-07,4000,Revenue,"Product sales","Operating Revenue",OPS,"Operations & Logistics","IBM Australia",BOB-PL-0952,PO-PL-5777,131184.03,Input,Ready,None,No,Raw_GL_Export_With_CostCenters_Mar2026_IBMBOB_Enhanced.csv
"IBM BOB 1 - Group P&L",2026-06,TXN005161,AUS01,2026-06-16,6000,"Cost of revenue","Cost of goods sold",COGS,NSW,"New South Wales Operations","Qantas Commercial",BOB-PL-0953,PO-PL-6029,161650.07,Input,Ready,None,No,Raw_GL_Export_With_CostCenters_Mar2026_IBMBOB_Enhanced.csv
"IBM BOB 1 - Group P&L",2026-06,TXN005162,NZL01,2026-06-29,5010,"General and administrative","Employee benefits",Personnel,QLD,"Queensland Operations",AWS,BOB-PL-0954,PO-PL-5269,13552.12,Input,Ready,None,No,Raw_GL_Export_With_CostCenters_Mar2026_IBMBOB_Enhanced.csv
"IBM BOB 1 - Group P&L",2026-06,TXN005163,AUS01,2026-06-14,4020,Revenue,"Subscription revenue","Operating Revenue",NSW,"New South Wales Operations",Snowflake,BOB-PL-0955,PO-PL-9227,446117.86,Input,Ready,None,No,Raw_GL_Export_With_CostCenters_Mar2026_IBMBOB_Enhanced.csv
"IBM BOB 1 - Group P&L",2026-06,TXN005164,AUS01,2026-06-15,6010,"Cost of revenue","Direct materials",COGS,IT,"Information Technology","QBE Insurance",BOB-PL-0956,PO-PL-6778,23337.81,Input,Ready,None,No,Raw_GL_Export_With_CostCenters_Mar2026_IBMBOB_Enhanced.csv
"IBM BOB 1 - Group P&L",2026-06,TXN005165,FJI01,2026-06-28,6000,"Cost of revenue","Cost of goods sold",COGS,NT,"Northern Territory Operations",Officeworks,BOB-PL-0957,PO-PL-7196,167457.05,Input,Ready,None,No,Raw_GL_Export_With_CostCenters_Mar2026_IBMBOB_Enhanced.csv
"IBM BOB 1 - Group P&L",2026-06,TXN005166,PNG01,2026-06-24,5500,"Sales and marketing","Campaign spend",Sales,SA,"South Australia Operations","SAP Australia",BOB-PL-0958,PO-PL-8771,53487.57,Input,Ready,None,No,Raw_GL_Export_With_CostCenters_Mar2026_IBMBOB_Enhanced.csv
"IBM BOB 1 - Group P&L",2026-06,TXN005167,NZL01,2026-06-15,6010,"Cost of revenue","Direct materials",COGS,ACT,"Australian Capital Territory",Deloitte,BOB-PL-0959,PO-PL-5735,92859.91,Input,Ready,None,No,Raw_GL_Export_With_CostCenters_Mar2026_IBMBOB_Enhanced.csv
"IBM BOB 1 - Group P&L",2026-06,TXN005168,AUS01,2026-06-29,5600,"Other operating expenses",Telecommunications,Operations,HR,"Human Resources","Energy Australia",BOB-PL-0960,PO-PL-7620,130808.18,Input,Ready,None,No,Raw_GL_Export_With_CostCenters_Mar2026_IBMBOB_Enhanced.csv
"IBM BOB 1 - Group P&L",2026-06,TXN005169,FJI01,2026-06-14,6010,"Cost of revenue","Direct materials",COGS,ACT,"Australian Capital Territory","IBM Australia",BOB-PL-0961,PO-PL-5701,176317.17,Input,Ready,None,No,Raw_GL_Export_With_CostCenters_Mar2026_IBMBOB_Enhanced.csv
"IBM BOB 1 - Group P&L",2026-06,TXN005170,AUS01,2026-06-06,4010,Revenue,"Service revenue","Operating Revenue",IT,"Information Technology","Melbourne Airport",BOB-PL-0962,PO-PL-2857,240629.61,Input,Ready,None,No,Raw_GL_Export_With_CostCenters_Mar2026_IBMBOB_Enhanced.csv
"IBM BOB 1 - Group P&L",2026-06,TXN005171,PNG01,2026-06-13,5210,"Research and development","Cloud services",IT,WA,"Western Australia Operations",Deloitte,BOB-PL-0963,PO-PL-2187,178174.02,Input,Ready,None,No,Raw_GL_Export_With_CostCenters_Mar2026_IBMBOB_Enhanced.csv
"IBM BOB 1 - Group P&L",2026-06,TXN005172,AUS01,2026-06-24,4020,Revenue,"Subscription revenue","Operating Revenue",IT,"Information Technology",Snowflake,BOB-PL-0964,PO-PL-9942,447312.76,Input,Ready,None,No,Raw_GL_Export_With_CostCenters_Mar2026_IBMBOB_Enhanced.csv
"IBM BOB 1 - Group P&L",2026-06,TXN005173,AUS01,2026-06-17,5200,"Research and development","Software licenses",IT,QLD,"Queensland Operations","Energy Australia",BOB-PL-0965,PO-PL-9791,44747.61,Input,Ready,None,No,Raw_GL_Export_With_CostCenters_Mar2026_IBMBOB_Enhanced.csv
"IBM BOB 1 - Group P&L",2026-06,TXN005174,AUS01,2026-06-09,5110,"Other operating expenses",Utilities,Facilities,NSW,"New South Wales Operations",AWS,BOB-PL-0966,PO-PL-4195,136944.55,Input,Ready,None,No,Raw_GL_Export_With_CostCenters_Mar2026_IBMBOB_Enhanced.csv
"IBM BOB 1 - Group P&L",2026-06,TXN005175,AUS01,2026-06-02,5010,"General and administrative","Employee benefits",Personnel,NSW,"New South Wales Operations","Melbourne Airport",BOB-PL-0967,PO-PL-2618,14708.66,Input,Ready,None,No,Raw_GL_Export_With_CostCenters_Mar2026_IBMBOB_Enhanced.csv
"IBM BOB 1 - Group P&L",2026-06,TXN005176,FJI01,2026-06-23,4010,Revenue,"Service revenue","Operating Revenue",ACT,"Australian Capital Territory","Qantas Commercial",BOB-PL-0968,PO-PL-9536,438470.92,Input,Ready,None,No,Raw_GL_Export_With_CostCenters_Mar2026_IBMBOB_Enhanced.csv
"IBM BOB 1 - Group P&L",2026-06,TXN005177,AUS01,2026-06-02,6010,"Cost of revenue","Direct materials",COGS,IT,"Information Technology",Snowflake,BOB-PL-0969,PO-PL-3685,101778.66,Input,Ready,None,No,Raw_GL_Export_With_CostCenters_Mar2026_IBMBOB_Enhanced.csv
"IBM BOB 1 - Group P&L",2026-06,TXN005178,AUS01,2026-06-27,5620,"Other operating expenses",Insurance,Operations,CORP,"Corporate Head Office","SAP Australia",BOB-PL-0970,PO-PL-3714,86628.32,Input,Ready,None,No,Raw_GL_Export_With_CostCenters_Mar2026_IBMBOB_Enhanced.csv
"IBM BOB 1 - Group P&L",2026-06,TXN005179,AUS01,2026-06-10,5620,"Other operating expenses",Insurance,Operations,NSW,"New South Wales Operations",Deloitte,BOB-PL-0971,PO-PL-8379,161500.35,Input,Ready,None,No,Raw_GL_Export_With_CostCenters_Mar2026_IBMBOB_Enhanced.csv
"IBM BOB 1 - Group P&L",2026-06,TXN005180,AUS01,2026-06-29,4020,Revenue,"Subscription revenue","Operating Revenue",VIC,"Victoria Operations",Snowflake,BOB-PL-0972,PO-PL-9658,302664.03,Input,Ready,None,No,Raw_GL_Export_With_CostCenters_Mar2026_IBMBOB_Enhanced.csv
"IBM BOB 1 - Group P&L",2026-06,TXN005181,AUS01,2026-06-02,5110,"Other operating expenses",Utilities,Facilities,TAS,"Tasmania Operations",AWS,BOB-PL-0973,PO-PL-4617,14339.51,Input,Ready,None,No,Raw_GL_Export_With_CostCenters_Mar2026_IBMBOB_Enhanced.csv
"IBM BOB 1 - Group P&L",2026-06,TXN005182,NZL01,2026-06-30,5510,"Sales and marketing",Advertising,Sales,NT,"Northern Territory Operations",Deloitte,BOB-PL-0974,PO-PL-8617,56542.24,Input,Ready,None,No,Raw_GL_Export_With_CostCenters_Mar2026_IBMBOB_Enhanced.csv
"IBM BOB 1 - Group P&L",2026-06,TXN005183,AUS01,2026-06-30,5110,"Other operating expenses",Utilities,Facilities,NT,"Northern Territory Operations","Melbourne Airport",BOB-PL-0975,PO-PL-2384,31875.61,Input,Ready,None,No,Raw_GL_Export_With_CostCenters_Mar2026_IBMBOB_Enhanced.csv
"IBM BOB 1 - Group P&L",2026-06,TXN005184,AUS01,2026-06-30,5300,"General and administrative","Professional services",External,R&D,"Research & Development",AWS,BOB-PL-0976,PO-PL-8750,129844.82,Input,Ready,None,No,Raw_GL_Export_With_CostCenters_Mar2026_IBMBOB_Enhanced.csv
"IBM BOB 1 - Group P&L",2026-06,TXN005185,AUS01,2026-06-06,5500,"Sales and marketing","Campaign spend",Sales,MKT,"Marketing & Sales","Energy Australia",BOB-PL-0977,PO-PL-3281,145339.36,Input,Ready,None,No,Raw_GL_Export_With_CostCenters_Mar2026_IBMBOB_Enhanced.csv
"IBM BOB 1 - Group P&L",2026-06,TXN005186,AUS01,2026-06-19,6010,"Cost of revenue","Direct materials",COGS,FIN,"Finance & Accounting","IBM Australia",BOB-PL-0978,PO-PL-4805,160139.27,Input,Ready,None,No,Raw_GL_Export_With_CostCenters_Mar2026_IBMBOB_Enhanced.csv
"IBM BOB 1 - Group P&L",2026-06,TXN005187,AUS01,2026-06-29,5200,"Research and development","Software licenses",IT,IT,"Information Technology",AWS,BOB-PL-0979,PO-PL-2759,86254.80,Input,Ready,None,No,Raw_GL_Export_With_CostCenters_Mar2026_IBMBOB_Enhanced.csv
"IBM BOB 1 - Group P&L",2026-06,TXN005188,AUS01,2026-06-22,5510,"Sales and marketing",Advertising,Sales,R&D,"Research & Development","Google Ads",BOB-PL-0980,PO-PL-6567,100504.74,Input,Ready,None,No,Raw_GL_Export_With_CostCenters_Mar2026_IBMBOB_Enhanced.csv
"IBM BOB 1 - Group P&L",2026-06,TXN005189,AUS01,2026-06-26,6020,"Cost of revenue","Direct labor",COGS,OPS,"Operations & Logistics","Melbourne Airport",BOB-PL-0981,PO-PL-7685,153443.87,Input,Ready,None,No,Raw_GL_Export_With_CostCenters_Mar2026_IBMBOB_Enhanced.csv
"IBM BOB 1 - Group P&L",2026-06,TXN005190,AUS01,2026-06-02,4000,Revenue,"Product sales","Operating Revenue",TAS,"Tasmania Operations","Qantas Commercial",BOB-PL-0982,PO-PL-3707,155562.42,Input,Ready,None,No,Raw_GL_Export_With_CostCenters_Mar2026_IBMBOB_Enhanced.csv
"IBM BOB 1 - Group P&L",2026-06,TXN005191,AUS01,2026-06-05,6010,"Cost of revenue","Direct materials",COGS,CORP,"Corporate Head Office","Energy Australia",BOB-PL-0983,PO-PL-5896,65151.18,Input,Ready,None,No,Raw_GL_Export_With_CostCenters_Mar2026_IBMBOB_Enhanced.csv
"IBM BOB 1 - Group P&L",2026-06,TXN005192,AUS01,2026-06-21,5000,"General and administrative","Salaries and wages",Personnel,HR,"Human Resources",AWS,BOB-PL-0984,PO-PL-8709,53376.24,Input,Ready,None,No,Raw_GL_Export_With_CostCenters_Mar2026_IBMBOB_Enhanced.csv
"IBM BOB 1 - Group P&L",2026-06,TXN005193,AUS01,2026-06-26,6000,"Cost of revenue","Cost of goods sold",COGS,HR,"Human Resources","Melbourne Airport",BOB-PL-0985,PO-PL-2407,85546.86,Input,Ready,None,No,Raw_GL_Export_With_CostCenters_Mar2026_IBMBOB_Enhanced.csv
"IBM BOB 1 - Group P&L",2026-06,TXN005194,AUS01,2026-06-26,5700,"Research and development",Training,Development,CORP,"Corporate Head Office","Qantas Commercial",BOB-PL-0986,PO-PL-9515,138721.94,Input,Ready,None,No,Raw_GL_Export_With_CostCenters_Mar2026_IBMBOB_Enhanced.csv
"IBM BOB 1 - Group P&L",2026-06,TXN005195,AUS01,2026-06-19,4000,Revenue,"Product sales","Operating Revenue",FIN,"Finance & Accounting","IBM Australia",BOB-PL-0987,PO-PL-6915,292044.37,Input,Ready,None,No,Raw_GL_Export_With_CostCenters_Mar2026_IBMBOB_Enhanced.csv
"IBM BOB 1 - Group P&L",2026-06,TXN005196,AUS01,2026-06-20,5210,"Research and development","Cloud services",IT,QLD,"Queensland Operations","Qantas Commercial",BOB-PL-0988,PO-PL-9558,20159.87,Input,Ready,None,No,Raw_GL_Export_With_CostCenters_Mar2026_IBMBOB_Enhanced.csv
"IBM BOB 1 - Group P&L",2026-06,TXN005197,AUS01,2026-06-26,5000,"General and administrative","Salaries and wages",Personnel,SA,"South Australia Operations","Melbourne Airport",BOB-PL-0989,PO-PL-3266,134937.41,Input,Ready,None,No,Raw_GL_Export_With_CostCenters_Mar2026_IBMBOB_Enhanced.csv
"IBM BOB 1 - Group P&L",2026-06,TXN005198,AUS01,2026-06-21,5500,"Sales and marketing","Campaign spend",Sales,CORP,"Corporate Head Office","QBE Insurance",BOB-PL-0990,PO-PL-6825,118991.73,Input,Ready,None,No,Raw_GL_Export_With_CostCenters_Mar2026_IBMBOB_Enhanced.csv
"IBM BOB 1 - Group P&L",2026-06,TXN005199,AUS01,2026-06-23,6030,"Cost of revenue","Manufacturing overhead",COGS,VIC,"Victoria Operations","Qantas Commercial",BOB-PL-0991,PO-PL-5536,92374.68,Input,Ready,None,No,Raw_GL_Export_With_CostCenters_Mar2026_IBMBOB_Enhanced.csv
"IBM BOB 1 - Group P&L",2026-06,TXN005200,AUS01,2026-06-31,6030,"Cost of revenue","Manufacturing overhead",COGS,CORP,"Corporate Head Office","IBM Australia",BOB-PL-0992,PO-PL-5624,82165.78,Input,Ready,None,No,Raw_GL_Export_With_CostCenters_Mar2026_IBMBOB_Enhanced.csv
"IBM BOB 1 - Group P&L",2026-06,TXN005201,AUS01,2026-06-07,5100,"Other operating expenses","Office rent",Facilities,ACT,"Australian Capital Territory",AWS,BOB-PL-0993,PO-PL-3388,44162.18,Input,Ready,None,No,Raw_GL_Export_With_CostCenters_Mar2026_IBMBOB_Enhanced.csv
"IBM BOB 1 - Group P&L",2026-06,TXN005202,AUS01,2026-06-02,4000,Revenue,"Product sales","Operating Revenue",FIN,"Finance & Accounting","IBM Australia",BOB-PL-0994,PO-PL-4687,36878.31,Input,Ready,None,No,Raw_GL_Export_With_CostCenters_Mar2026_IBMBOB_Enhanced.csv
"IBM BOB 1 - Group P&L",2026-06,TXN005203,AUS01,2026-06-14,4010,Revenue,"Service revenue","Operating Revenue",HR,"Human Resources","Melbourne Airport",BOB-PL-0995,PO-PL-9349,386262.58,Input,Ready,None,No,Raw_GL_Export_With_CostCenters_Mar2026_IBMBOB_Enhanced.csv
"IBM BOB 1 - Group P&L",2026-06,TXN005204,AUS01,2026-06-20,5210,"Research and development","Cloud services",IT,WA,"Western Australia Operations","Energy Australia",BOB-PL-0996,PO-PL-3297,121353.92,Input,Ready,None,No,Raw_GL_Export_With_CostCenters_Mar2026_IBMBOB_Enhanced.csv
"IBM BOB 1 - Group P&L",2026-06,TXN005205,AUS01,2026-06-28,6020,"Cost of revenue","Direct labor",COGS,R&D,"Research & Development","Qantas Commercial",BOB-PL-0997,PO-PL-6685,21583.13,Input,Ready,None,No,Raw_GL_Export_With_CostCenters_Mar2026_IBMBOB_Enhanced.csv
"IBM BOB 1 - Group P&L",2026-06,TXN005206,PNG01,2026-06-23,5920,"Other income / expense","FX loss",Finance,WA,"Western Australia Operations","IBM Australia",BOB-PL-0998,PO-PL-5058,110754.18,Input,Ready,None,No,Raw_GL_Export_With_CostCenters_Mar2026_IBMBOB_Enhanced.csv
"IBM BOB 1 - Group P&L",2026-06,TXN005207,AUS01,2026-06-13,5000,"General and administrative","Salaries and wages",Personnel,IT,"Information Technology",AWS,BOB-PL-0999,PO-PL-6500,63780.02,Input,Ready,None,No,Raw_GL_Export_With_CostCenters_Mar2026_IBMBOB_Enhanced.csv
"IBM BOB 1 - Group P&L",2026-06,TXN005208,AUS01,2026-06-08,5510,"Sales and marketing",Advertising,Sales,CORP,"Corporate Head Office",Deloitte,BOB-PL-1000,PO-PL-9003,83819.33,Input,Ready,None,No,Raw_GL_Export_With_CostCenters_Mar2026_IBMBOB_Enhanced.csv
