Txn_ID,Posting_Date_Raw,Invoice_Date_Raw,Fiscal_Period,Entity,Account_Code_Raw,Cost_Center_Raw,Cost_Center,Vendor_Name_Raw,Invoice_Number,PO_Number,Currency,Amount,Tax_Code,Narrative,Source_System
TXN004209,2026-06-22,2026-06-14,2026-06,PNG01,4100,,ACT,Salesforce,BOB-PL-0001,PO-PL-9578,NZD,127291.16,GST,P&L transaction - Interest income,API Import
TXN004210,2026-06-29,2026-06-23,2026-06,FJI01,5120,,VIC,Deloitte,BOB-PL-0002,PO-PL-9542,AUD,81860.13,EXPORT,P&L transaction - Office supplies,Oracle
TXN004211,2026-06-11,2026-06-01,2026-06,PNG01,4000,,NSW,LinkedIn,BOB-PL-0003,PO-PL-6277,USD,158316.45,GST-FREE,P&L transaction - Product sales,API Import
TXN004212,2026-06-04,2026-02-28,2026-06,PNG01,5100,,TAS,Officeworks,BOB-PL-0004,PO-PL-6867,NZD,76501.64,INPUT,P&L transaction - Office rent,Manual Entry
TXN004213,2026-06-04,2026-02-22,2026-06,FJI01,5000,,NSW,Officeworks,BOB-PL-0005,PO-PL-5270,AUD,185387.51,GST,P&L transaction - Salaries and wages,Manual Entry
TXN004214,2026-06-03,2026-02-23,2026-06,PNG01,5920,,TAS,Qantas Commercial,BOB-PL-0006,PO-PL-9921,GBP,192200.91,GST,P&L transaction - FX Loss,Manual Entry
TXN004215,2026-06-06,2026-06-03,2026-06,AUS01,5110,,MKT,Microsoft,BOB-PL-0007,PO-PL-3452,AUD,98544.5,EXPORT,P&L transaction - Utilities,Workday
TXN004216,2026-06-19,2026-06-13,2026-06,AUS01,2210,,QLD,Energy Australia,BOB-PL-0008,PO-PL-4412,GBP,38167.78,GST-FREE,P&L transaction - Income tax payable,Manual Entry
TXN004217,2026-06-12,2026-06-03,2026-06,PNG01,6030,,WA,AWS,BOB-PL-0009,PO-PL-4864,AUD,44975.69,GST-FREE,P&L transaction - Manufacturing overhead,Oracle
TXN004218,2026-06-07,2026-02-28,2026-06,AUS01,4010,,OPS,Officeworks,BOB-PL-0010,PO-PL-8283,USD,383996.53,EXPORT,P&L transaction - Service revenue,SAP
TXN004219,2026-06-12,2026-06-09,2026-06,AUS01,5000,,QLD,AWS,BOB-PL-0011,PO-PL-1257,AUD,124755.66,GST-FREE,P&L transaction - Salaries and wages,Oracle
TXN004220,2026-06-01,2026-02-19,2026-06,FJI01,5200,,MKT,Salesforce,BOB-PL-0012,PO-PL-4049,NZD,46821.13,INPUT,P&L transaction - Software licenses,API Import
TXN004221,2026-06-21,2026-06-17,2026-06,FJI01,5700,,FIN,AWS,BOB-PL-0013,PO-PL-7358,AUD,74428.99,GST,P&L transaction - Training,Workday
TXN004222,2026-06-20,2026-06-13,2026-06,FJI01,4020,,TAS,LinkedIn,BOB-PL-0014,PO-PL-2381,AUD,167092.92,GST-FREE,P&L transaction - Subscription revenue,SAP
TXN004223,2026-06-01,2026-02-26,2026-06,PNG01,5300,,VIC,Google Ads,BOB-PL-0015,PO-PL-3713,AUD,103197.09,INPUT,P&L transaction - Professional services,Workday
TXN004224,2026-06-07,2026-06-05,2026-06,AUS01,5300,,MKT,Google Ads,BOB-PL-0016,PO-PL-5943,USD,135478.99,EXPORT,P&L transaction - Professional services,Manual Entry
TXN004225,2026-06-23,2026-06-19,2026-06,AUS01,5010,,WA,QBE Insurance,BOB-PL-0017,PO-PL-6185,GBP,76155.13,EXPORT,P&L transaction - Employee benefits,Manual Entry
TXN004226,2026-06-18,2026-06-15,2026-06,FJI01,5510,,SA,AWS,BOB-PL-0018,PO-PL-1434,USD,195454.51,EXPORT,P&L transaction - Advertising,Oracle
TXN004227,2026-06-28,2026-06-21,2026-06,NZL01,5510,,ACT,Energy Australia,BOB-PL-0019,PO-PL-8767,USD,41942.84,GST-FREE,P&L transaction - Advertising,Workday
TXN004228,2026-06-05,2026-02-28,2026-06,PNG01,2210,,R&D,Snowflake,BOB-PL-0020,PO-PL-1532,AUD,138296.73,EXPORT,P&L transaction - Income tax payable,Oracle
TXN004229,2026-06-09,2026-06-02,2026-06,PNG01,2210,,QLD,Google Ads,BOB-PL-0021,PO-PL-9675,USD,182543.17,EXPORT,P&L transaction - Income tax payable,Workday
TXN004230,2026-06-24,2026-06-18,2026-06,AUS01,5100,,CORP,Snowflake,BOB-PL-0022,PO-PL-5123,USD,47278.49,EXPORT,P&L transaction - Office rent,SAP
TXN004231,2026-06-07,2026-06-02,2026-06,NZL01,6010,,QLD,AWS,BOB-PL-0023,PO-PL-1348,NZD,82345.71,GST-FREE,P&L transaction - Direct materials,Oracle
TXN004232,2026-06-04,2026-06-02,2026-06,FJI01,4020,,NSW,Oracle,BOB-PL-0024,PO-PL-1069,NZD,324619.24,EXPORT,P&L transaction - Subscription revenue,SAP
TXN004233,2026-06-23,2026-06-15,2026-06,AUS01,4020,,OPS,Oracle,BOB-PL-0025,PO-PL-5776,AUD,326690.33,EXPORT,P&L transaction - Subscription revenue,Manual Entry
TXN004234,2026-06-18,2026-06-08,2026-06,PNG01,5910,,WA,LinkedIn,BOB-PL-0026,PO-PL-3327,AUD,43659.59,GST,P&L transaction - Interest expense,Oracle
TXN004235,2026-06-18,2026-06-13,2026-06,FJI01,4020,,FIN,Microsoft,BOB-PL-0027,PO-PL-7796,USD,217749.63,INPUT,P&L transaction - Subscription revenue,Oracle
TXN004236,2026-06-11,2026-06-08,2026-06,PNG01,5210,,R&D,Salesforce,BOB-PL-0028,PO-PL-1556,USD,29359.94,GST,P&L transaction - Cloud services,Manual Entry
TXN004237,2026-06-31,2026-06-23,2026-06,NZL01,5510,,TAS,Qantas Commercial,BOB-PL-0029,PO-PL-5641,GBP,54004.43,GST,P&L transaction - Advertising,Manual Entry
TXN004238,2026-06-15,2026-06-11,2026-06,FJI01,5500,,HR,Google Ads,BOB-PL-0030,PO-PL-2779,USD,138518.71,INPUT,P&L transaction - Campaign spend,SAP
TXN004239,2026-06-24,2026-06-22,2026-06,PNG01,4020,,OPS,Officeworks,BOB-PL-0031,PO-PL-4753,USD,236516.92,GST-FREE,P&L transaction - Subscription revenue,Oracle
TXN004240,2026-06-03,2026-06-02,2026-06,AUS01,5300,,CORP,QBE Insurance,BOB-PL-0032,PO-PL-1904,AUD,18858.6,GST-FREE,P&L transaction - Professional services,Workday
TXN004241,2026-06-23,2026-06-18,2026-06,PNG01,5010,,WA,Google Ads,BOB-PL-0033,PO-PL-3241,AUD,179403.9,GST,P&L transaction - Employee benefits,Oracle
TXN004242,2026-06-13,2026-06-06,2026-06,NZL01,5000,,FIN,SAP Australia,BOB-PL-0034,PO-PL-1396,USD,183984.15,INPUT,P&L transaction - Salaries and wages,Workday
TXN004243,2026-06-05,2026-02-27,2026-06,PNG01,5510,,VIC,Salesforce,BOB-PL-0035,PO-PL-2559,USD,93737.48,GST,P&L transaction - Advertising,SAP
TXN004244,2026-06-02,2026-02-22,2026-06,PNG01,2210,,CORP,Energy Australia,BOB-PL-0036,PO-PL-7639,USD,198789.25,INPUT,P&L transaction - Income tax payable,SAP
TXN004245,2026-06-04,2026-02-23,2026-06,AUS01,5000,,ACT,Microsoft,BOB-PL-0037,PO-PL-4043,AUD,45984.24,GST-FREE,P&L transaction - Salaries and wages,SAP
TXN004246,2026-06-22,2026-06-21,2026-06,NZL01,5300,,QLD,Oracle,BOB-PL-0038,PO-PL-8612,GBP,133437.38,INPUT,P&L transaction - Professional services,SAP
TXN004247,2026-06-24,2026-06-17,2026-06,PNG01,6030,,FIN,Google Ads,BOB-PL-0039,PO-PL-1693,AUD,51201.85,GST-FREE,P&L transaction - Manufacturing overhead,SAP
TXN004248,2026-06-31,2026-06-26,2026-06,FJI01,4000,,R&D,AWS,BOB-PL-0040,PO-PL-8589,AUD,456136.65,GST,P&L transaction - Product sales,Manual Entry
TXN004249,2026-06-08,2026-06-07,2026-06,AUS01,5100,,VIC,QBE Insurance,BOB-PL-0041,PO-PL-9944,GBP,27105.05,GST,P&L transaction - Office rent,API Import
TXN004250,2026-06-13,2026-06-04,2026-06,AUS01,5320,,QLD,Microsoft,BOB-PL-0042,PO-PL-6623,AUD,169551.94,INPUT,P&L transaction - Audit fees,API Import
TXN004251,2026-06-05,2026-02-24,2026-06,NZL01,6020,,QLD,Officeworks,BOB-PL-0043,PO-PL-6919,USD,36265.62,GST,P&L transaction - Direct labor,Oracle
TXN004252,2026-06-17,2026-06-13,2026-06,FJI01,5500,,FIN,Qantas Commercial,BOB-PL-0044,PO-PL-6419,AUD,190700.1,INPUT,P&L transaction - Campaign spend,Oracle
TXN004253,2026-06-26,2026-06-17,2026-06,AUS01,5200,,SA,Google Ads,BOB-PL-0045,PO-PL-4272,GBP,53965.37,GST,P&L transaction - Software licenses,SAP
TXN004254,2026-06-24,2026-06-14,2026-06,FJI01,4100,,VIC,Qantas Commercial,BOB-PL-0046,PO-PL-9655,GBP,169552.89,INPUT,P&L transaction - Interest income,SAP
TXN004255,2026-06-08,2026-02-27,2026-06,NZL01,2210,,CORP,QBE Insurance,BOB-PL-0047,PO-PL-6469,USD,91648.28,INPUT,P&L transaction - Income tax payable,Oracle
TXN004256,2026-06-05,2026-06-04,2026-06,PNG01,5920,,WA,Snowflake,BOB-PL-0048,PO-PL-9733,AUD,113230.69,GST-FREE,P&L transaction - FX Loss,Oracle
TXN004257,2026-06-23,2026-06-20,2026-06,PNG01,5520,,WA,Salesforce,BOB-PL-0049,PO-PL-3085,NZD,67746.44,GST,P&L transaction - Events,SAP
TXN004258,2026-06-25,2026-06-22,2026-06,AUS01,5510,,SA,Oracle,BOB-PL-0050,PO-PL-6272,NZD,67480.97,EXPORT,P&L transaction - Advertising,Manual Entry
TXN004259,2026-06-17,2026-06-08,2026-06,NZL01,5500,,NSW,SAP Australia,BOB-PL-0051,PO-PL-5850,NZD,29174.13,GST,P&L transaction - Campaign spend,SAP
TXN004260,2026-06-30,2026-06-21,2026-06,AUS01,6010,,IT,Melbourne Airport,BOB-PL-0052,PO-PL-5292,GBP,132808.15,GST-FREE,P&L transaction - Direct materials,Workday
TXN004261,2026-06-22,2026-06-13,2026-06,PNG01,4100,,OPS,Officeworks,BOB-PL-0053,PO-PL-7565,AUD,139807.71,GST-FREE,P&L transaction - Interest income,API Import
TXN004262,2026-06-21,2026-06-15,2026-06,NZL01,5210,,QLD,IBM Australia,BOB-PL-0054,PO-PL-4860,NZD,3469.84,GST-FREE,P&L transaction - Cloud services,Workday
TXN004263,2026-06-04,2026-06-02,2026-06,FJI01,5320,,FIN,Melbourne Airport,BOB-PL-0055,PO-PL-3883,NZD,148979.25,EXPORT,P&L transaction - Audit fees,API Import
TXN004264,2026-06-04,2026-02-25,2026-06,PNG01,2210,,VIC,AWS,BOB-PL-0056,PO-PL-3504,NZD,130874.88,GST,P&L transaction - Income tax payable,Oracle
TXN004265,2026-06-18,2026-06-15,2026-06,AUS01,5200,,HR,Snowflake,BOB-PL-0057,PO-PL-7028,USD,39507.38,EXPORT,P&L transaction - Software licenses,API Import
TXN004266,2026-06-28,2026-06-18,2026-06,PNG01,5520,,R&D,Salesforce,BOB-PL-0058,PO-PL-7632,GBP,11934.97,INPUT,P&L transaction - Events,API Import
TXN004267,2026-06-02,2026-02-21,2026-06,NZL01,5000,,OPS,Officeworks,BOB-PL-0059,PO-PL-1122,NZD,130147.75,INPUT,P&L transaction - Salaries and wages,Manual Entry
TXN004268,2026-06-08,2026-02-26,2026-06,PNG01,5510,,TAS,SAP Australia,BOB-PL-0060,PO-PL-2249,AUD,130588.58,EXPORT,P&L transaction - Advertising,SAP
TXN004269,2026-06-23,2026-06-13,2026-06,PNG01,6020,,ACT,Snowflake,BOB-PL-0061,PO-PL-4122,USD,23543.73,GST,P&L transaction - Direct labor,API Import
TXN004270,2026-06-10,2026-06-05,2026-06,PNG01,6000,,NSW,Salesforce,BOB-PL-0062,PO-PL-9178,USD,125423.18,INPUT,P&L transaction - Cost of goods sold,SAP
TXN004271,2026-06-15,2026-06-10,2026-06,PNG01,2210,,SA,Energy Australia,BOB-PL-0063,PO-PL-3309,GBP,85683.76,INPUT,P&L transaction - Income tax payable,Workday
TXN004272,2026-06-26,2026-06-17,2026-06,FJI01,5010,,WA,Energy Australia,BOB-PL-0064,PO-PL-9776,AUD,103010.31,INPUT,P&L transaction - Employee benefits,SAP
TXN004273,2026-06-05,2026-02-27,2026-06,AUS01,5910,,FIN,Google Ads,BOB-PL-0065,PO-PL-8137,GBP,173171.92,GST,P&L transaction - Interest expense,API Import
TXN004274,2026-06-11,2026-06-09,2026-06,PNG01,4010,,OPS,Officeworks,BOB-PL-0066,PO-PL-6915,USD,202848.76,INPUT,P&L transaction - Service revenue,Manual Entry
TXN004275,2026-06-12,2026-06-06,2026-06,PNG01,6030,,SA,Salesforce,BOB-PL-0067,PO-PL-6292,AUD,81716.5,GST,P&L transaction - Manufacturing overhead,SAP
TXN004276,2026-06-09,2026-06-05,2026-06,NZL01,6000,,OPS,IBM Australia,BOB-PL-0068,PO-PL-5563,NZD,30549.36,EXPORT,P&L transaction - Cost of goods sold,API Import
TXN004277,2026-06-16,2026-06-14,2026-06,AUS01,4020,,R&D,SAP Australia,BOB-PL-0069,PO-PL-9881,NZD,267436.68,GST,P&L transaction - Subscription revenue,SAP
TXN004278,2026-06-19,2026-06-18,2026-06,NZL01,5510,,ACT,QBE Insurance,BOB-PL-0070,PO-PL-7471,AUD,122291.18,EXPORT,P&L transaction - Advertising,API Import
TXN004279,2026-06-24,2026-06-14,2026-06,NZL01,2210,,QLD,Deloitte,BOB-PL-0071,PO-PL-8144,AUD,174603.55,GST-FREE,P&L transaction - Income tax payable,SAP
TXN004280,2026-06-07,2026-06-04,2026-06,AUS01,4010,,HR,LinkedIn,BOB-PL-0072,PO-PL-2254,NZD,344920.3,GST,P&L transaction - Service revenue,API Import
TXN004281,2026-06-21,2026-06-14,2026-06,NZL01,5120,,SA,IBM Australia,BOB-PL-0073,PO-PL-7225,USD,92700.17,GST,P&L transaction - Office supplies,API Import
TXN004282,2026-06-08,2026-06-02,2026-06,AUS01,6010,,CORP,Snowflake,BOB-PL-0074,PO-PL-3757,NZD,81778.14,GST-FREE,P&L transaction - Direct materials,Manual Entry
TXN004283,2026-06-06,2026-02-28,2026-06,FJI01,5510,,VIC,Oracle,BOB-PL-0075,PO-PL-6741,USD,123719.04,GST,P&L transaction - Advertising,SAP
TXN004284,2026-06-16,2026-06-11,2026-06,FJI01,5910,,IT,Google Ads,BOB-PL-0076,PO-PL-1174,NZD,167025.95,GST-FREE,P&L transaction - Interest expense,Manual Entry
TXN004285,2026-06-12,2026-06-09,2026-06,PNG01,2210,,QLD,Deloitte,BOB-PL-0077,PO-PL-6969,AUD,114592.36,GST,P&L transaction - Income tax payable,Workday
TXN004286,2026-06-22,2026-06-18,2026-06,FJI01,5010,,HR,QBE Insurance,BOB-PL-0078,PO-PL-8056,GBP,26452.97,EXPORT,P&L transaction - Employee benefits,Workday
TXN004287,2026-06-11,2026-06-09,2026-06,NZL01,5510,,R&D,Snowflake,BOB-PL-0079,PO-PL-2258,AUD,106609.53,GST,P&L transaction - Advertising,API Import
TXN004288,2026-06-30,2026-06-24,2026-06,FJI01,5100,,OPS,Deloitte,BOB-PL-0080,PO-PL-2237,NZD,73072.22,GST,P&L transaction - Office rent,Oracle
TXN004289,2026-06-08,2026-02-28,2026-06,FJI01,2210,,HR,Salesforce,BOB-PL-0081,PO-PL-9532,USD,150372.57,GST,P&L transaction - Income tax payable,Manual Entry
TXN004290,2026-06-27,2026-06-21,2026-06,AUS01,4000,,WA,LinkedIn,BOB-PL-0082,PO-PL-3218,NZD,497554.53,GST,P&L transaction - Product sales,Workday
TXN004291,2026-06-24,2026-06-19,2026-06,NZL01,2210,,CORP,QBE Insurance,BOB-PL-0083,PO-PL-1420,AUD,137907.28,INPUT,P&L transaction - Income tax payable,SAP
TXN004292,2026-06-26,2026-06-18,2026-06,FJI01,5920,,IT,Google Ads,BOB-PL-0084,PO-PL-5534,AUD,130157.61,GST-FREE,P&L transaction - FX Loss,Manual Entry
TXN004293,2026-06-01,2026-02-19,2026-06,NZL01,2210,,TAS,Salesforce,BOB-PL-0085,PO-PL-7087,NZD,82144.34,GST,P&L transaction - Income tax payable,Oracle
TXN004294,2026-06-06,2026-02-27,2026-06,NZL01,5500,,MKT,QBE Insurance,BOB-PL-0086,PO-PL-6448,GBP,123824.45,GST,P&L transaction - Campaign spend,Manual Entry
TXN004295,2026-06-30,2026-06-20,2026-06,NZL01,5520,,NSW,Google Ads,BOB-PL-0087,PO-PL-2465,AUD,21893.12,GST-FREE,P&L transaction - Events,Manual Entry
TXN004296,2026-06-09,2026-02-28,2026-06,AUS01,5700,,SA,Qantas Commercial,BOB-PL-0088,PO-PL-1841,NZD,158589.49,EXPORT,P&L transaction - Training,SAP
TXN004297,2026-06-16,2026-06-14,2026-06,AUS01,5910,,HR,AWS,BOB-PL-0089,PO-PL-9940,NZD,183446.71,INPUT,P&L transaction - Interest expense,Oracle
TXN004298,2026-06-23,2026-06-17,2026-06,NZL01,6000,,CORP,QBE Insurance,BOB-PL-0090,PO-PL-5876,GBP,89694.41,GST,P&L transaction - Cost of goods sold,SAP
TXN004299,2026-06-23,2026-06-17,2026-06,PNG01,4000,,TAS,Snowflake,BOB-PL-0091,PO-PL-7149,USD,480837.55,GST,P&L transaction - Product sales,Workday
TXN004300,2026-06-11,2026-06-04,2026-06,NZL01,5200,,SA,Salesforce,BOB-PL-0092,PO-PL-4361,NZD,168138.56,EXPORT,P&L transaction - Software licenses,SAP
TXN004301,2026-06-11,2026-06-07,2026-06,PNG01,5210,,FIN,SAP Australia,BOB-PL-0093,PO-PL-7812,GBP,44596.52,INPUT,P&L transaction - Cloud services,Manual Entry
TXN004302,2026-06-16,2026-06-14,2026-06,AUS01,2210,,NSW,QBE Insurance,BOB-PL-0094,PO-PL-7878,AUD,46266.03,GST-FREE,P&L transaction - Income tax payable,Oracle
TXN004303,2026-06-25,2026-06-19,2026-06,NZL01,5510,,CORP,AWS,BOB-PL-0095,PO-PL-4516,GBP,116334.76,GST-FREE,P&L transaction - Advertising,Oracle
TXN004304,2026-06-13,2026-06-12,2026-06,FJI01,5120,,NSW,Qantas Commercial,BOB-PL-0096,PO-PL-5300,GBP,101065.94,GST,P&L transaction - Office supplies,Manual Entry
TXN004305,2026-06-05,2026-02-28,2026-06,FJI01,5210,,R&D,QBE Insurance,BOB-PL-0097,PO-PL-6394,USD,196301.76,GST-FREE,P&L transaction - Cloud services,Workday
TXN004306,2026-06-31,2026-06-22,2026-06,AUS01,5920,,WA,Oracle,BOB-PL-0098,PO-PL-3663,USD,48619.14,GST,P&L transaction - FX Loss,Manual Entry
TXN004307,2026-06-22,2026-06-15,2026-06,FJI01,4010,,NSW,AWS,BOB-PL-0099,PO-PL-6531,AUD,344396.3,GST-FREE,P&L transaction - Service revenue,Manual Entry
TXN004308,2026-06-16,2026-06-08,2026-06,FJI01,5920,,OPS,Salesforce,BOB-PL-0100,PO-PL-6331,GBP,97834.84,GST-FREE,P&L transaction - FX Loss,API Import
TXN004309,2026-06-11,2026-06-01,2026-06,NZL01,6010,,QLD,Energy Australia,BOB-PL-0101,PO-PL-4287,AUD,95027.19,GST-FREE,P&L transaction - Direct materials,Oracle
TXN004310,2026-06-15,2026-06-07,2026-06,NZL01,5510,,VIC,Salesforce,BOB-PL-0102,PO-PL-9785,NZD,111800.7,EXPORT,P&L transaction - Advertising,Workday
TXN004311,2026-06-03,2026-02-27,2026-06,FJI01,5010,,MKT,AWS,BOB-PL-0103,PO-PL-1264,NZD,181019.65,INPUT,P&L transaction - Employee benefits,Oracle
TXN004312,2026-06-04,2026-02-24,2026-06,NZL01,6000,,NSW,Energy Australia,BOB-PL-0104,PO-PL-3246,AUD,146488.79,EXPORT,P&L transaction - Cost of goods sold,SAP
TXN004313,2026-06-31,2026-06-25,2026-06,AUS01,5000,,VIC,QBE Insurance,BOB-PL-0105,PO-PL-8117,GBP,52518.3,EXPORT,P&L transaction - Salaries and wages,API Import
TXN004314,2026-06-27,2026-06-22,2026-06,NZL01,6030,,R&D,Qantas Commercial,BOB-PL-0106,PO-PL-6218,AUD,62676.67,GST,P&L transaction - Manufacturing overhead,Manual Entry
TXN004315,2026-06-24,2026-06-16,2026-06,PNG01,5010,,R&D,Energy Australia,BOB-PL-0107,PO-PL-7310,NZD,112006.62,GST-FREE,P&L transaction - Employee benefits,API Import
TXN004316,2026-06-21,2026-06-14,2026-06,FJI01,5000,,ACT,Qantas Commercial,BOB-PL-0108,PO-PL-1359,AUD,72231.39,INPUT,P&L transaction - Salaries and wages,Oracle
TXN004317,2026-06-15,2026-06-07,2026-06,FJI01,5110,,TAS,Snowflake,BOB-PL-0109,PO-PL-3225,USD,139162.85,GST-FREE,P&L transaction - Utilities,API Import
TXN004318,2026-06-19,2026-06-18,2026-06,AUS01,5110,,SA,Melbourne Airport,BOB-PL-0110,PO-PL-1059,NZD,146678.41,EXPORT,P&L transaction - Utilities,SAP
TXN004319,2026-06-24,2026-06-20,2026-06,AUS01,5000,,HR,LinkedIn,BOB-PL-0111,PO-PL-9985,GBP,89958.12,INPUT,P&L transaction - Salaries and wages,Workday
TXN004320,2026-06-25,2026-06-19,2026-06,PNG01,5920,,ACT,LinkedIn,BOB-PL-0112,PO-PL-5451,NZD,6538.08,GST,P&L transaction - FX Loss,Manual Entry
TXN004321,2026-06-28,2026-06-22,2026-06,AUS01,5200,,FIN,SAP Australia,BOB-PL-0113,PO-PL-1471,GBP,138045.95,INPUT,P&L transaction - Software licenses,Oracle
TXN004322,2026-06-16,2026-06-13,2026-06,PNG01,2210,,HR,AWS,BOB-PL-0114,PO-PL-4492,GBP,120578.56,EXPORT,P&L transaction - Income tax payable,Oracle
TXN004323,2026-06-14,2026-06-04,2026-06,PNG01,4000,,MKT,IBM Australia,BOB-PL-0115,PO-PL-5694,NZD,81977.96,GST-FREE,P&L transaction - Product sales,SAP
TXN004324,2026-06-20,2026-06-10,2026-06,AUS01,4100,,SA,Snowflake,BOB-PL-0116,PO-PL-4208,AUD,81700.04,INPUT,P&L transaction - Interest income,Workday
TXN004325,2026-06-16,2026-06-10,2026-06,PNG01,4000,,FIN,Salesforce,BOB-PL-0117,PO-PL-9385,USD,270998.72,GST,P&L transaction - Product sales,Manual Entry
TXN004326,2026-06-08,2026-02-26,2026-06,PNG01,4020,,NSW,Officeworks,BOB-PL-0118,PO-PL-9483,GBP,480375.7,INPUT,P&L transaction - Subscription revenue,Oracle
TXN004327,2026-06-22,2026-06-12,2026-06,FJI01,5200,,VIC,IBM Australia,BOB-PL-0119,PO-PL-1583,AUD,25874.73,GST,P&L transaction - Software licenses,SAP
TXN004328,2026-06-21,2026-06-11,2026-06,PNG01,5510,,OPS,AWS,BOB-PL-0120,PO-PL-3256,AUD,117425.75,GST,P&L transaction - Advertising,SAP
TXN004329,2026-06-10,2026-06-09,2026-06,FJI01,5500,,SA,Qantas Commercial,BOB-PL-0121,PO-PL-8834,USD,199317.34,EXPORT,P&L transaction - Campaign spend,Oracle
TXN004330,2026-06-15,2026-06-10,2026-06,NZL01,5110,,CORP,Oracle,BOB-PL-0122,PO-PL-9173,AUD,25662.48,GST-FREE,P&L transaction - Utilities,Oracle
TXN004331,2026-06-23,2026-06-21,2026-06,FJI01,6000,,FIN,LinkedIn,BOB-PL-0123,PO-PL-8126,USD,37022.18,GST,P&L transaction - Cost of goods sold,Workday
TXN004332,2026-06-01,2026-02-23,2026-06,PNG01,6000,,QLD,Qantas Commercial,BOB-PL-0124,PO-PL-3185,USD,83578.38,EXPORT,P&L transaction - Cost of goods sold,Oracle
TXN004333,2026-06-27,2026-06-24,2026-06,FJI01,2210,,TAS,Melbourne Airport,BOB-PL-0125,PO-PL-3811,AUD,75216.12,GST,P&L transaction - Income tax payable,Oracle
TXN004334,2026-06-18,2026-06-09,2026-06,FJI01,2210,,WA,Melbourne Airport,BOB-PL-0126,PO-PL-3948,AUD,149112.99,GST,P&L transaction - Income tax payable,Manual Entry
TXN004335,2026-06-14,2026-06-05,2026-06,PNG01,2210,,SA,Snowflake,BOB-PL-0127,PO-PL-1303,AUD,108023.07,GST-FREE,P&L transaction - Income tax payable,Workday
TXN004336,2026-06-14,2026-06-08,2026-06,PNG01,5510,,WA,Google Ads,BOB-PL-0128,PO-PL-2955,USD,41113.52,INPUT,P&L transaction - Advertising,SAP
TXN004337,2026-06-05,2026-06-02,2026-06,PNG01,5210,,FIN,IBM Australia,BOB-PL-0129,PO-PL-2962,NZD,107543.3,INPUT,P&L transaction - Cloud services,Manual Entry
TXN004338,2026-06-06,2026-06-05,2026-06,NZL01,5300,,WA,LinkedIn,BOB-PL-0130,PO-PL-4550,USD,77439.7,EXPORT,P&L transaction - Professional services,SAP
TXN004339,2026-06-15,2026-06-08,2026-06,FJI01,6030,,WA,SAP Australia,BOB-PL-0131,PO-PL-7885,AUD,94766.74,INPUT,P&L transaction - Manufacturing overhead,API Import
TXN004340,2026-06-20,2026-06-16,2026-06,NZL01,5000,,HR,SAP Australia,BOB-PL-0132,PO-PL-6287,GBP,96490.46,GST-FREE,P&L transaction - Salaries and wages,Workday
TXN004341,2026-06-02,2026-02-20,2026-06,AUS01,2210,,NT,QBE Insurance,BOB-PL-0133,PO-PL-6380,GBP,70201.23,EXPORT,P&L transaction - Income tax payable,Manual Entry
TXN004342,2026-06-24,2026-06-18,2026-06,FJI01,5010,,IT,Google Ads,BOB-PL-0134,PO-PL-9186,USD,169344.15,EXPORT,P&L transaction - Employee benefits,Workday
TXN004343,2026-06-03,2026-06-02,2026-06,AUS01,5120,,SA,Oracle,BOB-PL-0135,PO-PL-7604,NZD,33061.15,GST,P&L transaction - Office supplies,Workday
TXN004344,2026-06-13,2026-06-11,2026-06,NZL01,5210,,IT,Snowflake,BOB-PL-0136,PO-PL-3777,GBP,25570.03,EXPORT,P&L transaction - Cloud services,Manual Entry
TXN004345,2026-06-15,2026-06-12,2026-06,PNG01,2210,,FIN,Oracle,BOB-PL-0137,PO-PL-3516,AUD,65019.44,GST-FREE,P&L transaction - Income tax payable,Workday
TXN004346,2026-06-12,2026-06-07,2026-06,PNG01,5100,,TAS,SAP Australia,BOB-PL-0138,PO-PL-3744,NZD,163714.79,GST-FREE,P&L transaction - Office rent,SAP
TXN004347,2026-06-08,2026-06-03,2026-06,AUS01,5010,,MKT,Deloitte,BOB-PL-0139,PO-PL-7199,USD,189846.42,EXPORT,P&L transaction - Employee benefits,API Import
TXN004348,2026-06-08,2026-06-02,2026-06,PNG01,4020,,WA,Qantas Commercial,BOB-PL-0140,PO-PL-5894,NZD,298628.81,INPUT,P&L transaction - Subscription revenue,API Import
TXN004349,2026-06-07,2026-02-28,2026-06,NZL01,5500,,OPS,Deloitte,BOB-PL-0141,PO-PL-3282,USD,181058.35,GST-FREE,P&L transaction - Campaign spend,Manual Entry
TXN004350,2026-06-24,2026-06-17,2026-06,FJI01,6030,,OPS,Microsoft,BOB-PL-0142,PO-PL-4230,USD,104027.06,GST-FREE,P&L transaction - Manufacturing overhead,Workday
TXN004351,2026-06-16,2026-06-10,2026-06,AUS01,5500,,SA,Energy Australia,BOB-PL-0143,PO-PL-6967,AUD,38445.9,INPUT,P&L transaction - Campaign spend,Manual Entry
TXN004352,2026-06-29,2026-06-21,2026-06,NZL01,5000,,ACT,Salesforce,BOB-PL-0144,PO-PL-3922,GBP,115867.35,GST,P&L transaction - Salaries and wages,Manual Entry
TXN004353,2026-06-05,2026-06-01,2026-06,PNG01,2210,,NT,SAP Australia,BOB-PL-0145,PO-PL-1271,USD,23074.13,INPUT,P&L transaction - Income tax payable,Workday
TXN004354,2026-06-31,2026-06-24,2026-06,NZL01,4100,,R&D,LinkedIn,BOB-PL-0146,PO-PL-1052,USD,346553.58,INPUT,P&L transaction - Interest income,SAP
TXN004355,2026-06-15,2026-06-08,2026-06,PNG01,6030,,NSW,Microsoft,BOB-PL-0147,PO-PL-9613,AUD,69021.27,GST,P&L transaction - Manufacturing overhead,Workday
TXN004356,2026-06-15,2026-06-07,2026-06,AUS01,5100,,NSW,SAP Australia,BOB-PL-0148,PO-PL-3611,USD,49467.61,INPUT,P&L transaction - Office rent,Oracle
TXN004357,2026-06-22,2026-06-14,2026-06,PNG01,4010,,TAS,Officeworks,BOB-PL-0149,PO-PL-3623,AUD,117746.91,EXPORT,P&L transaction - Service revenue,Manual Entry
TXN004358,2026-06-30,2026-06-25,2026-06,FJI01,2210,,FIN,Melbourne Airport,BOB-PL-0150,PO-PL-4492,NZD,163610.93,GST-FREE,P&L transaction - Income tax payable,API Import
TXN004359,2026-06-28,2026-06-26,2026-06,FJI01,5920,,CORP,Melbourne Airport,BOB-PL-0151,PO-PL-8102,NZD,30094.17,INPUT,P&L transaction - FX Loss,API Import
TXN004360,2026-06-26,2026-06-19,2026-06,PNG01,5210,,SA,Microsoft,BOB-PL-0152,PO-PL-7638,NZD,153522.15,GST,P&L transaction - Cloud services,Workday
TXN004361,2026-06-25,2026-06-18,2026-06,PNG01,6030,,ACT,QBE Insurance,BOB-PL-0153,PO-PL-6639,GBP,83362.15,GST,P&L transaction - Manufacturing overhead,API Import
TXN004362,2026-06-05,2026-02-24,2026-06,AUS01,6010,,QLD,Energy Australia,BOB-PL-0154,PO-PL-1343,USD,119913.2,GST,P&L transaction - Direct materials,SAP
TXN004363,2026-06-12,2026-06-09,2026-06,PNG01,5300,,R&D,Qantas Commercial,BOB-PL-0155,PO-PL-6101,AUD,146958.88,GST-FREE,P&L transaction - Professional services,API Import
TXN004364,2026-06-14,2026-06-12,2026-06,NZL01,2210,,QLD,Energy Australia,BOB-PL-0156,PO-PL-1161,USD,150586.24,GST,P&L transaction - Income tax payable,Manual Entry
TXN004365,2026-06-21,2026-06-14,2026-06,FJI01,5910,,ACT,SAP Australia,BOB-PL-0157,PO-PL-4041,NZD,119199.64,EXPORT,P&L transaction - Interest expense,Manual Entry
TXN004366,2026-06-01,2026-02-26,2026-06,FJI01,5520,,NT,Energy Australia,BOB-PL-0158,PO-PL-1658,GBP,119312.54,INPUT,P&L transaction - Events,API Import
TXN004367,2026-06-09,2026-06-06,2026-06,NZL01,5510,,OPS,Google Ads,BOB-PL-0159,PO-PL-3875,NZD,179420.15,GST,P&L transaction - Advertising,SAP
TXN004368,2026-06-27,2026-06-24,2026-06,FJI01,2210,,VIC,Microsoft,BOB-PL-0160,PO-PL-9371,USD,183417.11,INPUT,P&L transaction - Income tax payable,SAP
TXN004369,2026-06-29,2026-06-20,2026-06,FJI01,5110,,NSW,Google Ads,BOB-PL-0161,PO-PL-9898,GBP,128585.07,GST,P&L transaction - Utilities,Manual Entry
TXN004370,2026-06-14,2026-06-08,2026-06,NZL01,2210,,NSW,LinkedIn,BOB-PL-0162,PO-PL-7963,GBP,72434.96,EXPORT,P&L transaction - Income tax payable,SAP
TXN004371,2026-06-30,2026-06-25,2026-06,AUS01,2210,,ACT,Oracle,BOB-PL-0163,PO-PL-4829,NZD,48476.59,GST,P&L transaction - Income tax payable,Manual Entry
TXN004372,2026-06-19,2026-06-10,2026-06,PNG01,5000,,SA,SAP Australia,BOB-PL-0164,PO-PL-6448,GBP,198796.2,GST,P&L transaction - Salaries and wages,Oracle
TXN004373,2026-06-31,2026-06-29,2026-06,PNG01,5520,,NT,Officeworks,BOB-PL-0165,PO-PL-8970,NZD,161495.2,GST-FREE,P&L transaction - Events,Manual Entry
TXN004374,2026-06-03,2026-02-25,2026-06,FJI01,5300,,SA,Qantas Commercial,BOB-PL-0166,PO-PL-6637,NZD,107789.39,GST-FREE,P&L transaction - Professional services,Manual Entry
TXN004375,2026-06-29,2026-06-19,2026-06,FJI01,5320,,R&D,Energy Australia,BOB-PL-0167,PO-PL-6803,NZD,22256.18,EXPORT,P&L transaction - Audit fees,Manual Entry
TXN004376,2026-06-23,2026-06-17,2026-06,AUS01,6020,,NSW,Deloitte,BOB-PL-0168,PO-PL-3036,GBP,45333.1,EXPORT,P&L transaction - Direct labor,Manual Entry
TXN004377,2026-06-29,2026-06-19,2026-06,FJI01,5110,,R&D,Google Ads,BOB-PL-0169,PO-PL-8179,USD,69536.61,GST-FREE,P&L transaction - Utilities,SAP
TXN004378,2026-06-27,2026-06-22,2026-06,NZL01,2210,,TAS,Energy Australia,BOB-PL-0170,PO-PL-9285,USD,77567.08,GST-FREE,P&L transaction - Income tax payable,API Import
TXN004379,2026-06-22,2026-06-15,2026-06,NZL01,5520,,NT,Snowflake,BOB-PL-0171,PO-PL-6222,AUD,68810.89,GST,P&L transaction - Events,Workday
TXN004380,2026-06-18,2026-06-10,2026-06,AUS01,5000,,CORP,Melbourne Airport,BOB-PL-0172,PO-PL-4854,NZD,113555.41,INPUT,P&L transaction - Salaries and wages,Manual Entry
TXN004381,2026-06-21,2026-06-19,2026-06,AUS01,5120,,R&D,IBM Australia,BOB-PL-0173,PO-PL-2522,NZD,30499.84,GST,P&L transaction - Office supplies,SAP
TXN004382,2026-06-16,2026-06-11,2026-06,AUS01,5100,,QLD,Officeworks,BOB-PL-0174,PO-PL-9902,USD,95722.61,INPUT,P&L transaction - Office rent,SAP
TXN004383,2026-06-15,2026-06-08,2026-06,PNG01,5120,,TAS,Microsoft,BOB-PL-0175,PO-PL-4480,USD,31460.45,GST-FREE,P&L transaction - Office supplies,Manual Entry
TXN004384,2026-06-04,2026-02-22,2026-06,AUS01,5520,,NSW,Deloitte,BOB-PL-0176,PO-PL-8490,NZD,177657.39,INPUT,P&L transaction - Events,Manual Entry
TXN004385,2026-06-18,2026-06-12,2026-06,NZL01,5700,,CORP,Microsoft,BOB-PL-0177,PO-PL-1307,USD,192676.18,GST,P&L transaction - Training,Workday
TXN004386,2026-06-26,2026-06-25,2026-06,AUS01,5300,,NSW,Google Ads,BOB-PL-0178,PO-PL-9105,NZD,187752.91,GST,P&L transaction - Professional services,API Import
TXN004387,2026-06-24,2026-06-21,2026-06,FJI01,5200,,FIN,AWS,BOB-PL-0179,PO-PL-2198,GBP,100919.46,INPUT,P&L transaction - Software licenses,Manual Entry
TXN004388,2026-06-23,2026-06-14,2026-06,NZL01,4000,,VIC,Google Ads,BOB-PL-0180,PO-PL-1352,AUD,333285.31,EXPORT,P&L transaction - Product sales,Workday
TXN004389,2026-06-07,2026-06-01,2026-06,FJI01,2210,,SA,LinkedIn,BOB-PL-0181,PO-PL-3973,GBP,156273.99,INPUT,P&L transaction - Income tax payable,Oracle
TXN004390,2026-06-22,2026-06-15,2026-06,FJI01,4010,,FIN,Microsoft,BOB-PL-0182,PO-PL-8182,USD,133997.16,GST-FREE,P&L transaction - Service revenue,Workday
TXN004391,2026-06-05,2026-02-26,2026-06,FJI01,4010,,MKT,Salesforce,BOB-PL-0183,PO-PL-6586,AUD,342316.31,GST-FREE,P&L transaction - Service revenue,SAP
TXN004392,2026-06-04,2026-02-24,2026-06,FJI01,2210,,VIC,Deloitte,BOB-PL-0184,PO-PL-5825,AUD,140612.62,INPUT,P&L transaction - Income tax payable,API Import
TXN004393,2026-06-22,2026-06-16,2026-06,PNG01,5320,,NSW,Oracle,BOB-PL-0185,PO-PL-7332,AUD,196850.94,INPUT,P&L transaction - Audit fees,API Import
TXN004394,2026-06-15,2026-06-06,2026-06,NZL01,4010,,MKT,Energy Australia,BOB-PL-0186,PO-PL-8176,NZD,146046.03,EXPORT,P&L transaction - Service revenue,SAP
TXN004395,2026-06-21,2026-06-15,2026-06,FJI01,5700,,VIC,SAP Australia,BOB-PL-0187,PO-PL-8525,GBP,18204.02,GST-FREE,P&L transaction - Training,API Import
TXN004396,2026-06-01,2026-02-26,2026-06,FJI01,5700,,NT,Officeworks,BOB-PL-0188,PO-PL-7784,NZD,123845.31,INPUT,P&L transaction - Training,Manual Entry
TXN004397,2026-06-16,2026-06-07,2026-06,AUS01,5010,,IT,Qantas Commercial,BOB-PL-0189,PO-PL-4868,NZD,112253.44,INPUT,P&L transaction - Employee benefits,API Import
TXN004398,2026-06-29,2026-06-19,2026-06,FJI01,4100,,ACT,Energy Australia,BOB-PL-0190,PO-PL-6582,USD,89829.36,GST,P&L transaction - Interest income,Workday
TXN004399,2026-06-12,2026-06-02,2026-06,NZL01,5920,,OPS,QBE Insurance,BOB-PL-0191,PO-PL-9457,NZD,152240.5,EXPORT,P&L transaction - FX Loss,API Import
TXN004400,2026-06-15,2026-06-10,2026-06,PNG01,6030,,R&D,QBE Insurance,BOB-PL-0192,PO-PL-9003,NZD,91736.46,EXPORT,P&L transaction - Manufacturing overhead,Oracle
TXN004401,2026-06-06,2026-06-01,2026-06,AUS01,5500,,SA,Microsoft,BOB-PL-0193,PO-PL-3836,USD,107615.64,GST-FREE,P&L transaction - Campaign spend,Oracle
TXN004402,2026-06-15,2026-06-13,2026-06,PNG01,5000,,CORP,SAP Australia,BOB-PL-0194,PO-PL-5715,AUD,136434.59,EXPORT,P&L transaction - Salaries and wages,Workday
TXN004403,2026-06-01,2026-02-22,2026-06,NZL01,5120,,ACT,Snowflake,BOB-PL-0195,PO-PL-6786,NZD,16837.35,INPUT,P&L transaction - Office supplies,Workday
TXN004404,2026-06-27,2026-06-26,2026-06,NZL01,5520,,R&D,Snowflake,BOB-PL-0196,PO-PL-7157,GBP,148394.78,GST,P&L transaction - Events,API Import
TXN004405,2026-06-06,2026-06-05,2026-06,FJI01,5120,,WA,AWS,BOB-PL-0197,PO-PL-6684,USD,82422.41,EXPORT,P&L transaction - Office supplies,Workday
TXN004406,2026-06-31,2026-06-30,2026-06,NZL01,4020,,R&D,Melbourne Airport,BOB-PL-0198,PO-PL-9125,AUD,453491.84,GST-FREE,P&L transaction - Subscription revenue,SAP
TXN004407,2026-06-03,2026-02-26,2026-06,AUS01,5010,,ACT,AWS,BOB-PL-0199,PO-PL-2519,AUD,45982.05,GST-FREE,P&L transaction - Employee benefits,Workday
TXN004408,2026-06-23,2026-06-21,2026-06,FJI01,5500,,R&D,Qantas Commercial,BOB-PL-0200,PO-PL-9332,USD,92165.92,GST-FREE,P&L transaction - Campaign spend,Workday
TXN004409,2026-06-24,2026-06-16,2026-06,NZL01,2210,,NSW,Energy Australia,BOB-PL-0201,PO-PL-4229,GBP,44067.33,INPUT,P&L transaction - Income tax payable,SAP
TXN004410,2026-06-23,2026-06-15,2026-06,FJI01,2210,,WA,Salesforce,BOB-PL-0202,PO-PL-9422,NZD,115525.62,EXPORT,P&L transaction - Income tax payable,Workday
TXN004411,2026-06-04,2026-02-25,2026-06,AUS01,5300,,NT,Oracle,BOB-PL-0203,PO-PL-8180,NZD,55680.03,INPUT,P&L transaction - Professional services,API Import
TXN004412,2026-06-22,2026-06-13,2026-06,PNG01,5320,,QLD,IBM Australia,BOB-PL-0204,PO-PL-5418,USD,58613.7,GST-FREE,P&L transaction - Audit fees,API Import
TXN004413,2026-06-14,2026-06-06,2026-06,AUS01,2210,,VIC,Officeworks,BOB-PL-0205,PO-PL-8439,NZD,132937.98,GST,P&L transaction - Income tax payable,Manual Entry
TXN004414,2026-06-06,2026-02-27,2026-06,PNG01,4020,,QLD,Deloitte,BOB-PL-0206,PO-PL-4362,GBP,247242.87,GST,P&L transaction - Subscription revenue,SAP
TXN004415,2026-06-07,2026-02-27,2026-06,PNG01,5100,,SA,Deloitte,BOB-PL-0207,PO-PL-9501,NZD,158766.32,INPUT,P&L transaction - Office rent,Workday
TXN004416,2026-06-18,2026-06-09,2026-06,AUS01,5910,,OPS,Qantas Commercial,BOB-PL-0208,PO-PL-3941,NZD,12716.39,INPUT,P&L transaction - Interest expense,Manual Entry
TXN004417,2026-06-11,2026-06-09,2026-06,PNG01,2210,,HR,Melbourne Airport,BOB-PL-0209,PO-PL-1035,AUD,102720.06,EXPORT,P&L transaction - Income tax payable,Workday
TXN004418,2026-06-08,2026-02-26,2026-06,PNG01,6020,,WA,Salesforce,BOB-PL-0210,PO-PL-9875,AUD,87645.09,EXPORT,P&L transaction - Direct labor,API Import
TXN004419,2026-06-03,2026-06-02,2026-06,FJI01,2210,,SA,SAP Australia,BOB-PL-0211,PO-PL-8153,NZD,157858.53,GST,P&L transaction - Income tax payable,Manual Entry
TXN004420,2026-06-12,2026-06-03,2026-06,AUS01,6010,,MKT,Snowflake,BOB-PL-0212,PO-PL-8977,GBP,77372.19,GST,P&L transaction - Direct materials,SAP
TXN004421,2026-06-05,2026-06-03,2026-06,AUS01,6010,,R&D,Oracle,BOB-PL-0213,PO-PL-2511,GBP,125128.2,GST-FREE,P&L transaction - Direct materials,SAP
TXN004422,2026-06-14,2026-06-07,2026-06,AUS01,5210,,SA,LinkedIn,BOB-PL-0214,PO-PL-3288,GBP,44851.48,EXPORT,P&L transaction - Cloud services,API Import
TXN004423,2026-06-31,2026-06-25,2026-06,FJI01,5520,,VIC,Qantas Commercial,BOB-PL-0215,PO-PL-2500,USD,8648.16,EXPORT,P&L transaction - Events,Oracle
TXN004424,2026-06-06,2026-06-04,2026-06,FJI01,6010,,OPS,Energy Australia,BOB-PL-0216,PO-PL-6621,USD,146856.81,INPUT,P&L transaction - Direct materials,SAP
TXN004425,2026-06-14,2026-06-09,2026-06,PNG01,5100,,TAS,Oracle,BOB-PL-0217,PO-PL-3410,AUD,122038.45,INPUT,P&L transaction - Office rent,API Import
TXN004426,2026-06-06,2026-06-02,2026-06,AUS01,5300,,ACT,Snowflake,BOB-PL-0218,PO-PL-6079,NZD,112099.91,INPUT,P&L transaction - Professional services,API Import
TXN004427,2026-06-24,2026-06-22,2026-06,AUS01,4020,,NSW,SAP Australia,BOB-PL-0219,PO-PL-3573,AUD,455786.05,EXPORT,P&L transaction - Subscription revenue,Oracle
TXN004428,2026-06-22,2026-06-16,2026-06,NZL01,6010,,QLD,Snowflake,BOB-PL-0220,PO-PL-2892,USD,62029.57,EXPORT,P&L transaction - Direct materials,Workday
TXN004429,2026-06-07,2026-06-03,2026-06,FJI01,5920,,WA,Microsoft,BOB-PL-0221,PO-PL-2761,NZD,77987.83,GST,P&L transaction - FX Loss,SAP
TXN004430,2026-06-20,2026-06-14,2026-06,PNG01,5210,,FIN,QBE Insurance,BOB-PL-0222,PO-PL-4962,USD,33804.97,EXPORT,P&L transaction - Cloud services,Manual Entry
TXN004431,2026-06-18,2026-06-09,2026-06,PNG01,6000,,MKT,QBE Insurance,BOB-PL-0223,PO-PL-6320,GBP,98886.04,GST,P&L transaction - Cost of goods sold,API Import
TXN004432,2026-06-04,2026-06-01,2026-06,PNG01,4020,,SA,AWS,BOB-PL-0224,PO-PL-1027,USD,266229.66,INPUT,P&L transaction - Subscription revenue,Manual Entry
TXN004433,2026-06-08,2026-02-26,2026-06,FJI01,5910,,NT,Melbourne Airport,BOB-PL-0225,PO-PL-7522,NZD,194364.69,EXPORT,P&L transaction - Interest expense,Workday
TXN004434,2026-06-04,2026-02-27,2026-06,NZL01,5100,,ACT,Deloitte,BOB-PL-0226,PO-PL-8385,NZD,83018.86,GST-FREE,P&L transaction - Office rent,Oracle
TXN004435,2026-06-11,2026-06-01,2026-06,NZL01,5510,,TAS,Melbourne Airport,BOB-PL-0227,PO-PL-9791,USD,191073.75,EXPORT,P&L transaction - Advertising,API Import
TXN004436,2026-06-02,2026-02-24,2026-06,FJI01,5910,,QLD,Snowflake,BOB-PL-0228,PO-PL-7872,AUD,135137.51,GST-FREE,P&L transaction - Interest expense,API Import
TXN004437,2026-06-25,2026-06-21,2026-06,AUS01,5010,,FIN,Energy Australia,BOB-PL-0229,PO-PL-9444,USD,152883.01,INPUT,P&L transaction - Employee benefits,API Import
TXN004438,2026-06-27,2026-06-21,2026-06,FJI01,5000,,HR,Google Ads,BOB-PL-0230,PO-PL-5781,USD,59993.12,GST-FREE,P&L transaction - Salaries and wages,Oracle
TXN004439,2026-06-02,2026-02-20,2026-06,FJI01,5500,,NT,Microsoft,BOB-PL-0231,PO-PL-6931,AUD,93858.04,INPUT,P&L transaction - Campaign spend,Oracle
TXN004440,2026-06-21,2026-06-18,2026-06,FJI01,5000,,QLD,IBM Australia,BOB-PL-0232,PO-PL-8939,AUD,31387.15,EXPORT,P&L transaction - Salaries and wages,Manual Entry
TXN004441,2026-06-12,2026-06-05,2026-06,AUS01,5210,,NT,SAP Australia,BOB-PL-0233,PO-PL-5636,AUD,168605.22,INPUT,P&L transaction - Cloud services,Workday
TXN004442,2026-06-06,2026-06-01,2026-06,AUS01,6020,,MKT,SAP Australia,BOB-PL-0234,PO-PL-5690,AUD,111613.37,GST-FREE,P&L transaction - Direct labor,Manual Entry
TXN004443,2026-06-05,2026-06-04,2026-06,AUS01,4020,,MKT,Officeworks,BOB-PL-0235,PO-PL-3632,NZD,324603.38,EXPORT,P&L transaction - Subscription revenue,Workday
TXN004444,2026-06-04,2026-06-01,2026-06,AUS01,4010,,IT,AWS,BOB-PL-0236,PO-PL-3532,NZD,81342.57,GST,P&L transaction - Service revenue,API Import
TXN004445,2026-06-24,2026-06-16,2026-06,FJI01,5210,,R&D,Qantas Commercial,BOB-PL-0237,PO-PL-7289,GBP,27534.81,GST,P&L transaction - Cloud services,Manual Entry
TXN004446,2026-06-12,2026-06-11,2026-06,AUS01,5320,,NT,Officeworks,BOB-PL-0238,PO-PL-6648,USD,12368.11,GST,P&L transaction - Audit fees,SAP
TXN004447,2026-06-30,2026-06-20,2026-06,FJI01,5920,,TAS,AWS,BOB-PL-0239,PO-PL-7844,USD,172828.99,GST,P&L transaction - FX Loss,API Import
TXN004448,2026-06-10,2026-06-06,2026-06,AUS01,5000,,HR,QBE Insurance,BOB-PL-0240,PO-PL-5514,GBP,159792.54,INPUT,P&L transaction - Salaries and wages,Manual Entry
TXN004449,2026-06-10,2026-06-06,2026-06,AUS01,2210,,OPS,IBM Australia,BOB-PL-0241,PO-PL-9331,AUD,76310.38,EXPORT,P&L transaction - Income tax payable,API Import
TXN004450,2026-06-25,2026-06-15,2026-06,PNG01,5100,,SA,IBM Australia,BOB-PL-0242,PO-PL-2068,AUD,183606.69,EXPORT,P&L transaction - Office rent,API Import
TXN004451,2026-06-26,2026-06-16,2026-06,AUS01,4010,,NT,Energy Australia,BOB-PL-0243,PO-PL-2478,USD,129383.67,EXPORT,P&L transaction - Service revenue,Manual Entry
TXN004452,2026-06-12,2026-06-03,2026-06,AUS01,5320,,HR,Oracle,BOB-PL-0244,PO-PL-9102,USD,37432.41,EXPORT,P&L transaction - Audit fees,Oracle
TXN004453,2026-06-22,2026-06-20,2026-06,PNG01,5000,,TAS,Snowflake,BOB-PL-0245,PO-PL-1477,AUD,157976.4,EXPORT,P&L transaction - Salaries and wages,Oracle
TXN004454,2026-06-01,2026-02-24,2026-06,FJI01,5700,,SA,Google Ads,BOB-PL-0246,PO-PL-7532,AUD,187125.48,GST,P&L transaction - Training,Oracle
TXN004455,2026-06-31,2026-06-24,2026-06,PNG01,4020,,HR,Microsoft,BOB-PL-0247,PO-PL-5300,USD,118685.58,GST,P&L transaction - Subscription revenue,API Import
TXN004456,2026-06-22,2026-06-14,2026-06,NZL01,5510,,TAS,Microsoft,BOB-PL-0248,PO-PL-3033,AUD,9930.25,EXPORT,P&L transaction - Advertising,SAP
TXN004457,2026-06-10,2026-06-07,2026-06,FJI01,4010,,ACT,Energy Australia,BOB-PL-0249,PO-PL-3834,USD,244585.2,INPUT,P&L transaction - Service revenue,Oracle
TXN004458,2026-06-17,2026-06-11,2026-06,AUS01,5300,,FIN,Deloitte,BOB-PL-0250,PO-PL-5566,USD,36758.78,GST,P&L transaction - Professional services,SAP
TXN004459,2026-06-02,2026-02-25,2026-06,FJI01,5110,,HR,Snowflake,BOB-PL-0251,PO-PL-3026,NZD,18994.61,GST,P&L transaction - Utilities,Workday
TXN004460,2026-06-09,2026-06-02,2026-06,FJI01,5000,,CORP,IBM Australia,BOB-PL-0252,PO-PL-2087,AUD,195704.14,EXPORT,P&L transaction - Salaries and wages,SAP
TXN004461,2026-06-05,2026-06-03,2026-06,NZL01,5010,,QLD,Melbourne Airport,BOB-PL-0253,PO-PL-3153,GBP,58643.57,GST-FREE,P&L transaction - Employee benefits,SAP
TXN004462,2026-06-24,2026-06-18,2026-06,NZL01,5520,,OPS,Qantas Commercial,BOB-PL-0254,PO-PL-5615,NZD,30359.46,GST,P&L transaction - Events,Manual Entry
TXN004463,2026-06-20,2026-06-10,2026-06,AUS01,5920,,OPS,SAP Australia,BOB-PL-0255,PO-PL-5919,GBP,85353.41,INPUT,P&L transaction - FX Loss,API Import
TXN004464,2026-06-19,2026-06-11,2026-06,PNG01,2210,,FIN,IBM Australia,BOB-PL-0256,PO-PL-1005,GBP,52463.11,GST,P&L transaction - Income tax payable,SAP
TXN004465,2026-06-15,2026-06-13,2026-06,NZL01,4000,,IT,Melbourne Airport,BOB-PL-0257,PO-PL-9135,NZD,202065.04,INPUT,P&L transaction - Product sales,API Import
TXN004466,2026-06-01,2026-02-28,2026-06,AUS01,5200,,IT,Microsoft,BOB-PL-0258,PO-PL-8640,USD,89534.56,INPUT,P&L transaction - Software licenses,Manual Entry
TXN004467,2026-06-24,2026-06-16,2026-06,FJI01,5210,,VIC,Qantas Commercial,BOB-PL-0259,PO-PL-2691,AUD,42625.18,GST-FREE,P&L transaction - Cloud services,API Import
TXN004468,2026-06-10,2026-02-28,2026-06,AUS01,5320,,R&D,Google Ads,BOB-PL-0260,PO-PL-9540,NZD,76078.02,INPUT,P&L transaction - Audit fees,Oracle
TXN004469,2026-06-05,2026-02-27,2026-06,AUS01,4010,,OPS,Deloitte,BOB-PL-0261,PO-PL-1294,NZD,338468.91,GST-FREE,P&L transaction - Service revenue,API Import
TXN004470,2026-06-17,2026-06-07,2026-06,PNG01,6020,,NSW,Officeworks,BOB-PL-0262,PO-PL-3165,NZD,123829.8,INPUT,P&L transaction - Direct labor,API Import
TXN004471,2026-06-19,2026-06-16,2026-06,PNG01,5100,,IT,IBM Australia,BOB-PL-0263,PO-PL-6613,GBP,86793.6,EXPORT,P&L transaction - Office rent,Workday
TXN004472,2026-06-05,2026-06-03,2026-06,PNG01,4000,,TAS,Deloitte,BOB-PL-0264,PO-PL-1140,USD,188863.2,GST-FREE,P&L transaction - Product sales,API Import
TXN004473,2026-06-10,2026-06-08,2026-06,FJI01,5510,,HR,IBM Australia,BOB-PL-0265,PO-PL-8582,NZD,72294.91,INPUT,P&L transaction - Advertising,Oracle
TXN004474,2026-06-11,2026-06-10,2026-06,FJI01,5500,,ACT,Google Ads,BOB-PL-0266,PO-PL-1579,GBP,32719.09,INPUT,P&L transaction - Campaign spend,Manual Entry
TXN004475,2026-06-21,2026-06-19,2026-06,PNG01,5300,,NT,Salesforce,BOB-PL-0267,PO-PL-4028,USD,109043.99,GST,P&L transaction - Professional services,SAP
TXN004476,2026-06-15,2026-06-08,2026-06,AUS01,5100,,ACT,Oracle,BOB-PL-0268,PO-PL-5830,GBP,113910.44,INPUT,P&L transaction - Office rent,Workday
TXN004477,2026-06-04,2026-06-03,2026-06,FJI01,5010,,HR,IBM Australia,BOB-PL-0269,PO-PL-2051,GBP,88615.48,EXPORT,P&L transaction - Employee benefits,API Import
TXN004478,2026-06-18,2026-06-16,2026-06,AUS01,6020,,ACT,Google Ads,BOB-PL-0270,PO-PL-1212,GBP,97804.2,GST-FREE,P&L transaction - Direct labor,Workday
TXN004479,2026-06-31,2026-06-22,2026-06,FJI01,5910,,ACT,LinkedIn,BOB-PL-0271,PO-PL-8627,USD,115226.72,GST-FREE,P&L transaction - Interest expense,Manual Entry
TXN004480,2026-06-31,2026-06-24,2026-06,NZL01,5110,,ACT,IBM Australia,BOB-PL-0272,PO-PL-8500,AUD,47955.46,GST,P&L transaction - Utilities,Manual Entry
TXN004481,2026-06-01,2026-02-20,2026-06,NZL01,4000,,WA,Officeworks,BOB-PL-0273,PO-PL-7548,USD,267222.16,EXPORT,P&L transaction - Product sales,Workday
TXN004482,2026-06-25,2026-06-19,2026-06,PNG01,6000,,NT,Google Ads,BOB-PL-0274,PO-PL-2552,AUD,146357.09,EXPORT,P&L transaction - Cost of goods sold,Workday
TXN004483,2026-06-28,2026-06-25,2026-06,FJI01,4000,,OPS,IBM Australia,BOB-PL-0275,PO-PL-5669,NZD,453611.17,GST,P&L transaction - Product sales,Manual Entry
TXN004484,2026-06-20,2026-06-19,2026-06,FJI01,5700,,ACT,Energy Australia,BOB-PL-0276,PO-PL-2678,AUD,88688.12,EXPORT,P&L transaction - Training,Manual Entry
TXN004485,2026-06-16,2026-06-13,2026-06,PNG01,5510,,IT,AWS,BOB-PL-0277,PO-PL-4859,GBP,140208.48,EXPORT,P&L transaction - Advertising,API Import
TXN004486,2026-06-14,2026-06-06,2026-06,NZL01,5510,,IT,Melbourne Airport,BOB-PL-0278,PO-PL-9623,AUD,105532.29,GST,P&L transaction - Advertising,Workday
TXN004487,2026-06-19,2026-06-16,2026-06,NZL01,6010,,FIN,Melbourne Airport,BOB-PL-0279,PO-PL-7053,NZD,87922.97,GST,P&L transaction - Direct materials,Manual Entry
TXN004488,2026-06-25,2026-06-16,2026-06,AUS01,5520,,ACT,AWS,BOB-PL-0280,PO-PL-3002,USD,175026.3,GST-FREE,P&L transaction - Events,Oracle
TXN004489,2026-06-30,2026-06-28,2026-06,PNG01,5300,,IT,Salesforce,BOB-PL-0281,PO-PL-7796,GBP,31407.66,INPUT,P&L transaction - Professional services,Oracle
TXN004490,2026-06-24,2026-06-16,2026-06,NZL01,5920,,WA,Microsoft,BOB-PL-0282,PO-PL-3423,USD,88321.96,INPUT,P&L transaction - FX Loss,Oracle
TXN004491,2026-06-02,2026-02-26,2026-06,AUS01,5120,,WA,QBE Insurance,BOB-PL-0283,PO-PL-3210,NZD,10651.18,EXPORT,P&L transaction - Office supplies,Manual Entry
TXN004492,2026-06-22,2026-06-17,2026-06,PNG01,5510,,MKT,Energy Australia,BOB-PL-0284,PO-PL-9344,AUD,179201.23,GST-FREE,P&L transaction - Advertising,Oracle
TXN004493,2026-06-13,2026-06-06,2026-06,AUS01,4100,,NSW,QBE Insurance,BOB-PL-0285,PO-PL-7314,AUD,337165.69,GST-FREE,P&L transaction - Interest income,Oracle
TXN004494,2026-06-12,2026-06-04,2026-06,NZL01,5110,,QLD,LinkedIn,BOB-PL-0286,PO-PL-5179,NZD,145205.99,GST,P&L transaction - Utilities,API Import
TXN004495,2026-06-17,2026-06-10,2026-06,FJI01,5320,,SA,QBE Insurance,BOB-PL-0287,PO-PL-4254,NZD,180903.58,INPUT,P&L transaction - Audit fees,Manual Entry
TXN004496,2026-06-15,2026-06-10,2026-06,AUS01,5520,,IT,SAP Australia,BOB-PL-0288,PO-PL-8986,NZD,45875.94,INPUT,P&L transaction - Events,API Import
TXN004497,2026-06-22,2026-06-16,2026-06,FJI01,6000,,WA,Melbourne Airport,BOB-PL-0289,PO-PL-9392,NZD,52344.82,EXPORT,P&L transaction - Cost of goods sold,Manual Entry
TXN004498,2026-06-30,2026-06-24,2026-06,NZL01,5110,,TAS,Microsoft,BOB-PL-0290,PO-PL-8747,USD,61166.26,GST,P&L transaction - Utilities,SAP
TXN004499,2026-06-25,2026-06-17,2026-06,AUS01,6010,,MKT,Microsoft,BOB-PL-0291,PO-PL-5857,GBP,27285.89,INPUT,P&L transaction - Direct materials,SAP
TXN004500,2026-06-24,2026-06-23,2026-06,AUS01,6000,,TAS,Microsoft,BOB-PL-0292,PO-PL-5352,NZD,70162.06,GST-FREE,P&L transaction - Cost of goods sold,Manual Entry
TXN004501,2026-06-19,2026-06-09,2026-06,PNG01,4000,,SA,IBM Australia,BOB-PL-0293,PO-PL-4243,NZD,169660.04,GST-FREE,P&L transaction - Product sales,Manual Entry
TXN004502,2026-06-21,2026-06-15,2026-06,PNG01,5700,,MKT,Microsoft,BOB-PL-0294,PO-PL-2409,GBP,14090.87,INPUT,P&L transaction - Training,SAP
TXN004503,2026-06-01,2026-02-24,2026-06,AUS01,5000,,NT,Officeworks,BOB-PL-0295,PO-PL-6002,USD,167264.33,EXPORT,P&L transaction - Salaries and wages,Oracle
TXN004504,2026-06-10,2026-06-09,2026-06,PNG01,5920,,CORP,Qantas Commercial,BOB-PL-0296,PO-PL-4298,NZD,104423.73,GST-FREE,P&L transaction - FX Loss,Workday
TXN004505,2026-06-14,2026-06-13,2026-06,PNG01,4000,,TAS,SAP Australia,BOB-PL-0297,PO-PL-6555,GBP,260697.71,INPUT,P&L transaction - Product sales,Manual Entry
TXN004506,2026-06-17,2026-06-15,2026-06,AUS01,5200,,QLD,Snowflake,BOB-PL-0298,PO-PL-6679,USD,93760.55,GST,P&L transaction - Software licenses,API Import
TXN004507,2026-06-08,2026-06-01,2026-06,FJI01,5910,,NT,Officeworks,BOB-PL-0299,PO-PL-8732,USD,82448.4,GST-FREE,P&L transaction - Interest expense,Workday
TXN004508,2026-06-24,2026-06-18,2026-06,FJI01,5910,,CORP,Qantas Commercial,BOB-PL-0300,PO-PL-2818,NZD,92029.67,EXPORT,P&L transaction - Interest expense,Workday
TXN004509,2026-06-14,2026-06-09,2026-06,NZL01,5300,,CORP,Qantas Commercial,BOB-PL-0301,PO-PL-4379,GBP,97229.14,GST-FREE,P&L transaction - Professional services,Manual Entry
TXN004510,2026-06-03,2026-02-25,2026-06,AUS01,5320,,FIN,Oracle,BOB-PL-0302,PO-PL-3357,USD,165760.11,GST,P&L transaction - Audit fees,Manual Entry
TXN004511,2026-06-08,2026-06-06,2026-06,PNG01,5110,,TAS,Deloitte,BOB-PL-0303,PO-PL-3412,NZD,188183.9,GST,P&L transaction - Utilities,API Import
TXN004512,2026-06-15,2026-06-07,2026-06,AUS01,5200,,OPS,Officeworks,BOB-PL-0304,PO-PL-2899,GBP,149984.95,EXPORT,P&L transaction - Software licenses,Oracle
TXN004513,2026-06-12,2026-06-06,2026-06,NZL01,2210,,QLD,Oracle,BOB-PL-0305,PO-PL-6455,USD,96503.85,GST-FREE,P&L transaction - Income tax payable,Manual Entry
TXN004514,2026-06-27,2026-06-26,2026-06,PNG01,5000,,MKT,Melbourne Airport,BOB-PL-0306,PO-PL-1285,USD,167330.46,INPUT,P&L transaction - Salaries and wages,Oracle
TXN004515,2026-06-17,2026-06-11,2026-06,AUS01,5200,,QLD,QBE Insurance,BOB-PL-0307,PO-PL-7509,NZD,140830.97,INPUT,P&L transaction - Software licenses,Workday
TXN004516,2026-06-01,2026-02-25,2026-06,AUS01,6000,,CORP,Salesforce,BOB-PL-0308,PO-PL-8753,AUD,106609.22,EXPORT,P&L transaction - Cost of goods sold,SAP
TXN004517,2026-06-05,2026-06-02,2026-06,NZL01,6010,,IT,Deloitte,BOB-PL-0309,PO-PL-9013,NZD,21736.06,INPUT,P&L transaction - Direct materials,API Import
TXN004518,2026-06-21,2026-06-17,2026-06,AUS01,5700,,TAS,Energy Australia,BOB-PL-0310,PO-PL-2811,USD,90374.28,EXPORT,P&L transaction - Training,Manual Entry
TXN004519,2026-06-31,2026-06-23,2026-06,PNG01,4100,,SA,Energy Australia,BOB-PL-0311,PO-PL-2272,USD,185164.33,GST-FREE,P&L transaction - Interest income,Oracle
TXN004520,2026-06-17,2026-06-15,2026-06,AUS01,4000,,IT,Deloitte,BOB-PL-0312,PO-PL-8509,USD,53205.33,INPUT,P&L transaction - Product sales,SAP
TXN004521,2026-06-05,2026-02-25,2026-06,AUS01,6030,,SA,Salesforce,BOB-PL-0313,PO-PL-9793,NZD,64193.12,GST,P&L transaction - Manufacturing overhead,Workday
TXN004522,2026-06-24,2026-06-20,2026-06,PNG01,5300,,NT,Salesforce,BOB-PL-0314,PO-PL-9442,AUD,39748.16,EXPORT,P&L transaction - Professional services,Oracle
TXN004523,2026-06-13,2026-06-08,2026-06,PNG01,2210,,WA,Salesforce,BOB-PL-0315,PO-PL-3644,NZD,189472.6,GST-FREE,P&L transaction - Income tax payable,Oracle
TXN004524,2026-06-19,2026-06-18,2026-06,PNG01,2210,,NT,AWS,BOB-PL-0316,PO-PL-5532,USD,52309.96,INPUT,P&L transaction - Income tax payable,API Import
TXN004525,2026-06-23,2026-06-16,2026-06,NZL01,5520,,TAS,Google Ads,BOB-PL-0317,PO-PL-7803,USD,20732.83,GST-FREE,P&L transaction - Events,Workday
TXN004526,2026-06-21,2026-06-13,2026-06,PNG01,5010,,ACT,Snowflake,BOB-PL-0318,PO-PL-7321,USD,162708.81,GST,P&L transaction - Employee benefits,SAP
TXN004527,2026-06-26,2026-06-19,2026-06,PNG01,4000,,ACT,Qantas Commercial,BOB-PL-0319,PO-PL-4139,GBP,200815.54,EXPORT,P&L transaction - Product sales,Workday
TXN004528,2026-06-14,2026-06-13,2026-06,PNG01,5500,,SA,LinkedIn,BOB-PL-0320,PO-PL-9385,GBP,85577.04,GST,P&L transaction - Campaign spend,Manual Entry
TXN004529,2026-06-08,2026-02-26,2026-06,FJI01,4100,,OPS,QBE Insurance,BOB-PL-0321,PO-PL-5412,USD,169228.47,INPUT,P&L transaction - Interest income,API Import
TXN004530,2026-06-15,2026-06-12,2026-06,PNG01,4000,,QLD,Qantas Commercial,BOB-PL-0322,PO-PL-1648,AUD,169707.51,INPUT,P&L transaction - Product sales,Workday
TXN004531,2026-06-10,2026-06-05,2026-06,NZL01,6000,,NSW,Officeworks,BOB-PL-0323,PO-PL-8289,AUD,62160.5,GST-FREE,P&L transaction - Cost of goods sold,Oracle
TXN004532,2026-06-25,2026-06-15,2026-06,AUS01,5100,,NSW,Deloitte,BOB-PL-0324,PO-PL-2897,AUD,138052.33,GST-FREE,P&L transaction - Office rent,Workday
TXN004533,2026-06-07,2026-06-06,2026-06,NZL01,5120,,NT,LinkedIn,BOB-PL-0325,PO-PL-1899,USD,10404.17,EXPORT,P&L transaction - Office supplies,API Import
TXN004534,2026-06-23,2026-06-22,2026-06,AUS01,5700,,R&D,SAP Australia,BOB-PL-0326,PO-PL-7189,AUD,198994.99,GST,P&L transaction - Training,Workday
TXN004535,2026-06-09,2026-06-01,2026-06,FJI01,6010,,WA,Oracle,BOB-PL-0327,PO-PL-8639,USD,66363.24,GST-FREE,P&L transaction - Direct materials,Oracle
TXN004536,2026-06-28,2026-06-20,2026-06,NZL01,5700,,WA,Salesforce,BOB-PL-0328,PO-PL-8039,AUD,24800.78,GST,P&L transaction - Training,Workday
TXN004537,2026-06-24,2026-06-16,2026-06,PNG01,5920,,ACT,LinkedIn,BOB-PL-0329,PO-PL-1358,AUD,48602.75,GST-FREE,P&L transaction - FX Loss,API Import
TXN004538,2026-06-25,2026-06-20,2026-06,PNG01,2210,,NT,Snowflake,BOB-PL-0330,PO-PL-6463,NZD,198064.84,INPUT,P&L transaction - Income tax payable,Manual Entry
TXN004539,2026-06-09,2026-06-06,2026-06,NZL01,5000,,VIC,Officeworks,BOB-PL-0331,PO-PL-1477,USD,134671.83,GST-FREE,P&L transaction - Salaries and wages,API Import
TXN004540,2026-06-22,2026-06-12,2026-06,FJI01,2210,,QLD,Officeworks,BOB-PL-0332,PO-PL-2179,GBP,159778.73,EXPORT,P&L transaction - Income tax payable,API Import
TXN004541,2026-06-05,2026-02-25,2026-06,AUS01,2210,,NSW,LinkedIn,BOB-PL-0333,PO-PL-7863,NZD,126612.34,GST,P&L transaction - Income tax payable,Workday
TXN004542,2026-06-25,2026-06-24,2026-06,AUS01,2210,,HR,Qantas Commercial,BOB-PL-0334,PO-PL-7932,AUD,177768.63,GST-FREE,P&L transaction - Income tax payable,Manual Entry
TXN004543,2026-06-11,2026-06-01,2026-06,FJI01,5920,,SA,Qantas Commercial,BOB-PL-0335,PO-PL-8829,GBP,63689.58,EXPORT,P&L transaction - FX Loss,SAP
TXN004544,2026-06-07,2026-06-06,2026-06,NZL01,5210,,OPS,Officeworks,BOB-PL-0336,PO-PL-7982,AUD,112944.22,INPUT,P&L transaction - Cloud services,Workday
TXN004545,2026-06-24,2026-06-19,2026-06,PNG01,5200,,FIN,IBM Australia,BOB-PL-0337,PO-PL-5557,AUD,198377.36,GST-FREE,P&L transaction - Software licenses,SAP
TXN004546,2026-06-10,2026-06-07,2026-06,AUS01,5910,,CORP,AWS,BOB-PL-0338,PO-PL-8158,USD,88305.58,EXPORT,P&L transaction - Interest expense,Manual Entry
TXN004547,2026-06-10,2026-06-04,2026-06,AUS01,5920,,ACT,Snowflake,BOB-PL-0339,PO-PL-9583,AUD,9647.09,EXPORT,P&L transaction - FX Loss,Oracle
TXN004548,2026-06-28,2026-06-24,2026-06,FJI01,5920,,R&D,Melbourne Airport,BOB-PL-0340,PO-PL-9697,USD,45948.68,GST,P&L transaction - FX Loss,Oracle
TXN004549,2026-06-09,2026-06-08,2026-06,PNG01,4010,,WA,AWS,BOB-PL-0341,PO-PL-7170,AUD,457062.02,GST,P&L transaction - Service revenue,Oracle
TXN004550,2026-06-06,2026-06-02,2026-06,PNG01,5920,,SA,Oracle,BOB-PL-0342,PO-PL-2862,AUD,47174.1,GST-FREE,P&L transaction - FX Loss,Oracle
TXN004551,2026-06-14,2026-06-13,2026-06,FJI01,4100,,QLD,Qantas Commercial,BOB-PL-0343,PO-PL-5222,USD,165815.84,GST,P&L transaction - Interest income,Workday
TXN004552,2026-06-29,2026-06-23,2026-06,NZL01,5110,,HR,Deloitte,BOB-PL-0344,PO-PL-3360,AUD,107712.77,GST,P&L transaction - Utilities,SAP
TXN004553,2026-06-21,2026-06-16,2026-06,NZL01,5100,,CORP,LinkedIn,BOB-PL-0345,PO-PL-6100,GBP,63143.74,EXPORT,P&L transaction - Office rent,Oracle
TXN004554,2026-06-30,2026-06-22,2026-06,FJI01,5000,,IT,Oracle,BOB-PL-0346,PO-PL-2708,GBP,70242.07,GST-FREE,P&L transaction - Salaries and wages,SAP
TXN004555,2026-06-08,2026-06-04,2026-06,NZL01,5500,,VIC,LinkedIn,BOB-PL-0347,PO-PL-1807,NZD,79181.75,EXPORT,P&L transaction - Campaign spend,Oracle
TXN004556,2026-06-29,2026-06-24,2026-06,FJI01,5120,,VIC,Snowflake,BOB-PL-0348,PO-PL-5347,GBP,66017.52,EXPORT,P&L transaction - Office supplies,Manual Entry
TXN004557,2026-06-02,2026-06-01,2026-06,AUS01,4000,,VIC,Energy Australia,BOB-PL-0349,PO-PL-1243,AUD,182591.82,GST-FREE,P&L transaction - Product sales,Workday
TXN004558,2026-06-22,2026-06-19,2026-06,NZL01,5120,,ACT,SAP Australia,BOB-PL-0350,PO-PL-8921,USD,54067.77,EXPORT,P&L transaction - Office supplies,Manual Entry
TXN004559,2026-06-10,2026-06-03,2026-06,PNG01,5520,,NSW,Salesforce,BOB-PL-0351,PO-PL-2722,GBP,55914.3,EXPORT,P&L transaction - Events,Workday
TXN004560,2026-06-12,2026-06-08,2026-06,AUS01,5920,,OPS,Deloitte,BOB-PL-0352,PO-PL-2497,NZD,170468.96,GST,P&L transaction - FX Loss,API Import
TXN004561,2026-06-18,2026-06-10,2026-06,AUS01,2210,,R&D,Salesforce,BOB-PL-0353,PO-PL-3555,NZD,29742.95,GST-FREE,P&L transaction - Income tax payable,Manual Entry
TXN004562,2026-06-17,2026-06-15,2026-06,PNG01,4010,,TAS,Qantas Commercial,BOB-PL-0354,PO-PL-2043,AUD,131126.84,INPUT,P&L transaction - Service revenue,Workday
TXN004563,2026-06-11,2026-06-08,2026-06,FJI01,5520,,MKT,Snowflake,BOB-PL-0355,PO-PL-2701,AUD,116914.6,INPUT,P&L transaction - Events,Workday
TXN004564,2026-06-02,2026-02-21,2026-06,PNG01,2210,,IT,AWS,BOB-PL-0356,PO-PL-2945,NZD,100939.2,INPUT,P&L transaction - Income tax payable,Workday
TXN004565,2026-06-09,2026-06-03,2026-06,PNG01,4000,,TAS,Oracle,BOB-PL-0357,PO-PL-3409,NZD,122278.63,GST,P&L transaction - Product sales,Oracle
TXN004566,2026-06-15,2026-06-09,2026-06,AUS01,5520,,TAS,LinkedIn,BOB-PL-0358,PO-PL-2638,NZD,3486.51,GST,P&L transaction - Events,SAP
TXN004567,2026-06-02,2026-02-24,2026-06,FJI01,5200,,ACT,Melbourne Airport,BOB-PL-0359,PO-PL-1778,GBP,54879.97,EXPORT,P&L transaction - Software licenses,Workday
TXN004568,2026-06-31,2026-06-21,2026-06,NZL01,6030,,SA,Oracle,BOB-PL-0360,PO-PL-4313,NZD,37619.71,GST-FREE,P&L transaction - Manufacturing overhead,Oracle
TXN004569,2026-06-15,2026-06-05,2026-06,FJI01,4000,,VIC,Snowflake,BOB-PL-0361,PO-PL-8655,USD,73640.3,GST-FREE,P&L transaction - Product sales,Oracle
TXN004570,2026-06-27,2026-06-24,2026-06,AUS01,4020,,OPS,Oracle,BOB-PL-0362,PO-PL-9557,AUD,265233.26,EXPORT,P&L transaction - Subscription revenue,Manual Entry
TXN004571,2026-06-08,2026-02-28,2026-06,NZL01,5210,,SA,Salesforce,BOB-PL-0363,PO-PL-8807,NZD,80238.48,INPUT,P&L transaction - Cloud services,SAP
TXN004572,2026-06-10,2026-06-08,2026-06,PNG01,5910,,R&D,AWS,BOB-PL-0364,PO-PL-1950,USD,143885.92,INPUT,P&L transaction - Interest expense,Workday
TXN004573,2026-06-02,2026-02-21,2026-06,AUS01,2210,,ACT,QBE Insurance,BOB-PL-0365,PO-PL-5517,USD,35565.29,GST,P&L transaction - Income tax payable,SAP
TXN004574,2026-06-27,2026-06-26,2026-06,AUS01,5520,,HR,IBM Australia,BOB-PL-0366,PO-PL-6354,USD,54587.21,EXPORT,P&L transaction - Events,Workday
TXN004575,2026-06-29,2026-06-28,2026-06,PNG01,6000,,NT,Google Ads,BOB-PL-0367,PO-PL-6848,NZD,47553.68,GST-FREE,P&L transaction - Cost of goods sold,Workday
TXN004576,2026-06-25,2026-06-21,2026-06,PNG01,6010,,SA,SAP Australia,BOB-PL-0368,PO-PL-4646,USD,80604.04,GST-FREE,P&L transaction - Direct materials,Manual Entry
TXN004577,2026-06-04,2026-02-26,2026-06,NZL01,5110,,TAS,LinkedIn,BOB-PL-0369,PO-PL-9828,GBP,104600.98,INPUT,P&L transaction - Utilities,API Import
TXN004578,2026-06-21,2026-06-17,2026-06,AUS01,5700,,HR,QBE Insurance,BOB-PL-0370,PO-PL-9625,GBP,131906.59,INPUT,P&L transaction - Training,Workday
TXN004579,2026-06-13,2026-06-03,2026-06,PNG01,4010,,FIN,Salesforce,BOB-PL-0371,PO-PL-5608,AUD,476804.5,GST-FREE,P&L transaction - Service revenue,Oracle
TXN004580,2026-06-21,2026-06-20,2026-06,FJI01,5510,,VIC,Google Ads,BOB-PL-0372,PO-PL-1376,GBP,178829.25,GST,P&L transaction - Advertising,Workday
TXN004581,2026-06-26,2026-06-19,2026-06,FJI01,5200,,OPS,Microsoft,BOB-PL-0373,PO-PL-1979,AUD,18963.37,INPUT,P&L transaction - Software licenses,SAP
TXN004582,2026-06-15,2026-06-13,2026-06,NZL01,5200,,TAS,Energy Australia,BOB-PL-0374,PO-PL-9996,AUD,89319.67,INPUT,P&L transaction - Software licenses,SAP
TXN004583,2026-06-31,2026-06-24,2026-06,FJI01,2210,,HR,IBM Australia,BOB-PL-0375,PO-PL-1779,AUD,84708.36,GST-FREE,P&L transaction - Income tax payable,SAP
TXN004584,2026-06-18,2026-06-14,2026-06,AUS01,5700,,OPS,Officeworks,BOB-PL-0376,PO-PL-5200,USD,112486.09,GST-FREE,P&L transaction - Training,Workday
TXN004585,2026-06-31,2026-06-26,2026-06,PNG01,5510,,VIC,SAP Australia,BOB-PL-0377,PO-PL-7691,NZD,13114.43,INPUT,P&L transaction - Advertising,Manual Entry
TXN004586,2026-06-25,2026-06-21,2026-06,FJI01,6000,,R&D,Melbourne Airport,BOB-PL-0378,PO-PL-3157,GBP,120718.26,GST-FREE,P&L transaction - Cost of goods sold,SAP
TXN004587,2026-06-01,2026-02-22,2026-06,PNG01,5910,,MKT,Melbourne Airport,BOB-PL-0379,PO-PL-9156,NZD,111749.82,INPUT,P&L transaction - Interest expense,Manual Entry
TXN004588,2026-06-11,2026-06-07,2026-06,AUS01,5700,,QLD,Oracle,BOB-PL-0380,PO-PL-1613,NZD,106333.5,GST-FREE,P&L transaction - Training,Workday
TXN004589,2026-06-06,2026-06-05,2026-06,FJI01,5910,,NT,Qantas Commercial,BOB-PL-0381,PO-PL-3205,GBP,121630.89,EXPORT,P&L transaction - Interest expense,Oracle
TXN004590,2026-06-26,2026-06-17,2026-06,AUS01,2210,,FIN,Qantas Commercial,BOB-PL-0382,PO-PL-4850,NZD,90970.84,EXPORT,P&L transaction - Income tax payable,API Import
TXN004591,2026-06-20,2026-06-10,2026-06,FJI01,5700,,SA,LinkedIn,BOB-PL-0383,PO-PL-9398,USD,178681.36,GST,P&L transaction - Training,Manual Entry
TXN004592,2026-06-25,2026-06-15,2026-06,FJI01,6030,,NSW,Melbourne Airport,BOB-PL-0384,PO-PL-8308,USD,128700.67,INPUT,P&L transaction - Manufacturing overhead,Oracle
TXN004593,2026-06-12,2026-06-06,2026-06,FJI01,2210,,R&D,IBM Australia,BOB-PL-0385,PO-PL-3912,USD,89894.7,GST-FREE,P&L transaction - Income tax payable,Oracle
TXN004594,2026-06-27,2026-06-19,2026-06,FJI01,5510,,IT,Salesforce,BOB-PL-0386,PO-PL-8118,USD,150373.34,GST,P&L transaction - Advertising,Manual Entry
TXN004595,2026-06-09,2026-06-02,2026-06,PNG01,4010,,HR,LinkedIn,BOB-PL-0387,PO-PL-3939,AUD,476219.35,GST-FREE,P&L transaction - Service revenue,Manual Entry
TXN004596,2026-06-15,2026-06-12,2026-06,AUS01,5010,,WA,QBE Insurance,BOB-PL-0388,PO-PL-3141,NZD,183530.17,EXPORT,P&L transaction - Employee benefits,SAP
TXN004597,2026-06-30,2026-06-28,2026-06,FJI01,5500,,OPS,Snowflake,BOB-PL-0389,PO-PL-2323,AUD,178301.62,INPUT,P&L transaction - Campaign spend,Manual Entry
TXN004598,2026-06-27,2026-06-24,2026-06,AUS01,4020,,HR,LinkedIn,BOB-PL-0390,PO-PL-1552,NZD,347104.21,GST-FREE,P&L transaction - Subscription revenue,Manual Entry
TXN004599,2026-06-03,2026-06-01,2026-06,NZL01,5300,,IT,Melbourne Airport,BOB-PL-0391,PO-PL-3262,USD,168666.82,GST-FREE,P&L transaction - Professional services,SAP
TXN004600,2026-06-19,2026-06-12,2026-06,PNG01,6030,,FIN,Google Ads,BOB-PL-0392,PO-PL-9536,USD,51187.85,GST,P&L transaction - Manufacturing overhead,Manual Entry
TXN004601,2026-06-22,2026-06-19,2026-06,PNG01,5000,,SA,IBM Australia,BOB-PL-0393,PO-PL-9162,NZD,159744.8,GST-FREE,P&L transaction - Salaries and wages,Manual Entry
TXN004602,2026-06-04,2026-02-28,2026-06,AUS01,5700,,HR,Oracle,BOB-PL-0394,PO-PL-9222,AUD,195399.54,GST,P&L transaction - Training,Workday
TXN004603,2026-06-02,2026-02-21,2026-06,AUS01,4000,,SA,LinkedIn,BOB-PL-0395,PO-PL-3626,AUD,230374.4,INPUT,P&L transaction - Product sales,Workday
TXN004604,2026-06-03,2026-02-28,2026-06,NZL01,2210,,QLD,Officeworks,BOB-PL-0396,PO-PL-4508,USD,119948.4,GST-FREE,P&L transaction - Income tax payable,Oracle
TXN004605,2026-06-13,2026-06-08,2026-06,FJI01,4010,,MKT,Snowflake,BOB-PL-0397,PO-PL-5009,GBP,469157.42,INPUT,P&L transaction - Service revenue,API Import
TXN004606,2026-06-13,2026-06-10,2026-06,PNG01,4010,,CORP,Google Ads,BOB-PL-0398,PO-PL-7514,AUD,288751.43,GST-FREE,P&L transaction - Service revenue,Manual Entry
TXN004607,2026-06-29,2026-06-22,2026-06,AUS01,2210,,TAS,Microsoft,BOB-PL-0399,PO-PL-3801,GBP,121757.92,EXPORT,P&L transaction - Income tax payable,Oracle
TXN004608,2026-06-16,2026-06-09,2026-06,AUS01,5510,,CORP,Qantas Commercial,BOB-PL-0400,PO-PL-3869,USD,84575.69,EXPORT,P&L transaction - Advertising,SAP
TXN004609,2026-06-29,2026-06-19,2026-06,NZL01,5200,,R&D,Energy Australia,BOB-PL-0401,PO-PL-2441,USD,103603.74,GST-FREE,P&L transaction - Software licenses,Manual Entry
TXN004610,2026-06-29,2026-06-24,2026-06,NZL01,5300,,FIN,IBM Australia,BOB-PL-0402,PO-PL-8643,GBP,60690.34,GST,P&L transaction - Professional services,Workday
TXN004611,2026-06-08,2026-06-03,2026-06,FJI01,5320,,VIC,Oracle,BOB-PL-0403,PO-PL-9026,AUD,25010.41,EXPORT,P&L transaction - Audit fees,Workday
TXN004612,2026-06-08,2026-06-06,2026-06,FJI01,6020,,CORP,IBM Australia,BOB-PL-0404,PO-PL-4397,AUD,45363.28,INPUT,P&L transaction - Direct labor,Workday
TXN004613,2026-06-12,2026-06-08,2026-06,PNG01,4100,,WA,Salesforce,BOB-PL-0405,PO-PL-1624,NZD,52706.07,GST,P&L transaction - Interest income,Oracle
TXN004614,2026-06-16,2026-06-10,2026-06,PNG01,5910,,VIC,Officeworks,BOB-PL-0406,PO-PL-9642,NZD,11437.18,GST-FREE,P&L transaction - Interest expense,SAP
TXN004615,2026-06-12,2026-06-10,2026-06,FJI01,5520,,MKT,Qantas Commercial,BOB-PL-0407,PO-PL-2009,GBP,154244.35,INPUT,P&L transaction - Events,Manual Entry
TXN004616,2026-06-31,2026-06-29,2026-06,PNG01,4010,,QLD,Oracle,BOB-PL-0408,PO-PL-2812,GBP,312751.0,GST,P&L transaction - Service revenue,API Import
TXN004617,2026-06-21,2026-06-20,2026-06,NZL01,2210,,NSW,Microsoft,BOB-PL-0409,PO-PL-6431,USD,23091.02,EXPORT,P&L transaction - Income tax payable,SAP
TXN004618,2026-06-09,2026-02-28,2026-06,PNG01,4100,,R&D,Oracle,BOB-PL-0410,PO-PL-3914,AUD,164217.04,GST,P&L transaction - Interest income,Manual Entry
TXN004619,2026-06-09,2026-06-05,2026-06,NZL01,5910,,WA,Qantas Commercial,BOB-PL-0411,PO-PL-6128,USD,184897.1,GST,P&L transaction - Interest expense,API Import
TXN004620,2026-06-31,2026-06-22,2026-06,AUS01,6000,,IT,Oracle,BOB-PL-0412,PO-PL-1429,GBP,47750.72,GST,P&L transaction - Cost of goods sold,Manual Entry
TXN004621,2026-06-11,2026-06-06,2026-06,NZL01,4000,,R&D,LinkedIn,BOB-PL-0413,PO-PL-6799,GBP,77361.19,EXPORT,P&L transaction - Product sales,Workday
TXN004622,2026-06-01,2026-02-19,2026-06,AUS01,5000,,FIN,LinkedIn,BOB-PL-0414,PO-PL-7046,NZD,53454.92,INPUT,P&L transaction - Salaries and wages,SAP
TXN004623,2026-06-23,2026-06-20,2026-06,AUS01,5210,,ACT,Qantas Commercial,BOB-PL-0415,PO-PL-1402,NZD,65699.34,EXPORT,P&L transaction - Cloud services,Manual Entry
TXN004624,2026-06-21,2026-06-15,2026-06,NZL01,5520,,ACT,QBE Insurance,BOB-PL-0416,PO-PL-6466,NZD,26783.21,GST-FREE,P&L transaction - Events,Workday
TXN004625,2026-06-28,2026-06-24,2026-06,FJI01,4100,,R&D,Salesforce,BOB-PL-0417,PO-PL-7236,NZD,147898.55,EXPORT,P&L transaction - Interest income,Manual Entry
TXN004626,2026-06-31,2026-06-30,2026-06,FJI01,6020,,IT,Energy Australia,BOB-PL-0418,PO-PL-4168,AUD,113272.9,GST,P&L transaction - Direct labor,Workday
TXN004627,2026-06-12,2026-06-06,2026-06,PNG01,2210,,TAS,LinkedIn,BOB-PL-0419,PO-PL-6830,NZD,43661.2,INPUT,P&L transaction - Income tax payable,Workday
TXN004628,2026-06-15,2026-06-07,2026-06,NZL01,5000,,HR,Energy Australia,BOB-PL-0420,PO-PL-4573,AUD,151288.82,EXPORT,P&L transaction - Salaries and wages,Manual Entry
TXN004629,2026-06-03,2026-02-22,2026-06,FJI01,4100,,R&D,Officeworks,BOB-PL-0421,PO-PL-2774,NZD,440503.63,GST-FREE,P&L transaction - Interest income,SAP
TXN004630,2026-06-19,2026-06-09,2026-06,PNG01,5520,,IT,Deloitte,BOB-PL-0422,PO-PL-9946,AUD,72861.02,GST,P&L transaction - Events,Manual Entry
TXN004631,2026-06-23,2026-06-18,2026-06,PNG01,6010,,IT,LinkedIn,BOB-PL-0423,PO-PL-3766,NZD,61123.95,GST,P&L transaction - Direct materials,Manual Entry
TXN004632,2026-06-27,2026-06-26,2026-06,AUS01,5100,,IT,AWS,BOB-PL-0424,PO-PL-6097,NZD,139076.25,GST,P&L transaction - Office rent,Manual Entry
TXN004633,2026-06-17,2026-06-12,2026-06,FJI01,6000,,SA,IBM Australia,BOB-PL-0425,PO-PL-3337,NZD,89704.83,GST,P&L transaction - Cost of goods sold,SAP
TXN004634,2026-06-04,2026-02-22,2026-06,NZL01,5520,,WA,IBM Australia,BOB-PL-0426,PO-PL-5897,AUD,190468.09,INPUT,P&L transaction - Events,Workday
TXN004635,2026-06-18,2026-06-12,2026-06,NZL01,2210,,IT,Google Ads,BOB-PL-0427,PO-PL-8068,AUD,76946.73,EXPORT,P&L transaction - Income tax payable,SAP
TXN004636,2026-06-16,2026-06-12,2026-06,FJI01,4020,,VIC,Oracle,BOB-PL-0428,PO-PL-2966,USD,396376.89,GST-FREE,P&L transaction - Subscription revenue,SAP
TXN004637,2026-06-07,2026-02-25,2026-06,NZL01,2210,,NSW,Qantas Commercial,BOB-PL-0429,PO-PL-3798,USD,179980.38,INPUT,P&L transaction - Income tax payable,SAP
TXN004638,2026-06-05,2026-02-23,2026-06,FJI01,5500,,SA,Energy Australia,BOB-PL-0430,PO-PL-1128,AUD,159702.35,GST-FREE,P&L transaction - Campaign spend,SAP
TXN004639,2026-06-07,2026-06-04,2026-06,PNG01,2210,,WA,AWS,BOB-PL-0431,PO-PL-4365,NZD,161019.48,GST-FREE,P&L transaction - Income tax payable,SAP
TXN004640,2026-06-04,2026-02-22,2026-06,PNG01,5920,,OPS,Salesforce,BOB-PL-0432,PO-PL-2727,GBP,42197.97,EXPORT,P&L transaction - FX Loss,Workday
TXN004641,2026-06-25,2026-06-19,2026-06,AUS01,4010,,MKT,LinkedIn,BOB-PL-0433,PO-PL-3923,GBP,188586.08,EXPORT,P&L transaction - Service revenue,Manual Entry
TXN004642,2026-06-10,2026-06-07,2026-06,FJI01,4010,,ACT,Oracle,BOB-PL-0434,PO-PL-8631,GBP,381642.96,EXPORT,P&L transaction - Service revenue,API Import
TXN004643,2026-06-17,2026-06-10,2026-06,NZL01,2210,,OPS,SAP Australia,BOB-PL-0435,PO-PL-8241,USD,174532.11,GST,P&L transaction - Income tax payable,Workday
TXN004644,2026-06-07,2026-06-06,2026-06,NZL01,5700,,WA,Qantas Commercial,BOB-PL-0436,PO-PL-5753,GBP,196573.22,INPUT,P&L transaction - Training,Workday
TXN004645,2026-06-06,2026-02-28,2026-06,NZL01,4000,,ACT,Google Ads,BOB-PL-0437,PO-PL-8865,AUD,230060.33,EXPORT,P&L transaction - Product sales,Oracle
TXN004646,2026-06-19,2026-06-09,2026-06,PNG01,6030,,HR,Officeworks,BOB-PL-0438,PO-PL-5432,USD,63590.2,EXPORT,P&L transaction - Manufacturing overhead,API Import
TXN004647,2026-06-17,2026-06-13,2026-06,AUS01,2210,,FIN,Melbourne Airport,BOB-PL-0439,PO-PL-5657,NZD,176971.39,GST,P&L transaction - Income tax payable,Oracle
TXN004648,2026-06-21,2026-06-11,2026-06,PNG01,6030,,NT,Salesforce,BOB-PL-0440,PO-PL-9674,AUD,69426.74,INPUT,P&L transaction - Manufacturing overhead,Oracle
TXN004649,2026-06-05,2026-06-03,2026-06,AUS01,6030,,IT,Energy Australia,BOB-PL-0441,PO-PL-2478,USD,109926.59,EXPORT,P&L transaction - Manufacturing overhead,Manual Entry
TXN004650,2026-06-12,2026-06-09,2026-06,FJI01,4020,,FIN,SAP Australia,BOB-PL-0442,PO-PL-5985,NZD,407994.18,GST,P&L transaction - Subscription revenue,Oracle
TXN004651,2026-06-09,2026-06-01,2026-06,PNG01,5320,,MKT,Officeworks,BOB-PL-0443,PO-PL-2675,USD,41764.06,EXPORT,P&L transaction - Audit fees,SAP
TXN004652,2026-06-05,2026-02-28,2026-06,FJI01,4010,,NSW,AWS,BOB-PL-0444,PO-PL-4923,AUD,438281.33,GST-FREE,P&L transaction - Service revenue,Oracle
TXN004653,2026-06-04,2026-02-28,2026-06,NZL01,5200,,MKT,Microsoft,BOB-PL-0445,PO-PL-4180,NZD,39133.62,GST-FREE,P&L transaction - Software licenses,SAP
TXN004654,2026-06-20,2026-06-12,2026-06,AUS01,4000,,OPS,QBE Insurance,BOB-PL-0446,PO-PL-8677,USD,358196.22,EXPORT,P&L transaction - Product sales,API Import
TXN004655,2026-06-05,2026-02-24,2026-06,FJI01,5300,,VIC,Salesforce,BOB-PL-0447,PO-PL-2403,AUD,55973.25,GST,P&L transaction - Professional services,Workday
TXN004656,2026-06-25,2026-06-17,2026-06,NZL01,5520,,NT,QBE Insurance,BOB-PL-0448,PO-PL-7555,USD,188891.27,EXPORT,P&L transaction - Events,API Import
TXN004657,2026-06-31,2026-06-23,2026-06,AUS01,5510,,NSW,AWS,BOB-PL-0449,PO-PL-6936,GBP,11331.96,GST,P&L transaction - Advertising,Workday
TXN004658,2026-06-05,2026-02-25,2026-06,PNG01,4100,,TAS,IBM Australia,BOB-PL-0450,PO-PL-7797,AUD,317720.8,GST,P&L transaction - Interest income,SAP
TXN004659,2026-06-13,2026-06-10,2026-06,FJI01,5920,,R&D,SAP Australia,BOB-PL-0451,PO-PL-8603,NZD,152055.17,EXPORT,P&L transaction - FX Loss,API Import
TXN004660,2026-06-04,2026-02-25,2026-06,NZL01,5120,,IT,IBM Australia,BOB-PL-0452,PO-PL-7344,USD,149163.69,GST-FREE,P&L transaction - Office supplies,Manual Entry
TXN004661,2026-06-21,2026-06-16,2026-06,AUS01,5010,,OPS,AWS,BOB-PL-0453,PO-PL-3621,NZD,126154.11,GST,P&L transaction - Employee benefits,Manual Entry
TXN004662,2026-06-08,2026-06-04,2026-06,NZL01,5510,,NT,Oracle,BOB-PL-0454,PO-PL-1844,USD,13719.98,INPUT,P&L transaction - Advertising,API Import
TXN004663,2026-06-17,2026-06-13,2026-06,PNG01,5700,,VIC,Deloitte,BOB-PL-0455,PO-PL-2621,AUD,28787.84,GST-FREE,P&L transaction - Training,Workday
TXN004664,2026-06-30,2026-06-25,2026-06,AUS01,4000,,IT,QBE Insurance,BOB-PL-0456,PO-PL-8796,GBP,377990.16,EXPORT,P&L transaction - Product sales,Oracle
TXN004665,2026-06-18,2026-06-14,2026-06,FJI01,6020,,IT,LinkedIn,BOB-PL-0457,PO-PL-8918,NZD,134581.59,INPUT,P&L transaction - Direct labor,Manual Entry
TXN004666,2026-06-18,2026-06-12,2026-06,AUS01,2210,,FIN,Oracle,BOB-PL-0458,PO-PL-8270,USD,160213.23,GST,P&L transaction - Income tax payable,Oracle
TXN004667,2026-06-04,2026-06-02,2026-06,FJI01,5510,,QLD,Oracle,BOB-PL-0459,PO-PL-5882,USD,132457.85,INPUT,P&L transaction - Advertising,Workday
TXN004668,2026-06-30,2026-06-26,2026-06,FJI01,5100,,VIC,Oracle,BOB-PL-0460,PO-PL-7122,GBP,168450.5,GST,P&L transaction - Office rent,Workday
TXN004669,2026-06-29,2026-06-21,2026-06,PNG01,6010,,OPS,IBM Australia,BOB-PL-0461,PO-PL-7726,USD,93870.86,GST,P&L transaction - Direct materials,API Import
TXN004670,2026-06-30,2026-06-20,2026-06,AUS01,5910,,TAS,Microsoft,BOB-PL-0462,PO-PL-8347,USD,103909.52,EXPORT,P&L transaction - Interest expense,Workday
TXN004671,2026-06-26,2026-06-23,2026-06,NZL01,5100,,R&D,IBM Australia,BOB-PL-0463,PO-PL-4288,NZD,40572.89,EXPORT,P&L transaction - Office rent,Workday
TXN004672,2026-06-31,2026-06-28,2026-06,NZL01,4100,,TAS,LinkedIn,BOB-PL-0464,PO-PL-6899,NZD,177895.42,GST-FREE,P&L transaction - Interest income,Workday
TXN004673,2026-06-18,2026-06-13,2026-06,PNG01,6030,,SA,Oracle,BOB-PL-0465,PO-PL-8053,USD,63408.42,GST,P&L transaction - Manufacturing overhead,API Import
TXN004674,2026-06-06,2026-02-27,2026-06,AUS01,5110,,WA,Officeworks,BOB-PL-0466,PO-PL-4993,AUD,177691.7,EXPORT,P&L transaction - Utilities,Manual Entry
TXN004675,2026-06-23,2026-06-22,2026-06,PNG01,2210,,CORP,Salesforce,BOB-PL-0467,PO-PL-7420,GBP,122602.19,GST,P&L transaction - Income tax payable,Oracle
TXN004676,2026-06-03,2026-02-21,2026-06,PNG01,2210,,HR,Microsoft,BOB-PL-0468,PO-PL-7888,USD,124541.59,GST-FREE,P&L transaction - Income tax payable,Manual Entry
TXN004677,2026-06-18,2026-06-11,2026-06,AUS01,6010,,NT,Melbourne Airport,BOB-PL-0469,PO-PL-1816,NZD,22935.66,GST-FREE,P&L transaction - Direct materials,Manual Entry
TXN004678,2026-06-14,2026-06-05,2026-06,NZL01,5100,,CORP,QBE Insurance,BOB-PL-0470,PO-PL-3650,AUD,111283.34,GST-FREE,P&L transaction - Office rent,Workday
TXN004679,2026-06-01,2026-02-26,2026-06,NZL01,4100,,NT,Melbourne Airport,BOB-PL-0471,PO-PL-9792,NZD,304044.34,INPUT,P&L transaction - Interest income,Oracle
TXN004680,2026-06-27,2026-06-24,2026-06,AUS01,4010,,VIC,Qantas Commercial,BOB-PL-0472,PO-PL-8041,AUD,331085.06,EXPORT,P&L transaction - Service revenue,Manual Entry
TXN004681,2026-06-01,2026-02-26,2026-06,NZL01,5120,,ACT,Snowflake,BOB-PL-0473,PO-PL-8824,GBP,187398.64,INPUT,P&L transaction - Office supplies,SAP
TXN004682,2026-06-23,2026-06-21,2026-06,NZL01,6010,,HR,Microsoft,BOB-PL-0474,PO-PL-7608,AUD,87514.04,GST,P&L transaction - Direct materials,Workday
TXN004683,2026-06-25,2026-06-22,2026-06,PNG01,5120,,TAS,Energy Australia,BOB-PL-0475,PO-PL-2131,USD,181084.62,INPUT,P&L transaction - Office supplies,API Import
TXN004684,2026-06-02,2026-02-22,2026-06,PNG01,2210,,OPS,SAP Australia,BOB-PL-0476,PO-PL-3369,GBP,157240.63,INPUT,P&L transaction - Income tax payable,Oracle
TXN004685,2026-06-07,2026-06-01,2026-06,FJI01,5700,,R&D,Oracle,BOB-PL-0477,PO-PL-8179,AUD,168733.88,INPUT,P&L transaction - Training,Oracle
TXN004686,2026-06-20,2026-06-15,2026-06,AUS01,2210,,FIN,Energy Australia,BOB-PL-0478,PO-PL-4156,USD,162197.04,GST,P&L transaction - Income tax payable,Manual Entry
TXN004687,2026-06-28,2026-06-25,2026-06,PNG01,5910,,FIN,AWS,BOB-PL-0479,PO-PL-3257,USD,62690.04,GST-FREE,P&L transaction - Interest expense,Workday
TXN004688,2026-06-04,2026-02-23,2026-06,FJI01,5110,,R&D,QBE Insurance,BOB-PL-0480,PO-PL-8555,GBP,59568.02,GST,P&L transaction - Utilities,API Import
TXN004689,2026-06-31,2026-06-23,2026-06,PNG01,2210,,HR,Snowflake,BOB-PL-0481,PO-PL-3119,USD,139371.32,EXPORT,P&L transaction - Income tax payable,Workday
TXN004690,2026-06-02,2026-02-23,2026-06,AUS01,5210,,VIC,Oracle,BOB-PL-0482,PO-PL-5204,NZD,110244.42,GST,P&L transaction - Cloud services,Workday
TXN004691,2026-06-22,2026-06-14,2026-06,PNG01,4020,,NSW,Salesforce,BOB-PL-0483,PO-PL-7003,NZD,70483.4,GST,P&L transaction - Subscription revenue,API Import
TXN004692,2026-06-18,2026-06-12,2026-06,AUS01,4100,,NSW,SAP Australia,BOB-PL-0484,PO-PL-5832,USD,149820.08,EXPORT,P&L transaction - Interest income,SAP
TXN004693,2026-06-07,2026-06-01,2026-06,FJI01,4010,,IT,Snowflake,BOB-PL-0485,PO-PL-4089,GBP,273854.47,GST-FREE,P&L transaction - Service revenue,SAP
TXN004694,2026-06-08,2026-02-26,2026-06,AUS01,6010,,MKT,AWS,BOB-PL-0486,PO-PL-2766,AUD,44985.42,EXPORT,P&L transaction - Direct materials,Manual Entry
TXN004695,2026-06-04,2026-02-27,2026-06,PNG01,2210,,CORP,Snowflake,BOB-PL-0487,PO-PL-5186,NZD,106192.96,GST-FREE,P&L transaction - Income tax payable,Manual Entry
TXN004696,2026-06-26,2026-06-17,2026-06,FJI01,5100,,TAS,IBM Australia,BOB-PL-0488,PO-PL-6177,NZD,199266.42,EXPORT,P&L transaction - Office rent,SAP
TXN004697,2026-06-08,2026-06-01,2026-06,AUS01,5920,,SA,IBM Australia,BOB-PL-0489,PO-PL-2171,AUD,64421.47,INPUT,P&L transaction - FX Loss,API Import
TXN004698,2026-06-06,2026-02-24,2026-06,NZL01,5200,,NSW,QBE Insurance,BOB-PL-0490,PO-PL-9342,GBP,14429.92,INPUT,P&L transaction - Software licenses,API Import
TXN004699,2026-06-14,2026-06-06,2026-06,NZL01,5000,,WA,Officeworks,BOB-PL-0491,PO-PL-8680,USD,72240.84,GST-FREE,P&L transaction - Salaries and wages,SAP
TXN004700,2026-06-13,2026-06-11,2026-06,AUS01,4020,,ACT,Google Ads,BOB-PL-0492,PO-PL-2031,AUD,266879.15,EXPORT,P&L transaction - Subscription revenue,Oracle
TXN004701,2026-06-19,2026-06-10,2026-06,NZL01,5110,,VIC,Snowflake,BOB-PL-0493,PO-PL-9498,NZD,109832.31,EXPORT,P&L transaction - Utilities,SAP
TXN004702,2026-06-29,2026-06-20,2026-06,PNG01,5320,,NSW,AWS,BOB-PL-0494,PO-PL-4221,AUD,17424.37,GST-FREE,P&L transaction - Audit fees,Oracle
TXN004703,2026-06-21,2026-06-19,2026-06,NZL01,2210,,FIN,SAP Australia,BOB-PL-0495,PO-PL-6625,AUD,23278.86,GST,P&L transaction - Income tax payable,SAP
TXN004704,2026-06-18,2026-06-15,2026-06,AUS01,5910,,R&D,Energy Australia,BOB-PL-0496,PO-PL-7137,AUD,131427.49,GST,P&L transaction - Interest expense,SAP
TXN004705,2026-06-22,2026-06-16,2026-06,PNG01,5010,,CORP,SAP Australia,BOB-PL-0497,PO-PL-4670,GBP,38892.8,EXPORT,P&L transaction - Employee benefits,API Import
TXN004706,2026-06-06,2026-06-04,2026-06,PNG01,5100,,NT,Snowflake,BOB-PL-0498,PO-PL-6797,GBP,128331.82,GST-FREE,P&L transaction - Office rent,Workday
TXN004707,2026-06-23,2026-06-21,2026-06,PNG01,5100,,NT,LinkedIn,BOB-PL-0499,PO-PL-9461,AUD,100340.7,GST-FREE,P&L transaction - Office rent,Oracle
TXN004708,2026-06-19,2026-06-17,2026-06,PNG01,5700,,FIN,Deloitte,BOB-PL-0500,PO-PL-9629,USD,77411.56,GST,P&L transaction - Training,Manual Entry
TXN004709,2026-06-23,2026-06-15,2026-06,PNG01,5300,,R&D,Microsoft,BOB-PL-0501,PO-PL-6284,AUD,62398.96,GST,P&L transaction - Professional services,Manual Entry
TXN004710,2026-06-26,2026-06-18,2026-06,PNG01,5700,,IT,LinkedIn,BOB-PL-0502,PO-PL-6521,NZD,139557.98,GST,P&L transaction - Training,Manual Entry
TXN004711,2026-06-11,2026-06-04,2026-06,AUS01,4020,,MKT,Deloitte,BOB-PL-0503,PO-PL-4878,GBP,367832.47,GST,P&L transaction - Subscription revenue,Oracle
TXN004712,2026-06-19,2026-06-17,2026-06,FJI01,5210,,MKT,Melbourne Airport,BOB-PL-0504,PO-PL-8146,NZD,143081.82,INPUT,P&L transaction - Cloud services,Oracle
TXN004713,2026-06-13,2026-06-10,2026-06,AUS01,4010,,SA,Officeworks,BOB-PL-0505,PO-PL-3684,NZD,302764.19,INPUT,P&L transaction - Service revenue,API Import
TXN004714,2026-06-28,2026-06-19,2026-06,NZL01,4010,,FIN,Salesforce,BOB-PL-0506,PO-PL-6188,GBP,85672.26,GST,P&L transaction - Service revenue,SAP
TXN004715,2026-06-27,2026-06-20,2026-06,AUS01,5520,,SA,Qantas Commercial,BOB-PL-0507,PO-PL-9956,GBP,198108.82,GST,P&L transaction - Events,API Import
TXN004716,2026-06-16,2026-06-10,2026-06,AUS01,4010,,QLD,Salesforce,BOB-PL-0508,PO-PL-9729,NZD,318230.45,EXPORT,P&L transaction - Service revenue,Oracle
TXN004717,2026-06-11,2026-06-03,2026-06,PNG01,5110,,WA,Oracle,BOB-PL-0509,PO-PL-6412,GBP,62795.29,EXPORT,P&L transaction - Utilities,API Import
TXN004718,2026-06-03,2026-02-22,2026-06,FJI01,5210,,WA,Oracle,BOB-PL-0510,PO-PL-9263,GBP,32559.69,GST-FREE,P&L transaction - Cloud services,SAP
TXN004719,2026-06-12,2026-06-09,2026-06,AUS01,5520,,SA,IBM Australia,BOB-PL-0511,PO-PL-3023,AUD,177698.96,EXPORT,P&L transaction - Events,Workday
TXN004720,2026-06-10,2026-06-09,2026-06,NZL01,5300,,FIN,Melbourne Airport,BOB-PL-0512,PO-PL-2133,AUD,189830.43,GST-FREE,P&L transaction - Professional services,Workday
TXN004721,2026-06-19,2026-06-15,2026-06,FJI01,5210,,CORP,LinkedIn,BOB-PL-0513,PO-PL-9675,AUD,122930.1,GST,P&L transaction - Cloud services,Oracle
TXN004722,2026-06-23,2026-06-16,2026-06,NZL01,5200,,R&D,AWS,BOB-PL-0514,PO-PL-3835,NZD,56394.07,EXPORT,P&L transaction - Software licenses,Workday
TXN004723,2026-06-12,2026-06-06,2026-06,PNG01,4010,,NSW,Melbourne Airport,BOB-PL-0515,PO-PL-6747,GBP,418984.99,GST-FREE,P&L transaction - Service revenue,API Import
TXN004724,2026-06-09,2026-06-08,2026-06,AUS01,5100,,ACT,Snowflake,BOB-PL-0516,PO-PL-9086,NZD,22223.89,GST,P&L transaction - Office rent,SAP
TXN004725,2026-06-19,2026-06-17,2026-06,PNG01,5000,,NT,Snowflake,BOB-PL-0517,PO-PL-9265,USD,56724.55,GST-FREE,P&L transaction - Salaries and wages,SAP
TXN004726,2026-06-26,2026-06-22,2026-06,PNG01,2210,,IT,Microsoft,BOB-PL-0518,PO-PL-5747,AUD,45039.32,GST-FREE,P&L transaction - Income tax payable,Manual Entry
TXN004727,2026-06-20,2026-06-14,2026-06,AUS01,5010,,NSW,AWS,BOB-PL-0519,PO-PL-8983,GBP,78127.8,GST,P&L transaction - Employee benefits,Manual Entry
TXN004728,2026-06-24,2026-06-18,2026-06,FJI01,5300,,ACT,SAP Australia,BOB-PL-0520,PO-PL-9235,USD,48051.73,GST,P&L transaction - Professional services,SAP
TXN004729,2026-06-25,2026-06-16,2026-06,FJI01,4100,,HR,Salesforce,BOB-PL-0521,PO-PL-3046,AUD,420401.64,GST-FREE,P&L transaction - Interest income,SAP
TXN004730,2026-06-05,2026-06-02,2026-06,AUS01,5320,,HR,Google Ads,BOB-PL-0522,PO-PL-9213,AUD,28931.12,GST,P&L transaction - Audit fees,Manual Entry
TXN004731,2026-06-24,2026-06-14,2026-06,AUS01,6020,,CORP,Deloitte,BOB-PL-0523,PO-PL-4390,USD,121175.74,INPUT,P&L transaction - Direct labor,Workday
TXN004732,2026-06-08,2026-02-26,2026-06,FJI01,4020,,TAS,Salesforce,BOB-PL-0524,PO-PL-8617,AUD,164574.18,EXPORT,P&L transaction - Subscription revenue,SAP
TXN004733,2026-06-26,2026-06-23,2026-06,NZL01,2210,,QLD,QBE Insurance,BOB-PL-0525,PO-PL-6767,GBP,118315.8,INPUT,P&L transaction - Income tax payable,Oracle
TXN004734,2026-06-23,2026-06-18,2026-06,AUS01,4000,,NSW,Melbourne Airport,BOB-PL-0526,PO-PL-4547,NZD,147508.68,GST,P&L transaction - Product sales,Workday
TXN004735,2026-06-21,2026-06-11,2026-06,AUS01,5200,,TAS,Snowflake,BOB-PL-0527,PO-PL-1918,AUD,79576.54,GST,P&L transaction - Software licenses,Workday
TXN004736,2026-06-18,2026-06-15,2026-06,AUS01,5500,,NT,Microsoft,BOB-PL-0528,PO-PL-7228,USD,147116.63,INPUT,P&L transaction - Campaign spend,Oracle
TXN004737,2026-06-20,2026-06-18,2026-06,FJI01,5120,,TAS,Microsoft,BOB-PL-0529,PO-PL-8956,AUD,52865.46,GST,P&L transaction - Office supplies,Manual Entry
TXN004738,2026-06-11,2026-06-03,2026-06,AUS01,5510,,CORP,Snowflake,BOB-PL-0530,PO-PL-5015,NZD,195278.08,GST,P&L transaction - Advertising,API Import
TXN004739,2026-06-16,2026-06-09,2026-06,NZL01,4010,,IT,SAP Australia,BOB-PL-0531,PO-PL-8109,AUD,475247.73,INPUT,P&L transaction - Service revenue,SAP
TXN004740,2026-06-17,2026-06-08,2026-06,PNG01,5200,,CORP,Officeworks,BOB-PL-0532,PO-PL-2154,GBP,67587.84,INPUT,P&L transaction - Software licenses,Manual Entry
TXN004741,2026-06-12,2026-06-11,2026-06,AUS01,5920,,TAS,Microsoft,BOB-PL-0533,PO-PL-6689,GBP,28855.89,EXPORT,P&L transaction - FX Loss,Oracle
TXN004742,2026-06-01,2026-02-22,2026-06,FJI01,5320,,MKT,Salesforce,BOB-PL-0534,PO-PL-3461,NZD,165800.3,EXPORT,P&L transaction - Audit fees,Workday
TXN004743,2026-06-12,2026-06-06,2026-06,PNG01,5520,,WA,Officeworks,BOB-PL-0535,PO-PL-5019,USD,43291.45,GST-FREE,P&L transaction - Events,Manual Entry
TXN004744,2026-06-09,2026-06-08,2026-06,PNG01,4000,,TAS,SAP Australia,BOB-PL-0536,PO-PL-5718,NZD,411232.12,GST,P&L transaction - Product sales,Workday
TXN004745,2026-06-17,2026-06-10,2026-06,FJI01,4010,,VIC,Oracle,BOB-PL-0537,PO-PL-4241,NZD,471467.68,INPUT,P&L transaction - Service revenue,Oracle
TXN004746,2026-06-18,2026-06-10,2026-06,FJI01,5210,,WA,Deloitte,BOB-PL-0538,PO-PL-5918,AUD,57790.22,EXPORT,P&L transaction - Cloud services,Workday
TXN004747,2026-06-06,2026-06-04,2026-06,FJI01,5110,,TAS,AWS,BOB-PL-0539,PO-PL-9074,USD,125051.55,GST,P&L transaction - Utilities,Manual Entry
TXN004748,2026-06-25,2026-06-20,2026-06,FJI01,4020,,SA,Oracle,BOB-PL-0540,PO-PL-8855,NZD,245478.66,GST,P&L transaction - Subscription revenue,Oracle
TXN004749,2026-06-05,2026-02-27,2026-06,PNG01,5110,,HR,Melbourne Airport,BOB-PL-0541,PO-PL-8595,NZD,11395.57,GST-FREE,P&L transaction - Utilities,Workday
TXN004750,2026-06-05,2026-02-23,2026-06,PNG01,5510,,WA,LinkedIn,BOB-PL-0542,PO-PL-4682,GBP,73464.47,INPUT,P&L transaction - Advertising,Oracle
TXN004751,2026-06-26,2026-06-21,2026-06,AUS01,6030,,ACT,Snowflake,BOB-PL-0543,PO-PL-6193,GBP,81533.39,GST-FREE,P&L transaction - Manufacturing overhead,Oracle
TXN004752,2026-06-27,2026-06-20,2026-06,PNG01,6000,,VIC,Oracle,BOB-PL-0544,PO-PL-7687,AUD,40107.16,GST-FREE,P&L transaction - Cost of goods sold,SAP
TXN004753,2026-06-04,2026-06-02,2026-06,PNG01,5520,,QLD,SAP Australia,BOB-PL-0545,PO-PL-2212,GBP,126291.63,GST-FREE,P&L transaction - Events,Workday
TXN004754,2026-06-23,2026-06-14,2026-06,NZL01,5110,,R&D,Deloitte,BOB-PL-0546,PO-PL-9657,NZD,52414.87,INPUT,P&L transaction - Utilities,Manual Entry
TXN004755,2026-06-28,2026-06-19,2026-06,FJI01,5300,,SA,LinkedIn,BOB-PL-0547,PO-PL-8209,USD,153693.39,EXPORT,P&L transaction - Professional services,Workday
TXN004756,2026-06-28,2026-06-18,2026-06,AUS01,5700,,IT,Deloitte,BOB-PL-0548,PO-PL-8443,NZD,31959.5,GST,P&L transaction - Training,Workday
TXN004757,2026-06-01,2026-02-22,2026-06,NZL01,6020,,ACT,Salesforce,BOB-PL-0549,PO-PL-1556,USD,44392.07,GST,P&L transaction - Direct labor,Manual Entry
TXN004758,2026-06-10,2026-06-03,2026-06,PNG01,6020,,WA,SAP Australia,BOB-PL-0550,PO-PL-1363,GBP,32541.97,GST,P&L transaction - Direct labor,SAP
TXN004759,2026-06-12,2026-06-09,2026-06,AUS01,5920,,QLD,Microsoft,BOB-PL-0551,PO-PL-7521,GBP,55398.74,INPUT,P&L transaction - FX Loss,SAP
TXN004760,2026-06-10,2026-06-08,2026-06,AUS01,5210,,OPS,Oracle,BOB-PL-0552,PO-PL-9040,GBP,27722.25,EXPORT,P&L transaction - Cloud services,Workday
TXN004761,2026-06-29,2026-06-21,2026-06,AUS01,4000,,R&D,Officeworks,BOB-PL-0553,PO-PL-5525,AUD,249512.63,GST,P&L transaction - Product sales,Manual Entry
TXN004762,2026-06-09,2026-06-01,2026-06,PNG01,5910,,WA,Deloitte,BOB-PL-0554,PO-PL-9332,GBP,135346.24,GST,P&L transaction - Interest expense,Workday
TXN004763,2026-06-01,2026-02-20,2026-06,NZL01,5010,,NT,Microsoft,BOB-PL-0555,PO-PL-2089,USD,78948.22,INPUT,P&L transaction - Employee benefits,Workday
TXN004764,2026-06-19,2026-06-09,2026-06,PNG01,4100,,NSW,Deloitte,BOB-PL-0556,PO-PL-2923,NZD,476501.43,EXPORT,P&L transaction - Interest income,Oracle
TXN004765,2026-06-12,2026-06-07,2026-06,FJI01,5300,,R&D,Google Ads,BOB-PL-0557,PO-PL-4753,GBP,4899.64,EXPORT,P&L transaction - Professional services,Workday
TXN004766,2026-06-23,2026-06-18,2026-06,NZL01,4100,,R&D,Oracle,BOB-PL-0558,PO-PL-1671,NZD,73872.32,GST,P&L transaction - Interest income,Manual Entry
TXN004767,2026-06-20,2026-06-15,2026-06,NZL01,2210,,MKT,Google Ads,BOB-PL-0559,PO-PL-6243,AUD,33720.85,GST-FREE,P&L transaction - Income tax payable,Workday
TXN004768,2026-06-30,2026-06-27,2026-06,AUS01,5120,,CORP,SAP Australia,BOB-PL-0560,PO-PL-2501,USD,27008.18,INPUT,P&L transaction - Office supplies,Workday
TXN004769,2026-06-17,2026-06-16,2026-06,AUS01,4010,,VIC,Officeworks,BOB-PL-0561,PO-PL-6974,AUD,218325.51,INPUT,P&L transaction - Service revenue,Oracle
TXN004770,2026-06-27,2026-06-17,2026-06,FJI01,5210,,MKT,Officeworks,BOB-PL-0562,PO-PL-2332,NZD,110408.62,GST,P&L transaction - Cloud services,SAP
TXN004771,2026-06-26,2026-06-23,2026-06,NZL01,4000,,OPS,Google Ads,BOB-PL-0563,PO-PL-2004,GBP,371847.28,GST,P&L transaction - Product sales,Oracle
TXN004772,2026-06-29,2026-06-27,2026-06,PNG01,5520,,NSW,Qantas Commercial,BOB-PL-0564,PO-PL-2332,USD,93585.55,GST-FREE,P&L transaction - Events,Manual Entry
TXN004773,2026-06-13,2026-06-09,2026-06,PNG01,4100,,ACT,Oracle,BOB-PL-0565,PO-PL-6329,NZD,235532.76,INPUT,P&L transaction - Interest income,SAP
TXN004774,2026-06-07,2026-02-25,2026-06,NZL01,2210,,QLD,AWS,BOB-PL-0566,PO-PL-8683,NZD,41181.99,GST-FREE,P&L transaction - Income tax payable,Oracle
TXN004775,2026-06-22,2026-06-15,2026-06,FJI01,5500,,ACT,Officeworks,BOB-PL-0567,PO-PL-6249,USD,85716.76,GST-FREE,P&L transaction - Campaign spend,SAP
TXN004776,2026-06-21,2026-06-11,2026-06,AUS01,5520,,VIC,Melbourne Airport,BOB-PL-0568,PO-PL-8744,AUD,135382.71,GST,P&L transaction - Events,Workday
TXN004777,2026-06-15,2026-06-14,2026-06,PNG01,5100,,VIC,QBE Insurance,BOB-PL-0569,PO-PL-8004,AUD,81590.86,GST,P&L transaction - Office rent,Workday
TXN004778,2026-06-26,2026-06-16,2026-06,NZL01,5500,,FIN,Qantas Commercial,BOB-PL-0570,PO-PL-1522,GBP,126513.5,GST,P&L transaction - Campaign spend,Manual Entry
TXN004779,2026-06-22,2026-06-18,2026-06,PNG01,6020,,IT,Qantas Commercial,BOB-PL-0571,PO-PL-8747,NZD,50928.45,GST,P&L transaction - Direct labor,Manual Entry
TXN004780,2026-06-19,2026-06-14,2026-06,AUS01,5920,,NT,Deloitte,BOB-PL-0572,PO-PL-9069,NZD,117216.7,GST-FREE,P&L transaction - FX Loss,API Import
TXN004781,2026-06-01,2026-02-25,2026-06,AUS01,4010,,SA,QBE Insurance,BOB-PL-0573,PO-PL-9347,AUD,272935.03,INPUT,P&L transaction - Service revenue,Oracle
TXN004782,2026-06-26,2026-06-16,2026-06,PNG01,5110,,MKT,QBE Insurance,BOB-PL-0574,PO-PL-3599,USD,46968.62,EXPORT,P&L transaction - Utilities,Workday
TXN004783,2026-06-03,2026-06-02,2026-06,FJI01,5200,,TAS,Oracle,BOB-PL-0575,PO-PL-1344,NZD,164649.14,INPUT,P&L transaction - Software licenses,Manual Entry
TXN004784,2026-06-22,2026-06-13,2026-06,FJI01,4020,,NT,Microsoft,BOB-PL-0576,PO-PL-4613,AUD,438634.92,INPUT,P&L transaction - Subscription revenue,Manual Entry
TXN004785,2026-06-09,2026-02-28,2026-06,FJI01,4020,,NT,Salesforce,BOB-PL-0577,PO-PL-7005,NZD,483575.91,GST-FREE,P&L transaction - Subscription revenue,Oracle
TXN004786,2026-06-13,2026-06-06,2026-06,AUS01,5500,,CORP,Salesforce,BOB-PL-0578,PO-PL-2247,NZD,189465.67,GST,P&L transaction - Campaign spend,Workday
TXN004787,2026-06-23,2026-06-14,2026-06,AUS01,6010,,ACT,Qantas Commercial,BOB-PL-0579,PO-PL-7180,USD,65205.55,INPUT,P&L transaction - Direct materials,API Import
TXN004788,2026-06-25,2026-06-21,2026-06,PNG01,5210,,FIN,Oracle,BOB-PL-0580,PO-PL-4316,AUD,31831.8,GST-FREE,P&L transaction - Cloud services,API Import
TXN004789,2026-06-25,2026-06-17,2026-06,PNG01,5700,,R&D,Snowflake,BOB-PL-0581,PO-PL-4109,NZD,109481.99,EXPORT,P&L transaction - Training,Oracle
TXN004790,2026-06-01,2026-02-24,2026-06,FJI01,5210,,HR,Qantas Commercial,BOB-PL-0582,PO-PL-4418,GBP,136592.19,EXPORT,P&L transaction - Cloud services,Manual Entry
TXN004791,2026-06-09,2026-02-28,2026-06,NZL01,4020,,QLD,QBE Insurance,BOB-PL-0583,PO-PL-2078,GBP,190989.41,GST,P&L transaction - Subscription revenue,Manual Entry
TXN004792,2026-06-07,2026-02-28,2026-06,FJI01,5500,,CORP,Microsoft,BOB-PL-0584,PO-PL-8105,AUD,132360.45,GST-FREE,P&L transaction - Campaign spend,Manual Entry
TXN004793,2026-06-10,2026-06-04,2026-06,AUS01,4100,,TAS,Salesforce,BOB-PL-0585,PO-PL-2213,GBP,343133.39,GST-FREE,P&L transaction - Interest income,Workday
TXN004794,2026-06-12,2026-06-10,2026-06,NZL01,5100,,ACT,Salesforce,BOB-PL-0586,PO-PL-8800,GBP,137314.99,GST,P&L transaction - Office rent,API Import
TXN004795,2026-06-09,2026-06-05,2026-06,NZL01,5210,,WA,LinkedIn,BOB-PL-0587,PO-PL-4638,USD,51774.35,GST-FREE,P&L transaction - Cloud services,Manual Entry
TXN004796,2026-06-25,2026-06-24,2026-06,NZL01,2210,,OPS,QBE Insurance,BOB-PL-0588,PO-PL-7878,USD,83215.56,GST,P&L transaction - Income tax payable,Oracle
TXN004797,2026-06-18,2026-06-09,2026-06,PNG01,5010,,HR,Salesforce,BOB-PL-0589,PO-PL-2356,AUD,188637.08,EXPORT,P&L transaction - Employee benefits,Oracle
TXN004798,2026-06-03,2026-02-28,2026-06,PNG01,5520,,R&D,Oracle,BOB-PL-0590,PO-PL-4766,NZD,142165.72,EXPORT,P&L transaction - Events,API Import
TXN004799,2026-06-02,2026-02-22,2026-06,FJI01,5510,,NSW,Salesforce,BOB-PL-0591,PO-PL-6730,AUD,144206.93,INPUT,P&L transaction - Advertising,Workday
TXN004800,2026-06-13,2026-06-12,2026-06,PNG01,5210,,SA,Melbourne Airport,BOB-PL-0592,PO-PL-4878,GBP,147906.09,GST-FREE,P&L transaction - Cloud services,SAP
TXN004801,2026-06-28,2026-06-19,2026-06,AUS01,5200,,WA,Energy Australia,BOB-PL-0593,PO-PL-5701,NZD,82482.99,GST,P&L transaction - Software licenses,SAP
TXN004802,2026-06-05,2026-02-27,2026-06,FJI01,5200,,FIN,QBE Insurance,BOB-PL-0594,PO-PL-3209,GBP,71958.71,GST,P&L transaction - Software licenses,SAP
TXN004803,2026-06-07,2026-06-06,2026-06,FJI01,4000,,HR,AWS,BOB-PL-0595,PO-PL-6499,AUD,224713.97,GST,P&L transaction - Product sales,SAP
TXN004804,2026-06-13,2026-06-10,2026-06,NZL01,6000,,TAS,LinkedIn,BOB-PL-0596,PO-PL-4554,USD,114850.67,EXPORT,P&L transaction - Cost of goods sold,Manual Entry
TXN004805,2026-06-29,2026-06-27,2026-06,PNG01,5920,,TAS,AWS,BOB-PL-0597,PO-PL-2766,USD,50397.81,GST,P&L transaction - FX Loss,Manual Entry
TXN004806,2026-06-01,2026-02-20,2026-06,AUS01,6030,,NSW,IBM Australia,BOB-PL-0598,PO-PL-4760,AUD,139064.97,GST,P&L transaction - Manufacturing overhead,API Import
TXN004807,2026-06-19,2026-06-14,2026-06,PNG01,4010,,QLD,Salesforce,BOB-PL-0599,PO-PL-1358,AUD,320001.14,GST,P&L transaction - Service revenue,Manual Entry
TXN004808,2026-06-13,2026-06-08,2026-06,NZL01,4000,,QLD,Energy Australia,BOB-PL-0600,PO-PL-5577,AUD,180914.72,EXPORT,P&L transaction - Product sales,Oracle
TXN004809,2026-06-30,2026-06-20,2026-06,PNG01,5200,,WA,Officeworks,BOB-PL-0601,PO-PL-8469,GBP,139275.34,GST,P&L transaction - Software licenses,Oracle
TXN004810,2026-06-23,2026-06-22,2026-06,NZL01,4100,,NT,Oracle,BOB-PL-0602,PO-PL-8495,AUD,212635.88,EXPORT,P&L transaction - Interest income,Oracle
TXN004811,2026-06-22,2026-06-14,2026-06,FJI01,4000,,NSW,Energy Australia,BOB-PL-0603,PO-PL-3855,GBP,412824.82,EXPORT,P&L transaction - Product sales,API Import
TXN004812,2026-06-10,2026-06-04,2026-06,NZL01,5100,,IT,Melbourne Airport,BOB-PL-0604,PO-PL-7176,GBP,108145.93,INPUT,P&L transaction - Office rent,Oracle
TXN004813,2026-06-15,2026-06-09,2026-06,AUS01,5110,,TAS,Google Ads,BOB-PL-0605,PO-PL-7156,GBP,180142.36,GST-FREE,P&L transaction - Utilities,API Import
TXN004814,2026-06-01,2026-02-23,2026-06,NZL01,5010,,MKT,SAP Australia,BOB-PL-0606,PO-PL-8137,AUD,15987.68,GST,P&L transaction - Employee benefits,Manual Entry
TXN004815,2026-06-13,2026-06-10,2026-06,AUS01,5520,,MKT,Google Ads,BOB-PL-0607,PO-PL-8188,USD,79436.72,GST-FREE,P&L transaction - Events,Workday
TXN004816,2026-06-16,2026-06-07,2026-06,NZL01,6020,,NT,Google Ads,BOB-PL-0608,PO-PL-6944,GBP,105679.2,GST,P&L transaction - Direct labor,Manual Entry
TXN004817,2026-06-25,2026-06-22,2026-06,AUS01,4010,,QLD,Deloitte,BOB-PL-0609,PO-PL-9588,NZD,56776.43,GST,P&L transaction - Service revenue,Manual Entry
TXN004818,2026-06-31,2026-06-30,2026-06,NZL01,5700,,R&D,Salesforce,BOB-PL-0610,PO-PL-7778,NZD,110335.99,INPUT,P&L transaction - Training,Workday
TXN004819,2026-06-26,2026-06-19,2026-06,PNG01,6000,,R&D,Oracle,BOB-PL-0611,PO-PL-6785,AUD,27156.33,GST,P&L transaction - Cost of goods sold,Manual Entry
TXN004820,2026-06-07,2026-02-28,2026-06,AUS01,5910,,QLD,IBM Australia,BOB-PL-0612,PO-PL-3859,NZD,131727.75,EXPORT,P&L transaction - Interest expense,SAP
TXN004821,2026-06-29,2026-06-19,2026-06,FJI01,5320,,R&D,Qantas Commercial,BOB-PL-0613,PO-PL-7179,AUD,181931.62,INPUT,P&L transaction - Audit fees,SAP
TXN004822,2026-06-11,2026-06-01,2026-06,AUS01,4010,,TAS,Salesforce,BOB-PL-0614,PO-PL-4665,GBP,275693.37,GST-FREE,P&L transaction - Service revenue,Workday
TXN004823,2026-06-19,2026-06-12,2026-06,PNG01,4020,,MKT,Qantas Commercial,BOB-PL-0615,PO-PL-2238,USD,203546.18,INPUT,P&L transaction - Subscription revenue,Manual Entry
TXN004824,2026-06-05,2026-02-27,2026-06,PNG01,5510,,VIC,AWS,BOB-PL-0616,PO-PL-4404,GBP,95875.74,INPUT,P&L transaction - Advertising,Workday
TXN004825,2026-06-18,2026-06-16,2026-06,AUS01,6000,,HR,Energy Australia,BOB-PL-0617,PO-PL-6186,AUD,127096.03,GST-FREE,P&L transaction - Cost of goods sold,API Import
TXN004826,2026-06-24,2026-06-23,2026-06,FJI01,6030,,QLD,QBE Insurance,BOB-PL-0618,PO-PL-7509,GBP,127550.57,GST,P&L transaction - Manufacturing overhead,Workday
TXN004827,2026-06-22,2026-06-20,2026-06,FJI01,6000,,R&D,Energy Australia,BOB-PL-0619,PO-PL-7566,NZD,93335.94,GST,P&L transaction - Cost of goods sold,SAP
TXN004828,2026-06-05,2026-02-27,2026-06,FJI01,4020,,QLD,Google Ads,BOB-PL-0620,PO-PL-9055,AUD,73369.07,GST,P&L transaction - Subscription revenue,Oracle
TXN004829,2026-06-11,2026-06-04,2026-06,FJI01,5320,,OPS,AWS,BOB-PL-0621,PO-PL-5294,GBP,43609.78,EXPORT,P&L transaction - Audit fees,Workday
TXN004830,2026-06-28,2026-06-27,2026-06,NZL01,5110,,HR,Energy Australia,BOB-PL-0622,PO-PL-5491,AUD,179941.16,INPUT,P&L transaction - Utilities,SAP
TXN004831,2026-06-30,2026-06-23,2026-06,FJI01,5920,,WA,AWS,BOB-PL-0623,PO-PL-4953,NZD,64292.0,GST-FREE,P&L transaction - FX Loss,Oracle
TXN004832,2026-06-03,2026-02-28,2026-06,FJI01,2210,,R&D,Salesforce,BOB-PL-0624,PO-PL-1881,USD,11740.23,INPUT,P&L transaction - Income tax payable,Manual Entry
TXN004833,2026-06-22,2026-06-16,2026-06,NZL01,4000,,SA,Deloitte,BOB-PL-0625,PO-PL-4540,NZD,146313.26,GST-FREE,P&L transaction - Product sales,Oracle
TXN004834,2026-06-06,2026-02-24,2026-06,PNG01,5200,,R&D,Melbourne Airport,BOB-PL-0626,PO-PL-9310,AUD,42190.69,GST,P&L transaction - Software licenses,Workday
TXN004835,2026-06-20,2026-06-16,2026-06,NZL01,5910,,VIC,LinkedIn,BOB-PL-0627,PO-PL-8674,GBP,174594.16,INPUT,P&L transaction - Interest expense,SAP
TXN004836,2026-06-08,2026-02-28,2026-06,FJI01,2210,,ACT,Google Ads,BOB-PL-0628,PO-PL-2441,GBP,66191.53,EXPORT,P&L transaction - Income tax payable,Oracle
TXN004837,2026-06-20,2026-06-13,2026-06,PNG01,5500,,WA,QBE Insurance,BOB-PL-0629,PO-PL-8234,NZD,52765.58,EXPORT,P&L transaction - Campaign spend,Manual Entry
TXN004838,2026-06-29,2026-06-26,2026-06,AUS01,4000,,CORP,Oracle,BOB-PL-0630,PO-PL-9680,NZD,317407.34,GST-FREE,P&L transaction - Product sales,Oracle
TXN004839,2026-06-16,2026-06-10,2026-06,FJI01,2210,,TAS,Officeworks,BOB-PL-0631,PO-PL-9794,GBP,87706.68,INPUT,P&L transaction - Income tax payable,API Import
TXN004840,2026-06-07,2026-06-02,2026-06,AUS01,5110,,FIN,Deloitte,BOB-PL-0632,PO-PL-2098,USD,179307.33,INPUT,P&L transaction - Utilities,Workday
TXN004841,2026-06-06,2026-02-28,2026-06,NZL01,5500,,OPS,Snowflake,BOB-PL-0633,PO-PL-5838,USD,87317.91,INPUT,P&L transaction - Campaign spend,Workday
TXN004842,2026-06-19,2026-06-13,2026-06,FJI01,5110,,NT,Google Ads,BOB-PL-0634,PO-PL-8456,GBP,147744.34,EXPORT,P&L transaction - Utilities,Oracle
TXN004843,2026-06-17,2026-06-15,2026-06,FJI01,2210,,R&D,Snowflake,BOB-PL-0635,PO-PL-2483,GBP,137125.43,INPUT,P&L transaction - Income tax payable,API Import
TXN004844,2026-06-12,2026-06-02,2026-06,PNG01,6010,,SA,Qantas Commercial,BOB-PL-0636,PO-PL-2796,NZD,52731.53,GST-FREE,P&L transaction - Direct materials,Oracle
TXN004845,2026-06-09,2026-06-01,2026-06,NZL01,6000,,QLD,Microsoft,BOB-PL-0637,PO-PL-1451,NZD,142467.63,GST,P&L transaction - Cost of goods sold,API Import
TXN004846,2026-06-05,2026-02-27,2026-06,PNG01,5910,,SA,Salesforce,BOB-PL-0638,PO-PL-9039,AUD,125896.83,INPUT,P&L transaction - Interest expense,SAP
TXN004847,2026-06-10,2026-06-04,2026-06,AUS01,5500,,NSW,QBE Insurance,BOB-PL-0639,PO-PL-5410,AUD,115246.16,EXPORT,P&L transaction - Campaign spend,Oracle
TXN004848,2026-06-10,2026-06-02,2026-06,NZL01,5010,,QLD,Snowflake,BOB-PL-0640,PO-PL-4841,AUD,61336.09,GST,P&L transaction - Employee benefits,SAP
TXN004849,2026-06-14,2026-06-11,2026-06,NZL01,5100,,ACT,Snowflake,BOB-PL-0641,PO-PL-5800,NZD,47162.65,INPUT,P&L transaction - Office rent,SAP
TXN004850,2026-06-26,2026-06-16,2026-06,PNG01,2210,,MKT,Oracle,BOB-PL-0642,PO-PL-7932,NZD,27886.21,GST,P&L transaction - Income tax payable,API Import
TXN004851,2026-06-16,2026-06-08,2026-06,AUS01,4100,,WA,Snowflake,BOB-PL-0643,PO-PL-1418,GBP,466100.94,GST-FREE,P&L transaction - Interest income,API Import
TXN004852,2026-06-17,2026-06-12,2026-06,NZL01,5920,,FIN,AWS,BOB-PL-0644,PO-PL-4303,GBP,112739.57,GST-FREE,P&L transaction - FX Loss,Oracle
TXN004853,2026-06-19,2026-06-11,2026-06,FJI01,2210,,OPS,Oracle,BOB-PL-0645,PO-PL-8654,GBP,146234.71,EXPORT,P&L transaction - Income tax payable,Manual Entry
TXN004854,2026-06-28,2026-06-27,2026-06,PNG01,5510,,FIN,Snowflake,BOB-PL-0646,PO-PL-4105,AUD,155904.41,INPUT,P&L transaction - Advertising,Oracle
TXN004855,2026-06-29,2026-06-24,2026-06,NZL01,6030,,SA,Microsoft,BOB-PL-0647,PO-PL-7811,GBP,63667.97,GST,P&L transaction - Manufacturing overhead,SAP
TXN004856,2026-06-12,2026-06-10,2026-06,FJI01,2210,,MKT,IBM Australia,BOB-PL-0648,PO-PL-3175,NZD,71301.32,INPUT,P&L transaction - Income tax payable,Oracle
TXN004857,2026-06-31,2026-06-22,2026-06,NZL01,5320,,ACT,Melbourne Airport,BOB-PL-0649,PO-PL-5703,USD,168850.3,GST,P&L transaction - Audit fees,Manual Entry
TXN004858,2026-06-02,2026-02-28,2026-06,AUS01,5700,,NT,Deloitte,BOB-PL-0650,PO-PL-6457,AUD,102249.44,GST-FREE,P&L transaction - Training,Manual Entry
TXN004859,2026-06-05,2026-06-02,2026-06,PNG01,2210,,NSW,Deloitte,BOB-PL-0651,PO-PL-3868,USD,128450.06,INPUT,P&L transaction - Income tax payable,Workday
TXN004860,2026-06-20,2026-06-11,2026-06,AUS01,5100,,VIC,Microsoft,BOB-PL-0652,PO-PL-4661,AUD,186964.56,EXPORT,P&L transaction - Office rent,API Import
TXN004861,2026-06-12,2026-06-07,2026-06,PNG01,5520,,OPS,Energy Australia,BOB-PL-0653,PO-PL-2673,GBP,14049.85,INPUT,P&L transaction - Events,Manual Entry
TXN004862,2026-06-19,2026-06-18,2026-06,FJI01,5510,,QLD,Microsoft,BOB-PL-0654,PO-PL-3796,GBP,18787.99,INPUT,P&L transaction - Advertising,API Import
TXN004863,2026-06-04,2026-02-23,2026-06,PNG01,2210,,NT,Microsoft,BOB-PL-0655,PO-PL-5648,AUD,151206.77,EXPORT,P&L transaction - Income tax payable,Manual Entry
TXN004864,2026-06-16,2026-06-06,2026-06,FJI01,5500,,WA,Snowflake,BOB-PL-0656,PO-PL-5785,USD,38081.68,GST,P&L transaction - Campaign spend,Manual Entry
TXN004865,2026-06-27,2026-06-18,2026-06,AUS01,6030,,CORP,Salesforce,BOB-PL-0657,PO-PL-6693,USD,128050.27,GST-FREE,P&L transaction - Manufacturing overhead,SAP
TXN004866,2026-06-18,2026-06-15,2026-06,NZL01,2210,,MKT,Snowflake,BOB-PL-0658,PO-PL-5358,USD,76092.63,GST-FREE,P&L transaction - Income tax payable,Oracle
TXN004867,2026-06-04,2026-06-01,2026-06,PNG01,5700,,QLD,AWS,BOB-PL-0659,PO-PL-2801,USD,106243.19,GST-FREE,P&L transaction - Training,Manual Entry
TXN004868,2026-06-05,2026-02-24,2026-06,AUS01,5700,,OPS,Melbourne Airport,BOB-PL-0660,PO-PL-5961,AUD,164048.18,GST-FREE,P&L transaction - Training,Workday
TXN004869,2026-06-11,2026-06-07,2026-06,FJI01,2210,,TAS,Deloitte,BOB-PL-0661,PO-PL-4850,NZD,92020.15,INPUT,P&L transaction - Income tax payable,Workday
TXN004870,2026-06-04,2026-06-01,2026-06,NZL01,5200,,NT,Energy Australia,BOB-PL-0662,PO-PL-5170,USD,56997.93,INPUT,P&L transaction - Software licenses,API Import
TXN004871,2026-06-31,2026-06-30,2026-06,AUS01,6000,,SA,AWS,BOB-PL-0663,PO-PL-4110,NZD,97385.36,GST-FREE,P&L transaction - Cost of goods sold,API Import
TXN004872,2026-06-24,2026-06-18,2026-06,FJI01,4100,,NSW,Oracle,BOB-PL-0664,PO-PL-5590,NZD,246170.66,EXPORT,P&L transaction - Interest income,Oracle
TXN004873,2026-06-17,2026-06-16,2026-06,FJI01,5010,,TAS,LinkedIn,BOB-PL-0665,PO-PL-2901,NZD,37348.52,GST-FREE,P&L transaction - Employee benefits,Manual Entry
TXN004874,2026-06-07,2026-06-05,2026-06,AUS01,2210,,IT,IBM Australia,BOB-PL-0666,PO-PL-8701,NZD,108396.18,INPUT,P&L transaction - Income tax payable,API Import
TXN004875,2026-06-29,2026-06-24,2026-06,NZL01,2210,,IT,Salesforce,BOB-PL-0667,PO-PL-3981,NZD,158074.79,GST,P&L transaction - Income tax payable,SAP
TXN004876,2026-06-16,2026-06-14,2026-06,PNG01,5920,,MKT,Snowflake,BOB-PL-0668,PO-PL-7165,USD,106927.15,GST-FREE,P&L transaction - FX Loss,API Import
TXN004877,2026-06-14,2026-06-06,2026-06,AUS01,4020,,OPS,Oracle,BOB-PL-0669,PO-PL-4785,AUD,78494.4,GST,P&L transaction - Subscription revenue,Oracle
TXN004878,2026-06-06,2026-06-05,2026-06,PNG01,4020,,OPS,QBE Insurance,BOB-PL-0670,PO-PL-9620,USD,84166.66,GST,P&L transaction - Subscription revenue,SAP
TXN004879,2026-06-01,2026-02-21,2026-06,FJI01,5100,,IT,Qantas Commercial,BOB-PL-0671,PO-PL-1883,NZD,120278.48,GST,P&L transaction - Office rent,API Import
TXN004880,2026-06-30,2026-06-27,2026-06,PNG01,5100,,VIC,Google Ads,BOB-PL-0672,PO-PL-1763,NZD,188545.98,GST,P&L transaction - Office rent,Manual Entry
TXN004881,2026-06-27,2026-06-20,2026-06,PNG01,6020,,MKT,Oracle,BOB-PL-0673,PO-PL-2802,GBP,96161.53,EXPORT,P&L transaction - Direct labor,Oracle
TXN004882,2026-06-24,2026-06-19,2026-06,AUS01,4010,,WA,Officeworks,BOB-PL-0674,PO-PL-5465,NZD,445775.92,GST-FREE,P&L transaction - Service revenue,SAP
TXN004883,2026-06-14,2026-06-07,2026-06,PNG01,5110,,FIN,Snowflake,BOB-PL-0675,PO-PL-3651,AUD,180840.68,GST,P&L transaction - Utilities,SAP
TXN004884,2026-06-10,2026-06-07,2026-06,FJI01,5000,,MKT,Google Ads,BOB-PL-0676,PO-PL-3093,NZD,73538.67,EXPORT,P&L transaction - Salaries and wages,API Import
TXN004885,2026-06-14,2026-06-13,2026-06,PNG01,5920,,VIC,Oracle,BOB-PL-0677,PO-PL-5336,GBP,160386.3,EXPORT,P&L transaction - FX Loss,API Import
TXN004886,2026-06-24,2026-06-17,2026-06,NZL01,2210,,R&D,AWS,BOB-PL-0678,PO-PL-9830,GBP,152768.43,GST-FREE,P&L transaction - Income tax payable,Workday
TXN004887,2026-06-16,2026-06-08,2026-06,NZL01,5110,,NSW,Snowflake,BOB-PL-0679,PO-PL-7804,AUD,122374.3,EXPORT,P&L transaction - Utilities,Oracle
TXN004888,2026-06-16,2026-06-11,2026-06,AUS01,5510,,TAS,QBE Insurance,BOB-PL-0680,PO-PL-6584,AUD,86099.75,EXPORT,P&L transaction - Advertising,SAP
TXN004889,2026-06-25,2026-06-22,2026-06,PNG01,6010,,ACT,QBE Insurance,BOB-PL-0681,PO-PL-8516,USD,29217.22,EXPORT,P&L transaction - Direct materials,SAP
TXN004890,2026-06-28,2026-06-26,2026-06,AUS01,6020,,WA,Melbourne Airport,BOB-PL-0682,PO-PL-6565,NZD,52925.0,GST,P&L transaction - Direct labor,SAP
TXN004891,2026-06-02,2026-02-26,2026-06,NZL01,5200,,HR,SAP Australia,BOB-PL-0683,PO-PL-3102,NZD,4004.99,GST,P&L transaction - Software licenses,Workday
TXN004892,2026-06-06,2026-02-27,2026-06,FJI01,5100,,IT,Google Ads,BOB-PL-0684,PO-PL-2481,GBP,187348.15,GST-FREE,P&L transaction - Office rent,SAP
TXN004893,2026-06-16,2026-06-13,2026-06,NZL01,5520,,R&D,Energy Australia,BOB-PL-0685,PO-PL-9873,NZD,60114.88,GST-FREE,P&L transaction - Events,API Import
TXN004894,2026-06-04,2026-06-03,2026-06,AUS01,5910,,ACT,LinkedIn,BOB-PL-0686,PO-PL-6814,NZD,9348.36,GST,P&L transaction - Interest expense,API Import
TXN004895,2026-06-01,2026-02-19,2026-06,NZL01,5000,,VIC,LinkedIn,BOB-PL-0687,PO-PL-6530,GBP,169793.49,GST,P&L transaction - Salaries and wages,SAP
TXN004896,2026-06-19,2026-06-10,2026-06,NZL01,5110,,SA,IBM Australia,BOB-PL-0688,PO-PL-8128,NZD,169979.27,EXPORT,P&L transaction - Utilities,Workday
TXN004897,2026-06-17,2026-06-11,2026-06,PNG01,5200,,TAS,Deloitte,BOB-PL-0689,PO-PL-1984,GBP,127791.82,GST-FREE,P&L transaction - Software licenses,Workday
TXN004898,2026-06-03,2026-02-28,2026-06,FJI01,6020,,WA,Energy Australia,BOB-PL-0690,PO-PL-2488,USD,93212.3,GST,P&L transaction - Direct labor,Workday
TXN004899,2026-06-28,2026-06-25,2026-06,PNG01,5910,,FIN,Qantas Commercial,BOB-PL-0691,PO-PL-9857,AUD,163440.94,EXPORT,P&L transaction - Interest expense,SAP
TXN004900,2026-06-01,2026-02-19,2026-06,PNG01,2210,,TAS,Officeworks,BOB-PL-0692,PO-PL-2924,NZD,100364.86,INPUT,P&L transaction - Income tax payable,Manual Entry
TXN004901,2026-06-10,2026-06-04,2026-06,FJI01,2210,,VIC,QBE Insurance,BOB-PL-0693,PO-PL-9603,AUD,67774.37,INPUT,P&L transaction - Income tax payable,API Import
TXN004902,2026-06-16,2026-06-09,2026-06,PNG01,4020,,CORP,IBM Australia,BOB-PL-0694,PO-PL-3551,GBP,461747.05,INPUT,P&L transaction - Subscription revenue,SAP
TXN004903,2026-06-10,2026-06-06,2026-06,NZL01,5100,,NT,Melbourne Airport,BOB-PL-0695,PO-PL-2682,NZD,52727.17,EXPORT,P&L transaction - Office rent,API Import
TXN004904,2026-06-31,2026-06-23,2026-06,PNG01,4100,,SA,Energy Australia,BOB-PL-0696,PO-PL-8391,NZD,475951.89,GST-FREE,P&L transaction - Interest income,API Import
TXN004905,2026-06-31,2026-06-26,2026-06,FJI01,4000,,VIC,IBM Australia,BOB-PL-0697,PO-PL-1120,AUD,335005.75,GST-FREE,P&L transaction - Product sales,API Import
TXN004906,2026-06-10,2026-06-03,2026-06,NZL01,4010,,ACT,QBE Insurance,BOB-PL-0698,PO-PL-1578,NZD,271628.69,GST-FREE,P&L transaction - Service revenue,Oracle
TXN004907,2026-06-27,2026-06-19,2026-06,AUS01,4010,,VIC,Officeworks,BOB-PL-0699,PO-PL-3704,GBP,328772.24,GST,P&L transaction - Service revenue,Manual Entry
TXN004908,2026-06-18,2026-06-15,2026-06,AUS01,5320,,SA,Google Ads,BOB-PL-0700,PO-PL-3396,NZD,120711.91,GST-FREE,P&L transaction - Audit fees,API Import
TXN004909,2026-06-09,2026-06-08,2026-06,NZL01,4010,,VIC,LinkedIn,BOB-PL-0701,PO-PL-4400,AUD,343886.65,GST-FREE,P&L transaction - Service revenue,Oracle
TXN004910,2026-06-22,2026-06-18,2026-06,FJI01,5510,,QLD,SAP Australia,BOB-PL-0702,PO-PL-2202,GBP,8623.59,EXPORT,P&L transaction - Advertising,Oracle
TXN004911,2026-06-15,2026-06-11,2026-06,PNG01,4000,,CORP,Google Ads,BOB-PL-0703,PO-PL-7999,NZD,330476.05,GST,P&L transaction - Product sales,Workday
TXN004912,2026-06-17,2026-06-12,2026-06,AUS01,2210,,QLD,Salesforce,BOB-PL-0704,PO-PL-7938,USD,23841.01,GST-FREE,P&L transaction - Income tax payable,API Import
TXN004913,2026-06-22,2026-06-20,2026-06,PNG01,5910,,SA,Qantas Commercial,BOB-PL-0705,PO-PL-4324,AUD,186245.9,EXPORT,P&L transaction - Interest expense,API Import
TXN004914,2026-06-16,2026-06-14,2026-06,AUS01,5010,,FIN,Snowflake,BOB-PL-0706,PO-PL-6349,AUD,56962.77,GST-FREE,P&L transaction - Employee benefits,Oracle
TXN004915,2026-06-05,2026-02-25,2026-06,NZL01,6010,,SA,Energy Australia,BOB-PL-0707,PO-PL-5723,NZD,145094.48,INPUT,P&L transaction - Direct materials,SAP
TXN004916,2026-06-09,2026-06-06,2026-06,AUS01,5700,,WA,LinkedIn,BOB-PL-0708,PO-PL-1460,USD,80274.48,INPUT,P&L transaction - Training,Workday
TXN004917,2026-06-04,2026-02-22,2026-06,FJI01,6010,,CORP,Snowflake,BOB-PL-0709,PO-PL-9416,GBP,93362.58,EXPORT,P&L transaction - Direct materials,SAP
TXN004918,2026-06-16,2026-06-14,2026-06,FJI01,5510,,QLD,Salesforce,BOB-PL-0710,PO-PL-7771,USD,27899.64,EXPORT,P&L transaction - Advertising,Oracle
TXN004919,2026-06-14,2026-06-08,2026-06,NZL01,4100,,NSW,Officeworks,BOB-PL-0711,PO-PL-3908,NZD,444659.6,INPUT,P&L transaction - Interest income,API Import
TXN004920,2026-06-20,2026-06-10,2026-06,AUS01,5500,,FIN,Google Ads,BOB-PL-0712,PO-PL-3309,USD,189103.46,GST-FREE,P&L transaction - Campaign spend,SAP
TXN004921,2026-06-03,2026-02-21,2026-06,AUS01,6020,,NT,Microsoft,BOB-PL-0713,PO-PL-8998,AUD,121646.7,GST,P&L transaction - Direct labor,Workday
TXN004922,2026-06-15,2026-06-09,2026-06,FJI01,5700,,NSW,Salesforce,BOB-PL-0714,PO-PL-1573,GBP,78281.08,GST-FREE,P&L transaction - Training,Workday
TXN004923,2026-06-05,2026-06-01,2026-06,PNG01,5120,,TAS,Melbourne Airport,BOB-PL-0715,PO-PL-2614,NZD,144944.05,EXPORT,P&L transaction - Office supplies,Manual Entry
TXN004924,2026-06-11,2026-06-10,2026-06,FJI01,5010,,SA,Google Ads,BOB-PL-0716,PO-PL-8317,NZD,84667.87,GST,P&L transaction - Employee benefits,Workday
TXN004925,2026-06-01,2026-02-26,2026-06,PNG01,5010,,MKT,Salesforce,BOB-PL-0717,PO-PL-1866,NZD,117098.15,INPUT,P&L transaction - Employee benefits,Oracle
TXN004926,2026-06-25,2026-06-21,2026-06,AUS01,4100,,SA,Officeworks,BOB-PL-0718,PO-PL-9201,GBP,136507.48,GST,P&L transaction - Interest income,SAP
TXN004927,2026-06-20,2026-06-11,2026-06,PNG01,5100,,NSW,Qantas Commercial,BOB-PL-0719,PO-PL-1738,AUD,71608.53,EXPORT,P&L transaction - Office rent,Oracle
TXN004928,2026-06-22,2026-06-19,2026-06,FJI01,5520,,NT,SAP Australia,BOB-PL-0720,PO-PL-9727,USD,189693.09,INPUT,P&L transaction - Events,SAP
TXN004929,2026-06-21,2026-06-12,2026-06,FJI01,5010,,CORP,Qantas Commercial,BOB-PL-0721,PO-PL-1874,NZD,123785.49,GST,P&L transaction - Employee benefits,Workday
TXN004930,2026-06-29,2026-06-28,2026-06,FJI01,5910,,SA,Google Ads,BOB-PL-0722,PO-PL-1357,NZD,29097.56,INPUT,P&L transaction - Interest expense,SAP
TXN004931,2026-06-26,2026-06-21,2026-06,PNG01,2210,,OPS,Microsoft,BOB-PL-0723,PO-PL-8408,GBP,66920.67,GST,P&L transaction - Income tax payable,Oracle
TXN004932,2026-06-28,2026-06-24,2026-06,PNG01,2210,,HR,Microsoft,BOB-PL-0724,PO-PL-4250,AUD,150358.77,GST-FREE,P&L transaction - Income tax payable,Manual Entry
TXN004933,2026-06-15,2026-06-11,2026-06,FJI01,5320,,TAS,Microsoft,BOB-PL-0725,PO-PL-2109,USD,184971.35,INPUT,P&L transaction - Audit fees,Workday
TXN004934,2026-06-20,2026-06-17,2026-06,NZL01,5500,,VIC,IBM Australia,BOB-PL-0726,PO-PL-9231,AUD,42037.65,GST-FREE,P&L transaction - Campaign spend,API Import
TXN004935,2026-06-20,2026-06-16,2026-06,NZL01,5000,,IT,Melbourne Airport,BOB-PL-0727,PO-PL-2145,GBP,31667.49,INPUT,P&L transaction - Salaries and wages,Manual Entry
TXN004936,2026-06-17,2026-06-13,2026-06,AUS01,5520,,ACT,Deloitte,BOB-PL-0728,PO-PL-5216,GBP,59476.2,INPUT,P&L transaction - Events,SAP
TXN004937,2026-06-25,2026-06-19,2026-06,FJI01,5500,,HR,QBE Insurance,BOB-PL-0729,PO-PL-3462,GBP,145631.81,GST-FREE,P&L transaction - Campaign spend,Oracle
TXN004938,2026-06-01,2026-02-19,2026-06,AUS01,5520,,ACT,Snowflake,BOB-PL-0730,PO-PL-2882,GBP,119096.98,GST-FREE,P&L transaction - Events,Oracle
TXN004939,2026-06-11,2026-06-04,2026-06,NZL01,5500,,VIC,Officeworks,BOB-PL-0731,PO-PL-5612,NZD,43044.7,INPUT,P&L transaction - Campaign spend,API Import
TXN004940,2026-06-14,2026-06-13,2026-06,AUS01,5300,,VIC,IBM Australia,BOB-PL-0732,PO-PL-6906,NZD,168888.14,GST-FREE,P&L transaction - Professional services,SAP
TXN004941,2026-06-31,2026-06-25,2026-06,PNG01,6020,,WA,LinkedIn,BOB-PL-0733,PO-PL-8260,NZD,46228.07,GST,P&L transaction - Direct labor,SAP
TXN004942,2026-06-31,2026-06-23,2026-06,FJI01,5320,,NT,Oracle,BOB-PL-0734,PO-PL-3496,NZD,30762.83,GST,P&L transaction - Audit fees,Oracle
TXN004943,2026-06-27,2026-06-20,2026-06,FJI01,5120,,R&D,Oracle,BOB-PL-0735,PO-PL-7169,AUD,65755.6,GST-FREE,P&L transaction - Office supplies,API Import
TXN004944,2026-06-03,2026-02-22,2026-06,AUS01,5000,,VIC,Snowflake,BOB-PL-0736,PO-PL-8370,NZD,143228.67,GST-FREE,P&L transaction - Salaries and wages,Workday
TXN004945,2026-06-04,2026-02-24,2026-06,AUS01,5500,,HR,Microsoft,BOB-PL-0737,PO-PL-5448,GBP,63056.25,GST-FREE,P&L transaction - Campaign spend,Workday
TXN004946,2026-06-15,2026-06-09,2026-06,AUS01,5210,,FIN,QBE Insurance,BOB-PL-0738,PO-PL-7240,USD,23708.96,INPUT,P&L transaction - Cloud services,Oracle
TXN004947,2026-06-11,2026-06-04,2026-06,AUS01,5920,,R&D,Salesforce,BOB-PL-0739,PO-PL-1166,USD,118738.08,EXPORT,P&L transaction - FX Loss,Workday
TXN004948,2026-06-26,2026-06-23,2026-06,PNG01,5700,,HR,Officeworks,BOB-PL-0740,PO-PL-7095,USD,82963.78,EXPORT,P&L transaction - Training,Workday
TXN004949,2026-06-28,2026-06-24,2026-06,NZL01,2210,,FIN,Salesforce,BOB-PL-0741,PO-PL-5322,GBP,71783.39,GST-FREE,P&L transaction - Income tax payable,Manual Entry
TXN004950,2026-06-29,2026-06-25,2026-06,NZL01,4010,,MKT,Melbourne Airport,BOB-PL-0742,PO-PL-5991,NZD,468569.05,INPUT,P&L transaction - Service revenue,Oracle
TXN004951,2026-06-29,2026-06-23,2026-06,FJI01,5120,,OPS,IBM Australia,BOB-PL-0743,PO-PL-3994,GBP,119263.57,GST-FREE,P&L transaction - Office supplies,SAP
TXN004952,2026-06-28,2026-06-24,2026-06,FJI01,5200,,R&D,Qantas Commercial,BOB-PL-0744,PO-PL-7858,USD,32265.97,EXPORT,P&L transaction - Software licenses,API Import
TXN004953,2026-06-18,2026-06-15,2026-06,FJI01,6020,,R&D,Melbourne Airport,BOB-PL-0745,PO-PL-8310,USD,129446.78,GST-FREE,P&L transaction - Direct labor,SAP
TXN004954,2026-06-16,2026-06-08,2026-06,AUS01,5510,,HR,Google Ads,BOB-PL-0746,PO-PL-8348,AUD,42912.89,INPUT,P&L transaction - Advertising,SAP
TXN004955,2026-06-22,2026-06-19,2026-06,FJI01,5120,,QLD,Snowflake,BOB-PL-0747,PO-PL-4274,GBP,98043.77,INPUT,P&L transaction - Office supplies,API Import
TXN004956,2026-06-19,2026-06-18,2026-06,PNG01,5110,,SA,Qantas Commercial,BOB-PL-0748,PO-PL-8755,NZD,120394.87,GST-FREE,P&L transaction - Utilities,Manual Entry
TXN004957,2026-06-07,2026-02-27,2026-06,FJI01,5700,,WA,Oracle,BOB-PL-0749,PO-PL-3356,USD,39886.28,GST,P&L transaction - Training,Manual Entry
TXN004958,2026-06-25,2026-06-19,2026-06,FJI01,5520,,OPS,Oracle,BOB-PL-0750,PO-PL-4276,AUD,10657.0,GST-FREE,P&L transaction - Events,Workday
TXN004959,2026-06-11,2026-06-08,2026-06,AUS01,5910,,IT,LinkedIn,BOB-PL-0751,PO-PL-8616,GBP,121601.28,GST,P&L transaction - Interest expense,SAP
TXN004960,2026-06-28,2026-06-23,2026-06,FJI01,5110,,IT,QBE Insurance,BOB-PL-0752,PO-PL-2442,NZD,44414.51,GST-FREE,P&L transaction - Utilities,Oracle
TXN004961,2026-06-19,2026-06-17,2026-06,PNG01,5910,,WA,Microsoft,BOB-PL-0753,PO-PL-9725,USD,91783.7,EXPORT,P&L transaction - Interest expense,Oracle
TXN004962,2026-06-16,2026-06-15,2026-06,AUS01,4000,,IT,Microsoft,BOB-PL-0754,PO-PL-6367,AUD,412384.47,INPUT,P&L transaction - Product sales,Workday
TXN004963,2026-06-16,2026-06-11,2026-06,AUS01,2210,,MKT,Google Ads,BOB-PL-0755,PO-PL-7886,USD,73839.89,INPUT,P&L transaction - Income tax payable,Oracle
TXN004964,2026-06-31,2026-06-26,2026-06,NZL01,5300,,WA,Salesforce,BOB-PL-0756,PO-PL-9677,USD,106467.26,EXPORT,P&L transaction - Professional services,Oracle
TXN004965,2026-06-04,2026-02-26,2026-06,AUS01,4010,,NSW,AWS,BOB-PL-0757,PO-PL-5733,GBP,54938.79,GST-FREE,P&L transaction - Service revenue,Manual Entry
TXN004966,2026-06-01,2026-02-22,2026-06,PNG01,5010,,TAS,Officeworks,BOB-PL-0758,PO-PL-7573,USD,109561.96,INPUT,P&L transaction - Employee benefits,SAP
TXN004967,2026-06-31,2026-06-21,2026-06,AUS01,5320,,CORP,AWS,BOB-PL-0759,PO-PL-5951,GBP,94284.28,INPUT,P&L transaction - Audit fees,SAP
TXN004968,2026-06-20,2026-06-19,2026-06,NZL01,5910,,CORP,Salesforce,BOB-PL-0760,PO-PL-4610,USD,127897.86,GST,P&L transaction - Interest expense,API Import
TXN004969,2026-06-24,2026-06-15,2026-06,PNG01,5300,,VIC,Microsoft,BOB-PL-0761,PO-PL-9925,GBP,124239.58,EXPORT,P&L transaction - Professional services,SAP
TXN004970,2026-06-23,2026-06-22,2026-06,NZL01,2210,,VIC,Snowflake,BOB-PL-0762,PO-PL-1975,NZD,167492.16,INPUT,P&L transaction - Income tax payable,Workday
TXN004971,2026-06-04,2026-02-24,2026-06,NZL01,2210,,ACT,Oracle,BOB-PL-0763,PO-PL-9554,NZD,68257.96,GST-FREE,P&L transaction - Income tax payable,Oracle
TXN004972,2026-06-21,2026-06-17,2026-06,NZL01,5000,,CORP,Deloitte,BOB-PL-0764,PO-PL-5758,GBP,188801.8,EXPORT,P&L transaction - Salaries and wages,API Import
TXN004973,2026-06-14,2026-06-10,2026-06,AUS01,5520,,NSW,Energy Australia,BOB-PL-0765,PO-PL-3858,NZD,41402.49,GST,P&L transaction - Events,Workday
TXN004974,2026-06-07,2026-06-05,2026-06,NZL01,2210,,R&D,LinkedIn,BOB-PL-0766,PO-PL-4590,NZD,160317.75,GST,P&L transaction - Income tax payable,SAP
TXN004975,2026-06-15,2026-06-14,2026-06,AUS01,4000,,MKT,Melbourne Airport,BOB-PL-0767,PO-PL-8431,USD,331183.9,GST,P&L transaction - Product sales,Manual Entry
TXN004976,2026-06-09,2026-02-27,2026-06,AUS01,5200,,CORP,Google Ads,BOB-PL-0768,PO-PL-1652,USD,12545.06,GST-FREE,P&L transaction - Software licenses,SAP
TXN004977,2026-06-15,2026-06-05,2026-06,FJI01,5920,,WA,LinkedIn,BOB-PL-0769,PO-PL-1136,AUD,140837.71,INPUT,P&L transaction - FX Loss,SAP
TXN004978,2026-06-01,2026-02-27,2026-06,AUS01,5100,,SA,Salesforce,BOB-PL-0770,PO-PL-9655,AUD,158837.29,GST,P&L transaction - Office rent,Manual Entry
TXN004979,2026-06-08,2026-06-07,2026-06,PNG01,5010,,QLD,Qantas Commercial,BOB-PL-0771,PO-PL-1980,AUD,112336.48,GST-FREE,P&L transaction - Employee benefits,Manual Entry
TXN004980,2026-06-15,2026-06-07,2026-06,NZL01,2210,,WA,Microsoft,BOB-PL-0772,PO-PL-6945,USD,145835.69,GST,P&L transaction - Income tax payable,Oracle
TXN004981,2026-06-23,2026-06-20,2026-06,AUS01,4020,,NSW,Snowflake,BOB-PL-0773,PO-PL-2718,AUD,368193.62,EXPORT,P&L transaction - Subscription revenue,Manual Entry
TXN004982,2026-06-15,2026-06-09,2026-06,PNG01,5120,,VIC,Snowflake,BOB-PL-0774,PO-PL-3532,AUD,127634.85,GST,P&L transaction - Office supplies,Manual Entry
TXN004983,2026-06-27,2026-06-24,2026-06,AUS01,5100,,OPS,Microsoft,BOB-PL-0775,PO-PL-7249,AUD,23547.43,GST-FREE,P&L transaction - Office rent,SAP
TXN004984,2026-06-17,2026-06-11,2026-06,PNG01,4000,,NSW,Google Ads,BOB-PL-0776,PO-PL-8885,AUD,461509.73,INPUT,P&L transaction - Product sales,SAP
TXN004985,2026-06-31,2026-06-22,2026-06,PNG01,5500,,SA,Deloitte,BOB-PL-0777,PO-PL-6274,AUD,21538.64,INPUT,P&L transaction - Campaign spend,Workday
TXN004986,2026-06-03,2026-02-27,2026-06,NZL01,4010,,R&D,Oracle,BOB-PL-0778,PO-PL-6456,NZD,149539.38,INPUT,P&L transaction - Service revenue,API Import
TXN004987,2026-06-19,2026-06-18,2026-06,FJI01,2210,,HR,Microsoft,BOB-PL-0779,PO-PL-6724,AUD,152183.54,EXPORT,P&L transaction - Income tax payable,Oracle
TXN004988,2026-06-05,2026-02-24,2026-06,AUS01,5010,,MKT,Melbourne Airport,BOB-PL-0780,PO-PL-2625,USD,8115.64,GST-FREE,P&L transaction - Employee benefits,Manual Entry
TXN004989,2026-06-24,2026-06-20,2026-06,PNG01,4100,,WA,AWS,BOB-PL-0781,PO-PL-1686,NZD,167201.89,GST,P&L transaction - Interest income,Manual Entry
TXN004990,2026-06-14,2026-06-11,2026-06,PNG01,4020,,SA,Deloitte,BOB-PL-0782,PO-PL-7611,NZD,53783.45,EXPORT,P&L transaction - Subscription revenue,Workday
TXN004991,2026-06-17,2026-06-07,2026-06,PNG01,4020,,IT,QBE Insurance,BOB-PL-0783,PO-PL-9783,AUD,100670.49,EXPORT,P&L transaction - Subscription revenue,Workday
TXN004992,2026-06-07,2026-02-25,2026-06,NZL01,2210,,CORP,Oracle,BOB-PL-0784,PO-PL-9553,GBP,4814.92,EXPORT,P&L transaction - Income tax payable,API Import
TXN004993,2026-06-17,2026-06-14,2026-06,PNG01,6000,,NT,Deloitte,BOB-PL-0785,PO-PL-5063,USD,71844.0,EXPORT,P&L transaction - Cost of goods sold,Manual Entry
TXN004994,2026-06-21,2026-06-11,2026-06,PNG01,6020,,MKT,SAP Australia,BOB-PL-0786,PO-PL-9452,USD,23776.39,EXPORT,P&L transaction - Direct labor,SAP
TXN004995,2026-06-19,2026-06-15,2026-06,AUS01,4100,,SA,LinkedIn,BOB-PL-0787,PO-PL-2272,USD,487554.29,GST,P&L transaction - Interest income,API Import
TXN004996,2026-06-03,2026-02-27,2026-06,PNG01,5120,,OPS,Microsoft,BOB-PL-0788,PO-PL-7215,USD,123085.35,INPUT,P&L transaction - Office supplies,Manual Entry
TXN004997,2026-06-08,2026-06-03,2026-06,PNG01,5120,,VIC,IBM Australia,BOB-PL-0789,PO-PL-3600,GBP,82869.84,INPUT,P&L transaction - Office supplies,Oracle
TXN004998,2026-06-22,2026-06-17,2026-06,NZL01,6020,,SA,QBE Insurance,BOB-PL-0790,PO-PL-8947,NZD,97326.11,EXPORT,P&L transaction - Direct labor,Oracle
TXN004999,2026-06-01,2026-02-23,2026-06,FJI01,4100,,VIC,Energy Australia,BOB-PL-0791,PO-PL-7314,AUD,285494.67,INPUT,P&L transaction - Interest income,Manual Entry
TXN005000,2026-06-21,2026-06-14,2026-06,NZL01,5510,,OPS,Oracle,BOB-PL-0792,PO-PL-7296,AUD,97005.54,GST,P&L transaction - Advertising,Manual Entry
TXN005001,2026-06-01,2026-02-24,2026-06,PNG01,5110,,MKT,IBM Australia,BOB-PL-0793,PO-PL-7567,NZD,189034.88,GST-FREE,P&L transaction - Utilities,Oracle
TXN005002,2026-06-29,2026-06-24,2026-06,FJI01,4000,,MKT,Oracle,BOB-PL-0794,PO-PL-1322,AUD,297395.27,EXPORT,P&L transaction - Product sales,Workday
TXN005003,2026-06-15,2026-06-07,2026-06,AUS01,5110,,ACT,Officeworks,BOB-PL-0795,PO-PL-6979,USD,112234.58,EXPORT,P&L transaction - Utilities,API Import
TXN005004,2026-06-15,2026-06-10,2026-06,NZL01,5320,,WA,Qantas Commercial,BOB-PL-0796,PO-PL-9586,GBP,129233.47,INPUT,P&L transaction - Audit fees,Oracle
TXN005005,2026-06-19,2026-06-18,2026-06,AUS01,5700,,CORP,Deloitte,BOB-PL-0797,PO-PL-5082,GBP,81146.56,GST-FREE,P&L transaction - Training,API Import
TXN005006,2026-06-20,2026-06-10,2026-06,PNG01,5520,,SA,Melbourne Airport,BOB-PL-0798,PO-PL-8427,GBP,50243.1,GST,P&L transaction - Events,Oracle
TXN005007,2026-06-21,2026-06-13,2026-06,NZL01,5000,,OPS,IBM Australia,BOB-PL-0799,PO-PL-5127,USD,48085.32,GST,P&L transaction - Salaries and wages,Manual Entry
TXN005008,2026-06-28,2026-06-18,2026-06,AUS01,5210,,WA,LinkedIn,BOB-PL-0800,PO-PL-6889,AUD,187312.95,GST,P&L transaction - Cloud services,Manual Entry
TXN005009,2026-06-07,2026-06-01,2026-06,FJI01,5100,,R&D,Google Ads,BOB-PL-0801,PO-PL-6432,GBP,179068.66,EXPORT,P&L transaction - Office rent,Workday
TXN005010,2026-06-11,2026-06-05,2026-06,PNG01,2210,,ACT,Melbourne Airport,BOB-PL-0802,PO-PL-4223,GBP,143259.24,GST-FREE,P&L transaction - Income tax payable,Oracle
TXN005011,2026-06-08,2026-06-02,2026-06,PNG01,2210,,OPS,Salesforce,BOB-PL-0803,PO-PL-2503,USD,7484.0,GST,P&L transaction - Income tax payable,API Import
TXN005012,2026-06-06,2026-02-28,2026-06,FJI01,4100,,WA,Snowflake,BOB-PL-0804,PO-PL-1954,GBP,279609.65,INPUT,P&L transaction - Interest income,SAP
TXN005013,2026-06-16,2026-06-11,2026-06,NZL01,4020,,NT,Oracle,BOB-PL-0805,PO-PL-7401,NZD,213290.16,GST-FREE,P&L transaction - Subscription revenue,Manual Entry
TXN005014,2026-06-21,2026-06-11,2026-06,FJI01,2210,,CORP,Deloitte,BOB-PL-0806,PO-PL-7640,NZD,84892.62,GST-FREE,P&L transaction - Income tax payable,Oracle
TXN005015,2026-06-12,2026-06-09,2026-06,NZL01,4000,,CORP,Qantas Commercial,BOB-PL-0807,PO-PL-3458,USD,291472.22,EXPORT,P&L transaction - Product sales,SAP
TXN005016,2026-06-05,2026-02-26,2026-06,NZL01,5910,,NT,Oracle,BOB-PL-0808,PO-PL-3667,AUD,171368.17,GST,P&L transaction - Interest expense,SAP
TXN005017,2026-06-30,2026-06-27,2026-06,NZL01,5920,,WA,IBM Australia,BOB-PL-0809,PO-PL-1265,USD,65291.54,GST,P&L transaction - FX Loss,Workday
TXN005018,2026-06-03,2026-02-28,2026-06,FJI01,5520,,FIN,Deloitte,BOB-PL-0810,PO-PL-2935,AUD,70873.77,GST,P&L transaction - Events,Oracle
TXN005019,2026-06-31,2026-06-22,2026-06,AUS01,5000,,NSW,IBM Australia,BOB-PL-0811,PO-PL-3519,USD,86642.88,GST-FREE,P&L transaction - Salaries and wages,SAP
TXN005020,2026-06-04,2026-02-22,2026-06,FJI01,5500,,MKT,AWS,BOB-PL-0812,PO-PL-6131,AUD,50324.3,EXPORT,P&L transaction - Campaign spend,Workday
TXN005021,2026-06-14,2026-06-07,2026-06,AUS01,4020,,QLD,Qantas Commercial,BOB-PL-0813,PO-PL-8580,USD,478270.69,GST,P&L transaction - Subscription revenue,Workday
TXN005022,2026-06-09,2026-02-28,2026-06,FJI01,2210,,HR,Energy Australia,BOB-PL-0814,PO-PL-6947,NZD,178901.46,GST,P&L transaction - Income tax payable,SAP
TXN005023,2026-06-20,2026-06-15,2026-06,PNG01,6010,,MKT,Google Ads,BOB-PL-0815,PO-PL-3957,USD,123271.77,INPUT,P&L transaction - Direct materials,Workday
TXN005024,2026-06-31,2026-06-22,2026-06,FJI01,4010,,HR,AWS,BOB-PL-0816,PO-PL-4565,GBP,235107.56,GST,P&L transaction - Service revenue,Oracle
TXN005025,2026-06-26,2026-06-18,2026-06,FJI01,5500,,VIC,Microsoft,BOB-PL-0817,PO-PL-6817,USD,119039.15,GST-FREE,P&L transaction - Campaign spend,Manual Entry
TXN005026,2026-06-11,2026-06-02,2026-06,PNG01,2210,,NSW,Officeworks,BOB-PL-0818,PO-PL-2537,AUD,119037.37,GST,P&L transaction - Income tax payable,API Import
TXN005027,2026-06-22,2026-06-12,2026-06,AUS01,5700,,WA,Melbourne Airport,BOB-PL-0819,PO-PL-1080,NZD,57759.89,INPUT,P&L transaction - Training,API Import
TXN005028,2026-06-15,2026-06-14,2026-06,FJI01,2210,,OPS,Microsoft,BOB-PL-0820,PO-PL-3718,NZD,104442.56,GST,P&L transaction - Income tax payable,Oracle
TXN005029,2026-06-11,2026-06-04,2026-06,PNG01,5110,,FIN,QBE Insurance,BOB-PL-0821,PO-PL-1931,NZD,151613.99,INPUT,P&L transaction - Utilities,Workday
TXN005030,2026-06-30,2026-06-21,2026-06,PNG01,5120,,FIN,Deloitte,BOB-PL-0822,PO-PL-1125,AUD,94415.84,INPUT,P&L transaction - Office supplies,Workday
TXN005031,2026-06-28,2026-06-19,2026-06,FJI01,4020,,R&D,Snowflake,BOB-PL-0823,PO-PL-1436,NZD,432574.98,GST,P&L transaction - Subscription revenue,Workday
TXN005032,2026-06-08,2026-06-02,2026-06,PNG01,5000,,IT,Officeworks,BOB-PL-0824,PO-PL-1128,AUD,12759.1,INPUT,P&L transaction - Salaries and wages,API Import
TXN005033,2026-06-15,2026-06-06,2026-06,PNG01,5500,,CORP,Deloitte,BOB-PL-0825,PO-PL-8424,NZD,134397.19,GST,P&L transaction - Campaign spend,Manual Entry
TXN005034,2026-06-14,2026-06-10,2026-06,FJI01,4000,,R&D,Deloitte,BOB-PL-0826,PO-PL-2881,GBP,150221.51,EXPORT,P&L transaction - Product sales,SAP
TXN005035,2026-06-29,2026-06-21,2026-06,PNG01,5920,,OPS,QBE Insurance,BOB-PL-0827,PO-PL-9376,GBP,126533.28,GST-FREE,P&L transaction - FX Loss,Manual Entry
TXN005036,2026-06-18,2026-06-17,2026-06,AUS01,6030,,QLD,Melbourne Airport,BOB-PL-0828,PO-PL-5124,NZD,67210.75,INPUT,P&L transaction - Manufacturing overhead,Manual Entry
TXN005037,2026-06-29,2026-06-19,2026-06,NZL01,4100,,WA,Officeworks,BOB-PL-0829,PO-PL-2275,USD,258410.28,GST,P&L transaction - Interest income,Oracle
TXN005038,2026-06-14,2026-06-08,2026-06,PNG01,4000,,NT,Deloitte,BOB-PL-0830,PO-PL-3156,AUD,363417.51,INPUT,P&L transaction - Product sales,Oracle
TXN005039,2026-06-26,2026-06-21,2026-06,NZL01,5300,,QLD,IBM Australia,BOB-PL-0831,PO-PL-2099,GBP,86702.4,GST,P&L transaction - Professional services,SAP
TXN005040,2026-06-30,2026-06-28,2026-06,NZL01,4020,,FIN,Deloitte,BOB-PL-0832,PO-PL-6116,NZD,464495.38,GST,P&L transaction - Subscription revenue,API Import
TXN005041,2026-06-17,2026-06-12,2026-06,FJI01,6000,,NT,Officeworks,BOB-PL-0833,PO-PL-3560,AUD,141867.31,EXPORT,P&L transaction - Cost of goods sold,SAP
TXN005042,2026-06-18,2026-06-16,2026-06,NZL01,4020,,MKT,Salesforce,BOB-PL-0834,PO-PL-1670,GBP,402503.69,EXPORT,P&L transaction - Subscription revenue,API Import
TXN005043,2026-06-13,2026-06-09,2026-06,FJI01,5120,,WA,Deloitte,BOB-PL-0835,PO-PL-5875,AUD,57909.86,GST-FREE,P&L transaction - Office supplies,Oracle
TXN005044,2026-06-20,2026-06-13,2026-06,FJI01,5210,,MKT,Officeworks,BOB-PL-0836,PO-PL-7653,GBP,55526.75,EXPORT,P&L transaction - Cloud services,Oracle
TXN005045,2026-06-21,2026-06-16,2026-06,AUS01,4010,,SA,Energy Australia,BOB-PL-0837,PO-PL-3331,USD,58056.03,GST-FREE,P&L transaction - Service revenue,Manual Entry
TXN005046,2026-06-19,2026-06-13,2026-06,FJI01,5320,,FIN,Google Ads,BOB-PL-0838,PO-PL-7276,USD,5112.52,INPUT,P&L transaction - Audit fees,Workday
TXN005047,2026-06-21,2026-06-17,2026-06,AUS01,5910,,R&D,AWS,BOB-PL-0839,PO-PL-6301,NZD,142968.18,GST,P&L transaction - Interest expense,API Import
TXN005048,2026-06-16,2026-06-07,2026-06,AUS01,5920,,HR,Melbourne Airport,BOB-PL-0840,PO-PL-6305,AUD,153505.47,GST,P&L transaction - FX Loss,Oracle
TXN005049,2026-06-17,2026-06-07,2026-06,AUS01,4100,,R&D,Energy Australia,BOB-PL-0841,PO-PL-1994,USD,418560.21,INPUT,P&L transaction - Interest income,Workday
TXN005050,2026-06-09,2026-02-28,2026-06,FJI01,5000,,IT,Salesforce,BOB-PL-0842,PO-PL-5255,AUD,163397.64,EXPORT,P&L transaction - Salaries and wages,Oracle
TXN005051,2026-06-10,2026-06-03,2026-06,FJI01,5510,,TAS,Salesforce,BOB-PL-0843,PO-PL-5135,USD,49238.94,GST-FREE,P&L transaction - Advertising,API Import
TXN005052,2026-06-15,2026-06-12,2026-06,AUS01,6030,,NT,IBM Australia,BOB-PL-0844,PO-PL-2716,USD,118498.53,EXPORT,P&L transaction - Manufacturing overhead,API Import
TXN005053,2026-06-31,2026-06-24,2026-06,AUS01,2210,,FIN,LinkedIn,BOB-PL-0845,PO-PL-2011,USD,8922.83,EXPORT,P&L transaction - Income tax payable,Oracle
TXN005054,2026-06-21,2026-06-14,2026-06,PNG01,5100,,TAS,Officeworks,BOB-PL-0846,PO-PL-8874,USD,62830.13,EXPORT,P&L transaction - Office rent,Oracle
TXN005055,2026-06-25,2026-06-24,2026-06,FJI01,5300,,ACT,Qantas Commercial,BOB-PL-0847,PO-PL-1933,NZD,72200.12,EXPORT,P&L transaction - Professional services,API Import
TXN005056,2026-06-26,2026-06-16,2026-06,NZL01,5920,,TAS,Melbourne Airport,BOB-PL-0848,PO-PL-2911,GBP,46284.82,INPUT,P&L transaction - FX Loss,Oracle
TXN005057,2026-06-02,2026-02-20,2026-06,AUS01,4020,,NT,Oracle,BOB-PL-0849,PO-PL-4084,NZD,175701.56,GST-FREE,P&L transaction - Subscription revenue,API Import
TXN005058,2026-06-13,2026-06-04,2026-06,NZL01,2210,,QLD,LinkedIn,BOB-PL-0850,PO-PL-9540,USD,130107.25,INPUT,P&L transaction - Income tax payable,Oracle
TXN005059,2026-06-24,2026-06-19,2026-06,NZL01,6020,,HR,Snowflake,BOB-PL-0851,PO-PL-2674,AUD,73027.53,INPUT,P&L transaction - Direct labor,Manual Entry
TXN005060,2026-06-28,2026-06-21,2026-06,NZL01,4000,,CORP,Melbourne Airport,BOB-PL-0852,PO-PL-6099,NZD,230637.55,GST,P&L transaction - Product sales,API Import
TXN005061,2026-06-06,2026-02-28,2026-06,FJI01,5210,,SA,Microsoft,BOB-PL-0853,PO-PL-5498,NZD,96784.53,EXPORT,P&L transaction - Cloud services,API Import
TXN005062,2026-06-08,2026-06-05,2026-06,FJI01,5010,,CORP,Officeworks,BOB-PL-0854,PO-PL-6657,USD,96704.85,EXPORT,P&L transaction - Employee benefits,Workday
TXN005063,2026-06-09,2026-06-02,2026-06,NZL01,5510,,SA,Google Ads,BOB-PL-0855,PO-PL-1560,AUD,82105.18,GST-FREE,P&L transaction - Advertising,Oracle
TXN005064,2026-06-08,2026-02-26,2026-06,NZL01,2210,,NSW,Snowflake,BOB-PL-0856,PO-PL-2841,GBP,141315.94,GST,P&L transaction - Income tax payable,Oracle
TXN005065,2026-06-26,2026-06-17,2026-06,AUS01,5210,,QLD,Microsoft,BOB-PL-0857,PO-PL-8827,NZD,120952.68,INPUT,P&L transaction - Cloud services,Oracle
TXN005066,2026-06-14,2026-06-13,2026-06,AUS01,5110,,WA,Google Ads,BOB-PL-0858,PO-PL-5662,AUD,174478.15,GST,P&L transaction - Utilities,SAP
TXN005067,2026-06-23,2026-06-15,2026-06,PNG01,5100,,QLD,Officeworks,BOB-PL-0859,PO-PL-1013,NZD,19217.52,EXPORT,P&L transaction - Office rent,Oracle
TXN005068,2026-06-13,2026-06-11,2026-06,PNG01,5120,,ACT,Deloitte,BOB-PL-0860,PO-PL-8071,USD,35429.07,INPUT,P&L transaction - Office supplies,Oracle
TXN005069,2026-06-09,2026-06-07,2026-06,FJI01,5210,,NT,SAP Australia,BOB-PL-0861,PO-PL-4984,AUD,179876.99,GST-FREE,P&L transaction - Cloud services,API Import
TXN005070,2026-06-15,2026-06-09,2026-06,PNG01,5100,,NT,Salesforce,BOB-PL-0862,PO-PL-8919,GBP,105755.53,GST,P&L transaction - Office rent,Oracle
TXN005071,2026-06-10,2026-06-07,2026-06,NZL01,5010,,TAS,Deloitte,BOB-PL-0863,PO-PL-4436,NZD,3658.97,EXPORT,P&L transaction - Employee benefits,API Import
TXN005072,2026-06-29,2026-06-28,2026-06,NZL01,5300,,VIC,Officeworks,BOB-PL-0864,PO-PL-4016,NZD,61452.2,EXPORT,P&L transaction - Professional services,Manual Entry
TXN005073,2026-06-01,2026-02-19,2026-06,NZL01,5520,,VIC,Qantas Commercial,BOB-PL-0865,PO-PL-1649,GBP,161727.5,INPUT,P&L transaction - Events,Oracle
TXN005074,2026-06-03,2026-02-22,2026-06,AUS01,5110,,WA,Snowflake,BOB-PL-0866,PO-PL-9719,GBP,181277.17,GST,P&L transaction - Utilities,API Import
TXN005075,2026-06-24,2026-06-23,2026-06,AUS01,2210,,NSW,SAP Australia,BOB-PL-0867,PO-PL-1134,USD,72160.43,EXPORT,P&L transaction - Income tax payable,Manual Entry
TXN005076,2026-06-29,2026-06-23,2026-06,NZL01,5320,,IT,IBM Australia,BOB-PL-0868,PO-PL-1994,GBP,69364.13,INPUT,P&L transaction - Audit fees,Manual Entry
TXN005077,2026-06-16,2026-06-09,2026-06,PNG01,5520,,TAS,Google Ads,BOB-PL-0869,PO-PL-1123,AUD,110654.35,INPUT,P&L transaction - Events,SAP
TXN005078,2026-06-25,2026-06-17,2026-06,PNG01,6000,,HR,IBM Australia,BOB-PL-0870,PO-PL-3238,NZD,73201.55,GST-FREE,P&L transaction - Cost of goods sold,Workday
TXN005079,2026-06-21,2026-06-14,2026-06,FJI01,2210,,QLD,Snowflake,BOB-PL-0871,PO-PL-3695,GBP,66852.34,GST-FREE,P&L transaction - Income tax payable,SAP
TXN005080,2026-06-13,2026-06-03,2026-06,NZL01,5110,,CORP,Google Ads,BOB-PL-0872,PO-PL-7748,NZD,23112.34,INPUT,P&L transaction - Utilities,Oracle
TXN005081,2026-06-31,2026-06-23,2026-06,NZL01,5120,,CORP,Officeworks,BOB-PL-0873,PO-PL-8654,AUD,52803.16,GST,P&L transaction - Office supplies,Oracle
TXN005082,2026-06-27,2026-06-22,2026-06,FJI01,4020,,SA,Oracle,BOB-PL-0874,PO-PL-7951,NZD,90901.16,INPUT,P&L transaction - Subscription revenue,Manual Entry
TXN005083,2026-06-31,2026-06-23,2026-06,NZL01,4000,,HR,QBE Insurance,BOB-PL-0875,PO-PL-6290,GBP,477100.49,EXPORT,P&L transaction - Product sales,Workday
TXN005084,2026-06-11,2026-06-05,2026-06,AUS01,6000,,HR,AWS,BOB-PL-0876,PO-PL-7252,NZD,100168.06,EXPORT,P&L transaction - Cost of goods sold,Manual Entry
TXN005085,2026-06-09,2026-06-06,2026-06,AUS01,5110,,QLD,IBM Australia,BOB-PL-0877,PO-PL-3531,GBP,61946.06,INPUT,P&L transaction - Utilities,Workday
TXN005086,2026-06-20,2026-06-10,2026-06,FJI01,5110,,MKT,Deloitte,BOB-PL-0878,PO-PL-9759,GBP,166984.44,GST-FREE,P&L transaction - Utilities,Oracle
TXN005087,2026-06-28,2026-06-22,2026-06,FJI01,4010,,HR,SAP Australia,BOB-PL-0879,PO-PL-5622,NZD,87457.63,EXPORT,P&L transaction - Service revenue,Workday
TXN005088,2026-06-18,2026-06-08,2026-06,FJI01,5100,,OPS,Salesforce,BOB-PL-0880,PO-PL-7124,AUD,155312.05,INPUT,P&L transaction - Office rent,SAP
TXN005089,2026-06-06,2026-06-05,2026-06,FJI01,5000,,NT,Google Ads,BOB-PL-0881,PO-PL-3202,NZD,171031.97,EXPORT,P&L transaction - Salaries and wages,Manual Entry
TXN005090,2026-06-03,2026-06-01,2026-06,FJI01,4010,,IT,Microsoft,BOB-PL-0882,PO-PL-8080,USD,223256.2,GST,P&L transaction - Service revenue,Manual Entry
TXN005091,2026-06-21,2026-06-17,2026-06,NZL01,6020,,FIN,Microsoft,BOB-PL-0883,PO-PL-6590,AUD,107256.19,GST-FREE,P&L transaction - Direct labor,Manual Entry
TXN005092,2026-06-03,2026-06-02,2026-06,NZL01,5320,,NSW,Deloitte,BOB-PL-0884,PO-PL-3813,USD,131280.01,GST-FREE,P&L transaction - Audit fees,Workday
TXN005093,2026-06-19,2026-06-16,2026-06,AUS01,6020,,WA,Energy Australia,BOB-PL-0885,PO-PL-2298,NZD,145846.94,INPUT,P&L transaction - Direct labor,SAP
TXN005094,2026-06-31,2026-06-24,2026-06,PNG01,6020,,QLD,Officeworks,BOB-PL-0886,PO-PL-7179,NZD,78820.16,EXPORT,P&L transaction - Direct labor,Oracle
TXN005095,2026-06-15,2026-06-09,2026-06,AUS01,6000,,IT,SAP Australia,BOB-PL-0887,PO-PL-6205,NZD,49963.86,GST-FREE,P&L transaction - Cost of goods sold,API Import
TXN005096,2026-06-03,2026-02-23,2026-06,PNG01,5520,,R&D,Microsoft,BOB-PL-0888,PO-PL-4177,GBP,15262.19,INPUT,P&L transaction - Events,API Import
TXN005097,2026-06-02,2026-02-21,2026-06,FJI01,5500,,ACT,AWS,BOB-PL-0889,PO-PL-2984,AUD,33762.06,GST-FREE,P&L transaction - Campaign spend,Manual Entry
TXN005098,2026-06-24,2026-06-17,2026-06,NZL01,5210,,R&D,IBM Australia,BOB-PL-0890,PO-PL-3011,USD,96919.42,GST,P&L transaction - Cloud services,API Import
TXN005099,2026-06-08,2026-02-28,2026-06,NZL01,5200,,VIC,Oracle,BOB-PL-0891,PO-PL-5474,AUD,89067.06,GST-FREE,P&L transaction - Software licenses,Oracle
TXN005100,2026-06-12,2026-06-02,2026-06,NZL01,4000,,NT,LinkedIn,BOB-PL-0892,PO-PL-1557,USD,417376.06,GST,P&L transaction - Product sales,SAP
TXN005101,2026-06-09,2026-06-06,2026-06,PNG01,4000,,FIN,Officeworks,BOB-PL-0893,PO-PL-7331,USD,178400.38,INPUT,P&L transaction - Product sales,API Import
TXN005102,2026-06-24,2026-06-16,2026-06,NZL01,4000,,R&D,Officeworks,BOB-PL-0894,PO-PL-8073,GBP,389595.25,GST-FREE,P&L transaction - Product sales,SAP
TXN005103,2026-06-22,2026-06-20,2026-06,FJI01,5210,,QLD,Oracle,BOB-PL-0895,PO-PL-3328,NZD,109764.6,GST,P&L transaction - Cloud services,SAP
TXN005104,2026-06-26,2026-06-22,2026-06,NZL01,5120,,SA,SAP Australia,BOB-PL-0896,PO-PL-7227,NZD,26514.67,EXPORT,P&L transaction - Office supplies,API Import
TXN005105,2026-06-09,2026-06-01,2026-06,PNG01,5110,,QLD,Oracle,BOB-PL-0897,PO-PL-1951,NZD,68750.95,INPUT,P&L transaction - Utilities,Oracle
TXN005106,2026-06-05,2026-06-04,2026-06,PNG01,5510,,R&D,Officeworks,BOB-PL-0898,PO-PL-3534,NZD,126272.24,GST,P&L transaction - Advertising,Workday
TXN005107,2026-06-06,2026-02-27,2026-06,FJI01,2210,,TAS,IBM Australia,BOB-PL-0899,PO-PL-5021,NZD,177824.91,GST,P&L transaction - Income tax payable,API Import
TXN005108,2026-06-05,2026-06-01,2026-06,FJI01,6000,,VIC,Oracle,BOB-PL-0900,PO-PL-1662,AUD,141325.11,GST-FREE,P&L transaction - Cost of goods sold,SAP
TXN005109,2026-06-04,2026-02-26,2026-06,NZL01,5700,,FIN,Microsoft,BOB-PL-0901,PO-PL-8311,NZD,16945.45,GST-FREE,P&L transaction - Training,Oracle
TXN005110,2026-06-16,2026-06-07,2026-06,FJI01,6020,,TAS,Salesforce,BOB-PL-0902,PO-PL-6853,USD,148809.69,INPUT,P&L transaction - Direct labor,Workday
TXN005111,2026-06-27,2026-06-24,2026-06,NZL01,5500,,CORP,Qantas Commercial,BOB-PL-0903,PO-PL-8449,GBP,31159.84,EXPORT,P&L transaction - Campaign spend,Oracle
TXN005112,2026-06-13,2026-06-09,2026-06,PNG01,5510,,NT,Salesforce,BOB-PL-0904,PO-PL-6016,GBP,29517.17,EXPORT,P&L transaction - Advertising,Workday
TXN005113,2026-06-24,2026-06-14,2026-06,FJI01,5320,,NSW,Snowflake,BOB-PL-0905,PO-PL-6791,AUD,72722.15,INPUT,P&L transaction - Audit fees,API Import
TXN005114,2026-06-30,2026-06-20,2026-06,AUS01,5510,,HR,Google Ads,BOB-PL-0906,PO-PL-1062,USD,184329.08,INPUT,P&L transaction - Advertising,Workday
TXN005115,2026-06-27,2026-06-21,2026-06,NZL01,6030,,HR,Google Ads,BOB-PL-0907,PO-PL-1596,GBP,101595.98,GST-FREE,P&L transaction - Manufacturing overhead,Workday
TXN005116,2026-06-16,2026-06-14,2026-06,FJI01,5920,,WA,Salesforce,BOB-PL-0908,PO-PL-4992,GBP,50582.28,GST,P&L transaction - FX Loss,Manual Entry
TXN005117,2026-06-15,2026-06-11,2026-06,AUS01,5920,,SA,Energy Australia,BOB-PL-0909,PO-PL-9995,AUD,107668.7,GST-FREE,P&L transaction - FX Loss,Workday
TXN005118,2026-06-25,2026-06-16,2026-06,AUS01,6000,,SA,IBM Australia,BOB-PL-0910,PO-PL-4196,NZD,34815.97,GST,P&L transaction - Cost of goods sold,SAP
TXN005119,2026-06-10,2026-02-28,2026-06,NZL01,5920,,IT,Microsoft,BOB-PL-0911,PO-PL-9307,NZD,141793.14,GST-FREE,P&L transaction - FX Loss,Workday
TXN005120,2026-06-17,2026-06-16,2026-06,AUS01,6030,,IT,Salesforce,BOB-PL-0912,PO-PL-2567,NZD,77457.47,EXPORT,P&L transaction - Manufacturing overhead,Workday
TXN005121,2026-06-03,2026-02-26,2026-06,AUS01,2210,,R&D,Melbourne Airport,BOB-PL-0913,PO-PL-7113,GBP,121593.41,GST,P&L transaction - Income tax payable,API Import
TXN005122,2026-06-12,2026-06-09,2026-06,FJI01,5000,,SA,AWS,BOB-PL-0914,PO-PL-9754,GBP,38169.44,GST,P&L transaction - Salaries and wages,SAP
TXN005123,2026-06-04,2026-02-28,2026-06,FJI01,5110,,OPS,Snowflake,BOB-PL-0915,PO-PL-9208,NZD,39301.12,INPUT,P&L transaction - Utilities,Manual Entry
TXN005124,2026-06-31,2026-06-26,2026-06,PNG01,2210,,SA,Oracle,BOB-PL-0916,PO-PL-9898,USD,87459.41,EXPORT,P&L transaction - Income tax payable,Workday
TXN005125,2026-06-27,2026-06-22,2026-06,PNG01,5000,,HR,SAP Australia,BOB-PL-0917,PO-PL-9642,AUD,48003.43,INPUT,P&L transaction - Salaries and wages,Oracle
TXN005126,2026-06-01,2026-02-22,2026-06,NZL01,5300,,TAS,Officeworks,BOB-PL-0918,PO-PL-6627,AUD,35773.95,INPUT,P&L transaction - Professional services,Workday
TXN005127,2026-06-07,2026-06-05,2026-06,AUS01,6020,,IT,Officeworks,BOB-PL-0919,PO-PL-2917,USD,33349.13,GST-FREE,P&L transaction - Direct labor,API Import
TXN005128,2026-06-09,2026-06-03,2026-06,NZL01,5010,,R&D,Microsoft,BOB-PL-0920,PO-PL-2354,GBP,53448.78,INPUT,P&L transaction - Employee benefits,Oracle
TXN005129,2026-06-28,2026-06-24,2026-06,NZL01,5500,,QLD,Snowflake,BOB-PL-0921,PO-PL-7660,NZD,72235.98,INPUT,P&L transaction - Campaign spend,Manual Entry
TXN005130,2026-06-03,2026-02-23,2026-06,AUS01,5210,,QLD,Energy Australia,BOB-PL-0922,PO-PL-7153,NZD,110612.86,INPUT,P&L transaction - Cloud services,API Import
TXN005131,2026-06-04,2026-02-23,2026-06,NZL01,4020,,CORP,Energy Australia,BOB-PL-0923,PO-PL-2499,GBP,164539.3,INPUT,P&L transaction - Subscription revenue,SAP
TXN005132,2026-06-20,2026-06-16,2026-06,FJI01,6030,,HR,Melbourne Airport,BOB-PL-0924,PO-PL-7802,NZD,130076.37,GST,P&L transaction - Manufacturing overhead,Oracle
TXN005133,2026-06-12,2026-06-11,2026-06,PNG01,4000,,QLD,Oracle,BOB-PL-0925,PO-PL-5525,USD,110063.97,INPUT,P&L transaction - Product sales,API Import
TXN005134,2026-06-03,2026-02-24,2026-06,NZL01,2210,,IT,Snowflake,BOB-PL-0926,PO-PL-6244,AUD,162180.62,GST,P&L transaction - Income tax payable,Manual Entry
TXN005135,2026-06-29,2026-06-25,2026-06,FJI01,5500,,TAS,Energy Australia,BOB-PL-0927,PO-PL-9835,NZD,143117.26,EXPORT,P&L transaction - Campaign spend,API Import
TXN005136,2026-06-11,2026-06-05,2026-06,FJI01,5510,,CORP,Google Ads,BOB-PL-0928,PO-PL-2243,USD,51661.32,GST-FREE,P&L transaction - Advertising,API Import
TXN005137,2026-06-19,2026-06-10,2026-06,PNG01,5200,,OPS,Melbourne Airport,BOB-PL-0929,PO-PL-6308,USD,123124.24,EXPORT,P&L transaction - Software licenses,Workday
TXN005138,2026-06-16,2026-06-09,2026-06,AUS01,2210,,NT,Qantas Commercial,BOB-PL-0930,PO-PL-3461,GBP,157970.4,GST-FREE,P&L transaction - Income tax payable,Manual Entry
TXN005139,2026-06-21,2026-06-19,2026-06,NZL01,2210,,TAS,Energy Australia,BOB-PL-0931,PO-PL-4568,GBP,64312.52,GST-FREE,P&L transaction - Income tax payable,API Import
TXN005140,2026-06-13,2026-06-12,2026-06,PNG01,5500,,MKT,Melbourne Airport,BOB-PL-0932,PO-PL-7788,USD,4112.29,INPUT,P&L transaction - Campaign spend,SAP
TXN005141,2026-06-02,2026-02-27,2026-06,AUS01,5100,,IT,IBM Australia,BOB-PL-0933,PO-PL-9136,GBP,149233.83,GST,P&L transaction - Office rent,Workday
TXN005142,2026-06-23,2026-06-15,2026-06,NZL01,5100,,SA,Qantas Commercial,BOB-PL-0934,PO-PL-4877,GBP,57357.55,EXPORT,P&L transaction - Office rent,Oracle
TXN005143,2026-06-29,2026-06-26,2026-06,NZL01,5300,,HR,SAP Australia,BOB-PL-0935,PO-PL-6283,AUD,184181.83,EXPORT,P&L transaction - Professional services,API Import
TXN005144,2026-06-20,2026-06-18,2026-06,PNG01,4010,,MKT,Snowflake,BOB-PL-0936,PO-PL-1091,NZD,459672.74,GST,P&L transaction - Service revenue,Manual Entry
TXN005145,2026-06-04,2026-02-22,2026-06,AUS01,4020,,IT,Microsoft,BOB-PL-0937,PO-PL-2514,USD,145179.45,EXPORT,P&L transaction - Subscription revenue,Manual Entry
TXN005146,2026-06-11,2026-06-06,2026-06,AUS01,5000,,FIN,Deloitte,BOB-PL-0938,PO-PL-6304,GBP,185035.67,GST-FREE,P&L transaction - Salaries and wages,API Import
TXN005147,2026-06-12,2026-06-08,2026-06,AUS01,5920,,TAS,Energy Australia,BOB-PL-0939,PO-PL-3673,NZD,49649.97,GST-FREE,P&L transaction - FX Loss,Manual Entry
TXN005148,2026-06-20,2026-06-12,2026-06,AUS01,5910,,NT,Salesforce,BOB-PL-0940,PO-PL-6381,NZD,182830.88,EXPORT,P&L transaction - Interest expense,Workday
TXN005149,2026-06-16,2026-06-13,2026-06,PNG01,4010,,MKT,LinkedIn,BOB-PL-0941,PO-PL-6835,AUD,56739.54,EXPORT,P&L transaction - Service revenue,API Import
TXN005150,2026-06-03,2026-02-22,2026-06,AUS01,5320,,VIC,Energy Australia,BOB-PL-0942,PO-PL-3673,AUD,53580.68,GST-FREE,P&L transaction - Audit fees,API Import
TXN005151,2026-06-21,2026-06-12,2026-06,AUS01,5210,,R&D,Snowflake,BOB-PL-0943,PO-PL-5538,USD,30130.52,GST,P&L transaction - Cloud services,API Import
TXN005152,2026-06-11,2026-06-05,2026-06,PNG01,5520,,NSW,Melbourne Airport,BOB-PL-0944,PO-PL-3572,USD,154680.59,INPUT,P&L transaction - Events,Workday
TXN005153,2026-06-25,2026-06-21,2026-06,PNG01,6000,,QLD,Snowflake,BOB-PL-0945,PO-PL-9999,AUD,68799.11,GST,P&L transaction - Cost of goods sold,Oracle
TXN005154,2026-06-26,2026-06-23,2026-06,FJI01,5120,,TAS,Google Ads,BOB-PL-0946,PO-PL-1737,USD,47219.66,EXPORT,P&L transaction - Office supplies,API Import
TXN005155,2026-06-19,2026-06-11,2026-06,PNG01,2210,,NT,Qantas Commercial,BOB-PL-0947,PO-PL-4244,GBP,20672.16,EXPORT,P&L transaction - Income tax payable,Oracle
TXN005156,2026-06-20,2026-06-13,2026-06,FJI01,5320,,ACT,Melbourne Airport,BOB-PL-0948,PO-PL-4833,USD,163657.14,EXPORT,P&L transaction - Audit fees,Manual Entry
TXN005157,2026-06-05,2026-06-02,2026-06,FJI01,5520,,MKT,Oracle,BOB-PL-0949,PO-PL-5093,AUD,177192.05,EXPORT,P&L transaction - Events,Manual Entry
TXN005158,2026-06-07,2026-02-26,2026-06,FJI01,5520,,FIN,Deloitte,BOB-PL-0950,PO-PL-4825,NZD,20182.54,GST-FREE,P&L transaction - Events,Manual Entry
TXN005159,2026-06-17,2026-06-09,2026-06,AUS01,5210,,VIC,IBM Australia,BOB-PL-0951,PO-PL-2318,GBP,136349.54,GST,P&L transaction - Cloud services,Workday
TXN005160,2026-06-29,2026-06-21,2026-06,AUS01,4100,,NSW,Oracle,BOB-PL-0952,PO-PL-3730,USD,318032.66,GST,P&L transaction - Interest income,API Import
TXN005161,2026-06-09,2026-06-03,2026-06,PNG01,5210,,TAS,AWS,BOB-PL-0953,PO-PL-3503,GBP,124429.61,GST-FREE,P&L transaction - Cloud services,Oracle
TXN005162,2026-06-06,2026-06-05,2026-06,AUS01,5120,,TAS,Officeworks,BOB-PL-0954,PO-PL-1370,GBP,79725.69,EXPORT,P&L transaction - Office supplies,Workday
TXN005163,2026-06-12,2026-06-02,2026-06,FJI01,2210,,IT,Salesforce,BOB-PL-0955,PO-PL-9861,AUD,71549.38,GST,P&L transaction - Income tax payable,Oracle
TXN005164,2026-06-28,2026-06-27,2026-06,FJI01,5510,,HR,LinkedIn,BOB-PL-0956,PO-PL-3231,AUD,162147.38,INPUT,P&L transaction - Advertising,Workday
TXN005165,2026-06-31,2026-06-23,2026-06,PNG01,2210,,VIC,AWS,BOB-PL-0957,PO-PL-9009,AUD,141189.33,GST-FREE,P&L transaction - Income tax payable,SAP
TXN005166,2026-06-30,2026-06-25,2026-06,FJI01,5120,,MKT,Officeworks,BOB-PL-0958,PO-PL-3214,NZD,118281.43,GST-FREE,P&L transaction - Office supplies,Oracle
TXN005167,2026-06-26,2026-06-19,2026-06,PNG01,5110,,ACT,Melbourne Airport,BOB-PL-0959,PO-PL-9353,USD,124492.25,INPUT,P&L transaction - Utilities,API Import
TXN005168,2026-06-21,2026-06-20,2026-06,PNG01,4000,,IT,Melbourne Airport,BOB-PL-0960,PO-PL-2091,NZD,121688.16,GST-FREE,P&L transaction - Product sales,API Import
TXN005169,2026-06-09,2026-02-27,2026-06,FJI01,5520,,IT,Snowflake,BOB-PL-0961,PO-PL-3173,AUD,148833.73,INPUT,P&L transaction - Events,SAP
TXN005170,2026-06-28,2026-06-19,2026-06,NZL01,5500,,CORP,QBE Insurance,BOB-PL-0962,PO-PL-2205,GBP,136406.05,EXPORT,P&L transaction - Campaign spend,SAP
TXN005171,2026-06-20,2026-06-12,2026-06,NZL01,5700,,VIC,Google Ads,BOB-PL-0963,PO-PL-5803,GBP,177885.3,EXPORT,P&L transaction - Training,Manual Entry
TXN005172,2026-06-19,2026-06-11,2026-06,PNG01,2210,,TAS,Snowflake,BOB-PL-0964,PO-PL-1456,USD,127341.09,EXPORT,P&L transaction - Income tax payable,Oracle
TXN005173,2026-06-18,2026-06-17,2026-06,NZL01,5300,,NSW,SAP Australia,BOB-PL-0965,PO-PL-7408,USD,79268.46,EXPORT,P&L transaction - Professional services,SAP
TXN005174,2026-06-29,2026-06-27,2026-06,FJI01,6000,,IT,IBM Australia,BOB-PL-0966,PO-PL-2723,NZD,90302.08,INPUT,P&L transaction - Cost of goods sold,API Import
TXN005175,2026-06-02,2026-02-27,2026-06,NZL01,5500,,ACT,Deloitte,BOB-PL-0967,PO-PL-7262,AUD,101353.91,EXPORT,P&L transaction - Campaign spend,SAP
TXN005176,2026-06-25,2026-06-16,2026-06,PNG01,6010,,R&D,Oracle,BOB-PL-0968,PO-PL-5313,NZD,73800.88,INPUT,P&L transaction - Direct materials,Oracle
TXN005177,2026-06-18,2026-06-10,2026-06,FJI01,5520,,IT,LinkedIn,BOB-PL-0969,PO-PL-6275,AUD,193678.36,GST,P&L transaction - Events,Manual Entry
TXN005178,2026-06-13,2026-06-09,2026-06,FJI01,6020,,R&D,Oracle,BOB-PL-0970,PO-PL-8334,GBP,95630.84,GST-FREE,P&L transaction - Direct labor,Oracle
TXN005179,2026-06-08,2026-02-28,2026-06,NZL01,5520,,NT,IBM Australia,BOB-PL-0971,PO-PL-1461,GBP,56937.16,GST,P&L transaction - Events,Manual Entry
TXN005180,2026-06-07,2026-06-05,2026-06,PNG01,5200,,MKT,Salesforce,BOB-PL-0972,PO-PL-8191,NZD,90673.58,GST,P&L transaction - Software licenses,Workday
TXN005181,2026-06-27,2026-06-21,2026-06,FJI01,5510,,QLD,QBE Insurance,BOB-PL-0973,PO-PL-9003,AUD,125955.87,GST,P&L transaction - Advertising,API Import
TXN005182,2026-06-04,2026-02-25,2026-06,AUS01,2210,,OPS,Melbourne Airport,BOB-PL-0974,PO-PL-4800,AUD,88136.07,INPUT,P&L transaction - Income tax payable,Manual Entry
TXN005183,2026-06-12,2026-06-10,2026-06,PNG01,5510,,SA,Energy Australia,BOB-PL-0975,PO-PL-6219,USD,146804.66,EXPORT,P&L transaction - Advertising,SAP
TXN005184,2026-06-17,2026-06-07,2026-06,AUS01,5300,,OPS,Officeworks,BOB-PL-0976,PO-PL-4703,USD,80565.48,EXPORT,P&L transaction - Professional services,SAP
TXN005185,2026-06-16,2026-06-11,2026-06,AUS01,5100,,QLD,Salesforce,BOB-PL-0977,PO-PL-8359,USD,14600.03,GST,P&L transaction - Office rent,Manual Entry
TXN005186,2026-06-10,2026-06-02,2026-06,NZL01,4000,,ACT,Salesforce,BOB-PL-0978,PO-PL-9852,USD,380507.27,GST-FREE,P&L transaction - Product sales,API Import
TXN005187,2026-06-10,2026-02-28,2026-06,PNG01,6010,,ACT,Salesforce,BOB-PL-0979,PO-PL-6922,GBP,100515.44,EXPORT,P&L transaction - Direct materials,API Import
TXN005188,2026-06-09,2026-06-07,2026-06,AUS01,6010,,WA,Officeworks,BOB-PL-0980,PO-PL-7513,AUD,127326.89,EXPORT,P&L transaction - Direct materials,Workday
TXN005189,2026-06-05,2026-02-26,2026-06,FJI01,4020,,HR,LinkedIn,BOB-PL-0981,PO-PL-2194,USD,190442.47,GST-FREE,P&L transaction - Subscription revenue,Workday
TXN005190,2026-06-22,2026-06-21,2026-06,NZL01,2210,,ACT,AWS,BOB-PL-0982,PO-PL-6045,AUD,87585.67,GST-FREE,P&L transaction - Income tax payable,SAP
TXN005191,2026-06-15,2026-06-14,2026-06,AUS01,5100,,WA,LinkedIn,BOB-PL-0983,PO-PL-4516,GBP,106182.16,EXPORT,P&L transaction - Office rent,Workday
TXN005192,2026-06-18,2026-06-15,2026-06,AUS01,6030,,MKT,Salesforce,BOB-PL-0984,PO-PL-7460,GBP,106533.2,INPUT,P&L transaction - Manufacturing overhead,SAP
TXN005193,2026-06-28,2026-06-25,2026-06,FJI01,4000,,FIN,Officeworks,BOB-PL-0985,PO-PL-2989,GBP,54367.02,EXPORT,P&L transaction - Product sales,Manual Entry
TXN005194,2026-06-29,2026-06-28,2026-06,PNG01,4000,,MKT,Energy Australia,BOB-PL-0986,PO-PL-1668,GBP,484603.11,GST,P&L transaction - Product sales,API Import
TXN005195,2026-06-07,2026-06-01,2026-06,FJI01,5300,,VIC,Google Ads,BOB-PL-0987,PO-PL-5324,AUD,144961.65,GST,P&L transaction - Professional services,Workday
TXN005196,2026-06-21,2026-06-14,2026-06,NZL01,2210,,QLD,Qantas Commercial,BOB-PL-0988,PO-PL-9161,GBP,116986.08,GST-FREE,P&L transaction - Income tax payable,Oracle
TXN005197,2026-06-07,2026-06-01,2026-06,AUS01,4000,,QLD,Google Ads,BOB-PL-0989,PO-PL-6589,USD,164264.71,GST,P&L transaction - Product sales,Workday
TXN005198,2026-06-03,2026-02-22,2026-06,FJI01,5510,,SA,Google Ads,BOB-PL-0990,PO-PL-7562,GBP,104024.8,GST,P&L transaction - Advertising,Workday
TXN005199,2026-06-14,2026-06-12,2026-06,PNG01,5300,,NT,Salesforce,BOB-PL-0991,PO-PL-2673,GBP,163723.99,GST-FREE,P&L transaction - Professional services,API Import
TXN005200,2026-06-01,2026-02-24,2026-06,AUS01,2210,,CORP,AWS,BOB-PL-0992,PO-PL-4174,USD,181781.0,GST,P&L transaction - Income tax payable,API Import
TXN005201,2026-06-01,2026-02-22,2026-06,AUS01,2210,,QLD,Microsoft,BOB-PL-0993,PO-PL-2585,AUD,26482.19,GST,P&L transaction - Income tax payable,Oracle
TXN005202,2026-06-30,2026-06-29,2026-06,PNG01,5100,,NT,LinkedIn,BOB-PL-0994,PO-PL-7272,NZD,136766.01,INPUT,P&L transaction - Office rent,Workday
TXN005203,2026-06-04,2026-06-01,2026-06,AUS01,5510,,IT,QBE Insurance,BOB-PL-0995,PO-PL-5728,GBP,188969.09,GST,P&L transaction - Advertising,Workday
TXN005204,2026-06-03,2026-02-25,2026-06,PNG01,5200,,SA,Qantas Commercial,BOB-PL-0996,PO-PL-8488,GBP,189965.41,GST-FREE,P&L transaction - Software licenses,Manual Entry
TXN005205,2026-06-10,2026-06-08,2026-06,FJI01,2210,,IT,Energy Australia,BOB-PL-0997,PO-PL-2617,GBP,11122.08,GST,P&L transaction - Income tax payable,Manual Entry
TXN005206,2026-06-13,2026-06-10,2026-06,FJI01,5120,,NT,Melbourne Airport,BOB-PL-0998,PO-PL-8197,USD,84967.32,GST,P&L transaction - Office supplies,Oracle
TXN005207,2026-06-16,2026-06-15,2026-06,PNG01,4020,,HR,Deloitte,BOB-PL-0999,PO-PL-6499,NZD,118795.83,INPUT,P&L transaction - Subscription revenue,Manual Entry
TXN005208,2026-06-01,2026-02-20,2026-06,AUS01,4000,,R&D,Snowflake,BOB-PL-1000,PO-PL-2126,NZD,495294.76,GST,P&L transaction - Product sales,Workday
TXN005209,2026-06-18,2026-06-18,2026-06,FJI01,5000,,CORP,Payroll - EMP8171,PAY-EMP8171-MAR26,,AUD,15043.89,GST-FREE,Workforce cost - Inventory Coordinator - Sales,Workday
TXN005210,2026-06-03,2026-06-03,2026-06,FJI01,5000,,SA,Payroll - EMP8269,PAY-EMP8269-MAR26,,AUD,21483.48,GST-FREE,Workforce cost - Inventory Coordinator - Procurement,Workday
TXN005211,2026-06-13,2026-06-13,2026-06,FJI01,5000,,FIN,Payroll - EMP6825,PAY-EMP6825-MAR26,,AUD,23151.64,GST-FREE,Workforce cost - Revenue Analyst - Operations,Workday
TXN005212,2026-06-14,2026-06-14,2026-06,AUS01,5000,,IT,Payroll - EMP4786,PAY-EMP4786-MAR26,,AUD,16982.27,GST-FREE,Workforce cost - Controller - FP&A,Workday
TXN005213,2026-06-18,2026-06-18,2026-06,PNG01,5000,,CORP,Payroll - EMP5600,PAY-EMP5600-MAR26,,AUD,6496.67,GST-FREE,Workforce cost - Procurement Specialist - Finance,Workday
TXN005214,2026-06-06,2026-06-06,2026-06,FJI01,5000,,R&D,Payroll - EMP9016,PAY-EMP9016-MAR26,,AUD,19017.0,GST-FREE,Workforce cost - Procurement Specialist - Commercial,Workday
TXN005215,2026-06-06,2026-06-06,2026-06,AUS01,5000,,ACT,Payroll - EMP5871,PAY-EMP5871-MAR26,,AUD,9922.55,GST-FREE,Workforce cost - Finance Analyst - Finance,Workday
TXN005216,2026-06-18,2026-06-18,2026-06,NZL01,5000,,MKT,Payroll - EMP4863,PAY-EMP4863-MAR26,,AUD,7450.51,GST-FREE,Workforce cost - Inventory Coordinator - Sales,Workday
TXN005217,2026-06-27,2026-06-27,2026-06,PNG01,5000,,MKT,Payroll - EMP6781,PAY-EMP6781-MAR26,,AUD,14990.74,GST-FREE,Workforce cost - Operations Planner - Procurement,Workday
TXN005218,2026-06-21,2026-06-21,2026-06,NZL01,5000,,OPS,Payroll - EMP3713,PAY-EMP3713-MAR26,,AUD,10005.65,GST-FREE,Workforce cost - Procurement Specialist - IT,Workday
TXN005219,2026-06-05,2026-06-05,2026-06,FJI01,5000,,MKT,Payroll - EMP9320,PAY-EMP9320-MAR26,,AUD,22969.1,GST-FREE,Workforce cost - Revenue Analyst - Customer Care,Workday
TXN005220,2026-06-01,2026-06-01,2026-06,PNG01,5000,,R&D,Payroll - EMP6593,PAY-EMP6593-MAR26,,AUD,15692.46,GST-FREE,Workforce cost - Data Engineer - FP&A,Workday
TXN005221,2026-06-25,2026-06-25,2026-06,FJI01,5000,,MKT,Payroll - EMP5079,PAY-EMP5079-MAR26,,AUD,18184.23,GST-FREE,Workforce cost - Customer Service Lead - FP&A,Workday
TXN005222,2026-06-15,2026-06-15,2026-06,PNG01,5000,,MKT,Payroll - EMP6966,PAY-EMP6966-MAR26,,AUD,23479.84,GST-FREE,Workforce cost - Sales Manager - FP&A,Workday
TXN005223,2026-06-19,2026-06-19,2026-06,NZL01,5000,,TAS,Payroll - EMP4335,PAY-EMP4335-MAR26,,AUD,17490.99,GST-FREE,Workforce cost - Inventory Coordinator - Sales,Workday
TXN005224,2026-06-17,2026-06-17,2026-06,PNG01,5000,,NT,Payroll - EMP6697,PAY-EMP6697-MAR26,,AUD,14782.58,GST-FREE,Workforce cost - FP&A Manager - FP&A,Workday
TXN005225,2026-06-10,2026-06-10,2026-06,PNG01,5000,,R&D,Payroll - EMP4559,PAY-EMP4559-MAR26,,AUD,38268.48,GST-FREE,Workforce cost - Procurement Specialist - Procurement,Workday
TXN005226,2026-06-22,2026-06-22,2026-06,AUS01,5000,,NSW,Payroll - EMP3973,PAY-EMP3973-MAR26,,AUD,18901.55,GST-FREE,Workforce cost - Controller - Finance,Workday
TXN005227,2026-06-18,2026-06-18,2026-06,PNG01,5000,,SA,Payroll - EMP2996,PAY-EMP2996-MAR26,,AUD,6472.86,GST-FREE,Workforce cost - Finance Analyst - Commercial,Workday
TXN005228,2026-06-13,2026-06-13,2026-06,PNG01,5000,,ACT,Payroll - EMP5542,PAY-EMP5542-MAR26,,AUD,28618.1,GST-FREE,Workforce cost - Inventory Coordinator - Finance,Workday
TXN005229,2026-06-19,2026-06-19,2026-06,FJI01,5000,,SA,Payroll - EMP6222,PAY-EMP6222-MAR26,,AUD,20014.9,GST-FREE,Workforce cost - Operations Planner - IT,Workday
TXN005230,2026-06-01,2026-06-01,2026-06,AUS01,5000,,MKT,Payroll - EMP4524,PAY-EMP4524-MAR26,,AUD,20997.43,GST-FREE,Workforce cost - Operations Planner - FP&A,Workday
TXN005231,2026-06-12,2026-06-12,2026-06,AUS01,5000,,WA,Payroll - EMP9581,PAY-EMP9581-MAR26,,AUD,28679.0,GST-FREE,Workforce cost - FP&A Manager - Sales,Workday
TXN005232,2026-06-27,2026-06-27,2026-06,FJI01,5000,,NT,Payroll - EMP3519,PAY-EMP3519-MAR26,,AUD,8687.99,GST-FREE,Workforce cost - FP&A Manager - Procurement,Workday
TXN005233,2026-06-02,2026-06-02,2026-06,FJI01,5000,,ACT,Payroll - EMP8639,PAY-EMP8639-MAR26,,AUD,19088.14,GST-FREE,Workforce cost - Inventory Coordinator - Finance,Workday
TXN005234,2026-06-08,2026-06-08,2026-06,FJI01,5000,,SA,Payroll - EMP6212,PAY-EMP6212-MAR26,,AUD,15770.3,GST-FREE,Workforce cost - Controller - FP&A,Workday
TXN005235,2026-06-11,2026-06-11,2026-06,PNG01,5000,,HR,Payroll - EMP2036,PAY-EMP2036-MAR26,,AUD,17699.27,GST-FREE,Workforce cost - Procurement Specialist - Sales,Workday
TXN005236,2026-06-10,2026-06-10,2026-06,PNG01,5000,,IT,Payroll - EMP4393,PAY-EMP4393-MAR26,,AUD,24524.81,GST-FREE,Workforce cost - Revenue Analyst - Procurement,Workday
TXN005237,2026-06-28,2026-06-28,2026-06,PNG01,5000,,HR,Payroll - EMP8195,PAY-EMP8195-MAR26,,AUD,18170.93,GST-FREE,Workforce cost - Operations Planner - Commercial,Workday
TXN005238,2026-06-09,2026-06-09,2026-06,FJI01,5000,,VIC,Payroll - EMP7282,PAY-EMP7282-MAR26,,AUD,11133.24,GST-FREE,Workforce cost - Revenue Analyst - Operations,Workday
TXN005239,2026-06-28,2026-06-28,2026-06,PNG01,5000,,TAS,Payroll - EMP5573,PAY-EMP5573-MAR26,,AUD,20413.64,GST-FREE,Workforce cost - Finance Analyst - Finance,Workday
TXN005240,2026-06-27,2026-06-27,2026-06,NZL01,5000,,SA,Payroll - EMP5526,PAY-EMP5526-MAR26,,AUD,19196.98,GST-FREE,Workforce cost - Procurement Specialist - Finance,Workday
TXN005241,2026-06-04,2026-06-04,2026-06,AUS01,5000,,VIC,Payroll - EMP3379,PAY-EMP3379-MAR26,,AUD,8550.96,GST-FREE,Workforce cost - Data Engineer - Commercial,Workday
TXN005242,2026-06-18,2026-06-18,2026-06,PNG01,5000,,NT,Payroll - EMP4448,PAY-EMP4448-MAR26,,AUD,10961.65,GST-FREE,Workforce cost - Inventory Coordinator - Commercial,Workday
TXN005243,2026-06-20,2026-06-20,2026-06,NZL01,5000,,OPS,Payroll - EMP2470,PAY-EMP2470-MAR26,,AUD,12098.86,GST-FREE,Workforce cost - Sales Manager - Customer Care,Workday
TXN005244,2026-06-01,2026-06-01,2026-06,NZL01,5000,,MKT,Payroll - EMP6611,PAY-EMP6611-MAR26,,AUD,29208.49,GST-FREE,Workforce cost - Operations Planner - FP&A,Workday
TXN005245,2026-06-30,2026-06-30,2026-06,FJI01,5000,,FIN,Payroll - EMP8675,PAY-EMP8675-MAR26,,AUD,6765.67,GST-FREE,Workforce cost - Operations Planner - Procurement,Workday
TXN005246,2026-06-31,2026-06-31,2026-06,NZL01,5000,,OPS,Payroll - EMP8341,PAY-EMP8341-MAR26,,AUD,15870.62,GST-FREE,Workforce cost - Finance Analyst - Customer Care,Workday
TXN005247,2026-06-21,2026-06-21,2026-06,AUS01,5000,,MKT,Payroll - EMP3702,PAY-EMP3702-MAR26,,AUD,9924.85,GST-FREE,Workforce cost - Operations Planner - Sales,Workday
TXN005248,2026-06-19,2026-06-19,2026-06,NZL01,5000,,CORP,Payroll - EMP6921,PAY-EMP6921-MAR26,,AUD,19419.86,GST-FREE,Workforce cost - Inventory Coordinator - Commercial,Workday
TXN005249,2026-06-17,2026-06-17,2026-06,AUS01,5000,,MKT,Payroll - EMP4411,PAY-EMP4411-MAR26,,AUD,22215.93,GST-FREE,Workforce cost - Revenue Analyst - FP&A,Workday
TXN005250,2026-06-23,2026-06-23,2026-06,FJI01,5000,,QLD,Payroll - EMP6295,PAY-EMP6295-MAR26,,AUD,21436.85,GST-FREE,Workforce cost - Operations Planner - Procurement,Workday
TXN005251,2026-06-09,2026-06-09,2026-06,AUS01,5000,,WA,Payroll - EMP8967,PAY-EMP8967-MAR26,,AUD,18673.65,GST-FREE,Workforce cost - Controller - Customer Care,Workday
TXN005252,2026-06-10,2026-06-10,2026-06,PNG01,5000,,HR,Payroll - EMP5953,PAY-EMP5953-MAR26,,AUD,26112.11,GST-FREE,Workforce cost - Customer Service Lead - Customer Care,Workday
TXN005253,2026-06-05,2026-06-05,2026-06,FJI01,5000,,FIN,Payroll - EMP2347,PAY-EMP2347-MAR26,,AUD,11231.65,GST-FREE,Workforce cost - Sales Manager - Procurement,Workday
TXN005254,2026-06-20,2026-06-20,2026-06,AUS01,5000,,ACT,Payroll - EMP7446,PAY-EMP7446-MAR26,,AUD,9848.31,GST-FREE,Workforce cost - Data Engineer - IT,Workday
TXN005255,2026-06-08,2026-06-08,2026-06,PNG01,5000,,HR,Payroll - EMP7032,PAY-EMP7032-MAR26,,AUD,18237.97,GST-FREE,Workforce cost - FP&A Manager - FP&A,Workday
TXN005256,2026-06-27,2026-06-27,2026-06,NZL01,5000,,WA,Payroll - EMP3259,PAY-EMP3259-MAR26,,AUD,23571.42,GST-FREE,Workforce cost - Finance Analyst - Sales,Workday
TXN005257,2026-06-09,2026-06-09,2026-06,NZL01,5000,,HR,Payroll - EMP6448,PAY-EMP6448-MAR26,,AUD,21227.96,GST-FREE,Workforce cost - Inventory Coordinator - Procurement,Workday
TXN005258,2026-06-12,2026-06-12,2026-06,NZL01,5000,,NSW,Payroll - EMP4019,PAY-EMP4019-MAR26,,AUD,7919.85,GST-FREE,Workforce cost - Data Engineer - Procurement,Workday
TXN005259,2026-06-12,2026-06-12,2026-06,AUS01,5000,,OPS,Payroll - EMP3515,PAY-EMP3515-MAR26,,AUD,15966.45,GST-FREE,Workforce cost - Sales Manager - FP&A,Workday
TXN005260,2026-06-24,2026-06-24,2026-06,PNG01,5000,,VIC,Payroll - EMP9426,PAY-EMP9426-MAR26,,AUD,9344.67,GST-FREE,Workforce cost - FP&A Manager - Customer Care,Workday
TXN005261,2026-06-04,2026-06-04,2026-06,AUS01,5000,,FIN,Payroll - EMP3354,PAY-EMP3354-MAR26,,AUD,18759.39,GST-FREE,Workforce cost - Customer Service Lead - Operations,Workday
TXN005262,2026-06-10,2026-06-10,2026-06,AUS01,5000,,IT,Payroll - EMP4170,PAY-EMP4170-MAR26,,AUD,21390.06,GST-FREE,Workforce cost - Customer Service Lead - Customer Care,Workday
TXN005263,2026-06-12,2026-06-12,2026-06,AUS01,5000,,NT,Payroll - EMP6385,PAY-EMP6385-MAR26,,AUD,8468.0,GST-FREE,Workforce cost - Revenue Analyst - FP&A,Workday
TXN005264,2026-06-24,2026-06-24,2026-06,AUS01,5000,,NT,Payroll - EMP8950,PAY-EMP8950-MAR26,,AUD,11554.32,GST-FREE,Workforce cost - Sales Manager - Commercial,Workday
TXN005265,2026-06-29,2026-06-29,2026-06,NZL01,5000,,TAS,Payroll - EMP9638,PAY-EMP9638-MAR26,,AUD,12014.31,GST-FREE,Workforce cost - Procurement Specialist - Finance,Workday
TXN005266,2026-06-24,2026-06-24,2026-06,AUS01,5000,,MKT,Payroll - EMP5248,PAY-EMP5248-MAR26,,AUD,30809.24,GST-FREE,Workforce cost - Customer Service Lead - FP&A,Workday
TXN005267,2026-06-16,2026-06-16,2026-06,NZL01,5000,,WA,Payroll - EMP5421,PAY-EMP5421-MAR26,,AUD,21040.57,GST-FREE,Workforce cost - Revenue Analyst - Procurement,Workday
TXN005268,2026-06-09,2026-06-09,2026-06,FJI01,5000,,NT,Payroll - EMP8572,PAY-EMP8572-MAR26,,AUD,12768.64,GST-FREE,Workforce cost - Customer Service Lead - Commercial,Workday
TXN005269,2026-06-09,2026-06-09,2026-06,PNG01,5000,,NSW,Payroll - EMP7360,PAY-EMP7360-MAR26,,AUD,23132.15,GST-FREE,Workforce cost - Data Engineer - Finance,Workday
TXN005270,2026-06-18,2026-06-18,2026-06,PNG01,5000,,ACT,Payroll - EMP2560,PAY-EMP2560-MAR26,,AUD,35020.67,GST-FREE,Workforce cost - Data Engineer - Customer Care,Workday
TXN005271,2026-06-19,2026-06-19,2026-06,AUS01,5000,,TAS,Payroll - EMP8353,PAY-EMP8353-MAR26,,AUD,27556.19,GST-FREE,Workforce cost - Inventory Coordinator - Commercial,Workday
TXN005272,2026-06-08,2026-06-08,2026-06,AUS01,5000,,FIN,Payroll - EMP6638,PAY-EMP6638-MAR26,,AUD,23752.9,GST-FREE,Workforce cost - Operations Planner - Commercial,Workday
TXN005273,2026-06-22,2026-06-22,2026-06,AUS01,5000,,MKT,Payroll - EMP1550,PAY-EMP1550-MAR26,,AUD,8979.51,GST-FREE,Workforce cost - Data Engineer - Sales,Workday
TXN005274,2026-06-02,2026-06-02,2026-06,PNG01,5000,,NSW,Payroll - EMP2591,PAY-EMP2591-MAR26,,AUD,12504.73,GST-FREE,Workforce cost - Sales Manager - Finance,Workday
TXN005275,2026-06-29,2026-06-29,2026-06,AUS01,5000,,QLD,Payroll - EMP8865,PAY-EMP8865-MAR26,,AUD,16854.25,GST-FREE,Workforce cost - Procurement Specialist - Operations,Workday
TXN005276,2026-06-24,2026-06-24,2026-06,PNG01,5000,,NT,Payroll - EMP3381,PAY-EMP3381-MAR26,,AUD,17960.56,GST-FREE,Workforce cost - Operations Planner - Operations,Workday
TXN005277,2026-06-12,2026-06-12,2026-06,AUS01,5000,,IT,Payroll - EMP7604,PAY-EMP7604-MAR26,,AUD,18980.51,GST-FREE,Workforce cost - Operations Planner - FP&A,Workday
TXN005278,2026-06-06,2026-06-06,2026-06,FJI01,5000,,CORP,Payroll - EMP7259,PAY-EMP7259-MAR26,,AUD,21588.81,GST-FREE,Workforce cost - Data Engineer - Finance,Workday
TXN005279,2026-06-12,2026-06-12,2026-06,NZL01,5000,,FIN,Payroll - EMP1622,PAY-EMP1622-MAR26,,AUD,20520.77,GST-FREE,Workforce cost - Operations Planner - Finance,Workday
TXN005280,2026-06-19,2026-06-19,2026-06,FJI01,5000,,ACT,Payroll - EMP5222,PAY-EMP5222-MAR26,,AUD,18653.69,GST-FREE,Workforce cost - Data Engineer - IT,Workday
TXN005281,2026-06-15,2026-06-15,2026-06,PNG01,5000,,VIC,Payroll - EMP9392,PAY-EMP9392-MAR26,,AUD,10985.75,GST-FREE,Workforce cost - Finance Analyst - IT,Workday
TXN005282,2026-06-05,2026-06-05,2026-06,AUS01,5000,,WA,Payroll - EMP5379,PAY-EMP5379-MAR26,,AUD,24886.17,GST-FREE,Workforce cost - Sales Manager - FP&A,Workday
TXN005283,2026-06-20,2026-06-20,2026-06,PNG01,5000,,VIC,Payroll - EMP2314,PAY-EMP2314-MAR26,,AUD,18288.16,GST-FREE,Workforce cost - Revenue Analyst - FP&A,Workday
TXN005284,2026-06-30,2026-06-30,2026-06,NZL01,5000,,HR,Payroll - EMP5479,PAY-EMP5479-MAR26,,AUD,6387.82,GST-FREE,Workforce cost - Finance Analyst - Sales,Workday
TXN005285,2026-06-22,2026-06-22,2026-06,FJI01,5000,,WA,Payroll - EMP4837,PAY-EMP4837-MAR26,,AUD,13673.32,GST-FREE,Workforce cost - Inventory Coordinator - Commercial,Workday
TXN005286,2026-06-20,2026-06-20,2026-06,FJI01,5000,,SA,Payroll - EMP3584,PAY-EMP3584-MAR26,,AUD,11399.92,GST-FREE,Workforce cost - Procurement Specialist - Procurement,Workday
TXN005287,2026-06-15,2026-06-15,2026-06,AUS01,5000,,ACT,Payroll - EMP6373,PAY-EMP6373-MAR26,,AUD,14366.68,GST-FREE,Workforce cost - FP&A Manager - IT,Workday
TXN005288,2026-06-08,2026-06-08,2026-06,NZL01,5000,,NT,Payroll - EMP3253,PAY-EMP3253-MAR26,,AUD,19099.35,GST-FREE,Workforce cost - Operations Planner - Customer Care,Workday
TXN005289,2026-06-31,2026-06-31,2026-06,AUS01,5000,,R&D,Payroll - EMP8730,PAY-EMP8730-MAR26,,AUD,17486.26,GST-FREE,Workforce cost - Operations Planner - Operations,Workday
TXN005290,2026-06-18,2026-06-18,2026-06,PNG01,5000,,FIN,Payroll - EMP2371,PAY-EMP2371-MAR26,,AUD,15033.24,GST-FREE,Workforce cost - Operations Planner - Operations,Workday
TXN005291,2026-06-06,2026-06-06,2026-06,AUS01,5000,,WA,Payroll - EMP2515,PAY-EMP2515-MAR26,,AUD,8145.89,GST-FREE,Workforce cost - Controller - Finance,Workday
TXN005292,2026-06-10,2026-06-10,2026-06,FJI01,5000,,R&D,Payroll - EMP6516,PAY-EMP6516-MAR26,,AUD,24989.47,GST-FREE,Workforce cost - Controller - Finance,Workday
TXN005293,2026-06-13,2026-06-13,2026-06,AUS01,5000,,ACT,Payroll - EMP6360,PAY-EMP6360-MAR26,,AUD,30983.67,GST-FREE,Workforce cost - Controller - Customer Care,Workday
TXN005294,2026-06-09,2026-06-09,2026-06,PNG01,5000,,VIC,Payroll - EMP4526,PAY-EMP4526-MAR26,,AUD,15146.82,GST-FREE,Workforce cost - Sales Manager - IT,Workday
TXN005295,2026-06-30,2026-06-30,2026-06,NZL01,5000,,QLD,Payroll - EMP3782,PAY-EMP3782-MAR26,,AUD,20857.07,GST-FREE,Workforce cost - Operations Planner - Finance,Workday
TXN005296,2026-06-11,2026-06-11,2026-06,PNG01,5000,,TAS,Payroll - EMP8634,PAY-EMP8634-MAR26,,AUD,13390.16,GST-FREE,Workforce cost - Revenue Analyst - IT,Workday
TXN005297,2026-06-04,2026-06-04,2026-06,FJI01,5000,,SA,Payroll - EMP6274,PAY-EMP6274-MAR26,,AUD,22065.77,GST-FREE,Workforce cost - Finance Analyst - Procurement,Workday
TXN005298,2026-06-06,2026-06-06,2026-06,AUS01,5000,,FIN,Payroll - EMP3749,PAY-EMP3749-MAR26,,AUD,7913.27,GST-FREE,Workforce cost - Customer Service Lead - FP&A,Workday
TXN005299,2026-06-17,2026-06-17,2026-06,AUS01,5000,,NSW,Payroll - EMP1100,PAY-EMP1100-MAR26,,AUD,15454.61,GST-FREE,Workforce cost - Revenue Analyst - Finance,Workday
TXN005300,2026-06-03,2026-06-03,2026-06,PNG01,5000,,R&D,Payroll - EMP7611,PAY-EMP7611-MAR26,,AUD,27514.86,GST-FREE,Workforce cost - Operations Planner - Commercial,Workday
TXN005301,2026-06-03,2026-06-03,2026-06,AUS01,5000,,TAS,Payroll - EMP3365,PAY-EMP3365-MAR26,,AUD,11067.36,GST-FREE,Workforce cost - Finance Analyst - Customer Care,Workday
TXN005302,2026-06-17,2026-06-17,2026-06,FJI01,5000,,ACT,Payroll - EMP7512,PAY-EMP7512-MAR26,,AUD,27376.25,GST-FREE,Workforce cost - Controller - Commercial,Workday
TXN005303,2026-06-31,2026-06-31,2026-06,FJI01,5000,,NSW,Payroll - EMP1819,PAY-EMP1819-MAR26,,AUD,8146.82,GST-FREE,Workforce cost - Sales Manager - Commercial,Workday
TXN005304,2026-06-14,2026-06-14,2026-06,AUS01,5000,,WA,Payroll - EMP8315,PAY-EMP8315-MAR26,,AUD,12255.4,GST-FREE,Workforce cost - Finance Analyst - Commercial,Workday
TXN005305,2026-06-01,2026-06-01,2026-06,AUS01,5000,,WA,Payroll - EMP6237,PAY-EMP6237-MAR26,,AUD,13679.99,GST-FREE,Workforce cost - Revenue Analyst - Finance,Workday
TXN005306,2026-06-11,2026-06-11,2026-06,NZL01,5000,,IT,Payroll - EMP1503,PAY-EMP1503-MAR26,,AUD,10756.37,GST-FREE,Workforce cost - Sales Manager - Finance,Workday
TXN005307,2026-06-26,2026-06-26,2026-06,AUS01,5000,,CORP,Payroll - EMP6439,PAY-EMP6439-MAR26,,AUD,8027.86,GST-FREE,Workforce cost - Finance Analyst - Sales,Workday
TXN005308,2026-06-15,2026-06-15,2026-06,AUS01,5000,,CORP,Payroll - EMP3045,PAY-EMP3045-MAR26,,AUD,22868.81,GST-FREE,Workforce cost - Revenue Analyst - Procurement,Workday
TXN005309,2026-06-21,2026-06-21,2026-06,NZL01,5000,,NSW,Payroll - EMP4003,PAY-EMP4003-MAR26,,AUD,21981.37,GST-FREE,Workforce cost - Procurement Specialist - Commercial,Workday
TXN005310,2026-06-24,2026-06-24,2026-06,NZL01,5000,,SA,Payroll - EMP2252,PAY-EMP2252-MAR26,,AUD,12124.97,GST-FREE,Workforce cost - Customer Service Lead - Commercial,Workday
TXN005311,2026-06-23,2026-06-23,2026-06,FJI01,5000,,VIC,Payroll - EMP3359,PAY-EMP3359-MAR26,,AUD,29952.87,GST-FREE,Workforce cost - Operations Planner - Customer Care,Workday
TXN005312,2026-06-26,2026-06-26,2026-06,NZL01,5000,,ACT,Payroll - EMP9788,PAY-EMP9788-MAR26,,AUD,33522.22,GST-FREE,Workforce cost - Finance Analyst - FP&A,Workday
TXN005313,2026-06-21,2026-06-21,2026-06,NZL01,5000,,VIC,Payroll - EMP7736,PAY-EMP7736-MAR26,,AUD,12018.96,GST-FREE,Workforce cost - Data Engineer - Sales,Workday
TXN005314,2026-06-08,2026-06-08,2026-06,PNG01,5000,,CORP,Payroll - EMP8790,PAY-EMP8790-MAR26,,AUD,11610.22,GST-FREE,Workforce cost - Data Engineer - Finance,Workday
TXN005315,2026-06-13,2026-06-13,2026-06,NZL01,5000,,R&D,Payroll - EMP1932,PAY-EMP1932-MAR26,,AUD,17009.02,GST-FREE,Workforce cost - Controller - Procurement,Workday
TXN005316,2026-06-24,2026-06-24,2026-06,FJI01,5000,,CORP,Payroll - EMP2400,PAY-EMP2400-MAR26,,AUD,30936.79,GST-FREE,Workforce cost - Revenue Analyst - Finance,Workday
TXN005317,2026-06-14,2026-06-14,2026-06,PNG01,5000,,SA,Payroll - EMP7575,PAY-EMP7575-MAR26,,AUD,13312.31,GST-FREE,Workforce cost - Customer Service Lead - FP&A,Workday
TXN005318,2026-06-29,2026-06-29,2026-06,PNG01,5000,,NSW,Payroll - EMP5133,PAY-EMP5133-MAR26,,AUD,16555.91,GST-FREE,Workforce cost - Sales Manager - IT,Workday
TXN005319,2026-06-29,2026-06-29,2026-06,AUS01,5000,,MKT,Payroll - EMP2026,PAY-EMP2026-MAR26,,AUD,14174.8,GST-FREE,Workforce cost - Operations Planner - Customer Care,Workday
TXN005320,2026-06-12,2026-06-12,2026-06,FJI01,5000,,IT,Payroll - EMP5818,PAY-EMP5818-MAR26,,AUD,28462.59,GST-FREE,Workforce cost - Inventory Coordinator - Operations,Workday
TXN005321,2026-06-17,2026-06-17,2026-06,NZL01,5000,,WA,Payroll - EMP9694,PAY-EMP9694-MAR26,,AUD,23882.28,GST-FREE,Workforce cost - Procurement Specialist - IT,Workday
TXN005322,2026-06-22,2026-06-22,2026-06,PNG01,5000,,WA,Payroll - EMP5428,PAY-EMP5428-MAR26,,AUD,35080.51,GST-FREE,Workforce cost - FP&A Manager - Customer Care,Workday
TXN005323,2026-06-23,2026-06-23,2026-06,NZL01,5000,,OPS,Payroll - EMP4989,PAY-EMP4989-MAR26,,AUD,20191.06,GST-FREE,Workforce cost - Revenue Analyst - IT,Workday
TXN005324,2026-06-28,2026-06-28,2026-06,AUS01,5000,,MKT,Payroll - EMP2541,PAY-EMP2541-MAR26,,AUD,19402.17,GST-FREE,Workforce cost - Data Engineer - Operations,Workday
TXN005325,2026-06-27,2026-06-27,2026-06,PNG01,5000,,FIN,Payroll - EMP8804,PAY-EMP8804-MAR26,,AUD,9125.22,GST-FREE,Workforce cost - FP&A Manager - Procurement,Workday
TXN005326,2026-06-06,2026-06-06,2026-06,AUS01,5000,,FIN,Payroll - EMP7574,PAY-EMP7574-MAR26,,AUD,10892.13,GST-FREE,Workforce cost - Procurement Specialist - IT,Workday
TXN005327,2026-06-05,2026-06-05,2026-06,NZL01,5000,,TAS,Payroll - EMP4241,PAY-EMP4241-MAR26,,AUD,17774.51,GST-FREE,Workforce cost - Controller - Finance,Workday
TXN005328,2026-06-05,2026-06-05,2026-06,AUS01,5000,,VIC,Payroll - EMP5154,PAY-EMP5154-MAR26,,AUD,22851.64,GST-FREE,Workforce cost - Sales Manager - Commercial,Workday
TXN005329,2026-06-11,2026-06-11,2026-06,FJI01,5000,,WA,Payroll - EMP7097,PAY-EMP7097-MAR26,,AUD,16817.49,GST-FREE,Workforce cost - Inventory Coordinator - Sales,Workday
TXN005330,2026-06-17,2026-06-17,2026-06,AUS01,5000,,WA,Payroll - EMP4489,PAY-EMP4489-MAR26,,AUD,16945.42,GST-FREE,Workforce cost - Data Engineer - Operations,Workday
TXN005331,2026-06-29,2026-06-29,2026-06,NZL01,5000,,CORP,Payroll - EMP2491,PAY-EMP2491-MAR26,,AUD,21660.3,GST-FREE,Workforce cost - Data Engineer - Finance,Workday
TXN005332,2026-06-25,2026-06-25,2026-06,FJI01,5000,,CORP,Payroll - EMP5936,PAY-EMP5936-MAR26,,AUD,12932.19,GST-FREE,Workforce cost - Procurement Specialist - Customer Care,Workday
TXN005333,2026-06-12,2026-06-12,2026-06,PNG01,5000,,ACT,Payroll - EMP2401,PAY-EMP2401-MAR26,,AUD,11822.01,GST-FREE,Workforce cost - Finance Analyst - FP&A,Workday
TXN005334,2026-06-15,2026-06-15,2026-06,PNG01,5000,,FIN,Payroll - EMP6852,PAY-EMP6852-MAR26,,AUD,10245.09,GST-FREE,Workforce cost - Customer Service Lead - Procurement,Workday
TXN005335,2026-06-08,2026-06-08,2026-06,FJI01,5000,,MKT,Payroll - EMP8095,PAY-EMP8095-MAR26,,AUD,23186.77,GST-FREE,Workforce cost - Sales Manager - Operations,Workday
TXN005336,2026-06-29,2026-06-29,2026-06,AUS01,5000,,HR,Payroll - EMP3955,PAY-EMP3955-MAR26,,AUD,18354.99,GST-FREE,Workforce cost - FP&A Manager - Operations,Workday
TXN005337,2026-06-20,2026-06-20,2026-06,AUS01,5000,,TAS,Payroll - EMP7012,PAY-EMP7012-MAR26,,AUD,12977.55,GST-FREE,Workforce cost - Procurement Specialist - IT,Workday
TXN005338,2026-06-10,2026-06-10,2026-06,FJI01,5000,,SA,Payroll - EMP7419,PAY-EMP7419-MAR26,,AUD,19157.47,GST-FREE,Workforce cost - Inventory Coordinator - Operations,Workday
TXN005339,2026-06-16,2026-06-16,2026-06,PNG01,5000,,NT,Payroll - EMP7859,PAY-EMP7859-MAR26,,AUD,18032.31,GST-FREE,Workforce cost - Revenue Analyst - IT,Workday
TXN005340,2026-06-05,2026-06-05,2026-06,FJI01,5000,,CORP,Payroll - EMP2191,PAY-EMP2191-MAR26,,AUD,11668.61,GST-FREE,Workforce cost - FP&A Manager - Commercial,Workday
TXN005341,2026-06-26,2026-06-26,2026-06,FJI01,5000,,NSW,Payroll - EMP4913,PAY-EMP4913-MAR26,,AUD,11600.95,GST-FREE,Workforce cost - Inventory Coordinator - FP&A,Workday
TXN005342,2026-06-31,2026-06-31,2026-06,PNG01,5000,,R&D,Payroll - EMP2045,PAY-EMP2045-MAR26,,AUD,18479.11,GST-FREE,Workforce cost - Inventory Coordinator - Finance,Workday
TXN005343,2026-06-20,2026-06-20,2026-06,AUS01,5000,,OPS,Payroll - EMP3981,PAY-EMP3981-MAR26,,AUD,20828.53,GST-FREE,Workforce cost - Data Engineer - Procurement,Workday
TXN005344,2026-06-17,2026-06-17,2026-06,FJI01,5000,,R&D,Payroll - EMP7079,PAY-EMP7079-MAR26,,AUD,12888.34,GST-FREE,Workforce cost - Revenue Analyst - Customer Care,Workday
TXN005345,2026-06-23,2026-06-23,2026-06,FJI01,5000,,NT,Payroll - EMP2521,PAY-EMP2521-MAR26,,AUD,13000.15,GST-FREE,Workforce cost - Inventory Coordinator - Sales,Workday
TXN005346,2026-06-17,2026-06-17,2026-06,FJI01,5000,,NT,Payroll - EMP9523,PAY-EMP9523-MAR26,,AUD,17410.52,GST-FREE,Workforce cost - Data Engineer - IT,Workday
TXN005347,2026-06-24,2026-06-24,2026-06,NZL01,5000,,OPS,Payroll - EMP5940,PAY-EMP5940-MAR26,,AUD,14612.82,GST-FREE,Workforce cost - Data Engineer - Sales,Workday
TXN005348,2026-06-03,2026-06-03,2026-06,NZL01,5000,,HR,Payroll - EMP9537,PAY-EMP9537-MAR26,,AUD,19107.29,GST-FREE,Workforce cost - Customer Service Lead - Sales,Workday
TXN005349,2026-06-10,2026-06-10,2026-06,AUS01,5000,,NT,Payroll - EMP9332,PAY-EMP9332-MAR26,,AUD,21646.25,GST-FREE,Workforce cost - Data Engineer - Sales,Workday
TXN005350,2026-06-07,2026-06-07,2026-06,PNG01,5000,,NSW,Payroll - EMP8283,PAY-EMP8283-MAR26,,AUD,13700.16,GST-FREE,Workforce cost - Procurement Specialist - Customer Care,Workday
TXN005351,2026-06-05,2026-06-05,2026-06,AUS01,5000,,FIN,Payroll - EMP1312,PAY-EMP1312-MAR26,,AUD,26767.03,GST-FREE,Workforce cost - FP&A Manager - FP&A,Workday
TXN005352,2026-06-05,2026-06-05,2026-06,FJI01,5000,,HR,Payroll - EMP7761,PAY-EMP7761-MAR26,,AUD,16942.88,GST-FREE,Workforce cost - Operations Planner - Commercial,Workday
TXN005353,2026-06-25,2026-06-25,2026-06,PNG01,5000,,MKT,Payroll - EMP8730,PAY-EMP8730-MAR26,,AUD,19013.48,GST-FREE,Workforce cost - Inventory Coordinator - Commercial,Workday
TXN005354,2026-06-17,2026-06-17,2026-06,AUS01,5000,,SA,Payroll - EMP9635,PAY-EMP9635-MAR26,,AUD,16280.32,GST-FREE,Workforce cost - Revenue Analyst - Sales,Workday
TXN005355,2026-06-26,2026-06-26,2026-06,PNG01,5000,,WA,Payroll - EMP1287,PAY-EMP1287-MAR26,,AUD,20965.12,GST-FREE,Workforce cost - Sales Manager - FP&A,Workday
TXN005356,2026-06-06,2026-06-06,2026-06,AUS01,5000,,WA,Payroll - EMP2629,PAY-EMP2629-MAR26,,AUD,17860.45,GST-FREE,Workforce cost - Sales Manager - Operations,Workday
TXN005357,2026-06-22,2026-06-22,2026-06,AUS01,5000,,CORP,Payroll - EMP6679,PAY-EMP6679-MAR26,,AUD,34693.11,GST-FREE,Workforce cost - Revenue Analyst - Commercial,Workday
TXN005358,2026-06-21,2026-06-21,2026-06,FJI01,5000,,R&D,Payroll - EMP5470,PAY-EMP5470-MAR26,,AUD,9661.44,GST-FREE,Workforce cost - Inventory Coordinator - Operations,Workday
TXN005359,2026-06-04,2026-06-04,2026-06,FJI01,5000,,ACT,Payroll - EMP5755,PAY-EMP5755-MAR26,,AUD,7281.87,GST-FREE,Workforce cost - Revenue Analyst - Procurement,Workday
TXN005360,2026-06-03,2026-06-03,2026-06,NZL01,5000,,MKT,Payroll - EMP6883,PAY-EMP6883-MAR26,,AUD,9691.28,GST-FREE,Workforce cost - Inventory Coordinator - Operations,Workday
TXN005361,2026-06-26,2026-06-26,2026-06,NZL01,5000,,HR,Payroll - EMP1789,PAY-EMP1789-MAR26,,AUD,11254.17,GST-FREE,Workforce cost - FP&A Manager - Customer Care,Workday
TXN005362,2026-06-21,2026-06-21,2026-06,NZL01,5000,,SA,Payroll - EMP3530,PAY-EMP3530-MAR26,,AUD,9229.51,GST-FREE,Workforce cost - Inventory Coordinator - Finance,Workday
TXN005363,2026-06-29,2026-06-29,2026-06,FJI01,5000,,OPS,Payroll - EMP9158,PAY-EMP9158-MAR26,,AUD,17232.72,GST-FREE,Workforce cost - Procurement Specialist - Commercial,Workday
TXN005364,2026-06-28,2026-06-28,2026-06,AUS01,5000,,SA,Payroll - EMP4795,PAY-EMP4795-MAR26,,AUD,22899.43,GST-FREE,Workforce cost - Inventory Coordinator - Procurement,Workday
TXN005365,2026-06-08,2026-06-08,2026-06,FJI01,5000,,OPS,Payroll - EMP1482,PAY-EMP1482-MAR26,,AUD,8661.63,GST-FREE,Workforce cost - Controller - FP&A,Workday
TXN005366,2026-06-25,2026-06-25,2026-06,NZL01,5000,,NT,Payroll - EMP6045,PAY-EMP6045-MAR26,,AUD,18189.46,GST-FREE,Workforce cost - Procurement Specialist - Sales,Workday
TXN005367,2026-06-04,2026-06-04,2026-06,AUS01,5000,,VIC,Payroll - EMP5605,PAY-EMP5605-MAR26,,AUD,21535.97,GST-FREE,Workforce cost - Controller - Customer Care,Workday
TXN005368,2026-06-04,2026-06-04,2026-06,PNG01,5000,,CORP,Payroll - EMP3124,PAY-EMP3124-MAR26,,AUD,26038.59,GST-FREE,Workforce cost - Revenue Analyst - FP&A,Workday
TXN005369,2026-06-30,2026-06-30,2026-06,AUS01,5000,,NSW,Payroll - EMP5098,PAY-EMP5098-MAR26,,AUD,26034.44,GST-FREE,Workforce cost - Procurement Specialist - Operations,Workday
TXN005370,2026-06-07,2026-06-07,2026-06,FJI01,5000,,TAS,Payroll - EMP3999,PAY-EMP3999-MAR26,,AUD,13278.87,GST-FREE,Workforce cost - Operations Planner - IT,Workday
TXN005371,2026-06-16,2026-06-16,2026-06,PNG01,5000,,CORP,Payroll - EMP3052,PAY-EMP3052-MAR26,,AUD,18493.89,GST-FREE,Workforce cost - Data Engineer - IT,Workday
TXN005372,2026-06-03,2026-06-03,2026-06,PNG01,5000,,CORP,Payroll - EMP6697,PAY-EMP6697-MAR26,,AUD,17847.05,GST-FREE,Workforce cost - Data Engineer - Commercial,Workday
TXN005373,2026-06-05,2026-06-05,2026-06,FJI01,5000,,R&D,Payroll - EMP2061,PAY-EMP2061-MAR26,,AUD,12081.8,GST-FREE,Workforce cost - Inventory Coordinator - Operations,Workday
TXN005374,2026-06-30,2026-06-30,2026-06,PNG01,5000,,TAS,Payroll - EMP8936,PAY-EMP8936-MAR26,,AUD,10329.88,GST-FREE,Workforce cost - Customer Service Lead - Commercial,Workday
TXN005375,2026-06-04,2026-06-04,2026-06,AUS01,5000,,WA,Payroll - EMP5325,PAY-EMP5325-MAR26,,AUD,16929.45,GST-FREE,Workforce cost - FP&A Manager - Customer Care,Workday
TXN005376,2026-06-09,2026-06-09,2026-06,PNG01,5000,,HR,Payroll - EMP6012,PAY-EMP6012-MAR26,,AUD,17283.2,GST-FREE,Workforce cost - Data Engineer - Commercial,Workday
TXN005377,2026-06-22,2026-06-22,2026-06,FJI01,5000,,NSW,Payroll - EMP7245,PAY-EMP7245-MAR26,,AUD,22184.39,GST-FREE,Workforce cost - Inventory Coordinator - Commercial,Workday
TXN005378,2026-06-11,2026-06-11,2026-06,NZL01,5000,,NT,Payroll - EMP4664,PAY-EMP4664-MAR26,,AUD,13207.02,GST-FREE,Workforce cost - Operations Planner - FP&A,Workday
TXN005379,2026-06-21,2026-06-21,2026-06,FJI01,5000,,IT,Payroll - EMP9630,PAY-EMP9630-MAR26,,AUD,17450.4,GST-FREE,Workforce cost - Data Engineer - Customer Care,Workday
TXN005380,2026-06-19,2026-06-19,2026-06,NZL01,5000,,MKT,Payroll - EMP1089,PAY-EMP1089-MAR26,,AUD,15093.28,GST-FREE,Workforce cost - Controller - Sales,Workday
TXN005381,2026-06-16,2026-06-16,2026-06,PNG01,5000,,CORP,Payroll - EMP1173,PAY-EMP1173-MAR26,,AUD,18977.77,GST-FREE,Workforce cost - Data Engineer - Sales,Workday
TXN005382,2026-06-04,2026-06-04,2026-06,PNG01,5000,,TAS,Payroll - EMP1090,PAY-EMP1090-MAR26,,AUD,18748.15,GST-FREE,Workforce cost - Customer Service Lead - IT,Workday
TXN005383,2026-06-14,2026-06-14,2026-06,PNG01,5000,,R&D,Payroll - EMP1269,PAY-EMP1269-MAR26,,AUD,16594.64,GST-FREE,Workforce cost - Inventory Coordinator - IT,Workday
TXN005384,2026-06-13,2026-06-13,2026-06,PNG01,5000,,QLD,Payroll - EMP7883,PAY-EMP7883-MAR26,,AUD,21466.25,GST-FREE,Workforce cost - Revenue Analyst - IT,Workday
TXN005385,2026-06-02,2026-06-02,2026-06,NZL01,5000,,FIN,Payroll - EMP7215,PAY-EMP7215-MAR26,,AUD,13025.04,GST-FREE,Workforce cost - Controller - IT,Workday
TXN005386,2026-06-16,2026-06-16,2026-06,AUS01,5000,,HR,Payroll - EMP5962,PAY-EMP5962-MAR26,,AUD,29900.06,GST-FREE,Workforce cost - Revenue Analyst - IT,Workday
TXN005387,2026-06-24,2026-06-24,2026-06,FJI01,5000,,IT,Payroll - EMP6347,PAY-EMP6347-MAR26,,AUD,22308.89,GST-FREE,Workforce cost - Sales Manager - Finance,Workday
TXN005388,2026-06-29,2026-06-29,2026-06,NZL01,5000,,IT,Payroll - EMP3211,PAY-EMP3211-MAR26,,AUD,22590.81,GST-FREE,Workforce cost - Controller - Commercial,Workday
TXN005389,2026-06-03,2026-06-03,2026-06,AUS01,5000,,R&D,Payroll - EMP7731,PAY-EMP7731-MAR26,,AUD,7581.19,GST-FREE,Workforce cost - Procurement Specialist - IT,Workday
TXN005390,2026-06-12,2026-06-12,2026-06,FJI01,5000,,CORP,Payroll - EMP6255,PAY-EMP6255-MAR26,,AUD,11227.3,GST-FREE,Workforce cost - Operations Planner - Operations,Workday
TXN005391,2026-06-25,2026-06-25,2026-06,FJI01,5000,,CORP,Payroll - EMP5220,PAY-EMP5220-MAR26,,AUD,22640.79,GST-FREE,Workforce cost - Customer Service Lead - IT,Workday
TXN005392,2026-06-08,2026-06-08,2026-06,FJI01,5000,,HR,Payroll - EMP5211,PAY-EMP5211-MAR26,,AUD,22196.28,GST-FREE,Workforce cost - Sales Manager - Customer Care,Workday
TXN005393,2026-06-02,2026-06-02,2026-06,PNG01,5000,,QLD,Payroll - EMP5271,PAY-EMP5271-MAR26,,AUD,29239.4,GST-FREE,Workforce cost - Revenue Analyst - Commercial,Workday
TXN005394,2026-06-04,2026-06-04,2026-06,AUS01,5000,,NSW,Payroll - EMP9808,PAY-EMP9808-MAR26,,AUD,11124.59,GST-FREE,Workforce cost - FP&A Manager - Operations,Workday
TXN005395,2026-06-28,2026-06-28,2026-06,NZL01,5000,,NSW,Payroll - EMP6037,PAY-EMP6037-MAR26,,AUD,13025.95,GST-FREE,Workforce cost - Sales Manager - Commercial,Workday
TXN005396,2026-06-24,2026-06-24,2026-06,FJI01,5000,,SA,Payroll - EMP6480,PAY-EMP6480-MAR26,,AUD,15940.37,GST-FREE,Workforce cost - Sales Manager - Finance,Workday
TXN005397,2026-06-07,2026-06-07,2026-06,AUS01,5000,,ACT,Payroll - EMP3063,PAY-EMP3063-MAR26,,AUD,11368.09,GST-FREE,Workforce cost - Finance Analyst - FP&A,Workday
TXN005398,2026-06-09,2026-06-09,2026-06,AUS01,5000,,MKT,Payroll - EMP7074,PAY-EMP7074-MAR26,,AUD,18951.87,GST-FREE,Workforce cost - Operations Planner - Operations,Workday
TXN005399,2026-06-31,2026-06-31,2026-06,PNG01,5000,,IT,Payroll - EMP8516,PAY-EMP8516-MAR26,,AUD,24100.44,GST-FREE,Workforce cost - Finance Analyst - Customer Care,Workday
TXN005400,2026-06-21,2026-06-21,2026-06,NZL01,5000,,OPS,Payroll - EMP5340,PAY-EMP5340-MAR26,,AUD,20382.25,GST-FREE,Workforce cost - Data Engineer - IT,Workday
TXN005401,2026-06-08,2026-06-08,2026-06,AUS01,5000,,SA,Payroll - EMP5123,PAY-EMP5123-MAR26,,AUD,31518.41,GST-FREE,Workforce cost - Operations Planner - Customer Care,Workday
TXN005402,2026-06-25,2026-06-25,2026-06,NZL01,5000,,FIN,Payroll - EMP1778,PAY-EMP1778-MAR26,,AUD,14117.24,GST-FREE,Workforce cost - Controller - Commercial,Workday
TXN005403,2026-06-19,2026-06-19,2026-06,AUS01,5000,,WA,Payroll - EMP8658,PAY-EMP8658-MAR26,,AUD,20739.61,GST-FREE,Workforce cost - Finance Analyst - Operations,Workday
TXN005404,2026-06-04,2026-06-04,2026-06,NZL01,5000,,TAS,Payroll - EMP6083,PAY-EMP6083-MAR26,,AUD,8826.21,GST-FREE,Workforce cost - Procurement Specialist - Operations,Workday
TXN005405,2026-06-18,2026-06-18,2026-06,NZL01,5000,,SA,Payroll - EMP8068,PAY-EMP8068-MAR26,,AUD,11427.0,GST-FREE,Workforce cost - Revenue Analyst - Sales,Workday
TXN005406,2026-06-16,2026-06-16,2026-06,FJI01,5000,,MKT,Payroll - EMP9545,PAY-EMP9545-MAR26,,AUD,18985.39,GST-FREE,Workforce cost - Sales Manager - FP&A,Workday
TXN005407,2026-06-13,2026-06-13,2026-06,FJI01,5000,,IT,Payroll - EMP9469,PAY-EMP9469-MAR26,,AUD,22262.2,GST-FREE,Workforce cost - Customer Service Lead - Procurement,Workday
TXN005408,2026-06-24,2026-06-24,2026-06,FJI01,5000,,WA,Payroll - EMP6341,PAY-EMP6341-MAR26,,AUD,11812.18,GST-FREE,Workforce cost - Operations Planner - Customer Care,Workday
TXN005409,2026-06-24,2026-06-24,2026-06,AUS01,5000,,NT,Payroll - EMP9488,PAY-EMP9488-MAR26,,AUD,10183.32,GST-FREE,Workforce cost - Data Engineer - IT,Workday
TXN005410,2026-06-04,2026-06-04,2026-06,FJI01,5000,,SA,Payroll - EMP2438,PAY-EMP2438-MAR26,,AUD,19843.42,GST-FREE,Workforce cost - Revenue Analyst - Commercial,Workday
TXN005411,2026-06-29,2026-06-29,2026-06,FJI01,5000,,IT,Payroll - EMP1103,PAY-EMP1103-MAR26,,AUD,21609.68,GST-FREE,Workforce cost - Procurement Specialist - Operations,Workday
TXN005412,2026-06-02,2026-06-02,2026-06,NZL01,5000,,MKT,Payroll - EMP9844,PAY-EMP9844-MAR26,,AUD,25027.3,GST-FREE,Workforce cost - Revenue Analyst - Commercial,Workday
TXN005413,2026-06-17,2026-06-17,2026-06,AUS01,5000,,NSW,Payroll - EMP7678,PAY-EMP7678-MAR26,,AUD,11199.81,GST-FREE,Workforce cost - Data Engineer - Customer Care,Workday
TXN005414,2026-06-04,2026-06-04,2026-06,NZL01,5000,,ACT,Payroll - EMP9871,PAY-EMP9871-MAR26,,AUD,22914.83,GST-FREE,Workforce cost - Operations Planner - IT,Workday
TXN005415,2026-06-16,2026-06-16,2026-06,PNG01,5000,,MKT,Payroll - EMP7502,PAY-EMP7502-MAR26,,AUD,27740.02,GST-FREE,Workforce cost - Finance Analyst - Commercial,Workday
TXN005416,2026-06-29,2026-06-29,2026-06,AUS01,5000,,HR,Payroll - EMP3613,PAY-EMP3613-MAR26,,AUD,24066.68,GST-FREE,Workforce cost - Customer Service Lead - Procurement,Workday
TXN005417,2026-06-24,2026-06-24,2026-06,PNG01,5000,,NT,Payroll - EMP3042,PAY-EMP3042-MAR26,,AUD,19834.2,GST-FREE,Workforce cost - Customer Service Lead - Operations,Workday
TXN005418,2026-06-01,2026-06-01,2026-06,NZL01,5000,,NT,Payroll - EMP1929,PAY-EMP1929-MAR26,,AUD,21234.74,GST-FREE,Workforce cost - Operations Planner - Procurement,Workday
TXN005419,2026-06-01,2026-06-01,2026-06,FJI01,5000,,MKT,Payroll - EMP2532,PAY-EMP2532-MAR26,,AUD,13375.31,GST-FREE,Workforce cost - FP&A Manager - FP&A,Workday
TXN005420,2026-06-06,2026-06-06,2026-06,PNG01,5000,,ACT,Payroll - EMP1228,PAY-EMP1228-MAR26,,AUD,12368.36,GST-FREE,Workforce cost - Procurement Specialist - Operations,Workday
TXN005421,2026-06-27,2026-06-27,2026-06,PNG01,5000,,HR,Payroll - EMP4166,PAY-EMP4166-MAR26,,AUD,25760.63,GST-FREE,Workforce cost - Data Engineer - Operations,Workday
TXN005422,2026-06-20,2026-06-20,2026-06,AUS01,5000,,NT,Payroll - EMP9320,PAY-EMP9320-MAR26,,AUD,18558.31,GST-FREE,Workforce cost - FP&A Manager - Sales,Workday
TXN005423,2026-06-13,2026-06-13,2026-06,PNG01,5000,,FIN,Payroll - EMP9224,PAY-EMP9224-MAR26,,AUD,18280.52,GST-FREE,Workforce cost - Inventory Coordinator - Operations,Workday
TXN005424,2026-06-12,2026-06-12,2026-06,AUS01,5000,,ACT,Payroll - EMP4730,PAY-EMP4730-MAR26,,AUD,11392.45,GST-FREE,Workforce cost - Controller - FP&A,Workday
TXN005425,2026-06-19,2026-06-19,2026-06,FJI01,5000,,NT,Payroll - EMP6110,PAY-EMP6110-MAR26,,AUD,25730.32,GST-FREE,Workforce cost - Procurement Specialist - Customer Care,Workday
TXN005426,2026-06-10,2026-06-10,2026-06,FJI01,5000,,QLD,Payroll - EMP3693,PAY-EMP3693-MAR26,,AUD,28490.7,GST-FREE,Workforce cost - Data Engineer - Operations,Workday
TXN005427,2026-06-18,2026-06-18,2026-06,FJI01,5000,,TAS,Payroll - EMP8038,PAY-EMP8038-MAR26,,AUD,16896.98,GST-FREE,Workforce cost - Sales Manager - Commercial,Workday
TXN005428,2026-06-27,2026-06-27,2026-06,FJI01,5000,,VIC,Payroll - EMP7389,PAY-EMP7389-MAR26,,AUD,20096.86,GST-FREE,Workforce cost - Inventory Coordinator - Commercial,Workday
TXN005429,2026-06-25,2026-06-25,2026-06,PNG01,5000,,QLD,Payroll - EMP6462,PAY-EMP6462-MAR26,,AUD,13916.75,GST-FREE,Workforce cost - Operations Planner - Sales,Workday
TXN005430,2026-06-29,2026-06-29,2026-06,NZL01,5000,,NSW,Payroll - EMP9639,PAY-EMP9639-MAR26,,AUD,12897.24,GST-FREE,Workforce cost - Controller - Sales,Workday
TXN005431,2026-06-14,2026-06-14,2026-06,NZL01,5000,,WA,Payroll - EMP2725,PAY-EMP2725-MAR26,,AUD,25243.98,GST-FREE,Workforce cost - Inventory Coordinator - FP&A,Workday
TXN005432,2026-06-19,2026-06-19,2026-06,PNG01,5000,,QLD,Payroll - EMP5509,PAY-EMP5509-MAR26,,AUD,16489.07,GST-FREE,Workforce cost - Revenue Analyst - Operations,Workday
TXN005433,2026-06-20,2026-06-20,2026-06,PNG01,5000,,CORP,Payroll - EMP5450,PAY-EMP5450-MAR26,,AUD,23740.4,GST-FREE,Workforce cost - Sales Manager - Sales,Workday
TXN005434,2026-06-01,2026-06-01,2026-06,NZL01,5000,,NSW,Payroll - EMP5597,PAY-EMP5597-MAR26,,AUD,14149.95,GST-FREE,Workforce cost - Operations Planner - Sales,Workday
TXN005435,2026-06-18,2026-06-18,2026-06,NZL01,5000,,OPS,Payroll - EMP8542,PAY-EMP8542-MAR26,,AUD,12875.18,GST-FREE,Workforce cost - Finance Analyst - Commercial,Workday
TXN005436,2026-06-29,2026-06-29,2026-06,PNG01,5000,,CORP,Payroll - EMP5409,PAY-EMP5409-MAR26,,AUD,13194.41,GST-FREE,Workforce cost - Inventory Coordinator - Customer Care,Workday
TXN005437,2026-06-04,2026-06-04,2026-06,FJI01,5000,,WA,Payroll - EMP2898,PAY-EMP2898-MAR26,,AUD,17306.94,GST-FREE,Workforce cost - Customer Service Lead - Procurement,Workday
TXN005438,2026-06-07,2026-06-07,2026-06,FJI01,5000,,TAS,Payroll - EMP3396,PAY-EMP3396-MAR26,,AUD,11532.45,GST-FREE,Workforce cost - Customer Service Lead - Sales,Workday
TXN005439,2026-06-04,2026-06-04,2026-06,PNG01,5000,,IT,Payroll - EMP7088,PAY-EMP7088-MAR26,,AUD,13453.8,GST-FREE,Workforce cost - Finance Analyst - Customer Care,Workday
TXN005440,2026-06-16,2026-06-16,2026-06,PNG01,5000,,VIC,Payroll - EMP4953,PAY-EMP4953-MAR26,,AUD,17626.09,GST-FREE,Workforce cost - Controller - FP&A,Workday
TXN005441,2026-06-23,2026-06-23,2026-06,FJI01,5000,,IT,Payroll - EMP1518,PAY-EMP1518-MAR26,,AUD,27607.72,GST-FREE,Workforce cost - Procurement Specialist - Sales,Workday
TXN005442,2026-06-20,2026-06-20,2026-06,PNG01,5000,,R&D,Payroll - EMP1750,PAY-EMP1750-MAR26,,AUD,11074.5,GST-FREE,Workforce cost - FP&A Manager - Operations,Workday
TXN005443,2026-06-14,2026-06-14,2026-06,NZL01,5000,,MKT,Payroll - EMP3746,PAY-EMP3746-MAR26,,AUD,24134.7,GST-FREE,Workforce cost - Revenue Analyst - Commercial,Workday
TXN005444,2026-06-22,2026-06-22,2026-06,FJI01,5000,,NSW,Payroll - EMP2061,PAY-EMP2061-MAR26,,AUD,14907.48,GST-FREE,Workforce cost - Revenue Analyst - Finance,Workday
TXN005445,2026-06-16,2026-06-16,2026-06,PNG01,5000,,R&D,Payroll - EMP9336,PAY-EMP9336-MAR26,,AUD,15440.25,GST-FREE,Workforce cost - FP&A Manager - Sales,Workday
TXN005446,2026-06-27,2026-06-27,2026-06,PNG01,5000,,NSW,Payroll - EMP3664,PAY-EMP3664-MAR26,,AUD,26350.54,GST-FREE,Workforce cost - Inventory Coordinator - Sales,Workday
TXN005447,2026-06-07,2026-06-07,2026-06,AUS01,5000,,OPS,Payroll - EMP5776,PAY-EMP5776-MAR26,,AUD,16582.5,GST-FREE,Workforce cost - Revenue Analyst - FP&A,Workday
TXN005448,2026-06-23,2026-06-23,2026-06,AUS01,5000,,FIN,Payroll - EMP1248,PAY-EMP1248-MAR26,,AUD,8130.09,GST-FREE,Workforce cost - Operations Planner - FP&A,Workday
TXN005449,2026-06-07,2026-06-07,2026-06,PNG01,5000,,MKT,Payroll - EMP1784,PAY-EMP1784-MAR26,,AUD,22157.26,GST-FREE,Workforce cost - Data Engineer - FP&A,Workday
TXN005450,2026-06-05,2026-06-05,2026-06,AUS01,5000,,ACT,Payroll - EMP4572,PAY-EMP4572-MAR26,,AUD,11013.35,GST-FREE,Workforce cost - Inventory Coordinator - Finance,Workday
TXN005451,2026-06-21,2026-06-21,2026-06,FJI01,5000,,SA,Payroll - EMP4329,PAY-EMP4329-MAR26,,AUD,21563.62,GST-FREE,Workforce cost - Procurement Specialist - FP&A,Workday
TXN005452,2026-06-24,2026-06-24,2026-06,NZL01,5000,,MKT,Payroll - EMP6704,PAY-EMP6704-MAR26,,AUD,21729.4,GST-FREE,Workforce cost - Inventory Coordinator - Customer Care,Workday
TXN005453,2026-06-15,2026-06-15,2026-06,PNG01,5000,,ACT,Payroll - EMP4489,PAY-EMP4489-MAR26,,AUD,18658.35,GST-FREE,Workforce cost - Sales Manager - Commercial,Workday
TXN005454,2026-06-16,2026-06-16,2026-06,PNG01,5000,,NT,Payroll - EMP8676,PAY-EMP8676-MAR26,,AUD,22804.3,GST-FREE,Workforce cost - FP&A Manager - Commercial,Workday
TXN005455,2026-06-21,2026-06-21,2026-06,PNG01,5000,,IT,Payroll - EMP4738,PAY-EMP4738-MAR26,,AUD,5813.91,GST-FREE,Workforce cost - Controller - FP&A,Workday
TXN005456,2026-06-22,2026-06-22,2026-06,AUS01,5000,,TAS,Payroll - EMP5426,PAY-EMP5426-MAR26,,AUD,10407.11,GST-FREE,Workforce cost - Customer Service Lead - FP&A,Workday
TXN005457,2026-06-18,2026-06-18,2026-06,FJI01,5000,,CORP,Payroll - EMP1059,PAY-EMP1059-MAR26,,AUD,12898.72,GST-FREE,Workforce cost - Inventory Coordinator - Customer Care,Workday
TXN005458,2026-06-09,2026-06-09,2026-06,NZL01,5000,,R&D,Payroll - EMP9875,PAY-EMP9875-MAR26,,AUD,10067.71,GST-FREE,Workforce cost - Data Engineer - Commercial,Workday
TXN005459,2026-06-26,2026-06-26,2026-06,NZL01,5000,,TAS,Payroll - EMP4345,PAY-EMP4345-MAR26,,AUD,12263.9,GST-FREE,Workforce cost - Finance Analyst - Operations,Workday
TXN005460,2026-06-18,2026-06-18,2026-06,FJI01,5000,,FIN,Payroll - EMP6083,PAY-EMP6083-MAR26,,AUD,21195.26,GST-FREE,Workforce cost - Operations Planner - IT,Workday
TXN005461,2026-06-28,2026-06-28,2026-06,NZL01,5000,,OPS,Payroll - EMP1232,PAY-EMP1232-MAR26,,AUD,14598.08,GST-FREE,Workforce cost - Finance Analyst - Sales,Workday
TXN005462,2026-06-10,2026-06-10,2026-06,PNG01,5000,,CORP,Payroll - EMP4404,PAY-EMP4404-MAR26,,AUD,12661.46,GST-FREE,Workforce cost - Controller - Finance,Workday
TXN005463,2026-06-04,2026-06-04,2026-06,AUS01,5000,,MKT,Payroll - EMP9777,PAY-EMP9777-MAR26,,AUD,22039.78,GST-FREE,Workforce cost - Procurement Specialist - IT,Workday
TXN005464,2026-06-30,2026-06-30,2026-06,NZL01,5000,,CORP,Payroll - EMP2709,PAY-EMP2709-MAR26,,AUD,31100.69,GST-FREE,Workforce cost - Sales Manager - Sales,Workday
TXN005465,2026-06-02,2026-06-02,2026-06,FJI01,5000,,NSW,Payroll - EMP7856,PAY-EMP7856-MAR26,,AUD,12573.4,GST-FREE,Workforce cost - Finance Analyst - Customer Care,Workday
TXN005466,2026-06-22,2026-06-22,2026-06,PNG01,5000,,WA,Payroll - EMP8863,PAY-EMP8863-MAR26,,AUD,27733.55,GST-FREE,Workforce cost - Procurement Specialist - Sales,Workday
TXN005467,2026-06-11,2026-06-11,2026-06,NZL01,5000,,SA,Payroll - EMP9353,PAY-EMP9353-MAR26,,AUD,13485.83,GST-FREE,Workforce cost - Revenue Analyst - Operations,Workday
TXN005468,2026-06-22,2026-06-22,2026-06,AUS01,5000,,NT,Payroll - EMP4654,PAY-EMP4654-MAR26,,AUD,16264.68,GST-FREE,Workforce cost - Procurement Specialist - FP&A,Workday
TXN005469,2026-06-27,2026-06-27,2026-06,NZL01,5000,,MKT,Payroll - EMP1631,PAY-EMP1631-MAR26,,AUD,14596.48,GST-FREE,Workforce cost - FP&A Manager - Procurement,Workday
TXN005470,2026-06-23,2026-06-23,2026-06,AUS01,5000,,WA,Payroll - EMP7204,PAY-EMP7204-MAR26,,AUD,14107.86,GST-FREE,Workforce cost - Customer Service Lead - Customer Care,Workday
TXN005471,2026-06-26,2026-06-26,2026-06,PNG01,5000,,WA,Payroll - EMP2985,PAY-EMP2985-MAR26,,AUD,17046.0,GST-FREE,Workforce cost - Data Engineer - IT,Workday
TXN005472,2026-06-22,2026-06-22,2026-06,NZL01,5000,,CORP,Payroll - EMP9564,PAY-EMP9564-MAR26,,AUD,13879.78,GST-FREE,Workforce cost - Data Engineer - Procurement,Workday
TXN005473,2026-06-13,2026-06-13,2026-06,FJI01,5000,,TAS,Payroll - EMP6742,PAY-EMP6742-MAR26,,AUD,14117.42,GST-FREE,Workforce cost - Finance Analyst - Operations,Workday
TXN005474,2026-06-20,2026-06-20,2026-06,PNG01,5000,,SA,Payroll - EMP3004,PAY-EMP3004-MAR26,,AUD,22124.86,GST-FREE,Workforce cost - Controller - Procurement,Workday
TXN005475,2026-06-11,2026-06-11,2026-06,PNG01,5000,,VIC,Payroll - EMP9239,PAY-EMP9239-MAR26,,AUD,19980.62,GST-FREE,Workforce cost - Customer Service Lead - Procurement,Workday
TXN005476,2026-06-27,2026-06-27,2026-06,AUS01,5000,,NSW,Payroll - EMP3510,PAY-EMP3510-MAR26,,AUD,7562.97,GST-FREE,Workforce cost - FP&A Manager - Sales,Workday
TXN005477,2026-06-13,2026-06-13,2026-06,PNG01,5000,,VIC,Payroll - EMP4740,PAY-EMP4740-MAR26,,AUD,31615.83,GST-FREE,Workforce cost - Sales Manager - FP&A,Workday
TXN005478,2026-06-30,2026-06-30,2026-06,AUS01,5000,,MKT,Payroll - EMP5008,PAY-EMP5008-MAR26,,AUD,24025.86,GST-FREE,Workforce cost - Procurement Specialist - IT,Workday
TXN005479,2026-06-05,2026-06-05,2026-06,NZL01,5000,,QLD,Payroll - EMP6860,PAY-EMP6860-MAR26,,AUD,19544.7,GST-FREE,Workforce cost - Operations Planner - Operations,Workday
TXN005480,2026-06-17,2026-06-17,2026-06,AUS01,5000,,QLD,Payroll - EMP4914,PAY-EMP4914-MAR26,,AUD,13918.91,GST-FREE,Workforce cost - Inventory Coordinator - Commercial,Workday
TXN005481,2026-06-07,2026-06-07,2026-06,NZL01,5000,,VIC,Payroll - EMP3567,PAY-EMP3567-MAR26,,AUD,15313.6,GST-FREE,Workforce cost - Operations Planner - Procurement,Workday
TXN005482,2026-06-17,2026-06-17,2026-06,NZL01,5000,,FIN,Payroll - EMP5621,PAY-EMP5621-MAR26,,AUD,22529.36,GST-FREE,Workforce cost - Operations Planner - FP&A,Workday
TXN005483,2026-06-01,2026-06-01,2026-06,AUS01,5000,,HR,Payroll - EMP4529,PAY-EMP4529-MAR26,,AUD,25835.4,GST-FREE,Workforce cost - Procurement Specialist - Procurement,Workday
TXN005484,2026-06-07,2026-06-07,2026-06,AUS01,5000,,WA,Payroll - EMP8202,PAY-EMP8202-MAR26,,AUD,31614.88,GST-FREE,Workforce cost - FP&A Manager - Finance,Workday
TXN005485,2026-06-13,2026-06-13,2026-06,FJI01,5000,,HR,Payroll - EMP5427,PAY-EMP5427-MAR26,,AUD,9490.15,GST-FREE,Workforce cost - Sales Manager - Commercial,Workday
TXN005486,2026-06-21,2026-06-21,2026-06,AUS01,5000,,MKT,Payroll - EMP7821,PAY-EMP7821-MAR26,,AUD,16713.28,GST-FREE,Workforce cost - Customer Service Lead - Operations,Workday
TXN005487,2026-06-17,2026-06-17,2026-06,AUS01,5000,,VIC,Payroll - EMP3534,PAY-EMP3534-MAR26,,AUD,8021.23,GST-FREE,Workforce cost - Revenue Analyst - Sales,Workday
TXN005488,2026-06-08,2026-06-08,2026-06,FJI01,5000,,IT,Payroll - EMP5222,PAY-EMP5222-MAR26,,AUD,12100.28,GST-FREE,Workforce cost - Inventory Coordinator - FP&A,Workday
TXN005489,2026-06-24,2026-06-24,2026-06,NZL01,5000,,HR,Payroll - EMP2096,PAY-EMP2096-MAR26,,AUD,6610.36,GST-FREE,Workforce cost - Customer Service Lead - Sales,Workday
TXN005490,2026-06-10,2026-06-10,2026-06,NZL01,5000,,MKT,Payroll - EMP2463,PAY-EMP2463-MAR26,,AUD,21916.28,GST-FREE,Workforce cost - Data Engineer - Finance,Workday
TXN005491,2026-06-27,2026-06-27,2026-06,FJI01,5000,,NSW,Payroll - EMP5829,PAY-EMP5829-MAR26,,AUD,12465.28,GST-FREE,Workforce cost - Sales Manager - Finance,Workday
TXN005492,2026-06-25,2026-06-25,2026-06,FJI01,5000,,MKT,Payroll - EMP5875,PAY-EMP5875-MAR26,,AUD,21675.15,GST-FREE,Workforce cost - Revenue Analyst - Customer Care,Workday
TXN005493,2026-06-21,2026-06-21,2026-06,NZL01,5000,,QLD,Payroll - EMP3982,PAY-EMP3982-MAR26,,AUD,10965.12,GST-FREE,Workforce cost - Procurement Specialist - IT,Workday
TXN005494,2026-06-28,2026-06-28,2026-06,FJI01,5000,,TAS,Payroll - EMP2252,PAY-EMP2252-MAR26,,AUD,14987.22,GST-FREE,Workforce cost - Revenue Analyst - Finance,Workday
TXN005495,2026-06-27,2026-06-27,2026-06,AUS01,5000,,SA,Payroll - EMP5825,PAY-EMP5825-MAR26,,AUD,9774.83,GST-FREE,Workforce cost - Procurement Specialist - Sales,Workday
TXN005496,2026-06-07,2026-06-07,2026-06,PNG01,5000,,SA,Payroll - EMP1314,PAY-EMP1314-MAR26,,AUD,18397.47,GST-FREE,Workforce cost - Finance Analyst - Finance,Workday
TXN005497,2026-06-05,2026-06-05,2026-06,AUS01,5000,,HR,Payroll - EMP8491,PAY-EMP8491-MAR26,,AUD,18036.76,GST-FREE,Workforce cost - Data Engineer - FP&A,Workday
TXN005498,2026-06-05,2026-06-05,2026-06,NZL01,5000,,ACT,Payroll - EMP8420,PAY-EMP8420-MAR26,,AUD,23697.0,GST-FREE,Workforce cost - Procurement Specialist - FP&A,Workday
TXN005499,2026-06-17,2026-06-17,2026-06,FJI01,5000,,R&D,Payroll - EMP4583,PAY-EMP4583-MAR26,,AUD,34347.91,GST-FREE,Workforce cost - FP&A Manager - Operations,Workday
TXN005500,2026-06-27,2026-06-27,2026-06,PNG01,5000,,CORP,Payroll - EMP4952,PAY-EMP4952-MAR26,,AUD,28152.99,GST-FREE,Workforce cost - Inventory Coordinator - Customer Care,Workday
TXN005501,2026-06-27,2026-06-27,2026-06,NZL01,5000,,IT,Payroll - EMP6875,PAY-EMP6875-MAR26,,AUD,15306.82,GST-FREE,Workforce cost - FP&A Manager - Operations,Workday
TXN005502,2026-06-26,2026-06-26,2026-06,FJI01,5000,,NT,Payroll - EMP5899,PAY-EMP5899-MAR26,,AUD,19414.17,GST-FREE,Workforce cost - Sales Manager - Sales,Workday
TXN005503,2026-06-07,2026-06-07,2026-06,PNG01,5000,,CORP,Payroll - EMP2533,PAY-EMP2533-MAR26,,AUD,10825.03,GST-FREE,Workforce cost - Operations Planner - FP&A,Workday
TXN005504,2026-06-21,2026-06-21,2026-06,NZL01,5000,,QLD,Payroll - EMP3547,PAY-EMP3547-MAR26,,AUD,23582.61,GST-FREE,Workforce cost - Finance Analyst - Sales,Workday
TXN005505,2026-06-18,2026-06-18,2026-06,PNG01,5000,,HR,Payroll - EMP2492,PAY-EMP2492-MAR26,,AUD,7240.49,GST-FREE,Workforce cost - Data Engineer - Customer Care,Workday
TXN005506,2026-06-29,2026-06-29,2026-06,FJI01,5000,,CORP,Payroll - EMP6805,PAY-EMP6805-MAR26,,AUD,11261.76,GST-FREE,Workforce cost - Data Engineer - Operations,Workday
TXN005507,2026-06-31,2026-06-31,2026-06,AUS01,5000,,ACT,Payroll - EMP4938,PAY-EMP4938-MAR26,,AUD,19302.17,GST-FREE,Workforce cost - Revenue Analyst - Commercial,Workday
TXN005508,2026-06-21,2026-06-21,2026-06,NZL01,5000,,QLD,Payroll - EMP7091,PAY-EMP7091-MAR26,,AUD,22799.52,GST-FREE,Workforce cost - Customer Service Lead - Customer Care,Workday
TXN005509,2026-06-24,2026-06-24,2026-06,PNG01,5000,,IT,Payroll - EMP2657,PAY-EMP2657-MAR26,,AUD,17284.65,GST-FREE,Workforce cost - Inventory Coordinator - FP&A,Workday
TXN005510,2026-06-03,2026-06-03,2026-06,NZL01,5000,,NT,Payroll - EMP4662,PAY-EMP4662-MAR26,,AUD,23609.19,GST-FREE,Workforce cost - Procurement Specialist - Operations,Workday
TXN005511,2026-06-30,2026-06-30,2026-06,AUS01,5000,,SA,Payroll - EMP4886,PAY-EMP4886-MAR26,,AUD,16495.04,GST-FREE,Workforce cost - FP&A Manager - Sales,Workday
TXN005512,2026-06-16,2026-06-16,2026-06,AUS01,5000,,QLD,Payroll - EMP7547,PAY-EMP7547-MAR26,,AUD,7464.51,GST-FREE,Workforce cost - FP&A Manager - Sales,Workday
TXN005513,2026-06-12,2026-06-12,2026-06,FJI01,5000,,NT,Payroll - EMP8728,PAY-EMP8728-MAR26,,AUD,14357.87,GST-FREE,Workforce cost - FP&A Manager - Customer Care,Workday
TXN005514,2026-06-12,2026-06-12,2026-06,FJI01,5000,,MKT,Payroll - EMP2594,PAY-EMP2594-MAR26,,AUD,20963.67,GST-FREE,Workforce cost - Customer Service Lead - Finance,Workday
TXN005515,2026-06-22,2026-06-22,2026-06,NZL01,5000,,FIN,Payroll - EMP6939,PAY-EMP6939-MAR26,,AUD,20613.55,GST-FREE,Workforce cost - Procurement Specialist - Sales,Workday
TXN005516,2026-06-24,2026-06-24,2026-06,NZL01,5000,,CORP,Payroll - EMP6226,PAY-EMP6226-MAR26,,AUD,9952.46,GST-FREE,Workforce cost - Finance Analyst - Operations,Workday
TXN005517,2026-06-05,2026-06-05,2026-06,AUS01,5000,,MKT,Payroll - EMP9704,PAY-EMP9704-MAR26,,AUD,20190.58,GST-FREE,Workforce cost - Data Engineer - Commercial,Workday
TXN005518,2026-06-28,2026-06-28,2026-06,PNG01,5000,,SA,Payroll - EMP8889,PAY-EMP8889-MAR26,,AUD,31922.18,GST-FREE,Workforce cost - Procurement Specialist - Commercial,Workday
TXN005519,2026-06-13,2026-06-13,2026-06,NZL01,5000,,WA,Payroll - EMP7159,PAY-EMP7159-MAR26,,AUD,15809.56,GST-FREE,Workforce cost - Sales Manager - Operations,Workday
TXN005520,2026-06-05,2026-06-05,2026-06,AUS01,5000,,NSW,Payroll - EMP1877,PAY-EMP1877-MAR26,,AUD,8713.07,GST-FREE,Workforce cost - Customer Service Lead - Procurement,Workday
TXN005521,2026-06-07,2026-06-07,2026-06,FJI01,5000,,CORP,Payroll - EMP9810,PAY-EMP9810-MAR26,,AUD,19705.47,GST-FREE,Workforce cost - Data Engineer - IT,Workday
TXN005522,2026-06-19,2026-06-19,2026-06,NZL01,5000,,IT,Payroll - EMP3155,PAY-EMP3155-MAR26,,AUD,18817.95,GST-FREE,Workforce cost - FP&A Manager - Customer Care,Workday
TXN005523,2026-06-20,2026-06-20,2026-06,NZL01,5000,,NT,Payroll - EMP9306,PAY-EMP9306-MAR26,,AUD,11507.88,GST-FREE,Workforce cost - Data Engineer - FP&A,Workday
TXN005524,2026-06-16,2026-06-16,2026-06,FJI01,5000,,ACT,Payroll - EMP8763,PAY-EMP8763-MAR26,,AUD,8891.9,GST-FREE,Workforce cost - Controller - Customer Care,Workday
TXN005525,2026-06-28,2026-06-28,2026-06,NZL01,5000,,MKT,Payroll - EMP6471,PAY-EMP6471-MAR26,,AUD,11820.68,GST-FREE,Workforce cost - Revenue Analyst - Procurement,Workday
TXN005526,2026-06-27,2026-06-27,2026-06,NZL01,5000,,FIN,Payroll - EMP9679,PAY-EMP9679-MAR26,,AUD,21765.07,GST-FREE,Workforce cost - Operations Planner - Commercial,Workday
TXN005527,2026-06-10,2026-06-10,2026-06,FJI01,5000,,NSW,Payroll - EMP9620,PAY-EMP9620-MAR26,,AUD,22996.74,GST-FREE,Workforce cost - Revenue Analyst - Commercial,Workday
TXN005528,2026-06-21,2026-06-21,2026-06,NZL01,5000,,HR,Payroll - EMP8771,PAY-EMP8771-MAR26,,AUD,20449.59,GST-FREE,Workforce cost - Sales Manager - Finance,Workday
TXN005529,2026-06-10,2026-06-10,2026-06,NZL01,5000,,NT,Payroll - EMP4424,PAY-EMP4424-MAR26,,AUD,20205.09,GST-FREE,Workforce cost - Customer Service Lead - Operations,Workday
TXN005530,2026-06-12,2026-06-12,2026-06,FJI01,5000,,ACT,Payroll - EMP1206,PAY-EMP1206-MAR26,,AUD,21749.21,GST-FREE,Workforce cost - Sales Manager - Customer Care,Workday
TXN005531,2026-06-18,2026-06-18,2026-06,AUS01,5000,,CORP,Payroll - EMP4971,PAY-EMP4971-MAR26,,AUD,13010.58,GST-FREE,Workforce cost - Data Engineer - IT,Workday
TXN005532,2026-06-08,2026-06-08,2026-06,FJI01,5000,,VIC,Payroll - EMP7682,PAY-EMP7682-MAR26,,AUD,12840.42,GST-FREE,Workforce cost - Inventory Coordinator - IT,Workday
TXN005533,2026-06-11,2026-06-11,2026-06,FJI01,5000,,MKT,Payroll - EMP7811,PAY-EMP7811-MAR26,,AUD,21410.42,GST-FREE,Workforce cost - FP&A Manager - Customer Care,Workday
TXN005534,2026-06-28,2026-06-28,2026-06,PNG01,5000,,NSW,Payroll - EMP3063,PAY-EMP3063-MAR26,,AUD,12946.53,GST-FREE,Workforce cost - Inventory Coordinator - Customer Care,Workday
TXN005535,2026-06-10,2026-06-10,2026-06,PNG01,5000,,VIC,Payroll - EMP7966,PAY-EMP7966-MAR26,,AUD,22600.79,GST-FREE,Workforce cost - Controller - FP&A,Workday
TXN005536,2026-06-08,2026-06-08,2026-06,PNG01,5000,,CORP,Payroll - EMP1896,PAY-EMP1896-MAR26,,AUD,28173.53,GST-FREE,Workforce cost - Customer Service Lead - Sales,Workday
TXN005537,2026-06-27,2026-06-27,2026-06,AUS01,5000,,IT,Payroll - EMP2757,PAY-EMP2757-MAR26,,AUD,11079.73,GST-FREE,Workforce cost - Procurement Specialist - FP&A,Workday
TXN005538,2026-06-07,2026-06-07,2026-06,NZL01,5000,,CORP,Payroll - EMP8660,PAY-EMP8660-MAR26,,AUD,14998.3,GST-FREE,Workforce cost - Customer Service Lead - Commercial,Workday
TXN005539,2026-06-22,2026-06-22,2026-06,PNG01,5000,,NT,Payroll - EMP5386,PAY-EMP5386-MAR26,,AUD,17616.27,GST-FREE,Workforce cost - Sales Manager - Customer Care,Workday
TXN005540,2026-06-05,2026-06-05,2026-06,PNG01,5000,,NSW,Payroll - EMP3398,PAY-EMP3398-MAR26,,AUD,10773.45,GST-FREE,Workforce cost - Data Engineer - Procurement,Workday
TXN005541,2026-06-20,2026-06-20,2026-06,AUS01,5000,,VIC,Payroll - EMP6433,PAY-EMP6433-MAR26,,AUD,26983.45,GST-FREE,Workforce cost - Sales Manager - Finance,Workday
TXN005542,2026-06-21,2026-06-21,2026-06,AUS01,5000,,IT,Payroll - EMP9996,PAY-EMP9996-MAR26,,AUD,9341.14,GST-FREE,Workforce cost - Procurement Specialist - FP&A,Workday
TXN005543,2026-06-10,2026-06-10,2026-06,NZL01,5000,,ACT,Payroll - EMP4018,PAY-EMP4018-MAR26,,AUD,9244.3,GST-FREE,Workforce cost - Data Engineer - FP&A,Workday
TXN005544,2026-06-02,2026-06-02,2026-06,FJI01,5000,,NSW,Payroll - EMP6572,PAY-EMP6572-MAR26,,AUD,20856.53,GST-FREE,Workforce cost - Sales Manager - FP&A,Workday
TXN005545,2026-06-05,2026-06-05,2026-06,FJI01,5000,,VIC,Payroll - EMP9389,PAY-EMP9389-MAR26,,AUD,19320.52,GST-FREE,Workforce cost - FP&A Manager - Customer Care,Workday
TXN005546,2026-06-25,2026-06-25,2026-06,AUS01,5000,,ACT,Payroll - EMP5594,PAY-EMP5594-MAR26,,AUD,9629.3,GST-FREE,Workforce cost - Sales Manager - IT,Workday
TXN005547,2026-06-30,2026-06-30,2026-06,FJI01,5000,,NSW,Payroll - EMP5705,PAY-EMP5705-MAR26,,AUD,20338.93,GST-FREE,Workforce cost - Data Engineer - FP&A,Workday
TXN005548,2026-06-23,2026-06-23,2026-06,AUS01,5000,,R&D,Payroll - EMP8389,PAY-EMP8389-MAR26,,AUD,22509.82,GST-FREE,Workforce cost - Finance Analyst - FP&A,Workday
TXN005549,2026-06-15,2026-06-15,2026-06,FJI01,5000,,HR,Payroll - EMP8831,PAY-EMP8831-MAR26,,AUD,15759.66,GST-FREE,Workforce cost - Sales Manager - Procurement,Workday
TXN005550,2026-06-04,2026-06-04,2026-06,AUS01,5000,,QLD,Payroll - EMP5047,PAY-EMP5047-MAR26,,AUD,11418.64,GST-FREE,Workforce cost - Procurement Specialist - IT,Workday
TXN005551,2026-06-16,2026-06-16,2026-06,FJI01,5000,,SA,Payroll - EMP9578,PAY-EMP9578-MAR26,,AUD,13478.07,GST-FREE,Workforce cost - Procurement Specialist - Commercial,Workday
TXN005552,2026-06-08,2026-06-08,2026-06,NZL01,5000,,WA,Payroll - EMP6908,PAY-EMP6908-MAR26,,AUD,11904.55,GST-FREE,Workforce cost - Revenue Analyst - Operations,Workday
TXN005553,2026-06-03,2026-06-03,2026-06,NZL01,5000,,MKT,Payroll - EMP6342,PAY-EMP6342-MAR26,,AUD,18895.63,GST-FREE,Workforce cost - Finance Analyst - Operations,Workday
TXN005554,2026-06-05,2026-06-05,2026-06,FJI01,5000,,IT,Payroll - EMP1189,PAY-EMP1189-MAR26,,AUD,23221.16,GST-FREE,Workforce cost - Controller - IT,Workday
TXN005555,2026-06-07,2026-06-07,2026-06,PNG01,5000,,ACT,Payroll - EMP7964,PAY-EMP7964-MAR26,,AUD,11251.77,GST-FREE,Workforce cost - Sales Manager - Customer Care,Workday
TXN005556,2026-06-01,2026-06-01,2026-06,NZL01,5000,,SA,Payroll - EMP1379,PAY-EMP1379-MAR26,,AUD,24203.13,GST-FREE,Workforce cost - Procurement Specialist - Sales,Workday
TXN005557,2026-06-21,2026-06-21,2026-06,AUS01,5000,,OPS,Payroll - EMP9304,PAY-EMP9304-MAR26,,AUD,22087.88,GST-FREE,Workforce cost - FP&A Manager - Procurement,Workday
TXN005558,2026-06-24,2026-06-24,2026-06,NZL01,5000,,SA,Payroll - EMP5256,PAY-EMP5256-MAR26,,AUD,19785.11,GST-FREE,Workforce cost - FP&A Manager - Finance,Workday
TXN005559,2026-06-18,2026-06-18,2026-06,NZL01,5000,,VIC,Payroll - EMP2852,PAY-EMP2852-MAR26,,AUD,7815.22,GST-FREE,Workforce cost - Inventory Coordinator - Operations,Workday
TXN005560,2026-06-02,2026-06-02,2026-06,PNG01,5000,,R&D,Payroll - EMP8222,PAY-EMP8222-MAR26,,AUD,21979.32,GST-FREE,Workforce cost - Customer Service Lead - Commercial,Workday
TXN005561,2026-06-18,2026-06-18,2026-06,PNG01,5000,,QLD,Payroll - EMP7421,PAY-EMP7421-MAR26,,AUD,13430.27,GST-FREE,Workforce cost - Finance Analyst - Commercial,Workday
TXN005562,2026-06-21,2026-06-21,2026-06,PNG01,5000,,WA,Payroll - EMP7203,PAY-EMP7203-MAR26,,AUD,21410.04,GST-FREE,Workforce cost - Controller - Sales,Workday
TXN005563,2026-06-07,2026-06-07,2026-06,AUS01,5000,,SA,Payroll - EMP9700,PAY-EMP9700-MAR26,,AUD,12376.05,GST-FREE,Workforce cost - Revenue Analyst - FP&A,Workday
TXN005564,2026-06-29,2026-06-29,2026-06,NZL01,5000,,TAS,Payroll - EMP8042,PAY-EMP8042-MAR26,,AUD,16191.08,GST-FREE,Workforce cost - Finance Analyst - Customer Care,Workday
TXN005565,2026-06-07,2026-06-07,2026-06,AUS01,5000,,FIN,Payroll - EMP2753,PAY-EMP2753-MAR26,,AUD,7899.3,GST-FREE,Workforce cost - Inventory Coordinator - Operations,Workday
TXN005566,2026-06-24,2026-06-24,2026-06,NZL01,5000,,NSW,Payroll - EMP9264,PAY-EMP9264-MAR26,,AUD,24680.35,GST-FREE,Workforce cost - Customer Service Lead - Finance,Workday
TXN005567,2026-06-24,2026-06-24,2026-06,PNG01,5000,,ACT,Payroll - EMP7406,PAY-EMP7406-MAR26,,AUD,19148.78,GST-FREE,Workforce cost - Customer Service Lead - Operations,Workday
TXN005568,2026-06-28,2026-06-28,2026-06,FJI01,5000,,IT,Payroll - EMP1753,PAY-EMP1753-MAR26,,AUD,19963.51,GST-FREE,Workforce cost - Procurement Specialist - Sales,Workday
TXN005569,2026-06-25,2026-06-25,2026-06,FJI01,5000,,QLD,Payroll - EMP1616,PAY-EMP1616-MAR26,,AUD,15342.5,GST-FREE,Workforce cost - Revenue Analyst - Finance,Workday
TXN005570,2026-06-08,2026-06-08,2026-06,PNG01,5000,,MKT,Payroll - EMP3776,PAY-EMP3776-MAR26,,AUD,22595.86,GST-FREE,Workforce cost - Revenue Analyst - FP&A,Workday
TXN005571,2026-06-30,2026-06-30,2026-06,AUS01,5000,,VIC,Payroll - EMP4894,PAY-EMP4894-MAR26,,AUD,14137.81,GST-FREE,Workforce cost - FP&A Manager - Operations,Workday
TXN005572,2026-06-27,2026-06-27,2026-06,NZL01,5000,,HR,Payroll - EMP1845,PAY-EMP1845-MAR26,,AUD,24121.23,GST-FREE,Workforce cost - Procurement Specialist - Finance,Workday
TXN005573,2026-06-07,2026-06-07,2026-06,FJI01,5000,,CORP,Payroll - EMP7207,PAY-EMP7207-MAR26,,AUD,21051.41,GST-FREE,Workforce cost - Inventory Coordinator - FP&A,Workday
TXN005574,2026-06-12,2026-06-12,2026-06,FJI01,5000,,FIN,Payroll - EMP3828,PAY-EMP3828-MAR26,,AUD,22609.5,GST-FREE,Workforce cost - Sales Manager - Finance,Workday
TXN005575,2026-06-24,2026-06-24,2026-06,FJI01,5000,,R&D,Payroll - EMP8730,PAY-EMP8730-MAR26,,AUD,18433.81,GST-FREE,Workforce cost - Controller - Procurement,Workday
TXN005576,2026-06-11,2026-06-11,2026-06,NZL01,5000,,SA,Payroll - EMP3422,PAY-EMP3422-MAR26,,AUD,12239.33,GST-FREE,Workforce cost - Revenue Analyst - Procurement,Workday
TXN005577,2026-06-30,2026-06-30,2026-06,AUS01,5000,,ACT,Payroll - EMP9818,PAY-EMP9818-MAR26,,AUD,11409.26,GST-FREE,Workforce cost - Sales Manager - Finance,Workday
TXN005578,2026-06-04,2026-06-04,2026-06,NZL01,5000,,SA,Payroll - EMP8196,PAY-EMP8196-MAR26,,AUD,12638.56,GST-FREE,Workforce cost - Controller - Finance,Workday
TXN005579,2026-06-24,2026-06-24,2026-06,NZL01,5000,,IT,Payroll - EMP9127,PAY-EMP9127-MAR26,,AUD,12260.64,GST-FREE,Workforce cost - Revenue Analyst - Operations,Workday
TXN005580,2026-06-23,2026-06-23,2026-06,AUS01,5000,,R&D,Payroll - EMP8724,PAY-EMP8724-MAR26,,AUD,23167.16,GST-FREE,Workforce cost - Sales Manager - Sales,Workday
TXN005581,2026-06-04,2026-06-04,2026-06,PNG01,5000,,HR,Payroll - EMP2504,PAY-EMP2504-MAR26,,AUD,8167.84,GST-FREE,Workforce cost - Operations Planner - IT,Workday
TXN005582,2026-06-01,2026-06-01,2026-06,PNG01,5000,,NSW,Payroll - EMP7952,PAY-EMP7952-MAR26,,AUD,8277.89,GST-FREE,Workforce cost - Inventory Coordinator - Procurement,Workday
TXN005583,2026-06-06,2026-06-06,2026-06,PNG01,5000,,ACT,Payroll - EMP2776,PAY-EMP2776-MAR26,,AUD,22677.56,GST-FREE,Workforce cost - Sales Manager - Finance,Workday
TXN005584,2026-06-20,2026-06-20,2026-06,FJI01,5000,,ACT,Payroll - EMP8109,PAY-EMP8109-MAR26,,AUD,19405.29,GST-FREE,Workforce cost - Customer Service Lead - Operations,Workday
TXN005585,2026-06-18,2026-06-18,2026-06,NZL01,5000,,MKT,Payroll - EMP3423,PAY-EMP3423-MAR26,,AUD,7567.08,GST-FREE,Workforce cost - Data Engineer - Operations,Workday
TXN005586,2026-06-17,2026-06-17,2026-06,FJI01,5000,,NT,Payroll - EMP5563,PAY-EMP5563-MAR26,,AUD,9755.35,GST-FREE,Workforce cost - Customer Service Lead - IT,Workday
TXN005587,2026-06-29,2026-06-29,2026-06,FJI01,5000,,MKT,Payroll - EMP7057,PAY-EMP7057-MAR26,,AUD,17118.77,GST-FREE,Workforce cost - FP&A Manager - Finance,Workday
TXN005588,2026-06-21,2026-06-21,2026-06,FJI01,5000,,OPS,Payroll - EMP4457,PAY-EMP4457-MAR26,,AUD,18500.95,GST-FREE,Workforce cost - Procurement Specialist - Commercial,Workday
TXN005589,2026-06-12,2026-06-12,2026-06,PNG01,5000,,R&D,Payroll - EMP1321,PAY-EMP1321-MAR26,,AUD,20340.07,GST-FREE,Workforce cost - Procurement Specialist - FP&A,Workday
TXN005590,2026-06-20,2026-06-20,2026-06,PNG01,5000,,SA,Payroll - EMP7923,PAY-EMP7923-MAR26,,AUD,19900.66,GST-FREE,Workforce cost - Sales Manager - Sales,Workday
TXN005591,2026-06-10,2026-06-10,2026-06,FJI01,5000,,R&D,Payroll - EMP6902,PAY-EMP6902-MAR26,,AUD,20366.99,GST-FREE,Workforce cost - Inventory Coordinator - Commercial,Workday
TXN005592,2026-06-29,2026-06-29,2026-06,NZL01,5000,,MKT,Payroll - EMP6991,PAY-EMP6991-MAR26,,AUD,26577.2,GST-FREE,Workforce cost - Sales Manager - IT,Workday
TXN005593,2026-06-30,2026-06-30,2026-06,FJI01,5000,,MKT,Payroll - EMP8513,PAY-EMP8513-MAR26,,AUD,19839.62,GST-FREE,Workforce cost - Customer Service Lead - Commercial,Workday
TXN005594,2026-06-30,2026-06-30,2026-06,NZL01,5000,,NT,Payroll - EMP5651,PAY-EMP5651-MAR26,,AUD,12567.39,GST-FREE,Workforce cost - Inventory Coordinator - Sales,Workday
TXN005595,2026-06-12,2026-06-12,2026-06,PNG01,5000,,NSW,Payroll - EMP3907,PAY-EMP3907-MAR26,,AUD,16760.63,GST-FREE,Workforce cost - Revenue Analyst - FP&A,Workday
TXN005596,2026-06-08,2026-06-08,2026-06,AUS01,5000,,SA,Payroll - EMP3041,PAY-EMP3041-MAR26,,AUD,28135.35,GST-FREE,Workforce cost - Revenue Analyst - Commercial,Workday
TXN005597,2026-06-22,2026-06-22,2026-06,PNG01,5000,,NSW,Payroll - EMP9670,PAY-EMP9670-MAR26,,AUD,13017.75,GST-FREE,Workforce cost - Data Engineer - Procurement,Workday
TXN005598,2026-06-28,2026-06-28,2026-06,AUS01,5000,,TAS,Payroll - EMP3936,PAY-EMP3936-MAR26,,AUD,17987.47,GST-FREE,Workforce cost - Operations Planner - Customer Care,Workday
TXN005599,2026-06-12,2026-06-12,2026-06,PNG01,5000,,ACT,Payroll - EMP4444,PAY-EMP4444-MAR26,,AUD,15089.98,GST-FREE,Workforce cost - Inventory Coordinator - Customer Care,Workday
TXN005600,2026-06-09,2026-06-09,2026-06,AUS01,5000,,HR,Payroll - EMP6263,PAY-EMP6263-MAR26,,AUD,16553.07,GST-FREE,Workforce cost - Sales Manager - Customer Care,Workday
TXN005601,2026-06-06,2026-06-06,2026-06,FJI01,5000,,IT,Payroll - EMP7322,PAY-EMP7322-MAR26,,AUD,7586.13,GST-FREE,Workforce cost - Revenue Analyst - IT,Workday
TXN005602,2026-06-14,2026-06-14,2026-06,FJI01,5000,,SA,Payroll - EMP1283,PAY-EMP1283-MAR26,,AUD,8354.35,GST-FREE,Workforce cost - Sales Manager - FP&A,Workday
TXN005603,2026-06-02,2026-06-02,2026-06,PNG01,5000,,IT,Payroll - EMP2396,PAY-EMP2396-MAR26,,AUD,16498.97,GST-FREE,Workforce cost - Procurement Specialist - Finance,Workday
TXN005604,2026-06-19,2026-06-19,2026-06,FJI01,5000,,MKT,Payroll - EMP6659,PAY-EMP6659-MAR26,,AUD,26358.35,GST-FREE,Workforce cost - Data Engineer - FP&A,Workday
TXN005605,2026-06-27,2026-06-27,2026-06,NZL01,5000,,NSW,Payroll - EMP1649,PAY-EMP1649-MAR26,,AUD,24105.51,GST-FREE,Workforce cost - Data Engineer - Finance,Workday
TXN005606,2026-06-17,2026-06-17,2026-06,FJI01,5000,,HR,Payroll - EMP4061,PAY-EMP4061-MAR26,,AUD,13680.53,GST-FREE,Workforce cost - Procurement Specialist - Operations,Workday
TXN005607,2026-06-14,2026-06-14,2026-06,PNG01,5000,,NT,Payroll - EMP3682,PAY-EMP3682-MAR26,,AUD,14080.44,GST-FREE,Workforce cost - Procurement Specialist - Finance,Workday
TXN005608,2026-06-22,2026-06-22,2026-06,PNG01,5000,,ACT,Payroll - EMP6358,PAY-EMP6358-MAR26,,AUD,13774.33,GST-FREE,Workforce cost - Controller - Finance,Workday
TXN005609,2026-06-11,2026-06-11,2026-06,AUS01,5000,,WA,Payroll - EMP9467,PAY-EMP9467-MAR26,,AUD,13538.04,GST-FREE,Workforce cost - Inventory Coordinator - Sales,Workday
TXN005610,2026-06-30,2026-06-30,2026-06,PNG01,5000,,FIN,Payroll - EMP5087,PAY-EMP5087-MAR26,,AUD,15143.59,GST-FREE,Workforce cost - Customer Service Lead - Operations,Workday
TXN005611,2026-06-03,2026-06-03,2026-06,AUS01,5000,,OPS,Payroll - EMP5732,PAY-EMP5732-MAR26,,AUD,16540.97,GST-FREE,Workforce cost - Revenue Analyst - IT,Workday
TXN005612,2026-06-31,2026-06-31,2026-06,AUS01,5000,,SA,Payroll - EMP5983,PAY-EMP5983-MAR26,,AUD,20020.11,GST-FREE,Workforce cost - Revenue Analyst - Operations,Workday
TXN005613,2026-06-30,2026-06-30,2026-06,AUS01,5000,,SA,Payroll - EMP8646,PAY-EMP8646-MAR26,,AUD,23743.11,GST-FREE,Workforce cost - Sales Manager - FP&A,Workday
TXN005614,2026-06-15,2026-06-15,2026-06,FJI01,5000,,FIN,Payroll - EMP4400,PAY-EMP4400-MAR26,,AUD,19361.96,GST-FREE,Workforce cost - Operations Planner - Finance,Workday
TXN005615,2026-06-06,2026-06-06,2026-06,AUS01,5000,,R&D,Payroll - EMP2228,PAY-EMP2228-MAR26,,AUD,12753.39,GST-FREE,Workforce cost - Inventory Coordinator - FP&A,Workday
TXN005616,2026-06-11,2026-06-11,2026-06,PNG01,5000,,QLD,Payroll - EMP6973,PAY-EMP6973-MAR26,,AUD,21748.95,GST-FREE,Workforce cost - Data Engineer - Procurement,Workday
TXN005617,2026-06-11,2026-06-11,2026-06,AUS01,5000,,FIN,Payroll - EMP2469,PAY-EMP2469-MAR26,,AUD,19045.75,GST-FREE,Workforce cost - Data Engineer - Operations,Workday
TXN005618,2026-06-06,2026-06-06,2026-06,PNG01,5000,,TAS,Payroll - EMP9997,PAY-EMP9997-MAR26,,AUD,19923.81,GST-FREE,Workforce cost - Customer Service Lead - Customer Care,Workday
TXN005619,2026-06-15,2026-06-15,2026-06,FJI01,5000,,SA,Payroll - EMP1909,PAY-EMP1909-MAR26,,AUD,26764.89,GST-FREE,Workforce cost - Revenue Analyst - FP&A,Workday
TXN005620,2026-06-03,2026-06-03,2026-06,AUS01,5000,,VIC,Payroll - EMP9367,PAY-EMP9367-MAR26,,AUD,25559.2,GST-FREE,Workforce cost - Inventory Coordinator - Operations,Workday
TXN005621,2026-06-09,2026-06-09,2026-06,NZL01,5000,,QLD,Payroll - EMP2818,PAY-EMP2818-MAR26,,AUD,16555.8,GST-FREE,Workforce cost - Finance Analyst - Commercial,Workday
TXN005622,2026-06-17,2026-06-17,2026-06,FJI01,5000,,OPS,Payroll - EMP8675,PAY-EMP8675-MAR26,,AUD,12817.45,GST-FREE,Workforce cost - Sales Manager - Finance,Workday
TXN005623,2026-06-28,2026-06-28,2026-06,FJI01,5000,,ACT,Payroll - EMP9964,PAY-EMP9964-MAR26,,AUD,11362.63,GST-FREE,Workforce cost - FP&A Manager - Operations,Workday
TXN005624,2026-06-18,2026-06-18,2026-06,NZL01,5000,,HR,Payroll - EMP7576,PAY-EMP7576-MAR26,,AUD,19698.19,GST-FREE,Workforce cost - Controller - Sales,Workday
TXN005625,2026-06-25,2026-06-25,2026-06,AUS01,5000,,WA,Payroll - EMP3213,PAY-EMP3213-MAR26,,AUD,11827.63,GST-FREE,Workforce cost - Sales Manager - Commercial,Workday
TXN005626,2026-06-18,2026-06-18,2026-06,NZL01,5000,,VIC,Payroll - EMP8948,PAY-EMP8948-MAR26,,AUD,22590.01,GST-FREE,Workforce cost - Operations Planner - FP&A,Workday
TXN005627,2026-06-08,2026-06-08,2026-06,AUS01,5000,,MKT,Payroll - EMP2711,PAY-EMP2711-MAR26,,AUD,21988.38,GST-FREE,Workforce cost - Revenue Analyst - Customer Care,Workday
TXN005628,2026-06-06,2026-06-06,2026-06,AUS01,5000,,NSW,Payroll - EMP1143,PAY-EMP1143-MAR26,,AUD,13859.26,GST-FREE,Workforce cost - FP&A Manager - Finance,Workday
TXN005629,2026-06-05,2026-06-05,2026-06,AUS01,5000,,HR,Payroll - EMP9125,PAY-EMP9125-MAR26,,AUD,21460.73,GST-FREE,Workforce cost - Controller - IT,Workday
TXN005630,2026-06-23,2026-06-23,2026-06,PNG01,5000,,HR,Payroll - EMP8182,PAY-EMP8182-MAR26,,AUD,17276.1,GST-FREE,Workforce cost - Finance Analyst - Finance,Workday
TXN005631,2026-06-05,2026-06-05,2026-06,AUS01,5000,,VIC,Payroll - EMP8516,PAY-EMP8516-MAR26,,AUD,13500.21,GST-FREE,Workforce cost - Revenue Analyst - Commercial,Workday
TXN005632,2026-06-17,2026-06-17,2026-06,AUS01,5000,,CORP,Payroll - EMP1686,PAY-EMP1686-MAR26,,AUD,21308.9,GST-FREE,Workforce cost - Data Engineer - Operations,Workday
TXN005633,2026-06-30,2026-06-30,2026-06,AUS01,5000,,MKT,Payroll - EMP2239,PAY-EMP2239-MAR26,,AUD,8278.66,GST-FREE,Workforce cost - Controller - Customer Care,Workday
TXN005634,2026-06-22,2026-06-22,2026-06,PNG01,5000,,MKT,Payroll - EMP9598,PAY-EMP9598-MAR26,,AUD,21738.74,GST-FREE,Workforce cost - FP&A Manager - Commercial,Workday
TXN005635,2026-06-05,2026-06-05,2026-06,AUS01,5000,,CORP,Payroll - EMP4903,PAY-EMP4903-MAR26,,AUD,21705.22,GST-FREE,Workforce cost - Customer Service Lead - Finance,Workday
TXN005636,2026-06-11,2026-06-11,2026-06,PNG01,5000,,HR,Payroll - EMP6098,PAY-EMP6098-MAR26,,AUD,8771.33,GST-FREE,Workforce cost - Finance Analyst - IT,Workday
TXN005637,2026-06-29,2026-06-29,2026-06,NZL01,5000,,NT,Payroll - EMP2690,PAY-EMP2690-MAR26,,AUD,26814.79,GST-FREE,Workforce cost - Procurement Specialist - Finance,Workday
TXN005638,2026-06-29,2026-06-29,2026-06,NZL01,5000,,IT,Payroll - EMP9438,PAY-EMP9438-MAR26,,AUD,26814.65,GST-FREE,Workforce cost - Customer Service Lead - Customer Care,Workday
TXN005639,2026-06-04,2026-06-04,2026-06,NZL01,5000,,NSW,Payroll - EMP3489,PAY-EMP3489-MAR26,,AUD,18589.41,GST-FREE,Workforce cost - Finance Analyst - Customer Care,Workday
TXN005640,2026-06-17,2026-06-17,2026-06,AUS01,5000,,FIN,Payroll - EMP8681,PAY-EMP8681-MAR26,,AUD,33379.91,GST-FREE,Workforce cost - Revenue Analyst - Procurement,Workday
TXN005641,2026-06-16,2026-06-16,2026-06,PNG01,5000,,MKT,Payroll - EMP7512,PAY-EMP7512-MAR26,,AUD,15426.85,GST-FREE,Workforce cost - Inventory Coordinator - Procurement,Workday
TXN005642,2026-06-28,2026-06-28,2026-06,FJI01,5000,,NSW,Payroll - EMP8798,PAY-EMP8798-MAR26,,AUD,27134.85,GST-FREE,Workforce cost - FP&A Manager - Finance,Workday
TXN005643,2026-06-19,2026-06-19,2026-06,PNG01,5000,,CORP,Payroll - EMP6599,PAY-EMP6599-MAR26,,AUD,9359.93,GST-FREE,Workforce cost - Operations Planner - Finance,Workday
TXN005644,2026-06-14,2026-06-14,2026-06,PNG01,5000,,FIN,Payroll - EMP2901,PAY-EMP2901-MAR26,,AUD,31585.92,GST-FREE,Workforce cost - Data Engineer - Commercial,Workday
TXN005645,2026-06-31,2026-06-31,2026-06,FJI01,5000,,WA,Payroll - EMP2770,PAY-EMP2770-MAR26,,AUD,19652.74,GST-FREE,Workforce cost - Data Engineer - Sales,Workday
TXN005646,2026-06-24,2026-06-24,2026-06,FJI01,5000,,TAS,Payroll - EMP8413,PAY-EMP8413-MAR26,,AUD,10897.56,GST-FREE,Workforce cost - FP&A Manager - Customer Care,Workday
TXN005647,2026-06-15,2026-06-15,2026-06,AUS01,5000,,NSW,Payroll - EMP8439,PAY-EMP8439-MAR26,,AUD,27354.87,GST-FREE,Workforce cost - Data Engineer - Commercial,Workday
TXN005648,2026-06-17,2026-06-17,2026-06,AUS01,5000,,CORP,Payroll - EMP9457,PAY-EMP9457-MAR26,,AUD,9501.64,GST-FREE,Workforce cost - Operations Planner - Commercial,Workday
TXN005649,2026-06-29,2026-06-29,2026-06,NZL01,5000,,R&D,Payroll - EMP2240,PAY-EMP2240-MAR26,,AUD,19059.14,GST-FREE,Workforce cost - Customer Service Lead - Customer Care,Workday
TXN005650,2026-06-01,2026-06-01,2026-06,NZL01,5000,,HR,Payroll - EMP3887,PAY-EMP3887-MAR26,,AUD,17426.76,GST-FREE,Workforce cost - Sales Manager - IT,Workday
TXN005651,2026-06-24,2026-06-24,2026-06,FJI01,5000,,WA,Payroll - EMP3864,PAY-EMP3864-MAR26,,AUD,11164.38,GST-FREE,Workforce cost - Finance Analyst - Customer Care,Workday
TXN005652,2026-06-05,2026-06-05,2026-06,FJI01,5000,,HR,Payroll - EMP7771,PAY-EMP7771-MAR26,,AUD,14149.23,GST-FREE,Workforce cost - Controller - FP&A,Workday
TXN005653,2026-06-22,2026-06-22,2026-06,PNG01,5000,,NT,Payroll - EMP3718,PAY-EMP3718-MAR26,,AUD,15575.25,GST-FREE,Workforce cost - Customer Service Lead - IT,Workday
TXN005654,2026-06-17,2026-06-17,2026-06,NZL01,5000,,VIC,Payroll - EMP8184,PAY-EMP8184-MAR26,,AUD,10344.96,GST-FREE,Workforce cost - Controller - Finance,Workday
TXN005655,2026-06-06,2026-06-06,2026-06,NZL01,5000,,WA,Payroll - EMP2783,PAY-EMP2783-MAR26,,AUD,21513.7,GST-FREE,Workforce cost - Customer Service Lead - IT,Workday
TXN005656,2026-06-19,2026-06-19,2026-06,PNG01,5000,,HR,Payroll - EMP4427,PAY-EMP4427-MAR26,,AUD,7013.31,GST-FREE,Workforce cost - FP&A Manager - FP&A,Workday
TXN005657,2026-06-11,2026-06-11,2026-06,NZL01,5000,,QLD,Payroll - EMP3690,PAY-EMP3690-MAR26,,AUD,15560.28,GST-FREE,Workforce cost - FP&A Manager - Sales,Workday
TXN005658,2026-06-22,2026-06-22,2026-06,AUS01,5000,,HR,Payroll - EMP1421,PAY-EMP1421-MAR26,,AUD,19906.48,GST-FREE,Workforce cost - Sales Manager - IT,Workday
TXN005659,2026-06-02,2026-06-02,2026-06,FJI01,5000,,CORP,Payroll - EMP6775,PAY-EMP6775-MAR26,,AUD,21152.91,GST-FREE,Workforce cost - Operations Planner - IT,Workday
TXN005660,2026-06-09,2026-06-09,2026-06,FJI01,5000,,MKT,Payroll - EMP8527,PAY-EMP8527-MAR26,,AUD,18617.46,GST-FREE,Workforce cost - Customer Service Lead - Finance,Workday
TXN005661,2026-06-29,2026-06-29,2026-06,NZL01,5000,,CORP,Payroll - EMP5037,PAY-EMP5037-MAR26,,AUD,28364.28,GST-FREE,Workforce cost - Inventory Coordinator - Procurement,Workday
TXN005662,2026-06-24,2026-06-24,2026-06,AUS01,5000,,NSW,Payroll - EMP4692,PAY-EMP4692-MAR26,,AUD,23892.7,GST-FREE,Workforce cost - Sales Manager - Commercial,Workday
TXN005663,2026-06-06,2026-06-06,2026-06,PNG01,5000,,OPS,Payroll - EMP5878,PAY-EMP5878-MAR26,,AUD,16880.9,GST-FREE,Workforce cost - Customer Service Lead - FP&A,Workday
TXN005664,2026-06-20,2026-06-20,2026-06,FJI01,5000,,CORP,Payroll - EMP7491,PAY-EMP7491-MAR26,,AUD,17401.37,GST-FREE,Workforce cost - Operations Planner - Commercial,Workday
TXN005665,2026-06-27,2026-06-27,2026-06,AUS01,5000,,R&D,Payroll - EMP6509,PAY-EMP6509-MAR26,,AUD,9645.34,GST-FREE,Workforce cost - Customer Service Lead - Commercial,Workday
TXN005666,2026-06-15,2026-06-15,2026-06,FJI01,5000,,SA,Payroll - EMP1733,PAY-EMP1733-MAR26,,AUD,10912.23,GST-FREE,Workforce cost - Inventory Coordinator - FP&A,Workday
TXN005667,2026-06-09,2026-06-09,2026-06,NZL01,5000,,FIN,Payroll - EMP7362,PAY-EMP7362-MAR26,,AUD,18292.83,GST-FREE,Workforce cost - Procurement Specialist - Commercial,Workday
TXN005668,2026-06-31,2026-06-31,2026-06,AUS01,5000,,QLD,Payroll - EMP8607,PAY-EMP8607-MAR26,,AUD,30980.23,GST-FREE,Workforce cost - Customer Service Lead - Commercial,Workday
TXN005669,2026-06-30,2026-06-30,2026-06,NZL01,5000,,ACT,Payroll - EMP5369,PAY-EMP5369-MAR26,,AUD,29699.16,GST-FREE,Workforce cost - Controller - Finance,Workday
TXN005670,2026-06-01,2026-06-01,2026-06,AUS01,5000,,NT,Payroll - EMP4473,PAY-EMP4473-MAR26,,AUD,19462.91,GST-FREE,Workforce cost - Revenue Analyst - Commercial,Workday
TXN005671,2026-06-28,2026-06-28,2026-06,PNG01,5000,,VIC,Payroll - EMP4287,PAY-EMP4287-MAR26,,AUD,12805.06,GST-FREE,Workforce cost - Procurement Specialist - FP&A,Workday
TXN005672,2026-06-11,2026-06-11,2026-06,PNG01,5000,,ACT,Payroll - EMP3509,PAY-EMP3509-MAR26,,AUD,20162.54,GST-FREE,Workforce cost - Customer Service Lead - IT,Workday
TXN005673,2026-06-13,2026-06-13,2026-06,FJI01,5000,,R&D,Payroll - EMP9337,PAY-EMP9337-MAR26,,AUD,18355.91,GST-FREE,Workforce cost - Data Engineer - Sales,Workday
TXN005674,2026-06-14,2026-06-14,2026-06,NZL01,5000,,FIN,Payroll - EMP9404,PAY-EMP9404-MAR26,,AUD,18186.81,GST-FREE,Workforce cost - Revenue Analyst - IT,Workday
TXN005675,2026-06-02,2026-06-02,2026-06,NZL01,5000,,NT,Payroll - EMP3485,PAY-EMP3485-MAR26,,AUD,31301.88,GST-FREE,Workforce cost - Controller - FP&A,Workday
TXN005676,2026-06-19,2026-06-19,2026-06,NZL01,5000,,CORP,Payroll - EMP1620,PAY-EMP1620-MAR26,,AUD,15419.13,GST-FREE,Workforce cost - Controller - Commercial,Workday
TXN005677,2026-06-13,2026-06-13,2026-06,AUS01,5000,,CORP,Payroll - EMP9036,PAY-EMP9036-MAR26,,AUD,15603.07,GST-FREE,Workforce cost - Revenue Analyst - Sales,Workday
TXN005678,2026-06-20,2026-06-20,2026-06,NZL01,5000,,NSW,Payroll - EMP1642,PAY-EMP1642-MAR26,,AUD,29038.53,GST-FREE,Workforce cost - Finance Analyst - Sales,Workday
TXN005679,2026-06-08,2026-06-08,2026-06,PNG01,5000,,CORP,Payroll - EMP5667,PAY-EMP5667-MAR26,,AUD,27341.41,GST-FREE,Workforce cost - Data Engineer - IT,Workday
TXN005680,2026-06-06,2026-06-06,2026-06,FJI01,5000,,CORP,Payroll - EMP7333,PAY-EMP7333-MAR26,,AUD,18177.75,GST-FREE,Workforce cost - FP&A Manager - IT,Workday
TXN005681,2026-06-06,2026-06-06,2026-06,NZL01,5000,,CORP,Payroll - EMP1911,PAY-EMP1911-MAR26,,AUD,20759.11,GST-FREE,Workforce cost - Sales Manager - FP&A,Workday
TXN005682,2026-06-23,2026-06-23,2026-06,AUS01,5000,,NSW,Payroll - EMP9445,PAY-EMP9445-MAR26,,AUD,11405.2,GST-FREE,Workforce cost - Controller - Customer Care,Workday
TXN005683,2026-06-16,2026-06-16,2026-06,FJI01,5000,,QLD,Payroll - EMP6631,PAY-EMP6631-MAR26,,AUD,9673.81,GST-FREE,Workforce cost - Operations Planner - Commercial,Workday
TXN005684,2026-06-25,2026-06-25,2026-06,AUS01,5000,,OPS,Payroll - EMP1747,PAY-EMP1747-MAR26,,AUD,21279.82,GST-FREE,Workforce cost - FP&A Manager - Finance,Workday
TXN005685,2026-06-09,2026-06-09,2026-06,AUS01,5000,,OPS,Payroll - EMP5721,PAY-EMP5721-MAR26,,AUD,14779.42,GST-FREE,Workforce cost - Controller - Procurement,Workday
TXN005686,2026-06-09,2026-06-09,2026-06,PNG01,5000,,IT,Payroll - EMP2030,PAY-EMP2030-MAR26,,AUD,18570.7,GST-FREE,Workforce cost - Finance Analyst - FP&A,Workday
TXN005687,2026-06-24,2026-06-24,2026-06,NZL01,5000,,NSW,Payroll - EMP1522,PAY-EMP1522-MAR26,,AUD,11349.39,GST-FREE,Workforce cost - Finance Analyst - FP&A,Workday
TXN005688,2026-06-28,2026-06-28,2026-06,PNG01,5000,,VIC,Payroll - EMP5761,PAY-EMP5761-MAR26,,AUD,15781.22,GST-FREE,Workforce cost - Finance Analyst - Customer Care,Workday
TXN005689,2026-06-29,2026-06-29,2026-06,FJI01,5000,,CORP,Payroll - EMP1290,PAY-EMP1290-MAR26,,AUD,22655.43,GST-FREE,Workforce cost - Finance Analyst - IT,Workday
TXN005690,2026-06-29,2026-06-29,2026-06,AUS01,5000,,WA,Payroll - EMP4576,PAY-EMP4576-MAR26,,AUD,15521.14,GST-FREE,Workforce cost - Revenue Analyst - Finance,Workday
TXN005691,2026-06-22,2026-06-22,2026-06,PNG01,5000,,SA,Payroll - EMP9493,PAY-EMP9493-MAR26,,AUD,22473.75,GST-FREE,Workforce cost - Finance Analyst - IT,Workday
TXN005692,2026-06-03,2026-06-03,2026-06,AUS01,5000,,WA,Payroll - EMP2181,PAY-EMP2181-MAR26,,AUD,19148.25,GST-FREE,Workforce cost - Finance Analyst - IT,Workday
TXN005693,2026-06-07,2026-06-07,2026-06,AUS01,5000,,OPS,Payroll - EMP9478,PAY-EMP9478-MAR26,,AUD,18950.22,GST-FREE,Workforce cost - Data Engineer - Commercial,Workday
TXN005694,2026-06-09,2026-06-09,2026-06,PNG01,5000,,FIN,Payroll - EMP3014,PAY-EMP3014-MAR26,,AUD,21817.23,GST-FREE,Workforce cost - Revenue Analyst - FP&A,Workday
TXN005695,2026-06-17,2026-06-17,2026-06,AUS01,5000,,QLD,Payroll - EMP7763,PAY-EMP7763-MAR26,,AUD,31427.62,GST-FREE,Workforce cost - Finance Analyst - Procurement,Workday
TXN005696,2026-06-16,2026-06-16,2026-06,FJI01,5000,,TAS,Payroll - EMP4809,PAY-EMP4809-MAR26,,AUD,13015.05,GST-FREE,Workforce cost - Customer Service Lead - Commercial,Workday
TXN005697,2026-06-02,2026-06-02,2026-06,AUS01,5000,,OPS,Payroll - EMP3120,PAY-EMP3120-MAR26,,AUD,13261.02,GST-FREE,Workforce cost - Data Engineer - Commercial,Workday
TXN005698,2026-06-18,2026-06-18,2026-06,PNG01,5000,,NT,Payroll - EMP5229,PAY-EMP5229-MAR26,,AUD,10882.19,GST-FREE,Workforce cost - Operations Planner - Operations,Workday
TXN005699,2026-06-21,2026-06-21,2026-06,PNG01,5000,,R&D,Payroll - EMP1305,PAY-EMP1305-MAR26,,AUD,17173.34,GST-FREE,Workforce cost - Customer Service Lead - Sales,Workday
TXN005700,2026-06-03,2026-06-03,2026-06,AUS01,5000,,CORP,Payroll - EMP4901,PAY-EMP4901-MAR26,,AUD,19612.17,GST-FREE,Workforce cost - Revenue Analyst - Operations,Workday
TXN005701,2026-06-28,2026-06-28,2026-06,FJI01,5000,,ACT,Payroll - EMP4000,PAY-EMP4000-MAR26,,AUD,11881.71,GST-FREE,Workforce cost - Finance Analyst - Operations,Workday
TXN005702,2026-06-04,2026-06-04,2026-06,AUS01,5000,,HR,Payroll - EMP6196,PAY-EMP6196-MAR26,,AUD,14795.15,GST-FREE,Workforce cost - Inventory Coordinator - FP&A,Workday
TXN005703,2026-06-11,2026-06-11,2026-06,AUS01,5000,,CORP,Payroll - EMP1939,PAY-EMP1939-MAR26,,AUD,26585.65,GST-FREE,Workforce cost - Inventory Coordinator - Customer Care,Workday
TXN005704,2026-06-18,2026-06-18,2026-06,FJI01,5000,,QLD,Payroll - EMP4610,PAY-EMP4610-MAR26,,AUD,16067.42,GST-FREE,Workforce cost - Revenue Analyst - Customer Care,Workday
TXN005705,2026-06-18,2026-06-18,2026-06,PNG01,5000,,WA,Payroll - EMP6159,PAY-EMP6159-MAR26,,AUD,15905.55,GST-FREE,Workforce cost - Operations Planner - Finance,Workday
TXN005706,2026-06-28,2026-06-28,2026-06,NZL01,5000,,QLD,Payroll - EMP7519,PAY-EMP7519-MAR26,,AUD,19771.77,GST-FREE,Workforce cost - Operations Planner - Commercial,Workday
TXN005707,2026-06-09,2026-06-09,2026-06,AUS01,5000,,HR,Payroll - EMP7868,PAY-EMP7868-MAR26,,AUD,21421.13,GST-FREE,Workforce cost - Data Engineer - Sales,Workday
TXN005708,2026-06-28,2026-06-28,2026-06,AUS01,5000,,IT,Payroll - EMP8956,PAY-EMP8956-MAR26,,AUD,26331.54,GST-FREE,Workforce cost - FP&A Manager - FP&A,Workday
TXN005709,2026-06-17,2026-06-17,2026-06,PNG01,5000,,VIC,Payroll - EMP1188,PAY-EMP1188-MAR26,,AUD,21804.59,GST-FREE,Workforce cost - Data Engineer - IT,Workday
TXN005710,2026-06-08,2026-06-08,2026-06,AUS01,5000,,ACT,Payroll - EMP3232,PAY-EMP3232-MAR26,,AUD,12887.92,GST-FREE,Workforce cost - Operations Planner - Finance,Workday
TXN005711,2026-06-31,2026-06-31,2026-06,AUS01,5000,,WA,Payroll - EMP9314,PAY-EMP9314-MAR26,,AUD,8878.01,GST-FREE,Workforce cost - Customer Service Lead - Finance,Workday
TXN005712,2026-06-28,2026-06-28,2026-06,AUS01,5000,,HR,Payroll - EMP9055,PAY-EMP9055-MAR26,,AUD,20480.56,GST-FREE,Workforce cost - Revenue Analyst - Commercial,Workday
TXN005713,2026-06-12,2026-06-12,2026-06,FJI01,5000,,VIC,Payroll - EMP9972,PAY-EMP9972-MAR26,,AUD,20682.47,GST-FREE,Workforce cost - Controller - Commercial,Workday
TXN005714,2026-06-01,2026-06-01,2026-06,AUS01,5000,,R&D,Payroll - EMP7619,PAY-EMP7619-MAR26,,AUD,7623.95,GST-FREE,Workforce cost - Revenue Analyst - IT,Workday
TXN005715,2026-06-15,2026-06-15,2026-06,PNG01,5000,,OPS,Payroll - EMP3202,PAY-EMP3202-MAR26,,AUD,16441.76,GST-FREE,Workforce cost - Controller - Customer Care,Workday
TXN005716,2026-06-08,2026-06-08,2026-06,NZL01,5000,,QLD,Payroll - EMP5669,PAY-EMP5669-MAR26,,AUD,17530.23,GST-FREE,Workforce cost - Operations Planner - Sales,Workday
TXN005717,2026-06-12,2026-06-12,2026-06,NZL01,5000,,MKT,Payroll - EMP9402,PAY-EMP9402-MAR26,,AUD,16350.43,GST-FREE,Workforce cost - Data Engineer - Commercial,Workday
TXN005718,2026-06-31,2026-06-31,2026-06,AUS01,5000,,FIN,Payroll - EMP8986,PAY-EMP8986-MAR26,,AUD,7787.65,GST-FREE,Workforce cost - Operations Planner - Customer Care,Workday
TXN005719,2026-06-27,2026-06-27,2026-06,FJI01,5000,,NT,Payroll - EMP3813,PAY-EMP3813-MAR26,,AUD,29077.04,GST-FREE,Workforce cost - Data Engineer - Sales,Workday
TXN005720,2026-06-31,2026-06-31,2026-06,NZL01,5000,,R&D,Payroll - EMP2522,PAY-EMP2522-MAR26,,AUD,19980.51,GST-FREE,Workforce cost - Operations Planner - Procurement,Workday
TXN005721,2026-06-21,2026-06-21,2026-06,PNG01,5000,,SA,Payroll - EMP7929,PAY-EMP7929-MAR26,,AUD,24455.99,GST-FREE,Workforce cost - FP&A Manager - Commercial,Workday
TXN005722,2026-06-18,2026-06-18,2026-06,PNG01,5000,,QLD,Payroll - EMP8123,PAY-EMP8123-MAR26,,AUD,14958.19,GST-FREE,Workforce cost - Controller - IT,Workday
TXN005723,2026-06-11,2026-06-11,2026-06,PNG01,5000,,FIN,Payroll - EMP8612,PAY-EMP8612-MAR26,,AUD,28804.02,GST-FREE,Workforce cost - Sales Manager - Commercial,Workday
TXN005724,2026-06-04,2026-06-04,2026-06,NZL01,5000,,OPS,Payroll - EMP1872,PAY-EMP1872-MAR26,,AUD,19295.41,GST-FREE,Workforce cost - Controller - Operations,Workday
TXN005725,2026-06-22,2026-06-22,2026-06,NZL01,5000,,MKT,Payroll - EMP5326,PAY-EMP5326-MAR26,,AUD,17146.06,GST-FREE,Workforce cost - Revenue Analyst - Commercial,Workday
TXN005726,2026-06-10,2026-06-10,2026-06,AUS01,5000,,ACT,Payroll - EMP8618,PAY-EMP8618-MAR26,,AUD,32981.25,GST-FREE,Workforce cost - Customer Service Lead - Procurement,Workday
TXN005727,2026-06-31,2026-06-31,2026-06,PNG01,5000,,TAS,Payroll - EMP5243,PAY-EMP5243-MAR26,,AUD,16578.26,GST-FREE,Workforce cost - Customer Service Lead - FP&A,Workday
TXN005728,2026-06-28,2026-06-28,2026-06,FJI01,5000,,QLD,Payroll - EMP1876,PAY-EMP1876-MAR26,,AUD,21457.72,GST-FREE,Workforce cost - Sales Manager - Commercial,Workday
TXN005729,2026-06-29,2026-06-29,2026-06,AUS01,5000,,CORP,Payroll - EMP4581,PAY-EMP4581-MAR26,,AUD,11407.83,GST-FREE,Workforce cost - Data Engineer - Operations,Workday
TXN005730,2026-06-14,2026-06-14,2026-06,NZL01,5000,,IT,Payroll - EMP4903,PAY-EMP4903-MAR26,,AUD,13908.36,GST-FREE,Workforce cost - Controller - Finance,Workday
TXN005731,2026-06-20,2026-06-20,2026-06,AUS01,5000,,MKT,Payroll - EMP4728,PAY-EMP4728-MAR26,,AUD,14876.26,GST-FREE,Workforce cost - FP&A Manager - Finance,Workday
TXN005732,2026-06-24,2026-06-24,2026-06,PNG01,5000,,SA,Payroll - EMP6887,PAY-EMP6887-MAR26,,AUD,17657.87,GST-FREE,Workforce cost - Finance Analyst - Finance,Workday
TXN005733,2026-06-29,2026-06-29,2026-06,AUS01,5000,,OPS,Payroll - EMP3130,PAY-EMP3130-MAR26,,AUD,18908.52,GST-FREE,Workforce cost - Inventory Coordinator - Commercial,Workday
TXN005734,2026-06-04,2026-06-04,2026-06,NZL01,5000,,FIN,Payroll - EMP1915,PAY-EMP1915-MAR26,,AUD,18360.08,GST-FREE,Workforce cost - Customer Service Lead - Finance,Workday
TXN005735,2026-06-23,2026-06-23,2026-06,NZL01,5000,,SA,Payroll - EMP5311,PAY-EMP5311-MAR26,,AUD,16565.71,GST-FREE,Workforce cost - Operations Planner - Finance,Workday
TXN005736,2026-06-14,2026-06-14,2026-06,PNG01,5000,,OPS,Payroll - EMP2108,PAY-EMP2108-MAR26,,AUD,8391.41,GST-FREE,Workforce cost - Controller - Sales,Workday
TXN005737,2026-06-22,2026-06-22,2026-06,PNG01,5000,,QLD,Payroll - EMP1842,PAY-EMP1842-MAR26,,AUD,28840.67,GST-FREE,Workforce cost - Customer Service Lead - Sales,Workday
TXN005738,2026-06-22,2026-06-22,2026-06,PNG01,5000,,VIC,Payroll - EMP5164,PAY-EMP5164-MAR26,,AUD,19559.09,GST-FREE,Workforce cost - Controller - Finance,Workday
TXN005739,2026-06-22,2026-06-22,2026-06,PNG01,5000,,FIN,Payroll - EMP3666,PAY-EMP3666-MAR26,,AUD,21729.9,GST-FREE,Workforce cost - Controller - Customer Care,Workday
TXN005740,2026-06-06,2026-06-06,2026-06,PNG01,5000,,OPS,Payroll - EMP1755,PAY-EMP1755-MAR26,,AUD,29072.47,GST-FREE,Workforce cost - Data Engineer - IT,Workday
TXN005741,2026-06-12,2026-06-12,2026-06,AUS01,5000,,WA,Payroll - EMP8314,PAY-EMP8314-MAR26,,AUD,16231.56,GST-FREE,Workforce cost - Operations Planner - FP&A,Workday
TXN005742,2026-06-09,2026-06-09,2026-06,FJI01,5000,,CORP,Payroll - EMP4849,PAY-EMP4849-MAR26,,AUD,32070.28,GST-FREE,Workforce cost - Customer Service Lead - Commercial,Workday
TXN005743,2026-06-27,2026-06-27,2026-06,PNG01,5000,,R&D,Payroll - EMP6633,PAY-EMP6633-MAR26,,AUD,10024.94,GST-FREE,Workforce cost - Inventory Coordinator - FP&A,Workday
TXN005744,2026-06-19,2026-06-19,2026-06,FJI01,5000,,ACT,Payroll - EMP4974,PAY-EMP4974-MAR26,,AUD,15799.58,GST-FREE,Workforce cost - Customer Service Lead - FP&A,Workday
TXN005745,2026-06-09,2026-06-09,2026-06,FJI01,5000,,ACT,Payroll - EMP9399,PAY-EMP9399-MAR26,,AUD,16122.06,GST-FREE,Workforce cost - Finance Analyst - Commercial,Workday
TXN005746,2026-06-07,2026-06-07,2026-06,PNG01,5000,,NSW,Payroll - EMP5550,PAY-EMP5550-MAR26,,AUD,17346.36,GST-FREE,Workforce cost - Operations Planner - Customer Care,Workday
TXN005747,2026-06-03,2026-06-03,2026-06,AUS01,5000,,QLD,Payroll - EMP7624,PAY-EMP7624-MAR26,,AUD,20043.78,GST-FREE,Workforce cost - Inventory Coordinator - Operations,Workday
TXN005748,2026-06-06,2026-06-06,2026-06,FJI01,5000,,ACT,Payroll - EMP6913,PAY-EMP6913-MAR26,,AUD,16271.93,GST-FREE,Workforce cost - Sales Manager - Operations,Workday
TXN005749,2026-06-29,2026-06-29,2026-06,PNG01,5000,,NSW,Payroll - EMP3619,PAY-EMP3619-MAR26,,AUD,17553.12,GST-FREE,Workforce cost - FP&A Manager - Customer Care,Workday
TXN005750,2026-06-31,2026-06-31,2026-06,PNG01,5000,,WA,Payroll - EMP3604,PAY-EMP3604-MAR26,,AUD,21524.29,GST-FREE,Workforce cost - Sales Manager - Customer Care,Workday
TXN005751,2026-06-01,2026-06-01,2026-06,PNG01,5000,,R&D,Payroll - EMP1711,PAY-EMP1711-MAR26,,AUD,10542.95,GST-FREE,Workforce cost - Operations Planner - Sales,Workday
TXN005752,2026-06-17,2026-06-17,2026-06,AUS01,5000,,CORP,Payroll - EMP9861,PAY-EMP9861-MAR26,,AUD,10875.22,GST-FREE,Workforce cost - Data Engineer - Operations,Workday
TXN005753,2026-06-05,2026-06-05,2026-06,NZL01,5000,,ACT,Payroll - EMP2967,PAY-EMP2967-MAR26,,AUD,26827.49,GST-FREE,Workforce cost - Inventory Coordinator - Commercial,Workday
TXN005754,2026-06-09,2026-06-09,2026-06,NZL01,5000,,FIN,Payroll - EMP5519,PAY-EMP5519-MAR26,,AUD,17492.98,GST-FREE,Workforce cost - Sales Manager - Procurement,Workday
TXN005755,2026-06-26,2026-06-26,2026-06,PNG01,5000,,QLD,Payroll - EMP6731,PAY-EMP6731-MAR26,,AUD,35944.73,GST-FREE,Workforce cost - Operations Planner - FP&A,Workday
TXN005756,2026-06-19,2026-06-19,2026-06,PNG01,5000,,CORP,Payroll - EMP8198,PAY-EMP8198-MAR26,,AUD,15248.92,GST-FREE,Workforce cost - Controller - Procurement,Workday
TXN005757,2026-06-31,2026-06-31,2026-06,AUS01,5000,,R&D,Payroll - EMP3451,PAY-EMP3451-MAR26,,AUD,20812.46,GST-FREE,Workforce cost - Sales Manager - FP&A,Workday
TXN005758,2026-06-29,2026-06-29,2026-06,FJI01,5000,,MKT,Payroll - EMP9872,PAY-EMP9872-MAR26,,AUD,18699.84,GST-FREE,Workforce cost - Data Engineer - Procurement,Workday
TXN005759,2026-06-18,2026-06-18,2026-06,PNG01,5000,,IT,Payroll - EMP5207,PAY-EMP5207-MAR26,,AUD,34053.61,GST-FREE,Workforce cost - Inventory Coordinator - Procurement,Workday
TXN005760,2026-06-01,2026-06-01,2026-06,NZL01,5000,,NSW,Payroll - EMP2228,PAY-EMP2228-MAR26,,AUD,12085.24,GST-FREE,Workforce cost - Procurement Specialist - FP&A,Workday
TXN005761,2026-06-27,2026-06-27,2026-06,PNG01,5000,,VIC,Payroll - EMP2081,PAY-EMP2081-MAR26,,AUD,12988.31,GST-FREE,Workforce cost - Inventory Coordinator - Procurement,Workday
TXN005762,2026-06-06,2026-06-06,2026-06,NZL01,5000,,QLD,Payroll - EMP3575,PAY-EMP3575-MAR26,,AUD,23624.7,GST-FREE,Workforce cost - Inventory Coordinator - Finance,Workday
TXN005763,2026-06-24,2026-06-24,2026-06,NZL01,5000,,MKT,Payroll - EMP1153,PAY-EMP1153-MAR26,,AUD,24237.62,GST-FREE,Workforce cost - Controller - Operations,Workday
TXN005764,2026-06-27,2026-06-27,2026-06,FJI01,5000,,TAS,Payroll - EMP2549,PAY-EMP2549-MAR26,,AUD,11261.59,GST-FREE,Workforce cost - FP&A Manager - IT,Workday
TXN005765,2026-06-21,2026-06-21,2026-06,NZL01,5000,,TAS,Payroll - EMP1651,PAY-EMP1651-MAR26,,AUD,20492.2,GST-FREE,Workforce cost - Controller - Sales,Workday
TXN005766,2026-06-14,2026-06-14,2026-06,FJI01,5000,,CORP,Payroll - EMP7171,PAY-EMP7171-MAR26,,AUD,28979.11,GST-FREE,Workforce cost - Procurement Specialist - Operations,Workday
TXN005767,2026-06-02,2026-06-02,2026-06,AUS01,5000,,QLD,Payroll - EMP8827,PAY-EMP8827-MAR26,,AUD,20337.2,GST-FREE,Workforce cost - Revenue Analyst - Customer Care,Workday
TXN005768,2026-06-14,2026-06-14,2026-06,NZL01,5000,,WA,Payroll - EMP6273,PAY-EMP6273-MAR26,,AUD,17477.16,GST-FREE,Workforce cost - Operations Planner - Finance,Workday
TXN005769,2026-06-05,2026-06-05,2026-06,AUS01,5000,,TAS,Payroll - EMP5759,PAY-EMP5759-MAR26,,AUD,15188.27,GST-FREE,Workforce cost - Inventory Coordinator - Procurement,Workday
TXN005770,2026-06-18,2026-06-18,2026-06,PNG01,5000,,SA,Payroll - EMP6587,PAY-EMP6587-MAR26,,AUD,22551.14,GST-FREE,Workforce cost - Controller - Finance,Workday
TXN005771,2026-06-22,2026-06-22,2026-06,NZL01,5000,,ACT,Payroll - EMP9095,PAY-EMP9095-MAR26,,AUD,17047.12,GST-FREE,Workforce cost - Sales Manager - FP&A,Workday
TXN005772,2026-06-31,2026-06-31,2026-06,NZL01,5000,,ACT,Payroll - EMP1694,PAY-EMP1694-MAR26,,AUD,29972.57,GST-FREE,Workforce cost - Customer Service Lead - Commercial,Workday
TXN005773,2026-06-08,2026-06-08,2026-06,FJI01,5000,,OPS,Payroll - EMP4677,PAY-EMP4677-MAR26,,AUD,18782.12,GST-FREE,Workforce cost - Controller - FP&A,Workday
TXN005774,2026-06-02,2026-06-02,2026-06,AUS01,5000,,VIC,Payroll - EMP8711,PAY-EMP8711-MAR26,,AUD,17143.11,GST-FREE,Workforce cost - Customer Service Lead - IT,Workday
TXN005775,2026-06-28,2026-06-28,2026-06,PNG01,5000,,ACT,Payroll - EMP3475,PAY-EMP3475-MAR26,,AUD,17650.83,GST-FREE,Workforce cost - Inventory Coordinator - Customer Care,Workday
TXN005776,2026-06-31,2026-06-31,2026-06,AUS01,5000,,WA,Payroll - EMP6333,PAY-EMP6333-MAR26,,AUD,22265.14,GST-FREE,Workforce cost - Procurement Specialist - Procurement,Workday
TXN005777,2026-06-09,2026-06-09,2026-06,PNG01,5000,,R&D,Payroll - EMP7219,PAY-EMP7219-MAR26,,AUD,18582.89,GST-FREE,Workforce cost - Sales Manager - Procurement,Workday
TXN005778,2026-06-31,2026-06-31,2026-06,PNG01,5000,,FIN,Payroll - EMP7610,PAY-EMP7610-MAR26,,AUD,19864.95,GST-FREE,Workforce cost - FP&A Manager - Sales,Workday
TXN005779,2026-06-07,2026-06-07,2026-06,AUS01,5000,,FIN,Payroll - EMP8752,PAY-EMP8752-MAR26,,AUD,26569.34,GST-FREE,Workforce cost - Controller - Operations,Workday
TXN005780,2026-06-24,2026-06-24,2026-06,PNG01,5000,,TAS,Payroll - EMP8877,PAY-EMP8877-MAR26,,AUD,7206.18,GST-FREE,Workforce cost - Data Engineer - Customer Care,Workday
TXN005781,2026-06-05,2026-06-05,2026-06,AUS01,5000,,CORP,Payroll - EMP9200,PAY-EMP9200-MAR26,,AUD,19036.85,GST-FREE,Workforce cost - Revenue Analyst - Procurement,Workday
TXN005782,2026-06-15,2026-06-15,2026-06,PNG01,5000,,ACT,Payroll - EMP7142,PAY-EMP7142-MAR26,,AUD,13460.02,GST-FREE,Workforce cost - Procurement Specialist - Operations,Workday
TXN005783,2026-06-15,2026-06-15,2026-06,NZL01,5000,,WA,Payroll - EMP1791,PAY-EMP1791-MAR26,,AUD,20088.8,GST-FREE,Workforce cost - FP&A Manager - Procurement,Workday
TXN005784,2026-06-04,2026-06-04,2026-06,FJI01,5000,,CORP,Payroll - EMP7471,PAY-EMP7471-MAR26,,AUD,15450.03,GST-FREE,Workforce cost - Inventory Coordinator - Customer Care,Workday
TXN005785,2026-06-30,2026-06-30,2026-06,NZL01,5000,,FIN,Payroll - EMP8245,PAY-EMP8245-MAR26,,AUD,24241.65,GST-FREE,Workforce cost - Sales Manager - Customer Care,Workday
TXN005786,2026-06-15,2026-06-15,2026-06,AUS01,5000,,MKT,Payroll - EMP8663,PAY-EMP8663-MAR26,,AUD,21313.98,GST-FREE,Workforce cost - Revenue Analyst - Finance,Workday
TXN005787,2026-06-08,2026-06-08,2026-06,NZL01,5000,,OPS,Payroll - EMP7298,PAY-EMP7298-MAR26,,AUD,8772.61,GST-FREE,Workforce cost - Procurement Specialist - Commercial,Workday
TXN005788,2026-06-01,2026-06-01,2026-06,NZL01,5000,,CORP,Payroll - EMP9679,PAY-EMP9679-MAR26,,AUD,22368.62,GST-FREE,Workforce cost - Inventory Coordinator - IT,Workday
TXN005789,2026-06-31,2026-06-31,2026-06,FJI01,5000,,NT,Payroll - EMP8320,PAY-EMP8320-MAR26,,AUD,14994.92,GST-FREE,Workforce cost - Inventory Coordinator - Commercial,Workday
TXN005790,2026-06-24,2026-06-24,2026-06,NZL01,5000,,CORP,Payroll - EMP4026,PAY-EMP4026-MAR26,,AUD,15059.32,GST-FREE,Workforce cost - Revenue Analyst - Sales,Workday
TXN005791,2026-06-30,2026-06-30,2026-06,PNG01,5000,,MKT,Payroll - EMP5782,PAY-EMP5782-MAR26,,AUD,20952.17,GST-FREE,Workforce cost - Controller - Procurement,Workday
TXN005792,2026-06-04,2026-06-04,2026-06,AUS01,5000,,CORP,Payroll - EMP4879,PAY-EMP4879-MAR26,,AUD,17408.01,GST-FREE,Workforce cost - Sales Manager - Commercial,Workday
TXN005793,2026-06-21,2026-06-21,2026-06,FJI01,5000,,FIN,Payroll - EMP4709,PAY-EMP4709-MAR26,,AUD,15036.28,GST-FREE,Workforce cost - Inventory Coordinator - Operations,Workday
TXN005794,2026-06-21,2026-06-21,2026-06,PNG01,5000,,WA,Payroll - EMP8177,PAY-EMP8177-MAR26,,AUD,14887.67,GST-FREE,Workforce cost - Controller - Sales,Workday
TXN005795,2026-06-01,2026-06-01,2026-06,FJI01,5000,,SA,Payroll - EMP7343,PAY-EMP7343-MAR26,,AUD,19196.57,GST-FREE,Workforce cost - Data Engineer - Operations,Workday
TXN005796,2026-06-21,2026-06-21,2026-06,PNG01,5000,,ACT,Payroll - EMP5444,PAY-EMP5444-MAR26,,AUD,21691.91,GST-FREE,Workforce cost - Data Engineer - Procurement,Workday
TXN005797,2026-06-12,2026-06-12,2026-06,NZL01,5000,,FIN,Payroll - EMP4731,PAY-EMP4731-MAR26,,AUD,15323.52,GST-FREE,Workforce cost - Revenue Analyst - IT,Workday
TXN005798,2026-06-29,2026-06-29,2026-06,NZL01,5000,,ACT,Payroll - EMP5310,PAY-EMP5310-MAR26,,AUD,21550.49,GST-FREE,Workforce cost - Controller - Operations,Workday
TXN005799,2026-06-02,2026-06-02,2026-06,PNG01,5000,,R&D,Payroll - EMP9489,PAY-EMP9489-MAR26,,AUD,10229.89,GST-FREE,Workforce cost - Customer Service Lead - Customer Care,Workday
TXN005800,2026-06-03,2026-06-03,2026-06,PNG01,5000,,HR,Payroll - EMP4638,PAY-EMP4638-MAR26,,AUD,20204.56,GST-FREE,Workforce cost - Customer Service Lead - Customer Care,Workday
TXN005801,2026-06-28,2026-06-28,2026-06,NZL01,5000,,QLD,Payroll - EMP2201,PAY-EMP2201-MAR26,,AUD,22622.16,GST-FREE,Workforce cost - Data Engineer - Commercial,Workday
TXN005802,2026-06-19,2026-06-19,2026-06,AUS01,5000,,QLD,Payroll - EMP3778,PAY-EMP3778-MAR26,,AUD,12903.43,GST-FREE,Workforce cost - Finance Analyst - Procurement,Workday
TXN005803,2026-06-10,2026-06-10,2026-06,FJI01,5000,,TAS,Payroll - EMP6882,PAY-EMP6882-MAR26,,AUD,7637.49,GST-FREE,Workforce cost - FP&A Manager - FP&A,Workday
TXN005804,2026-06-23,2026-06-23,2026-06,PNG01,5000,,CORP,Payroll - EMP2783,PAY-EMP2783-MAR26,,AUD,13980.34,GST-FREE,Workforce cost - Controller - Finance,Workday
TXN005805,2026-06-16,2026-06-16,2026-06,FJI01,5000,,FIN,Payroll - EMP6195,PAY-EMP6195-MAR26,,AUD,20123.88,GST-FREE,Workforce cost - Sales Manager - Procurement,Workday
TXN005806,2026-06-16,2026-06-16,2026-06,FJI01,5000,,TAS,Payroll - EMP3564,PAY-EMP3564-MAR26,,AUD,25656.34,GST-FREE,Workforce cost - Controller - Customer Care,Workday
TXN005807,2026-06-13,2026-06-13,2026-06,AUS01,5000,,TAS,Payroll - EMP9298,PAY-EMP9298-MAR26,,AUD,14519.9,GST-FREE,Workforce cost - Procurement Specialist - FP&A,Workday
TXN005808,2026-06-08,2026-06-08,2026-06,AUS01,5000,,R&D,Payroll - EMP9787,PAY-EMP9787-MAR26,,AUD,24787.25,GST-FREE,Workforce cost - Inventory Coordinator - Customer Care,Workday
TXN005809,2026-06-15,2026-06-15,2026-06,FJI01,5000,,SA,Payroll - EMP9346,PAY-EMP9346-MAR26,,AUD,15324.6,GST-FREE,Workforce cost - Finance Analyst - Finance,Workday
TXN005810,2026-06-21,2026-06-21,2026-06,PNG01,5000,,WA,Payroll - EMP1965,PAY-EMP1965-MAR26,,AUD,15058.99,GST-FREE,Workforce cost - Finance Analyst - Finance,Workday
TXN005811,2026-06-26,2026-06-26,2026-06,FJI01,5000,,QLD,Payroll - EMP8270,PAY-EMP8270-MAR26,,AUD,24949.55,GST-FREE,Workforce cost - Finance Analyst - Operations,Workday
TXN005812,2026-06-22,2026-06-22,2026-06,NZL01,5000,,CORP,Payroll - EMP2706,PAY-EMP2706-MAR26,,AUD,11286.1,GST-FREE,Workforce cost - Controller - Sales,Workday
TXN005813,2026-06-31,2026-06-31,2026-06,NZL01,5000,,NT,Payroll - EMP9556,PAY-EMP9556-MAR26,,AUD,33401.64,GST-FREE,Workforce cost - Controller - IT,Workday
TXN005814,2026-06-18,2026-06-18,2026-06,PNG01,5000,,FIN,Payroll - EMP5279,PAY-EMP5279-MAR26,,AUD,10899.34,GST-FREE,Workforce cost - FP&A Manager - Customer Care,Workday
TXN005815,2026-06-18,2026-06-18,2026-06,FJI01,5000,,FIN,Payroll - EMP8452,PAY-EMP8452-MAR26,,AUD,25018.52,GST-FREE,Workforce cost - Finance Analyst - Customer Care,Workday
TXN005816,2026-06-02,2026-06-02,2026-06,AUS01,5000,,WA,Payroll - EMP7628,PAY-EMP7628-MAR26,,AUD,10805.67,GST-FREE,Workforce cost - Finance Analyst - Commercial,Workday
TXN005817,2026-06-30,2026-06-30,2026-06,FJI01,5000,,CORP,Payroll - EMP6163,PAY-EMP6163-MAR26,,AUD,7976.79,GST-FREE,Workforce cost - Finance Analyst - FP&A,Workday
TXN005818,2026-06-20,2026-06-20,2026-06,FJI01,5000,,NT,Payroll - EMP8399,PAY-EMP8399-MAR26,,AUD,13654.97,GST-FREE,Workforce cost - Inventory Coordinator - Commercial,Workday
TXN005819,2026-06-26,2026-06-26,2026-06,FJI01,5000,,VIC,Payroll - EMP2529,PAY-EMP2529-MAR26,,AUD,16826.29,GST-FREE,Workforce cost - Inventory Coordinator - IT,Workday
TXN005820,2026-06-03,2026-06-03,2026-06,PNG01,5000,,HR,Payroll - EMP2349,PAY-EMP2349-MAR26,,AUD,19692.69,GST-FREE,Workforce cost - Revenue Analyst - Sales,Workday
TXN005821,2026-06-04,2026-06-04,2026-06,FJI01,5000,,NT,Payroll - EMP8934,PAY-EMP8934-MAR26,,AUD,21322.7,GST-FREE,Workforce cost - Sales Manager - Customer Care,Workday
TXN005822,2026-06-10,2026-06-10,2026-06,AUS01,5000,,NSW,Payroll - EMP1420,PAY-EMP1420-MAR26,,AUD,12721.07,GST-FREE,Workforce cost - Data Engineer - Finance,Workday
TXN005823,2026-06-07,2026-06-07,2026-06,PNG01,5000,,TAS,Payroll - EMP9149,PAY-EMP9149-MAR26,,AUD,21675.9,GST-FREE,Workforce cost - Sales Manager - FP&A,Workday
TXN005824,2026-06-08,2026-06-08,2026-06,PNG01,5000,,SA,Payroll - EMP9116,PAY-EMP9116-MAR26,,AUD,14607.47,GST-FREE,Workforce cost - Customer Service Lead - Sales,Workday
TXN005825,2026-06-10,2026-06-10,2026-06,PNG01,5000,,TAS,Payroll - EMP2965,PAY-EMP2965-MAR26,,AUD,11547.77,GST-FREE,Workforce cost - Controller - Finance,Workday
TXN005826,2026-06-16,2026-06-16,2026-06,FJI01,5000,,IT,Payroll - EMP2084,PAY-EMP2084-MAR26,,AUD,13111.06,GST-FREE,Workforce cost - Controller - Commercial,Workday
TXN005827,2026-06-15,2026-06-15,2026-06,AUS01,5000,,MKT,Payroll - EMP6014,PAY-EMP6014-MAR26,,AUD,28967.4,GST-FREE,Workforce cost - Finance Analyst - Customer Care,Workday
TXN005828,2026-06-03,2026-06-03,2026-06,FJI01,5000,,SA,Payroll - EMP4170,PAY-EMP4170-MAR26,,AUD,21676.81,GST-FREE,Workforce cost - Operations Planner - Customer Care,Workday
TXN005829,2026-06-25,2026-06-25,2026-06,NZL01,5000,,R&D,Payroll - EMP6011,PAY-EMP6011-MAR26,,AUD,19275.26,GST-FREE,Workforce cost - Inventory Coordinator - Customer Care,Workday
TXN005830,2026-06-02,2026-06-02,2026-06,PNG01,5000,,QLD,Payroll - EMP8875,PAY-EMP8875-MAR26,,AUD,14005.82,GST-FREE,Workforce cost - Inventory Coordinator - Procurement,Workday
TXN005831,2026-06-30,2026-06-30,2026-06,NZL01,5000,,IT,Payroll - EMP1810,PAY-EMP1810-MAR26,,AUD,30855.72,GST-FREE,Workforce cost - Customer Service Lead - IT,Workday
TXN005832,2026-06-01,2026-06-01,2026-06,AUS01,5000,,R&D,Payroll - EMP9448,PAY-EMP9448-MAR26,,AUD,11653.52,GST-FREE,Workforce cost - Data Engineer - IT,Workday
TXN005833,2026-06-23,2026-06-23,2026-06,FJI01,5000,,VIC,Payroll - EMP2208,PAY-EMP2208-MAR26,,AUD,15764.78,GST-FREE,Workforce cost - FP&A Manager - Sales,Workday
TXN005834,2026-06-17,2026-06-17,2026-06,AUS01,5000,,TAS,Payroll - EMP8085,PAY-EMP8085-MAR26,,AUD,10674.98,GST-FREE,Workforce cost - Inventory Coordinator - Operations,Workday
TXN005835,2026-06-27,2026-06-27,2026-06,FJI01,5000,,NT,Payroll - EMP9266,PAY-EMP9266-MAR26,,AUD,14406.04,GST-FREE,Workforce cost - Operations Planner - Customer Care,Workday
TXN005836,2026-06-08,2026-06-08,2026-06,FJI01,5000,,CORP,Payroll - EMP6200,PAY-EMP6200-MAR26,,AUD,29138.8,GST-FREE,Workforce cost - Revenue Analyst - Customer Care,Workday
TXN005837,2026-06-26,2026-06-26,2026-06,NZL01,5000,,HR,Payroll - EMP8808,PAY-EMP8808-MAR26,,AUD,16226.54,GST-FREE,Workforce cost - FP&A Manager - Commercial,Workday
TXN005838,2026-06-24,2026-06-24,2026-06,NZL01,5000,,FIN,Payroll - EMP7197,PAY-EMP7197-MAR26,,AUD,20169.03,GST-FREE,Workforce cost - Revenue Analyst - Operations,Workday
TXN005839,2026-06-30,2026-06-30,2026-06,PNG01,5000,,VIC,Payroll - EMP8983,PAY-EMP8983-MAR26,,AUD,21512.01,GST-FREE,Workforce cost - Sales Manager - Sales,Workday
TXN005840,2026-06-16,2026-06-16,2026-06,NZL01,5000,,FIN,Payroll - EMP9087,PAY-EMP9087-MAR26,,AUD,20553.41,GST-FREE,Workforce cost - Customer Service Lead - Customer Care,Workday
TXN005841,2026-06-18,2026-06-18,2026-06,PNG01,5000,,OPS,Payroll - EMP6095,PAY-EMP6095-MAR26,,AUD,16758.25,GST-FREE,Workforce cost - Sales Manager - IT,Workday
TXN005842,2026-06-19,2026-06-19,2026-06,FJI01,5000,,FIN,Payroll - EMP4113,PAY-EMP4113-MAR26,,AUD,16494.94,GST-FREE,Workforce cost - FP&A Manager - Operations,Workday
TXN005843,2026-06-12,2026-06-12,2026-06,AUS01,5000,,CORP,Payroll - EMP5388,PAY-EMP5388-MAR26,,AUD,9735.96,GST-FREE,Workforce cost - Sales Manager - Commercial,Workday
TXN005844,2026-06-22,2026-06-22,2026-06,PNG01,5000,,TAS,Payroll - EMP1345,PAY-EMP1345-MAR26,,AUD,13732.35,GST-FREE,Workforce cost - FP&A Manager - Customer Care,Workday
TXN005845,2026-06-02,2026-06-02,2026-06,PNG01,5000,,VIC,Payroll - EMP1504,PAY-EMP1504-MAR26,,AUD,20502.12,GST-FREE,Workforce cost - Finance Analyst - Operations,Workday
TXN005846,2026-06-31,2026-06-31,2026-06,AUS01,5000,,ACT,Payroll - EMP9388,PAY-EMP9388-MAR26,,AUD,11699.72,GST-FREE,Workforce cost - FP&A Manager - Commercial,Workday
TXN005847,2026-06-13,2026-06-13,2026-06,FJI01,5000,,TAS,Payroll - EMP2340,PAY-EMP2340-MAR26,,AUD,22101.64,GST-FREE,Workforce cost - Data Engineer - FP&A,Workday
TXN005848,2026-06-07,2026-06-07,2026-06,AUS01,5000,,NT,Payroll - EMP6978,PAY-EMP6978-MAR26,,AUD,24863.52,GST-FREE,Workforce cost - FP&A Manager - Sales,Workday
TXN005849,2026-06-23,2026-06-23,2026-06,PNG01,5000,,HR,Payroll - EMP7756,PAY-EMP7756-MAR26,,AUD,12132.23,GST-FREE,Workforce cost - Sales Manager - Commercial,Workday
TXN005850,2026-06-30,2026-06-30,2026-06,NZL01,5000,,R&D,Payroll - EMP9474,PAY-EMP9474-MAR26,,AUD,19107.13,GST-FREE,Workforce cost - Finance Analyst - Procurement,Workday
TXN005851,2026-06-30,2026-06-30,2026-06,NZL01,5000,,ACT,Payroll - EMP5835,PAY-EMP5835-MAR26,,AUD,15445.94,GST-FREE,Workforce cost - Sales Manager - Operations,Workday
TXN005852,2026-06-23,2026-06-23,2026-06,FJI01,5000,,HR,Payroll - EMP5021,PAY-EMP5021-MAR26,,AUD,18927.63,GST-FREE,Workforce cost - Finance Analyst - Customer Care,Workday
TXN005853,2026-06-11,2026-06-11,2026-06,AUS01,5000,,NT,Payroll - EMP4309,PAY-EMP4309-MAR26,,AUD,14919.42,GST-FREE,Workforce cost - Procurement Specialist - Finance,Workday
TXN005854,2026-06-24,2026-06-24,2026-06,NZL01,5000,,WA,Payroll - EMP6309,PAY-EMP6309-MAR26,,AUD,11358.0,GST-FREE,Workforce cost - Procurement Specialist - Finance,Workday
TXN005855,2026-06-03,2026-06-03,2026-06,PNG01,5000,,QLD,Payroll - EMP5359,PAY-EMP5359-MAR26,,AUD,20907.37,GST-FREE,Workforce cost - FP&A Manager - IT,Workday
TXN005856,2026-06-08,2026-06-08,2026-06,NZL01,5000,,QLD,Payroll - EMP4340,PAY-EMP4340-MAR26,,AUD,18674.17,GST-FREE,Workforce cost - Operations Planner - Finance,Workday
TXN005857,2026-06-15,2026-06-15,2026-06,FJI01,5000,,IT,Payroll - EMP2207,PAY-EMP2207-MAR26,,AUD,7724.3,GST-FREE,Workforce cost - Customer Service Lead - Commercial,Workday
TXN005858,2026-06-09,2026-06-09,2026-06,PNG01,5000,,WA,Payroll - EMP2794,PAY-EMP2794-MAR26,,AUD,18650.6,GST-FREE,Workforce cost - Sales Manager - Commercial,Workday
TXN005859,2026-06-04,2026-06-04,2026-06,FJI01,5000,,CORP,Payroll - EMP9464,PAY-EMP9464-MAR26,,AUD,20728.2,GST-FREE,Workforce cost - Customer Service Lead - Operations,Workday
TXN005860,2026-06-01,2026-06-01,2026-06,NZL01,5000,,FIN,Payroll - EMP9699,PAY-EMP9699-MAR26,,AUD,21081.04,GST-FREE,Workforce cost - Sales Manager - FP&A,Workday
TXN005861,2026-06-27,2026-06-27,2026-06,AUS01,5000,,HR,Payroll - EMP3767,PAY-EMP3767-MAR26,,AUD,12448.32,GST-FREE,Workforce cost - FP&A Manager - Customer Care,Workday
TXN005862,2026-06-27,2026-06-27,2026-06,NZL01,5000,,NSW,Payroll - EMP7790,PAY-EMP7790-MAR26,,AUD,8897.8,GST-FREE,Workforce cost - Controller - IT,Workday
TXN005863,2026-06-25,2026-06-25,2026-06,AUS01,5000,,OPS,Payroll - EMP4957,PAY-EMP4957-MAR26,,AUD,11368.01,GST-FREE,Workforce cost - FP&A Manager - Procurement,Workday
TXN005864,2026-06-31,2026-06-31,2026-06,AUS01,5000,,VIC,Payroll - EMP3478,PAY-EMP3478-MAR26,,AUD,24423.43,GST-FREE,Workforce cost - Controller - Commercial,Workday
TXN005865,2026-06-14,2026-06-14,2026-06,AUS01,5000,,VIC,Payroll - EMP6897,PAY-EMP6897-MAR26,,AUD,12676.95,GST-FREE,Workforce cost - Operations Planner - Commercial,Workday
TXN005866,2026-06-17,2026-06-17,2026-06,NZL01,5000,,NT,Payroll - EMP7703,PAY-EMP7703-MAR26,,AUD,23626.46,GST-FREE,Workforce cost - Data Engineer - Customer Care,Workday
TXN005867,2026-06-17,2026-06-17,2026-06,NZL01,5000,,ACT,Payroll - EMP9894,PAY-EMP9894-MAR26,,AUD,18701.99,GST-FREE,Workforce cost - Customer Service Lead - Operations,Workday
TXN005868,2026-06-27,2026-06-27,2026-06,AUS01,5000,,NT,Payroll - EMP5496,PAY-EMP5496-MAR26,,AUD,14381.82,GST-FREE,Workforce cost - Data Engineer - Sales,Workday
TXN005869,2026-06-22,2026-06-22,2026-06,NZL01,5000,,NT,Payroll - EMP7724,PAY-EMP7724-MAR26,,AUD,19574.65,GST-FREE,Workforce cost - FP&A Manager - Operations,Workday
TXN005870,2026-06-07,2026-06-07,2026-06,AUS01,5000,,MKT,Payroll - EMP6218,PAY-EMP6218-MAR26,,AUD,21994.08,GST-FREE,Workforce cost - Revenue Analyst - Customer Care,Workday
TXN005871,2026-06-09,2026-06-09,2026-06,AUS01,5000,,TAS,Payroll - EMP7163,PAY-EMP7163-MAR26,,AUD,20714.7,GST-FREE,Workforce cost - Revenue Analyst - Procurement,Workday
TXN005872,2026-06-27,2026-06-27,2026-06,PNG01,5000,,NSW,Payroll - EMP5312,PAY-EMP5312-MAR26,,AUD,19157.57,GST-FREE,Workforce cost - Procurement Specialist - IT,Workday
TXN005873,2026-06-09,2026-06-09,2026-06,NZL01,5000,,IT,Payroll - EMP3309,PAY-EMP3309-MAR26,,AUD,35940.53,GST-FREE,Workforce cost - Procurement Specialist - Operations,Workday
TXN005874,2026-06-13,2026-06-13,2026-06,PNG01,5000,,NT,Payroll - EMP3723,PAY-EMP3723-MAR26,,AUD,11331.33,GST-FREE,Workforce cost - Operations Planner - Operations,Workday
TXN005875,2026-06-22,2026-06-22,2026-06,AUS01,5000,,TAS,Payroll - EMP1687,PAY-EMP1687-MAR26,,AUD,13187.07,GST-FREE,Workforce cost - Revenue Analyst - Customer Care,Workday
TXN005876,2026-06-10,2026-06-10,2026-06,FJI01,5000,,HR,Payroll - EMP4370,PAY-EMP4370-MAR26,,AUD,28930.01,GST-FREE,Workforce cost - Operations Planner - Operations,Workday
TXN005877,2026-06-06,2026-06-06,2026-06,NZL01,5000,,OPS,Payroll - EMP5432,PAY-EMP5432-MAR26,,AUD,16161.38,GST-FREE,Workforce cost - Controller - Customer Care,Workday
TXN005878,2026-06-09,2026-06-09,2026-06,FJI01,5000,,TAS,Payroll - EMP8645,PAY-EMP8645-MAR26,,AUD,10376.36,GST-FREE,Workforce cost - Finance Analyst - Customer Care,Workday
TXN005879,2026-06-16,2026-06-16,2026-06,AUS01,5000,,ACT,Payroll - EMP6476,PAY-EMP6476-MAR26,,AUD,11413.31,GST-FREE,Workforce cost - Operations Planner - Procurement,Workday
TXN005880,2026-06-17,2026-06-17,2026-06,FJI01,5000,,NSW,Payroll - EMP3198,PAY-EMP3198-MAR26,,AUD,11289.81,GST-FREE,Workforce cost - Controller - IT,Workday
TXN005881,2026-06-10,2026-06-10,2026-06,NZL01,5000,,NSW,Payroll - EMP2507,PAY-EMP2507-MAR26,,AUD,18972.61,GST-FREE,Workforce cost - Finance Analyst - IT,Workday
TXN005882,2026-06-29,2026-06-29,2026-06,AUS01,5000,,CORP,Payroll - EMP1432,PAY-EMP1432-MAR26,,AUD,19353.5,GST-FREE,Workforce cost - Revenue Analyst - Finance,Workday
TXN005883,2026-06-22,2026-06-22,2026-06,AUS01,5000,,IT,Payroll - EMP7973,PAY-EMP7973-MAR26,,AUD,19081.17,GST-FREE,Workforce cost - Operations Planner - IT,Workday
TXN005884,2026-06-19,2026-06-19,2026-06,AUS01,5000,,QLD,Payroll - EMP3025,PAY-EMP3025-MAR26,,AUD,19203.36,GST-FREE,Workforce cost - Revenue Analyst - Operations,Workday
TXN005885,2026-06-25,2026-06-25,2026-06,PNG01,5000,,NSW,Payroll - EMP1446,PAY-EMP1446-MAR26,,AUD,7731.42,GST-FREE,Workforce cost - Operations Planner - Operations,Workday
TXN005886,2026-06-20,2026-06-20,2026-06,FJI01,5000,,TAS,Payroll - EMP8938,PAY-EMP8938-MAR26,,AUD,18940.01,GST-FREE,Workforce cost - Revenue Analyst - Finance,Workday
TXN005887,2026-06-14,2026-06-14,2026-06,NZL01,5000,,VIC,Payroll - EMP7842,PAY-EMP7842-MAR26,,AUD,8479.64,GST-FREE,Workforce cost - Inventory Coordinator - Procurement,Workday
TXN005888,2026-06-28,2026-06-28,2026-06,AUS01,5000,,WA,Payroll - EMP7732,PAY-EMP7732-MAR26,,AUD,29335.96,GST-FREE,Workforce cost - FP&A Manager - FP&A,Workday
TXN005889,2026-06-10,2026-06-10,2026-06,NZL01,5000,,R&D,Payroll - EMP5861,PAY-EMP5861-MAR26,,AUD,9723.12,GST-FREE,Workforce cost - Revenue Analyst - IT,Workday
TXN005890,2026-06-04,2026-06-04,2026-06,AUS01,5000,,SA,Payroll - EMP4144,PAY-EMP4144-MAR26,,AUD,8538.88,GST-FREE,Workforce cost - Customer Service Lead - Commercial,Workday
TXN005891,2026-06-25,2026-06-25,2026-06,NZL01,5000,,ACT,Payroll - EMP1349,PAY-EMP1349-MAR26,,AUD,19460.17,GST-FREE,Workforce cost - Operations Planner - Finance,Workday
TXN005892,2026-06-11,2026-06-11,2026-06,FJI01,5000,,R&D,Payroll - EMP8665,PAY-EMP8665-MAR26,,AUD,23309.24,GST-FREE,Workforce cost - Inventory Coordinator - Commercial,Workday
TXN005893,2026-06-14,2026-06-14,2026-06,AUS01,5000,,NT,Payroll - EMP2746,PAY-EMP2746-MAR26,,AUD,18376.75,GST-FREE,Workforce cost - Customer Service Lead - Sales,Workday
TXN005894,2026-06-13,2026-06-13,2026-06,AUS01,5000,,HR,Payroll - EMP6386,PAY-EMP6386-MAR26,,AUD,12305.9,GST-FREE,Workforce cost - Inventory Coordinator - Customer Care,Workday
TXN005895,2026-06-01,2026-06-01,2026-06,FJI01,5000,,OPS,Payroll - EMP4803,PAY-EMP4803-MAR26,,AUD,22733.23,GST-FREE,Workforce cost - FP&A Manager - Sales,Workday
TXN005896,2026-06-29,2026-06-29,2026-06,PNG01,5000,,IT,Payroll - EMP9655,PAY-EMP9655-MAR26,,AUD,9253.91,GST-FREE,Workforce cost - Operations Planner - Finance,Workday
TXN005897,2026-06-25,2026-06-25,2026-06,AUS01,5000,,NSW,Payroll - EMP9701,PAY-EMP9701-MAR26,,AUD,29036.69,GST-FREE,Workforce cost - Controller - Operations,Workday
TXN005898,2026-06-16,2026-06-16,2026-06,PNG01,5000,,VIC,Payroll - EMP6348,PAY-EMP6348-MAR26,,AUD,7868.48,GST-FREE,Workforce cost - Customer Service Lead - Procurement,Workday
TXN005899,2026-06-22,2026-06-22,2026-06,AUS01,5000,,NSW,Payroll - EMP6812,PAY-EMP6812-MAR26,,AUD,31756.46,GST-FREE,Workforce cost - Data Engineer - Procurement,Workday
TXN005900,2026-06-05,2026-06-05,2026-06,FJI01,5000,,QLD,Payroll - EMP1578,PAY-EMP1578-MAR26,,AUD,21589.28,GST-FREE,Workforce cost - Customer Service Lead - Customer Care,Workday
TXN005901,2026-06-04,2026-06-04,2026-06,NZL01,5000,,QLD,Payroll - EMP4175,PAY-EMP4175-MAR26,,AUD,18160.32,GST-FREE,Workforce cost - Revenue Analyst - Customer Care,Workday
TXN005902,2026-06-15,2026-06-15,2026-06,NZL01,5000,,IT,Payroll - EMP7375,PAY-EMP7375-MAR26,,AUD,20427.32,GST-FREE,Workforce cost - Customer Service Lead - IT,Workday
TXN005903,2026-06-17,2026-06-17,2026-06,AUS01,5000,,IT,Payroll - EMP9979,PAY-EMP9979-MAR26,,AUD,22965.96,GST-FREE,Workforce cost - Controller - Customer Care,Workday
TXN005904,2026-06-30,2026-06-30,2026-06,AUS01,5000,,VIC,Payroll - EMP9174,PAY-EMP9174-MAR26,,AUD,20118.63,GST-FREE,Workforce cost - Procurement Specialist - Finance,Workday
TXN005905,2026-06-21,2026-06-21,2026-06,PNG01,5000,,VIC,Payroll - EMP6178,PAY-EMP6178-MAR26,,AUD,18494.5,GST-FREE,Workforce cost - Procurement Specialist - Customer Care,Workday
TXN005906,2026-06-29,2026-06-29,2026-06,NZL01,5000,,HR,Payroll - EMP1726,PAY-EMP1726-MAR26,,AUD,15321.56,GST-FREE,Workforce cost - Sales Manager - Operations,Workday
TXN005907,2026-06-24,2026-06-24,2026-06,NZL01,5000,,SA,Payroll - EMP3504,PAY-EMP3504-MAR26,,AUD,10656.91,GST-FREE,Workforce cost - Customer Service Lead - IT,Workday
TXN005908,2026-06-24,2026-06-24,2026-06,NZL01,5000,,WA,Payroll - EMP3173,PAY-EMP3173-MAR26,,AUD,11641.25,GST-FREE,Workforce cost - Operations Planner - Finance,Workday
TXN005909,2026-06-21,2026-06-21,2026-06,AUS01,5000,,NSW,Payroll - EMP5799,PAY-EMP5799-MAR26,,AUD,13502.83,GST-FREE,Workforce cost - Data Engineer - Commercial,Workday
TXN005910,2026-06-28,2026-06-28,2026-06,AUS01,5000,,CORP,Payroll - EMP2035,PAY-EMP2035-MAR26,,AUD,19083.24,GST-FREE,Workforce cost - Inventory Coordinator - Operations,Workday
TXN005911,2026-06-20,2026-06-20,2026-06,NZL01,5000,,SA,Payroll - EMP9155,PAY-EMP9155-MAR26,,AUD,27108.11,GST-FREE,Workforce cost - Controller - Sales,Workday
TXN005912,2026-06-22,2026-06-22,2026-06,PNG01,5000,,TAS,Payroll - EMP9637,PAY-EMP9637-MAR26,,AUD,16559.33,GST-FREE,Workforce cost - Sales Manager - IT,Workday
TXN005913,2026-06-13,2026-06-13,2026-06,PNG01,5000,,WA,Payroll - EMP1718,PAY-EMP1718-MAR26,,AUD,21331.29,GST-FREE,Workforce cost - Data Engineer - Operations,Workday
TXN005914,2026-06-27,2026-06-27,2026-06,FJI01,5000,,SA,Payroll - EMP8854,PAY-EMP8854-MAR26,,AUD,15981.87,GST-FREE,Workforce cost - Data Engineer - Commercial,Workday
TXN005915,2026-06-11,2026-06-11,2026-06,AUS01,5000,,IT,Payroll - EMP4704,PAY-EMP4704-MAR26,,AUD,18162.42,GST-FREE,Workforce cost - Sales Manager - Commercial,Workday
TXN005916,2026-06-13,2026-06-13,2026-06,PNG01,5000,,FIN,Payroll - EMP1049,PAY-EMP1049-MAR26,,AUD,8521.5,GST-FREE,Workforce cost - Procurement Specialist - Customer Care,Workday
TXN005917,2026-06-05,2026-06-05,2026-06,FJI01,5000,,OPS,Payroll - EMP4458,PAY-EMP4458-MAR26,,AUD,24303.02,GST-FREE,Workforce cost - Customer Service Lead - Customer Care,Workday
TXN005918,2026-06-21,2026-06-21,2026-06,NZL01,5000,,OPS,Payroll - EMP8345,PAY-EMP8345-MAR26,,AUD,15920.98,GST-FREE,Workforce cost - Finance Analyst - Procurement,Workday
TXN005919,2026-06-18,2026-06-18,2026-06,FJI01,5000,,R&D,Payroll - EMP6921,PAY-EMP6921-MAR26,,AUD,28266.41,GST-FREE,Workforce cost - Revenue Analyst - Sales,Workday
TXN005920,2026-06-23,2026-06-23,2026-06,FJI01,5000,,MKT,Payroll - EMP4763,PAY-EMP4763-MAR26,,AUD,19583.91,GST-FREE,Workforce cost - Finance Analyst - Procurement,Workday
TXN005921,2026-06-06,2026-06-06,2026-06,AUS01,5000,,MKT,Payroll - EMP6470,PAY-EMP6470-MAR26,,AUD,14624.34,GST-FREE,Workforce cost - Inventory Coordinator - Commercial,Workday
TXN005922,2026-06-02,2026-06-02,2026-06,PNG01,5000,,OPS,Payroll - EMP2636,PAY-EMP2636-MAR26,,AUD,22244.78,GST-FREE,Workforce cost - Customer Service Lead - IT,Workday
TXN005923,2026-06-04,2026-06-04,2026-06,FJI01,5000,,HR,Payroll - EMP7425,PAY-EMP7425-MAR26,,AUD,23996.36,GST-FREE,Workforce cost - Sales Manager - Operations,Workday
TXN005924,2026-06-30,2026-06-30,2026-06,FJI01,5000,,MKT,Payroll - EMP3321,PAY-EMP3321-MAR26,,AUD,16798.3,GST-FREE,Workforce cost - Operations Planner - FP&A,Workday
TXN005925,2026-06-23,2026-06-23,2026-06,AUS01,5000,,NT,Payroll - EMP7521,PAY-EMP7521-MAR26,,AUD,10036.7,GST-FREE,Workforce cost - Sales Manager - Customer Care,Workday
TXN005926,2026-06-24,2026-06-24,2026-06,PNG01,5000,,ACT,Payroll - EMP2889,PAY-EMP2889-MAR26,,AUD,9213.63,GST-FREE,Workforce cost - Sales Manager - Sales,Workday
TXN005927,2026-06-08,2026-06-08,2026-06,AUS01,5000,,CORP,Payroll - EMP6110,PAY-EMP6110-MAR26,,AUD,26510.64,GST-FREE,Workforce cost - Procurement Specialist - Commercial,Workday
TXN005928,2026-06-12,2026-06-12,2026-06,PNG01,5000,,VIC,Payroll - EMP3270,PAY-EMP3270-MAR26,,AUD,15683.1,GST-FREE,Workforce cost - Finance Analyst - Operations,Workday
TXN005929,2026-06-13,2026-06-13,2026-06,AUS01,5000,,SA,Payroll - EMP5668,PAY-EMP5668-MAR26,,AUD,18407.15,GST-FREE,Workforce cost - FP&A Manager - Operations,Workday
TXN005930,2026-06-18,2026-06-18,2026-06,PNG01,5000,,MKT,Payroll - EMP8338,PAY-EMP8338-MAR26,,AUD,28274.21,GST-FREE,Workforce cost - Customer Service Lead - Commercial,Workday
TXN005931,2026-06-17,2026-06-17,2026-06,FJI01,5000,,NSW,Payroll - EMP3421,PAY-EMP3421-MAR26,,AUD,23167.6,GST-FREE,Workforce cost - Finance Analyst - Operations,Workday
TXN005932,2026-06-06,2026-06-06,2026-06,PNG01,5000,,MKT,Payroll - EMP7650,PAY-EMP7650-MAR26,,AUD,24416.29,GST-FREE,Workforce cost - Sales Manager - IT,Workday
TXN005933,2026-06-01,2026-06-01,2026-06,PNG01,5000,,R&D,Payroll - EMP2107,PAY-EMP2107-MAR26,,AUD,8067.53,GST-FREE,Workforce cost - Operations Planner - FP&A,Workday
TXN005934,2026-06-27,2026-06-27,2026-06,FJI01,5000,,HR,Payroll - EMP4741,PAY-EMP4741-MAR26,,AUD,21059.02,GST-FREE,Workforce cost - Procurement Specialist - IT,Workday
TXN005935,2026-06-19,2026-06-19,2026-06,NZL01,5000,,VIC,Payroll - EMP1057,PAY-EMP1057-MAR26,,AUD,22381.96,GST-FREE,Workforce cost - Inventory Coordinator - Procurement,Workday
TXN005936,2026-06-09,2026-06-09,2026-06,NZL01,5000,,WA,Payroll - EMP6083,PAY-EMP6083-MAR26,,AUD,13928.81,GST-FREE,Workforce cost - Sales Manager - IT,Workday
TXN005937,2026-06-09,2026-06-09,2026-06,PNG01,5000,,IT,Payroll - EMP8815,PAY-EMP8815-MAR26,,AUD,19953.04,GST-FREE,Workforce cost - Revenue Analyst - Finance,Workday
TXN005938,2026-06-13,2026-06-13,2026-06,NZL01,5000,,FIN,Payroll - EMP5022,PAY-EMP5022-MAR26,,AUD,30633.75,GST-FREE,Workforce cost - Procurement Specialist - Procurement,Workday
TXN005939,2026-06-31,2026-06-31,2026-06,AUS01,5000,,FIN,Payroll - EMP8119,PAY-EMP8119-MAR26,,AUD,8549.21,GST-FREE,Workforce cost - Controller - IT,Workday
TXN005940,2026-06-02,2026-06-02,2026-06,AUS01,5000,,WA,Payroll - EMP1288,PAY-EMP1288-MAR26,,AUD,18371.81,GST-FREE,Workforce cost - Data Engineer - Operations,Workday
TXN005941,2026-06-04,2026-06-04,2026-06,NZL01,5000,,IT,Payroll - EMP2684,PAY-EMP2684-MAR26,,AUD,29775.55,GST-FREE,Workforce cost - Customer Service Lead - Finance,Workday
TXN005942,2026-06-14,2026-06-14,2026-06,AUS01,5000,,HR,Payroll - EMP3735,PAY-EMP3735-MAR26,,AUD,9513.9,GST-FREE,Workforce cost - Finance Analyst - Operations,Workday
TXN005943,2026-06-07,2026-06-07,2026-06,AUS01,5000,,SA,Payroll - EMP8837,PAY-EMP8837-MAR26,,AUD,19915.71,GST-FREE,Workforce cost - Controller - FP&A,Workday
TXN005944,2026-06-11,2026-06-11,2026-06,AUS01,5000,,R&D,Payroll - EMP4599,PAY-EMP4599-MAR26,,AUD,23956.82,GST-FREE,Workforce cost - Finance Analyst - Finance,Workday
TXN005945,2026-06-02,2026-06-02,2026-06,AUS01,5000,,ACT,Payroll - EMP7733,PAY-EMP7733-MAR26,,AUD,18195.9,GST-FREE,Workforce cost - Sales Manager - Operations,Workday
TXN005946,2026-06-26,2026-06-26,2026-06,PNG01,5000,,NT,Payroll - EMP1363,PAY-EMP1363-MAR26,,AUD,19625.39,GST-FREE,Workforce cost - Revenue Analyst - Sales,Workday
TXN005947,2026-06-02,2026-06-02,2026-06,NZL01,5000,,NT,Payroll - EMP6880,PAY-EMP6880-MAR26,,AUD,18507.71,GST-FREE,Workforce cost - Sales Manager - Procurement,Workday
TXN005948,2026-06-19,2026-06-19,2026-06,PNG01,5000,,MKT,Payroll - EMP1221,PAY-EMP1221-MAR26,,AUD,20198.09,GST-FREE,Workforce cost - Operations Planner - Finance,Workday
TXN005949,2026-06-22,2026-06-22,2026-06,FJI01,5000,,WA,Payroll - EMP3870,PAY-EMP3870-MAR26,,AUD,17930.65,GST-FREE,Workforce cost - Finance Analyst - Commercial,Workday
TXN005950,2026-06-03,2026-06-03,2026-06,AUS01,5000,,IT,Payroll - EMP7558,PAY-EMP7558-MAR26,,AUD,23391.11,GST-FREE,Workforce cost - Inventory Coordinator - Sales,Workday
TXN005951,2026-06-18,2026-06-18,2026-06,NZL01,5000,,FIN,Payroll - EMP9328,PAY-EMP9328-MAR26,,AUD,31542.38,GST-FREE,Workforce cost - FP&A Manager - Operations,Workday
TXN005952,2026-06-31,2026-06-31,2026-06,PNG01,5000,,SA,Payroll - EMP6711,PAY-EMP6711-MAR26,,AUD,15619.3,GST-FREE,Workforce cost - Procurement Specialist - IT,Workday
TXN005953,2026-06-19,2026-06-19,2026-06,NZL01,5000,,OPS,Payroll - EMP6257,PAY-EMP6257-MAR26,,AUD,21859.33,GST-FREE,Workforce cost - Revenue Analyst - Sales,Workday
TXN005954,2026-06-19,2026-06-19,2026-06,FJI01,5000,,NT,Payroll - EMP1350,PAY-EMP1350-MAR26,,AUD,15582.5,GST-FREE,Workforce cost - Revenue Analyst - Customer Care,Workday
TXN005955,2026-06-02,2026-06-02,2026-06,NZL01,5000,,R&D,Payroll - EMP4912,PAY-EMP4912-MAR26,,AUD,23244.52,GST-FREE,Workforce cost - Procurement Specialist - Customer Care,Workday
TXN005956,2026-06-07,2026-06-07,2026-06,NZL01,5000,,MKT,Payroll - EMP7048,PAY-EMP7048-MAR26,,AUD,11170.17,GST-FREE,Workforce cost - Sales Manager - Customer Care,Workday
TXN005957,2026-06-21,2026-06-21,2026-06,NZL01,5000,,VIC,Payroll - EMP8647,PAY-EMP8647-MAR26,,AUD,11815.5,GST-FREE,Workforce cost - Finance Analyst - Sales,Workday
TXN005958,2026-06-04,2026-06-04,2026-06,PNG01,5000,,SA,Payroll - EMP1969,PAY-EMP1969-MAR26,,AUD,10674.58,GST-FREE,Workforce cost - Data Engineer - Commercial,Workday
TXN005959,2026-06-19,2026-06-19,2026-06,FJI01,5000,,NSW,Payroll - EMP9376,PAY-EMP9376-MAR26,,AUD,15941.45,GST-FREE,Workforce cost - Sales Manager - FP&A,Workday
TXN005960,2026-06-06,2026-06-06,2026-06,NZL01,5000,,HR,Payroll - EMP5552,PAY-EMP5552-MAR26,,AUD,16178.05,GST-FREE,Workforce cost - Finance Analyst - FP&A,Workday
TXN005961,2026-06-06,2026-06-06,2026-06,PNG01,5000,,NSW,Payroll - EMP8395,PAY-EMP8395-MAR26,,AUD,19482.46,GST-FREE,Workforce cost - Operations Planner - FP&A,Workday
TXN005962,2026-06-15,2026-06-15,2026-06,FJI01,5000,,FIN,Payroll - EMP9913,PAY-EMP9913-MAR26,,AUD,29706.72,GST-FREE,Workforce cost - Inventory Coordinator - Customer Care,Workday
TXN005963,2026-06-10,2026-06-10,2026-06,AUS01,5000,,QLD,Payroll - EMP7916,PAY-EMP7916-MAR26,,AUD,9619.82,GST-FREE,Workforce cost - Operations Planner - Finance,Workday
TXN005964,2026-06-17,2026-06-17,2026-06,NZL01,5000,,CORP,Payroll - EMP3094,PAY-EMP3094-MAR26,,AUD,38956.12,GST-FREE,Workforce cost - Inventory Coordinator - FP&A,Workday
TXN005965,2026-06-18,2026-06-18,2026-06,FJI01,5000,,CORP,Payroll - EMP8431,PAY-EMP8431-MAR26,,AUD,11281.04,GST-FREE,Workforce cost - Customer Service Lead - Procurement,Workday
TXN005966,2026-06-17,2026-06-17,2026-06,NZL01,5000,,OPS,Payroll - EMP5165,PAY-EMP5165-MAR26,,AUD,11592.74,GST-FREE,Workforce cost - Customer Service Lead - Procurement,Workday
TXN005967,2026-06-22,2026-06-22,2026-06,FJI01,5000,,MKT,Payroll - EMP1524,PAY-EMP1524-MAR26,,AUD,17096.92,GST-FREE,Workforce cost - Revenue Analyst - IT,Workday
TXN005968,2026-06-28,2026-06-28,2026-06,NZL01,5000,,WA,Payroll - EMP3688,PAY-EMP3688-MAR26,,AUD,18573.05,GST-FREE,Workforce cost - Revenue Analyst - Operations,Workday
TXN005969,2026-06-25,2026-06-25,2026-06,NZL01,5000,,HR,Payroll - EMP3480,PAY-EMP3480-MAR26,,AUD,23386.69,GST-FREE,Workforce cost - Revenue Analyst - Operations,Workday
TXN005970,2026-06-28,2026-06-28,2026-06,NZL01,5000,,QLD,Payroll - EMP4555,PAY-EMP4555-MAR26,,AUD,23700.1,GST-FREE,Workforce cost - Data Engineer - Commercial,Workday
TXN005971,2026-06-01,2026-06-01,2026-06,NZL01,5000,,NSW,Payroll - EMP8263,PAY-EMP8263-MAR26,,AUD,18189.87,GST-FREE,Workforce cost - Procurement Specialist - Sales,Workday
TXN005972,2026-06-04,2026-06-04,2026-06,FJI01,5000,,IT,Payroll - EMP2973,PAY-EMP2973-MAR26,,AUD,16101.4,GST-FREE,Workforce cost - Controller - Finance,Workday
TXN005973,2026-06-05,2026-06-05,2026-06,PNG01,5000,,MKT,Payroll - EMP5821,PAY-EMP5821-MAR26,,AUD,16713.41,GST-FREE,Workforce cost - Sales Manager - Operations,Workday
TXN005974,2026-06-31,2026-06-31,2026-06,NZL01,5000,,OPS,Payroll - EMP2996,PAY-EMP2996-MAR26,,AUD,23806.93,GST-FREE,Workforce cost - Revenue Analyst - IT,Workday
TXN005975,2026-06-27,2026-06-27,2026-06,PNG01,5000,,VIC,Payroll - EMP7568,PAY-EMP7568-MAR26,,AUD,31259.4,GST-FREE,Workforce cost - FP&A Manager - Customer Care,Workday
TXN005976,2026-06-12,2026-06-12,2026-06,FJI01,5000,,R&D,Payroll - EMP6855,PAY-EMP6855-MAR26,,AUD,22439.26,GST-FREE,Workforce cost - FP&A Manager - Sales,Workday
TXN005977,2026-06-31,2026-06-31,2026-06,PNG01,5000,,FIN,Payroll - EMP7016,PAY-EMP7016-MAR26,,AUD,13705.01,GST-FREE,Workforce cost - Inventory Coordinator - Procurement,Workday
TXN005978,2026-06-26,2026-06-26,2026-06,AUS01,5000,,IT,Payroll - EMP6614,PAY-EMP6614-MAR26,,AUD,17117.07,GST-FREE,Workforce cost - Data Engineer - Customer Care,Workday
TXN005979,2026-06-19,2026-06-19,2026-06,NZL01,5000,,VIC,Payroll - EMP5361,PAY-EMP5361-MAR26,,AUD,9588.46,GST-FREE,Workforce cost - Procurement Specialist - Operations,Workday
TXN005980,2026-06-10,2026-06-10,2026-06,NZL01,5000,,R&D,Payroll - EMP2085,PAY-EMP2085-MAR26,,AUD,7032.23,GST-FREE,Workforce cost - Revenue Analyst - FP&A,Workday
TXN005981,2026-06-02,2026-06-02,2026-06,PNG01,5000,,TAS,Payroll - EMP8843,PAY-EMP8843-MAR26,,AUD,12960.12,GST-FREE,Workforce cost - Sales Manager - FP&A,Workday
TXN005982,2026-06-13,2026-06-13,2026-06,NZL01,5000,,WA,Payroll - EMP7654,PAY-EMP7654-MAR26,,AUD,14158.56,GST-FREE,Workforce cost - Inventory Coordinator - Operations,Workday
TXN005983,2026-06-31,2026-06-31,2026-06,AUS01,5000,,NSW,Payroll - EMP6096,PAY-EMP6096-MAR26,,AUD,23106.12,GST-FREE,Workforce cost - Revenue Analyst - Procurement,Workday
TXN005984,2026-06-09,2026-06-09,2026-06,AUS01,5000,,NSW,Payroll - EMP9312,PAY-EMP9312-MAR26,,AUD,14146.34,GST-FREE,Workforce cost - Customer Service Lead - Customer Care,Workday
TXN005985,2026-06-07,2026-06-07,2026-06,FJI01,5000,,NSW,Payroll - EMP1162,PAY-EMP1162-MAR26,,AUD,8154.62,GST-FREE,Workforce cost - FP&A Manager - Operations,Workday
TXN005986,2026-06-06,2026-06-06,2026-06,NZL01,5000,,CORP,Payroll - EMP2191,PAY-EMP2191-MAR26,,AUD,19615.99,GST-FREE,Workforce cost - Controller - Finance,Workday
TXN005987,2026-06-23,2026-06-23,2026-06,PNG01,5000,,TAS,Payroll - EMP7102,PAY-EMP7102-MAR26,,AUD,12058.23,GST-FREE,Workforce cost - Operations Planner - Finance,Workday
TXN005988,2026-06-12,2026-06-12,2026-06,PNG01,5000,,VIC,Payroll - EMP3398,PAY-EMP3398-MAR26,,AUD,33228.69,GST-FREE,Workforce cost - Data Engineer - Customer Care,Workday
TXN005989,2026-06-14,2026-06-14,2026-06,FJI01,5000,,R&D,Payroll - EMP1132,PAY-EMP1132-MAR26,,AUD,14300.93,GST-FREE,Workforce cost - Data Engineer - Sales,Workday
TXN005990,2026-06-05,2026-06-05,2026-06,AUS01,5000,,FIN,Payroll - EMP4426,PAY-EMP4426-MAR26,,AUD,10164.51,GST-FREE,Workforce cost - Procurement Specialist - Finance,Workday
TXN005991,2026-06-14,2026-06-14,2026-06,NZL01,5000,,MKT,Payroll - EMP6270,PAY-EMP6270-MAR26,,AUD,31443.26,GST-FREE,Workforce cost - Operations Planner - Operations,Workday
TXN005992,2026-06-05,2026-06-05,2026-06,PNG01,5000,,SA,Payroll - EMP4528,PAY-EMP4528-MAR26,,AUD,21381.92,GST-FREE,Workforce cost - Controller - IT,Workday
TXN005993,2026-06-20,2026-06-20,2026-06,FJI01,5000,,FIN,Payroll - EMP2896,PAY-EMP2896-MAR26,,AUD,16363.23,GST-FREE,Workforce cost - Sales Manager - Operations,Workday
TXN005994,2026-06-20,2026-06-20,2026-06,AUS01,5000,,OPS,Payroll - EMP3276,PAY-EMP3276-MAR26,,AUD,6505.4,GST-FREE,Workforce cost - Sales Manager - Finance,Workday
TXN005995,2026-06-17,2026-06-17,2026-06,AUS01,5000,,HR,Payroll - EMP3100,PAY-EMP3100-MAR26,,AUD,19974.21,GST-FREE,Workforce cost - Operations Planner - Procurement,Workday
TXN005996,2026-06-01,2026-06-01,2026-06,PNG01,5000,,TAS,Payroll - EMP6069,PAY-EMP6069-MAR26,,AUD,11149.21,GST-FREE,Workforce cost - Operations Planner - IT,Workday
TXN005997,2026-06-03,2026-06-03,2026-06,AUS01,5000,,NSW,Payroll - EMP8262,PAY-EMP8262-MAR26,,AUD,19801.6,GST-FREE,Workforce cost - Inventory Coordinator - Sales,Workday
TXN005998,2026-06-12,2026-06-12,2026-06,NZL01,5000,,HR,Payroll - EMP1252,PAY-EMP1252-MAR26,,AUD,28206.15,GST-FREE,Workforce cost - Revenue Analyst - Operations,Workday
TXN005999,2026-06-16,2026-06-16,2026-06,FJI01,5000,,FIN,Payroll - EMP8237,PAY-EMP8237-MAR26,,AUD,29757.26,GST-FREE,Workforce cost - Controller - Finance,Workday
TXN006000,2026-06-12,2026-06-12,2026-06,AUS01,5000,,CORP,Payroll - EMP5317,PAY-EMP5317-MAR26,,AUD,13678.43,GST-FREE,Workforce cost - Procurement Specialist - IT,Workday
TXN006001,2026-06-16,2026-06-16,2026-06,FJI01,5000,,NT,Payroll - EMP1689,PAY-EMP1689-MAR26,,AUD,10485.69,GST-FREE,Workforce cost - Operations Planner - Operations,Workday
TXN006002,2026-06-19,2026-06-19,2026-06,NZL01,5000,,CORP,Payroll - EMP1674,PAY-EMP1674-MAR26,,AUD,16572.07,GST-FREE,Workforce cost - Finance Analyst - Sales,Workday
TXN006003,2026-06-18,2026-06-18,2026-06,AUS01,5000,,ACT,Payroll - EMP4696,PAY-EMP4696-MAR26,,AUD,20538.29,GST-FREE,Workforce cost - Sales Manager - Sales,Workday
TXN006004,2026-06-29,2026-06-29,2026-06,AUS01,5000,,R&D,Payroll - EMP1275,PAY-EMP1275-MAR26,,AUD,7917.55,GST-FREE,Workforce cost - Inventory Coordinator - Finance,Workday
TXN006005,2026-06-06,2026-06-06,2026-06,NZL01,5000,,R&D,Payroll - EMP1616,PAY-EMP1616-MAR26,,AUD,17777.62,GST-FREE,Workforce cost - Finance Analyst - Procurement,Workday
TXN006006,2026-06-31,2026-06-31,2026-06,PNG01,5000,,CORP,Payroll - EMP8570,PAY-EMP8570-MAR26,,AUD,27675.92,GST-FREE,Workforce cost - Inventory Coordinator - Customer Care,Workday
TXN006007,2026-06-20,2026-06-20,2026-06,AUS01,5000,,HR,Payroll - EMP3905,PAY-EMP3905-MAR26,,AUD,18718.13,GST-FREE,Workforce cost - Controller - Commercial,Workday
TXN006008,2026-06-14,2026-06-14,2026-06,PNG01,5000,,NT,Payroll - EMP9716,PAY-EMP9716-MAR26,,AUD,22171.33,GST-FREE,Workforce cost - Controller - Finance,Workday
TXN006009,2026-06-10,2026-06-10,2026-06,NZL01,5000,,HR,Payroll - EMP5346,PAY-EMP5346-MAR26,,AUD,10704.35,GST-FREE,Workforce cost - Finance Analyst - Customer Care,Workday
TXN006010,2026-06-28,2026-06-28,2026-06,AUS01,5000,,FIN,Payroll - EMP3716,PAY-EMP3716-MAR26,,AUD,8715.88,GST-FREE,Workforce cost - Revenue Analyst - FP&A,Workday
TXN006011,2026-06-09,2026-06-09,2026-06,NZL01,5000,,IT,Payroll - EMP9253,PAY-EMP9253-MAR26,,AUD,7523.47,GST-FREE,Workforce cost - Data Engineer - Procurement,Workday
TXN006012,2026-06-16,2026-06-16,2026-06,FJI01,5000,,FIN,Payroll - EMP1235,PAY-EMP1235-MAR26,,AUD,26896.71,GST-FREE,Workforce cost - Inventory Coordinator - Sales,Workday
TXN006013,2026-06-05,2026-06-05,2026-06,NZL01,5000,,VIC,Payroll - EMP6437,PAY-EMP6437-MAR26,,AUD,17122.97,GST-FREE,Workforce cost - Data Engineer - IT,Workday
TXN006014,2026-06-13,2026-06-13,2026-06,AUS01,5000,,MKT,Payroll - EMP9011,PAY-EMP9011-MAR26,,AUD,17024.05,GST-FREE,Workforce cost - Controller - Finance,Workday
TXN006015,2026-06-14,2026-06-14,2026-06,NZL01,5000,,SA,Payroll - EMP6932,PAY-EMP6932-MAR26,,AUD,20834.37,GST-FREE,Workforce cost - Data Engineer - Procurement,Workday
TXN006016,2026-06-28,2026-06-28,2026-06,PNG01,5000,,R&D,Payroll - EMP2833,PAY-EMP2833-MAR26,,AUD,12696.89,GST-FREE,Workforce cost - Customer Service Lead - Procurement,Workday
TXN006017,2026-06-01,2026-06-01,2026-06,AUS01,5000,,IT,Payroll - EMP4332,PAY-EMP4332-MAR26,,AUD,14557.68,GST-FREE,Workforce cost - Inventory Coordinator - Procurement,Workday
TXN006018,2026-06-09,2026-06-09,2026-06,PNG01,5000,,NT,Payroll - EMP3548,PAY-EMP3548-MAR26,,AUD,18148.86,GST-FREE,Workforce cost - Finance Analyst - Sales,Workday
TXN006019,2026-06-24,2026-06-24,2026-06,PNG01,5000,,NT,Payroll - EMP9077,PAY-EMP9077-MAR26,,AUD,13833.38,GST-FREE,Workforce cost - Revenue Analyst - Sales,Workday
TXN006020,2026-06-25,2026-06-25,2026-06,FJI01,5000,,WA,Payroll - EMP5910,PAY-EMP5910-MAR26,,AUD,19630.08,GST-FREE,Workforce cost - Data Engineer - Sales,Workday
TXN006021,2026-06-25,2026-06-25,2026-06,AUS01,5000,,QLD,Payroll - EMP2301,PAY-EMP2301-MAR26,,AUD,19750.33,GST-FREE,Workforce cost - FP&A Manager - Sales,Workday
TXN006022,2026-06-14,2026-06-14,2026-06,NZL01,5000,,HR,Payroll - EMP5258,PAY-EMP5258-MAR26,,AUD,21279.67,GST-FREE,Workforce cost - Data Engineer - FP&A,Workday
TXN006023,2026-06-12,2026-06-12,2026-06,PNG01,5000,,NT,Payroll - EMP4063,PAY-EMP4063-MAR26,,AUD,29975.56,GST-FREE,Workforce cost - Inventory Coordinator - Finance,Workday
TXN006024,2026-06-12,2026-06-12,2026-06,AUS01,5000,,NT,Payroll - EMP5723,PAY-EMP5723-MAR26,,AUD,13025.98,GST-FREE,Workforce cost - Controller - Operations,Workday
TXN006025,2026-06-21,2026-06-21,2026-06,AUS01,5000,,CORP,Payroll - EMP5921,PAY-EMP5921-MAR26,,AUD,16310.91,GST-FREE,Workforce cost - Data Engineer - Procurement,Workday
TXN006026,2026-06-28,2026-06-28,2026-06,PNG01,5000,,NSW,Payroll - EMP2459,PAY-EMP2459-MAR26,,AUD,23146.07,GST-FREE,Workforce cost - Sales Manager - Sales,Workday
TXN006027,2026-06-13,2026-06-13,2026-06,NZL01,5000,,FIN,Payroll - EMP3338,PAY-EMP3338-MAR26,,AUD,13125.17,GST-FREE,Workforce cost - Data Engineer - IT,Workday
TXN006028,2026-06-14,2026-06-14,2026-06,FJI01,5000,,OPS,Payroll - EMP6313,PAY-EMP6313-MAR26,,AUD,17055.54,GST-FREE,Workforce cost - Sales Manager - Procurement,Workday
TXN006029,2026-06-16,2026-06-16,2026-06,AUS01,5000,,OPS,Payroll - EMP7622,PAY-EMP7622-MAR26,,AUD,12484.35,GST-FREE,Workforce cost - Operations Planner - Operations,Workday
TXN006030,2026-06-03,2026-06-03,2026-06,NZL01,5000,,MKT,Payroll - EMP5833,PAY-EMP5833-MAR26,,AUD,18203.4,GST-FREE,Workforce cost - Finance Analyst - Commercial,Workday
TXN006031,2026-06-09,2026-06-09,2026-06,PNG01,5000,,WA,Payroll - EMP6673,PAY-EMP6673-MAR26,,AUD,6216.59,GST-FREE,Workforce cost - Operations Planner - Customer Care,Workday
TXN006032,2026-06-27,2026-06-27,2026-06,FJI01,5000,,R&D,Payroll - EMP4696,PAY-EMP4696-MAR26,,AUD,7645.16,GST-FREE,Workforce cost - Inventory Coordinator - Customer Care,Workday
TXN006033,2026-06-24,2026-06-24,2026-06,PNG01,5000,,ACT,Payroll - EMP1182,PAY-EMP1182-MAR26,,AUD,21881.89,GST-FREE,Workforce cost - FP&A Manager - Finance,Workday
TXN006034,2026-06-04,2026-06-04,2026-06,NZL01,5000,,IT,Payroll - EMP2496,PAY-EMP2496-MAR26,,AUD,23401.72,GST-FREE,Workforce cost - Finance Analyst - Customer Care,Workday
TXN006035,2026-06-07,2026-06-07,2026-06,PNG01,5000,,SA,Payroll - EMP4652,PAY-EMP4652-MAR26,,AUD,12394.66,GST-FREE,Workforce cost - Inventory Coordinator - Sales,Workday
TXN006036,2026-06-25,2026-06-25,2026-06,NZL01,5000,,QLD,Payroll - EMP1704,PAY-EMP1704-MAR26,,AUD,11449.94,GST-FREE,Workforce cost - FP&A Manager - Sales,Workday
TXN006037,2026-06-31,2026-06-31,2026-06,NZL01,5000,,ACT,Payroll - EMP9233,PAY-EMP9233-MAR26,,AUD,8702.92,GST-FREE,Workforce cost - Operations Planner - Finance,Workday
TXN006038,2026-06-25,2026-06-25,2026-06,NZL01,5000,,CORP,Payroll - EMP2400,PAY-EMP2400-MAR26,,AUD,18542.68,GST-FREE,Workforce cost - Finance Analyst - IT,Workday
TXN006039,2026-06-10,2026-06-10,2026-06,FJI01,5000,,OPS,Payroll - EMP4508,PAY-EMP4508-MAR26,,AUD,22865.02,GST-FREE,Workforce cost - Procurement Specialist - Operations,Workday
TXN006040,2026-06-15,2026-06-15,2026-06,PNG01,5000,,VIC,Payroll - EMP3543,PAY-EMP3543-MAR26,,AUD,17819.5,GST-FREE,Workforce cost - Finance Analyst - Finance,Workday
TXN006041,2026-06-20,2026-06-20,2026-06,AUS01,5000,,IT,Payroll - EMP9166,PAY-EMP9166-MAR26,,AUD,13761.21,GST-FREE,Workforce cost - Customer Service Lead - Customer Care,Workday
TXN006042,2026-06-26,2026-06-26,2026-06,PNG01,5000,,OPS,Payroll - EMP1233,PAY-EMP1233-MAR26,,AUD,16184.58,GST-FREE,Workforce cost - Sales Manager - Sales,Workday
TXN006043,2026-06-21,2026-06-21,2026-06,PNG01,5000,,CORP,Payroll - EMP1834,PAY-EMP1834-MAR26,,AUD,29398.98,GST-FREE,Workforce cost - Revenue Analyst - IT,Workday
TXN006044,2026-06-15,2026-06-15,2026-06,AUS01,5000,,VIC,Payroll - EMP5355,PAY-EMP5355-MAR26,,AUD,18014.39,GST-FREE,Workforce cost - Controller - Sales,Workday
TXN006045,2026-06-26,2026-06-26,2026-06,AUS01,5000,,NT,Payroll - EMP5042,PAY-EMP5042-MAR26,,AUD,9006.66,GST-FREE,Workforce cost - Operations Planner - IT,Workday
TXN006046,2026-06-31,2026-06-31,2026-06,AUS01,5000,,ACT,Payroll - EMP6558,PAY-EMP6558-MAR26,,AUD,23459.26,GST-FREE,Workforce cost - Finance Analyst - Finance,Workday
TXN006047,2026-06-17,2026-06-17,2026-06,AUS01,5000,,OPS,Payroll - EMP1358,PAY-EMP1358-MAR26,,AUD,28600.28,GST-FREE,Workforce cost - Sales Manager - Sales,Workday
TXN006048,2026-06-03,2026-06-03,2026-06,AUS01,5000,,ACT,Payroll - EMP7200,PAY-EMP7200-MAR26,,AUD,29830.91,GST-FREE,Workforce cost - Operations Planner - Finance,Workday
TXN006049,2026-06-29,2026-06-29,2026-06,AUS01,5000,,FIN,Payroll - EMP3038,PAY-EMP3038-MAR26,,AUD,22498.37,GST-FREE,Workforce cost - Operations Planner - Customer Care,Workday
TXN006050,2026-06-05,2026-06-05,2026-06,AUS01,5000,,MKT,Payroll - EMP6264,PAY-EMP6264-MAR26,,AUD,11208.05,GST-FREE,Workforce cost - Finance Analyst - Sales,Workday
TXN006051,2026-06-06,2026-06-06,2026-06,AUS01,5000,,TAS,Payroll - EMP4887,PAY-EMP4887-MAR26,,AUD,21000.22,GST-FREE,Workforce cost - FP&A Manager - FP&A,Workday
TXN006052,2026-06-13,2026-06-13,2026-06,PNG01,5000,,VIC,Payroll - EMP9704,PAY-EMP9704-MAR26,,AUD,24775.94,GST-FREE,Workforce cost - Finance Analyst - Customer Care,Workday
TXN006053,2026-06-01,2026-06-01,2026-06,AUS01,5000,,WA,Payroll - EMP4166,PAY-EMP4166-MAR26,,AUD,21377.53,GST-FREE,Workforce cost - Customer Service Lead - Sales,Workday
TXN006054,2026-06-12,2026-06-12,2026-06,AUS01,5000,,IT,Payroll - EMP7217,PAY-EMP7217-MAR26,,AUD,22428.17,GST-FREE,Workforce cost - Data Engineer - Finance,Workday
TXN006055,2026-06-22,2026-06-22,2026-06,AUS01,5000,,QLD,Payroll - EMP1050,PAY-EMP1050-MAR26,,AUD,19185.9,GST-FREE,Workforce cost - Data Engineer - Sales,Workday
TXN006056,2026-06-28,2026-06-28,2026-06,FJI01,5000,,NT,Payroll - EMP6729,PAY-EMP6729-MAR26,,AUD,7379.47,GST-FREE,Workforce cost - Controller - Commercial,Workday
TXN006057,2026-06-07,2026-06-07,2026-06,FJI01,5000,,R&D,Payroll - EMP5197,PAY-EMP5197-MAR26,,AUD,12458.18,GST-FREE,Workforce cost - Customer Service Lead - Procurement,Workday
TXN006058,2026-06-07,2026-06-07,2026-06,PNG01,5000,,MKT,Payroll - EMP9135,PAY-EMP9135-MAR26,,AUD,16369.37,GST-FREE,Workforce cost - Data Engineer - Operations,Workday
TXN006059,2026-06-03,2026-06-03,2026-06,NZL01,5000,,WA,Payroll - EMP7024,PAY-EMP7024-MAR26,,AUD,18457.09,GST-FREE,Workforce cost - Controller - Operations,Workday
TXN006060,2026-06-14,2026-06-14,2026-06,FJI01,5000,,HR,Payroll - EMP8682,PAY-EMP8682-MAR26,,AUD,16412.71,GST-FREE,Workforce cost - Procurement Specialist - Customer Care,Workday
TXN006061,2026-06-10,2026-06-10,2026-06,NZL01,5000,,VIC,Payroll - EMP8822,PAY-EMP8822-MAR26,,AUD,19931.35,GST-FREE,Workforce cost - Inventory Coordinator - IT,Workday
TXN006062,2026-06-12,2026-06-12,2026-06,NZL01,5000,,SA,Payroll - EMP9351,PAY-EMP9351-MAR26,,AUD,32965.98,GST-FREE,Workforce cost - Controller - Commercial,Workday
TXN006063,2026-06-02,2026-06-02,2026-06,NZL01,5000,,R&D,Payroll - EMP8716,PAY-EMP8716-MAR26,,AUD,8878.3,GST-FREE,Workforce cost - Inventory Coordinator - Procurement,Workday
TXN006064,2026-06-16,2026-06-16,2026-06,NZL01,5000,,SA,Payroll - EMP8380,PAY-EMP8380-MAR26,,AUD,19749.53,GST-FREE,Workforce cost - Customer Service Lead - Commercial,Workday
TXN006065,2026-06-23,2026-06-23,2026-06,PNG01,5000,,IT,Payroll - EMP3986,PAY-EMP3986-MAR26,,AUD,25576.3,GST-FREE,Workforce cost - Data Engineer - Customer Care,Workday
TXN006066,2026-06-12,2026-06-12,2026-06,FJI01,5000,,HR,Payroll - EMP8018,PAY-EMP8018-MAR26,,AUD,9168.86,GST-FREE,Workforce cost - Customer Service Lead - Commercial,Workday
TXN006067,2026-06-15,2026-06-15,2026-06,NZL01,5000,,VIC,Payroll - EMP3965,PAY-EMP3965-MAR26,,AUD,19930.76,GST-FREE,Workforce cost - Procurement Specialist - Sales,Workday
TXN006068,2026-06-18,2026-06-18,2026-06,PNG01,5000,,HR,Payroll - EMP5456,PAY-EMP5456-MAR26,,AUD,10520.15,GST-FREE,Workforce cost - Sales Manager - Procurement,Workday
TXN006069,2026-06-27,2026-06-27,2026-06,AUS01,5000,,MKT,Payroll - EMP4567,PAY-EMP4567-MAR26,,AUD,27742.65,GST-FREE,Workforce cost - FP&A Manager - FP&A,Workday
TXN006070,2026-06-29,2026-06-29,2026-06,NZL01,5000,,NT,Payroll - EMP2136,PAY-EMP2136-MAR26,,AUD,25131.07,GST-FREE,Workforce cost - Sales Manager - Sales,Workday
TXN006071,2026-06-09,2026-06-09,2026-06,AUS01,5000,,HR,Payroll - EMP8637,PAY-EMP8637-MAR26,,AUD,12380.27,GST-FREE,Workforce cost - FP&A Manager - Customer Care,Workday
TXN006072,2026-06-29,2026-06-29,2026-06,NZL01,5000,,CORP,Payroll - EMP5584,PAY-EMP5584-MAR26,,AUD,16486.78,GST-FREE,Workforce cost - Procurement Specialist - Procurement,Workday
TXN006073,2026-06-19,2026-06-19,2026-06,NZL01,5000,,R&D,Payroll - EMP4910,PAY-EMP4910-MAR26,,AUD,13373.73,GST-FREE,Workforce cost - FP&A Manager - IT,Workday
TXN006074,2026-06-28,2026-06-28,2026-06,AUS01,5000,,MKT,Payroll - EMP7168,PAY-EMP7168-MAR26,,AUD,12289.49,GST-FREE,Workforce cost - Customer Service Lead - Operations,Workday
TXN006075,2026-06-27,2026-06-27,2026-06,FJI01,5000,,NSW,Payroll - EMP9913,PAY-EMP9913-MAR26,,AUD,8671.17,GST-FREE,Workforce cost - Controller - Operations,Workday
TXN006076,2026-06-21,2026-06-21,2026-06,PNG01,5000,,MKT,Payroll - EMP6012,PAY-EMP6012-MAR26,,AUD,12895.09,GST-FREE,Workforce cost - Sales Manager - Sales,Workday
TXN006077,2026-06-27,2026-06-27,2026-06,PNG01,5000,,R&D,Payroll - EMP2675,PAY-EMP2675-MAR26,,AUD,29237.05,GST-FREE,Workforce cost - Procurement Specialist - Customer Care,Workday
TXN006078,2026-06-19,2026-06-19,2026-06,FJI01,5000,,MKT,Payroll - EMP8372,PAY-EMP8372-MAR26,,AUD,14191.84,GST-FREE,Workforce cost - Finance Analyst - Sales,Workday
TXN006079,2026-06-10,2026-06-10,2026-06,AUS01,5000,,HR,Payroll - EMP5061,PAY-EMP5061-MAR26,,AUD,26057.05,GST-FREE,Workforce cost - Finance Analyst - Commercial,Workday
TXN006080,2026-06-12,2026-06-12,2026-06,AUS01,5000,,IT,Payroll - EMP6716,PAY-EMP6716-MAR26,,AUD,13151.71,GST-FREE,Workforce cost - Sales Manager - Finance,Workday
TXN006081,2026-06-04,2026-06-04,2026-06,FJI01,5000,,NSW,Payroll - EMP3822,PAY-EMP3822-MAR26,,AUD,18073.2,GST-FREE,Workforce cost - Inventory Coordinator - FP&A,Workday
TXN006082,2026-06-03,2026-06-03,2026-06,FJI01,5000,,TAS,Payroll - EMP9396,PAY-EMP9396-MAR26,,AUD,19052.81,GST-FREE,Workforce cost - Operations Planner - Sales,Workday
TXN006083,2026-06-06,2026-06-06,2026-06,FJI01,5000,,NT,Payroll - EMP4418,PAY-EMP4418-MAR26,,AUD,23992.36,GST-FREE,Workforce cost - Procurement Specialist - FP&A,Workday
TXN006084,2026-06-17,2026-06-17,2026-06,AUS01,5000,,NT,Payroll - EMP6787,PAY-EMP6787-MAR26,,AUD,18619.49,GST-FREE,Workforce cost - FP&A Manager - Customer Care,Workday
TXN006085,2026-06-02,2026-06-02,2026-06,NZL01,5000,,FIN,Payroll - EMP9433,PAY-EMP9433-MAR26,,AUD,22111.98,GST-FREE,Workforce cost - Customer Service Lead - Customer Care,Workday
TXN006086,2026-06-24,2026-06-24,2026-06,NZL01,5000,,ACT,Payroll - EMP8667,PAY-EMP8667-MAR26,,AUD,29193.93,GST-FREE,Workforce cost - Procurement Specialist - Operations,Workday
TXN006087,2026-06-27,2026-06-27,2026-06,FJI01,5000,,SA,Payroll - EMP7703,PAY-EMP7703-MAR26,,AUD,12075.16,GST-FREE,Workforce cost - Finance Analyst - Procurement,Workday
TXN006088,2026-06-14,2026-06-14,2026-06,FJI01,5000,,HR,Payroll - EMP6600,PAY-EMP6600-MAR26,,AUD,19742.49,GST-FREE,Workforce cost - Revenue Analyst - Customer Care,Workday
TXN006089,2026-06-19,2026-06-19,2026-06,NZL01,5000,,VIC,Payroll - EMP1161,PAY-EMP1161-MAR26,,AUD,21859.42,GST-FREE,Workforce cost - Finance Analyst - FP&A,Workday
TXN006090,2026-06-20,2026-06-20,2026-06,NZL01,5000,,IT,Payroll - EMP9326,PAY-EMP9326-MAR26,,AUD,13485.78,GST-FREE,Workforce cost - Operations Planner - Sales,Workday
TXN006091,2026-06-28,2026-06-28,2026-06,FJI01,5000,,NSW,Payroll - EMP6507,PAY-EMP6507-MAR26,,AUD,19595.83,GST-FREE,Workforce cost - FP&A Manager - Sales,Workday
TXN006092,2026-06-20,2026-06-20,2026-06,PNG01,5000,,R&D,Payroll - EMP1855,PAY-EMP1855-MAR26,,AUD,21498.29,GST-FREE,Workforce cost - FP&A Manager - Commercial,Workday
TXN006093,2026-06-26,2026-06-26,2026-06,FJI01,5000,,IT,Payroll - EMP1816,PAY-EMP1816-MAR26,,AUD,11489.01,GST-FREE,Workforce cost - Revenue Analyst - Procurement,Workday
TXN006094,2026-06-05,2026-06-05,2026-06,FJI01,5000,,TAS,Payroll - EMP1191,PAY-EMP1191-MAR26,,AUD,28108.06,GST-FREE,Workforce cost - FP&A Manager - Finance,Workday
TXN006095,2026-06-15,2026-06-15,2026-06,FJI01,5000,,QLD,Payroll - EMP3578,PAY-EMP3578-MAR26,,AUD,12433.83,GST-FREE,Workforce cost - Sales Manager - IT,Workday
TXN006096,2026-06-15,2026-06-15,2026-06,FJI01,5000,,FIN,Payroll - EMP8449,PAY-EMP8449-MAR26,,AUD,18924.96,GST-FREE,Workforce cost - FP&A Manager - FP&A,Workday
TXN006097,2026-06-05,2026-06-05,2026-06,PNG01,5000,,MKT,Payroll - EMP9842,PAY-EMP9842-MAR26,,AUD,11248.96,GST-FREE,Workforce cost - FP&A Manager - Procurement,Workday
TXN006098,2026-06-07,2026-06-07,2026-06,FJI01,5000,,TAS,Payroll - EMP7762,PAY-EMP7762-MAR26,,AUD,11757.85,GST-FREE,Workforce cost - Data Engineer - Customer Care,Workday
TXN006099,2026-06-06,2026-06-06,2026-06,FJI01,5000,,QLD,Payroll - EMP4514,PAY-EMP4514-MAR26,,AUD,16480.6,GST-FREE,Workforce cost - Procurement Specialist - Finance,Workday
TXN006100,2026-06-31,2026-06-31,2026-06,NZL01,5000,,VIC,Payroll - EMP3240,PAY-EMP3240-MAR26,,AUD,21230.48,GST-FREE,Workforce cost - Inventory Coordinator - FP&A,Workday
TXN006101,2026-06-10,2026-06-10,2026-06,FJI01,5000,,ACT,Payroll - EMP8724,PAY-EMP8724-MAR26,,AUD,9609.11,GST-FREE,Workforce cost - Revenue Analyst - Procurement,Workday
TXN006102,2026-06-27,2026-06-27,2026-06,AUS01,5000,,OPS,Payroll - EMP2929,PAY-EMP2929-MAR26,,AUD,19377.79,GST-FREE,Workforce cost - Operations Planner - IT,Workday
TXN006103,2026-06-11,2026-06-11,2026-06,FJI01,5000,,SA,Payroll - EMP2476,PAY-EMP2476-MAR26,,AUD,12535.2,GST-FREE,Workforce cost - Operations Planner - Operations,Workday
TXN006104,2026-06-04,2026-06-04,2026-06,AUS01,5000,,NT,Payroll - EMP8645,PAY-EMP8645-MAR26,,AUD,11570.22,GST-FREE,Workforce cost - Sales Manager - Commercial,Workday
TXN006105,2026-06-28,2026-06-28,2026-06,NZL01,5000,,SA,Payroll - EMP9215,PAY-EMP9215-MAR26,,AUD,15502.39,GST-FREE,Workforce cost - Revenue Analyst - Finance,Workday
TXN006106,2026-06-14,2026-06-14,2026-06,NZL01,5000,,NSW,Payroll - EMP6088,PAY-EMP6088-MAR26,,AUD,22444.8,GST-FREE,Workforce cost - Procurement Specialist - Procurement,Workday
TXN006107,2026-06-21,2026-06-21,2026-06,PNG01,5000,,SA,Payroll - EMP6206,PAY-EMP6206-MAR26,,AUD,11058.35,GST-FREE,Workforce cost - Controller - Procurement,Workday
TXN006108,2026-06-18,2026-06-18,2026-06,AUS01,5000,,QLD,Payroll - EMP4165,PAY-EMP4165-MAR26,,AUD,19882.14,GST-FREE,Workforce cost - Sales Manager - Sales,Workday
TXN006109,2026-06-04,2026-06-04,2026-06,PNG01,5000,,ACT,Payroll - EMP9484,PAY-EMP9484-MAR26,,AUD,18183.9,GST-FREE,Workforce cost - Sales Manager - Sales,Workday
TXN006110,2026-06-26,2026-06-26,2026-06,AUS01,5000,,FIN,Payroll - EMP5327,PAY-EMP5327-MAR26,,AUD,11449.45,GST-FREE,Workforce cost - Data Engineer - Operations,Workday
TXN006111,2026-06-02,2026-06-02,2026-06,FJI01,5000,,IT,Payroll - EMP4383,PAY-EMP4383-MAR26,,AUD,23021.89,GST-FREE,Workforce cost - Customer Service Lead - Procurement,Workday
TXN006112,2026-06-15,2026-06-15,2026-06,PNG01,5000,,CORP,Payroll - EMP5840,PAY-EMP5840-MAR26,,AUD,14265.54,GST-FREE,Workforce cost - Finance Analyst - Commercial,Workday
TXN006113,2026-06-01,2026-06-01,2026-06,AUS01,5000,,SA,Payroll - EMP4149,PAY-EMP4149-MAR26,,AUD,12032.45,GST-FREE,Workforce cost - Inventory Coordinator - Sales,Workday
TXN006114,2026-06-30,2026-06-30,2026-06,FJI01,5000,,HR,Payroll - EMP1439,PAY-EMP1439-MAR26,,AUD,9521.83,GST-FREE,Workforce cost - Procurement Specialist - Procurement,Workday
TXN006115,2026-06-08,2026-06-08,2026-06,NZL01,5000,,WA,Payroll - EMP5906,PAY-EMP5906-MAR26,,AUD,34506.11,GST-FREE,Workforce cost - Controller - Commercial,Workday
TXN006116,2026-06-02,2026-06-02,2026-06,NZL01,5000,,HR,Payroll - EMP2125,PAY-EMP2125-MAR26,,AUD,15433.72,GST-FREE,Workforce cost - Sales Manager - Customer Care,Workday
TXN006117,2026-06-28,2026-06-28,2026-06,AUS01,5000,,SA,Payroll - EMP9774,PAY-EMP9774-MAR26,,AUD,33441.92,GST-FREE,Workforce cost - Revenue Analyst - IT,Workday
TXN006118,2026-06-26,2026-06-26,2026-06,NZL01,5000,,FIN,Payroll - EMP3742,PAY-EMP3742-MAR26,,AUD,23531.71,GST-FREE,Workforce cost - Customer Service Lead - Finance,Workday
TXN006119,2026-06-09,2026-06-09,2026-06,AUS01,5000,,NT,Payroll - EMP2567,PAY-EMP2567-MAR26,,AUD,30593.01,GST-FREE,Workforce cost - Procurement Specialist - Customer Care,Workday
TXN006120,2026-06-04,2026-06-04,2026-06,PNG01,5000,,HR,Payroll - EMP6275,PAY-EMP6275-MAR26,,AUD,26988.16,GST-FREE,Workforce cost - Revenue Analyst - IT,Workday
TXN006121,2026-06-03,2026-06-03,2026-06,FJI01,5000,,NT,Payroll - EMP3149,PAY-EMP3149-MAR26,,AUD,18369.92,GST-FREE,Workforce cost - Customer Service Lead - Commercial,Workday
TXN006122,2026-06-31,2026-06-31,2026-06,AUS01,5000,,FIN,Payroll - EMP3552,PAY-EMP3552-MAR26,,AUD,16945.25,GST-FREE,Workforce cost - FP&A Manager - Commercial,Workday
TXN006123,2026-06-01,2026-06-01,2026-06,PNG01,5000,,R&D,Payroll - EMP1177,PAY-EMP1177-MAR26,,AUD,13858.02,GST-FREE,Workforce cost - Data Engineer - Procurement,Workday
TXN006124,2026-06-05,2026-06-05,2026-06,PNG01,5000,,ACT,Payroll - EMP3924,PAY-EMP3924-MAR26,,AUD,19762.36,GST-FREE,Workforce cost - Controller - Procurement,Workday
TXN006125,2026-06-07,2026-06-07,2026-06,AUS01,5000,,IT,Payroll - EMP6117,PAY-EMP6117-MAR26,,AUD,13633.23,GST-FREE,Workforce cost - Data Engineer - Customer Care,Workday
TXN006126,2026-06-01,2026-06-01,2026-06,FJI01,5000,,TAS,Payroll - EMP1046,PAY-EMP1046-MAR26,,AUD,23964.08,GST-FREE,Workforce cost - Sales Manager - FP&A,Workday
TXN006127,2026-06-20,2026-06-20,2026-06,PNG01,5000,,SA,Payroll - EMP9558,PAY-EMP9558-MAR26,,AUD,23007.68,GST-FREE,Workforce cost - FP&A Manager - Operations,Workday
TXN006128,2026-06-06,2026-06-06,2026-06,PNG01,5000,,IT,Payroll - EMP3527,PAY-EMP3527-MAR26,,AUD,21545.53,GST-FREE,Workforce cost - Sales Manager - Procurement,Workday
TXN006129,2026-06-04,2026-06-04,2026-06,AUS01,5000,,SA,Payroll - EMP2012,PAY-EMP2012-MAR26,,AUD,9796.99,GST-FREE,Workforce cost - Revenue Analyst - Procurement,Workday
TXN006130,2026-06-17,2026-06-17,2026-06,PNG01,5000,,SA,Payroll - EMP1577,PAY-EMP1577-MAR26,,AUD,16295.34,GST-FREE,Workforce cost - Procurement Specialist - IT,Workday
TXN006131,2026-06-22,2026-06-22,2026-06,FJI01,5000,,R&D,Payroll - EMP5958,PAY-EMP5958-MAR26,,AUD,18408.9,GST-FREE,Workforce cost - Procurement Specialist - IT,Workday
TXN006132,2026-06-18,2026-06-18,2026-06,PNG01,5000,,TAS,Payroll - EMP9609,PAY-EMP9609-MAR26,,AUD,14508.76,GST-FREE,Workforce cost - Customer Service Lead - Customer Care,Workday
TXN006133,2026-06-30,2026-06-30,2026-06,AUS01,5000,,WA,Payroll - EMP2055,PAY-EMP2055-MAR26,,AUD,8509.03,GST-FREE,Workforce cost - Revenue Analyst - Customer Care,Workday
TXN006134,2026-06-26,2026-06-26,2026-06,NZL01,5000,,R&D,Payroll - EMP3168,PAY-EMP3168-MAR26,,AUD,31184.02,GST-FREE,Workforce cost - Operations Planner - Finance,Workday
TXN006135,2026-06-19,2026-06-19,2026-06,FJI01,5000,,CORP,Payroll - EMP1465,PAY-EMP1465-MAR26,,AUD,26067.74,GST-FREE,Workforce cost - Revenue Analyst - Procurement,Workday
TXN006136,2026-06-12,2026-06-12,2026-06,FJI01,5000,,IT,Payroll - EMP7231,PAY-EMP7231-MAR26,,AUD,13837.53,GST-FREE,Workforce cost - FP&A Manager - Sales,Workday
TXN006137,2026-06-18,2026-06-18,2026-06,PNG01,5000,,NT,Payroll - EMP9021,PAY-EMP9021-MAR26,,AUD,21104.16,GST-FREE,Workforce cost - Customer Service Lead - Operations,Workday
TXN006138,2026-06-02,2026-06-02,2026-06,NZL01,5000,,ACT,Payroll - EMP8755,PAY-EMP8755-MAR26,,AUD,8379.49,GST-FREE,Workforce cost - Revenue Analyst - FP&A,Workday
TXN006139,2026-06-24,2026-06-24,2026-06,NZL01,5000,,NT,Payroll - EMP9342,PAY-EMP9342-MAR26,,AUD,17818.38,GST-FREE,Workforce cost - Inventory Coordinator - Operations,Workday
TXN006140,2026-06-21,2026-06-21,2026-06,FJI01,5000,,WA,Payroll - EMP8712,PAY-EMP8712-MAR26,,AUD,30234.57,GST-FREE,Workforce cost - Operations Planner - Finance,Workday
TXN006141,2026-06-06,2026-06-06,2026-06,AUS01,5000,,SA,Payroll - EMP8730,PAY-EMP8730-MAR26,,AUD,7614.94,GST-FREE,Workforce cost - Controller - Finance,Workday
TXN006142,2026-06-21,2026-06-21,2026-06,FJI01,5000,,TAS,Payroll - EMP2611,PAY-EMP2611-MAR26,,AUD,35122.88,GST-FREE,Workforce cost - FP&A Manager - Customer Care,Workday
TXN006143,2026-06-27,2026-06-27,2026-06,AUS01,5000,,SA,Payroll - EMP9531,PAY-EMP9531-MAR26,,AUD,9979.32,GST-FREE,Workforce cost - Revenue Analyst - FP&A,Workday
TXN006144,2026-06-23,2026-06-23,2026-06,PNG01,5000,,HR,Payroll - EMP8262,PAY-EMP8262-MAR26,,AUD,6924.72,GST-FREE,Workforce cost - Controller - Sales,Workday
TXN006145,2026-06-18,2026-06-18,2026-06,NZL01,5000,,NT,Payroll - EMP1990,PAY-EMP1990-MAR26,,AUD,20465.54,GST-FREE,Workforce cost - FP&A Manager - Finance,Workday
TXN006146,2026-06-13,2026-06-13,2026-06,FJI01,5000,,WA,Payroll - EMP7473,PAY-EMP7473-MAR26,,AUD,19561.85,GST-FREE,Workforce cost - Data Engineer - Operations,Workday
TXN006147,2026-06-01,2026-06-01,2026-06,AUS01,5000,,FIN,Payroll - EMP5905,PAY-EMP5905-MAR26,,AUD,10278.47,GST-FREE,Workforce cost - Revenue Analyst - Customer Care,Workday
TXN006148,2026-06-07,2026-06-07,2026-06,PNG01,5000,,SA,Payroll - EMP3740,PAY-EMP3740-MAR26,,AUD,11029.91,GST-FREE,Workforce cost - Inventory Coordinator - Procurement,Workday
TXN006149,2026-06-05,2026-06-05,2026-06,NZL01,5000,,WA,Payroll - EMP6302,PAY-EMP6302-MAR26,,AUD,9054.86,GST-FREE,Workforce cost - Inventory Coordinator - Finance,Workday
TXN006150,2026-06-18,2026-06-18,2026-06,FJI01,5000,,HR,Payroll - EMP9895,PAY-EMP9895-MAR26,,AUD,10894.98,GST-FREE,Workforce cost - Revenue Analyst - Customer Care,Workday
TXN006151,2026-06-18,2026-06-18,2026-06,PNG01,5000,,VIC,Payroll - EMP1638,PAY-EMP1638-MAR26,,AUD,27940.19,GST-FREE,Workforce cost - Inventory Coordinator - IT,Workday
TXN006152,2026-06-07,2026-06-07,2026-06,NZL01,5000,,NSW,Payroll - EMP3586,PAY-EMP3586-MAR26,,AUD,16790.33,GST-FREE,Workforce cost - Sales Manager - Commercial,Workday
TXN006153,2026-06-05,2026-06-05,2026-06,FJI01,5000,,SA,Payroll - EMP4855,PAY-EMP4855-MAR26,,AUD,17256.11,GST-FREE,Workforce cost - FP&A Manager - Procurement,Workday
TXN006154,2026-06-10,2026-06-10,2026-06,AUS01,5000,,OPS,Payroll - EMP3694,PAY-EMP3694-MAR26,,AUD,11138.24,GST-FREE,Workforce cost - Controller - Operations,Workday
TXN006155,2026-06-31,2026-06-31,2026-06,PNG01,5000,,MKT,Payroll - EMP5524,PAY-EMP5524-MAR26,,AUD,29564.65,GST-FREE,Workforce cost - Customer Service Lead - Finance,Workday
TXN006156,2026-06-11,2026-06-11,2026-06,AUS01,5000,,ACT,Payroll - EMP2244,PAY-EMP2244-MAR26,,AUD,20451.07,GST-FREE,Workforce cost - Inventory Coordinator - Sales,Workday
TXN006157,2026-06-28,2026-06-28,2026-06,AUS01,5000,,NSW,Payroll - EMP2635,PAY-EMP2635-MAR26,,AUD,16853.31,GST-FREE,Workforce cost - Customer Service Lead - Operations,Workday
TXN006158,2026-06-25,2026-06-25,2026-06,PNG01,5000,,QLD,Payroll - EMP5832,PAY-EMP5832-MAR26,,AUD,30069.12,GST-FREE,Workforce cost - Procurement Specialist - Finance,Workday
TXN006159,2026-06-07,2026-06-07,2026-06,FJI01,5000,,IT,Payroll - EMP9768,PAY-EMP9768-MAR26,,AUD,19001.34,GST-FREE,Workforce cost - FP&A Manager - Sales,Workday
TXN006160,2026-06-02,2026-06-02,2026-06,PNG01,5000,,OPS,Payroll - EMP7514,PAY-EMP7514-MAR26,,AUD,22834.39,GST-FREE,Workforce cost - Sales Manager - Sales,Workday
TXN006161,2026-06-23,2026-06-23,2026-06,FJI01,5000,,NSW,Payroll - EMP4280,PAY-EMP4280-MAR26,,AUD,11774.39,GST-FREE,Workforce cost - Inventory Coordinator - Sales,Workday
TXN006162,2026-06-20,2026-06-20,2026-06,NZL01,5000,,NT,Payroll - EMP8458,PAY-EMP8458-MAR26,,AUD,16791.37,GST-FREE,Workforce cost - Customer Service Lead - Customer Care,Workday
TXN006163,2026-06-12,2026-06-12,2026-06,FJI01,5000,,R&D,Payroll - EMP8786,PAY-EMP8786-MAR26,,AUD,11303.39,GST-FREE,Workforce cost - Sales Manager - FP&A,Workday
TXN006164,2026-06-02,2026-06-02,2026-06,NZL01,5000,,MKT,Payroll - EMP8860,PAY-EMP8860-MAR26,,AUD,22867.35,GST-FREE,Workforce cost - Sales Manager - Finance,Workday
TXN006165,2026-06-19,2026-06-19,2026-06,NZL01,5000,,NT,Payroll - EMP7258,PAY-EMP7258-MAR26,,AUD,7489.43,GST-FREE,Workforce cost - Data Engineer - Customer Care,Workday
TXN006166,2026-06-22,2026-06-22,2026-06,AUS01,5000,,NSW,Payroll - EMP8422,PAY-EMP8422-MAR26,,AUD,21782.24,GST-FREE,Workforce cost - Controller - Sales,Workday
TXN006167,2026-06-28,2026-06-28,2026-06,PNG01,5000,,OPS,Payroll - EMP4096,PAY-EMP4096-MAR26,,AUD,23557.82,GST-FREE,Workforce cost - FP&A Manager - FP&A,Workday
TXN006168,2026-06-26,2026-06-26,2026-06,NZL01,5000,,QLD,Payroll - EMP3220,PAY-EMP3220-MAR26,,AUD,28575.72,GST-FREE,Workforce cost - Revenue Analyst - Operations,Workday
TXN006169,2026-06-26,2026-06-26,2026-06,NZL01,5000,,ACT,Payroll - EMP4568,PAY-EMP4568-MAR26,,AUD,25644.74,GST-FREE,Workforce cost - Revenue Analyst - IT,Workday
TXN006170,2026-06-08,2026-06-08,2026-06,PNG01,5000,,VIC,Payroll - EMP1167,PAY-EMP1167-MAR26,,AUD,13523.08,GST-FREE,Workforce cost - Procurement Specialist - Procurement,Workday
TXN006171,2026-06-09,2026-06-09,2026-06,FJI01,5000,,NT,Payroll - EMP6492,PAY-EMP6492-MAR26,,AUD,19620.53,GST-FREE,Workforce cost - FP&A Manager - Commercial,Workday
TXN006172,2026-06-14,2026-06-14,2026-06,PNG01,5000,,VIC,Payroll - EMP2360,PAY-EMP2360-MAR26,,AUD,7766.87,GST-FREE,Workforce cost - Inventory Coordinator - Finance,Workday
TXN006173,2026-06-17,2026-06-17,2026-06,PNG01,5000,,OPS,Payroll - EMP7299,PAY-EMP7299-MAR26,,AUD,25477.33,GST-FREE,Workforce cost - Procurement Specialist - Customer Care,Workday
TXN006174,2026-06-02,2026-06-02,2026-06,NZL01,5000,,MKT,Payroll - EMP4618,PAY-EMP4618-MAR26,,AUD,16917.16,GST-FREE,Workforce cost - Sales Manager - IT,Workday
TXN006175,2026-06-15,2026-06-15,2026-06,PNG01,5000,,MKT,Payroll - EMP7152,PAY-EMP7152-MAR26,,AUD,18923.32,GST-FREE,Workforce cost - Inventory Coordinator - Procurement,Workday
TXN006176,2026-06-16,2026-06-16,2026-06,FJI01,5000,,NSW,Payroll - EMP7707,PAY-EMP7707-MAR26,,AUD,11909.33,GST-FREE,Workforce cost - FP&A Manager - FP&A,Workday
TXN006177,2026-06-23,2026-06-23,2026-06,NZL01,5000,,NSW,Payroll - EMP1778,PAY-EMP1778-MAR26,,AUD,13778.74,GST-FREE,Workforce cost - Operations Planner - Procurement,Workday
TXN006178,2026-06-31,2026-06-31,2026-06,NZL01,5000,,FIN,Payroll - EMP2247,PAY-EMP2247-MAR26,,AUD,32625.48,GST-FREE,Workforce cost - Customer Service Lead - FP&A,Workday
TXN006179,2026-06-17,2026-06-17,2026-06,PNG01,5000,,NSW,Payroll - EMP4283,PAY-EMP4283-MAR26,,AUD,15192.05,GST-FREE,Workforce cost - Procurement Specialist - IT,Workday
TXN006180,2026-06-24,2026-06-24,2026-06,PNG01,5000,,ACT,Payroll - EMP9489,PAY-EMP9489-MAR26,,AUD,14000.53,GST-FREE,Workforce cost - Controller - Sales,Workday
TXN006181,2026-06-13,2026-06-13,2026-06,PNG01,5000,,ACT,Payroll - EMP3703,PAY-EMP3703-MAR26,,AUD,10152.4,GST-FREE,Workforce cost - Customer Service Lead - IT,Workday
TXN006182,2026-06-31,2026-06-31,2026-06,PNG01,5000,,TAS,Payroll - EMP8135,PAY-EMP8135-MAR26,,AUD,33808.27,GST-FREE,Workforce cost - Revenue Analyst - FP&A,Workday
TXN006183,2026-06-10,2026-06-10,2026-06,NZL01,5000,,NSW,Payroll - EMP1921,PAY-EMP1921-MAR26,,AUD,19629.49,GST-FREE,Workforce cost - Revenue Analyst - Operations,Workday
TXN006184,2026-06-30,2026-06-30,2026-06,FJI01,5000,,CORP,Payroll - EMP4966,PAY-EMP4966-MAR26,,AUD,21597.02,GST-FREE,Workforce cost - Inventory Coordinator - IT,Workday
TXN006185,2026-06-02,2026-06-02,2026-06,PNG01,5000,,TAS,Payroll - EMP2519,PAY-EMP2519-MAR26,,AUD,22351.72,GST-FREE,Workforce cost - Finance Analyst - Customer Care,Workday
TXN006186,2026-06-31,2026-06-31,2026-06,AUS01,5000,,IT,Payroll - EMP7742,PAY-EMP7742-MAR26,,AUD,19695.2,GST-FREE,Workforce cost - Controller - Commercial,Workday
TXN006187,2026-06-02,2026-06-02,2026-06,NZL01,5000,,NSW,Payroll - EMP3819,PAY-EMP3819-MAR26,,AUD,9709.42,GST-FREE,Workforce cost - Procurement Specialist - Procurement,Workday
TXN006188,2026-06-21,2026-06-21,2026-06,FJI01,5000,,TAS,Payroll - EMP9670,PAY-EMP9670-MAR26,,AUD,12262.91,GST-FREE,Workforce cost - Sales Manager - FP&A,Workday
TXN006189,2026-06-15,2026-06-15,2026-06,PNG01,5000,,MKT,Payroll - EMP6773,PAY-EMP6773-MAR26,,AUD,13931.63,GST-FREE,Workforce cost - Controller - FP&A,Workday
TXN006190,2026-06-25,2026-06-25,2026-06,FJI01,5000,,ACT,Payroll - EMP8499,PAY-EMP8499-MAR26,,AUD,28223.13,GST-FREE,Workforce cost - Customer Service Lead - Sales,Workday
TXN006191,2026-06-17,2026-06-17,2026-06,AUS01,5000,,NSW,Payroll - EMP6091,PAY-EMP6091-MAR26,,AUD,13013.07,GST-FREE,Workforce cost - Data Engineer - IT,Workday
TXN006192,2026-06-24,2026-06-24,2026-06,FJI01,5000,,OPS,Payroll - EMP4827,PAY-EMP4827-MAR26,,AUD,19980.54,GST-FREE,Workforce cost - Controller - Customer Care,Workday
TXN006193,2026-06-01,2026-06-01,2026-06,AUS01,5000,,WA,Payroll - EMP5169,PAY-EMP5169-MAR26,,AUD,16864.66,GST-FREE,Workforce cost - Operations Planner - Sales,Workday
TXN006194,2026-06-08,2026-06-08,2026-06,NZL01,5000,,MKT,Payroll - EMP3489,PAY-EMP3489-MAR26,,AUD,14051.07,GST-FREE,Workforce cost - Inventory Coordinator - IT,Workday
TXN006195,2026-06-23,2026-06-23,2026-06,AUS01,5000,,HR,Payroll - EMP7849,PAY-EMP7849-MAR26,,AUD,17061.99,GST-FREE,Workforce cost - FP&A Manager - Customer Care,Workday
TXN006196,2026-06-30,2026-06-30,2026-06,PNG01,5000,,WA,Payroll - EMP1819,PAY-EMP1819-MAR26,,AUD,25907.54,GST-FREE,Workforce cost - Revenue Analyst - FP&A,Workday
TXN006197,2026-06-07,2026-06-07,2026-06,PNG01,5000,,TAS,Payroll - EMP7004,PAY-EMP7004-MAR26,,AUD,26803.22,GST-FREE,Workforce cost - Finance Analyst - FP&A,Workday
TXN006198,2026-06-30,2026-06-30,2026-06,AUS01,5000,,FIN,Payroll - EMP7068,PAY-EMP7068-MAR26,,AUD,17806.79,GST-FREE,Workforce cost - Sales Manager - IT,Workday
TXN006199,2026-06-22,2026-06-22,2026-06,PNG01,5000,,NT,Payroll - EMP9494,PAY-EMP9494-MAR26,,AUD,10858.24,GST-FREE,Workforce cost - Controller - Finance,Workday
TXN006200,2026-06-13,2026-06-13,2026-06,PNG01,5000,,MKT,Payroll - EMP9936,PAY-EMP9936-MAR26,,AUD,16764.56,GST-FREE,Workforce cost - Sales Manager - FP&A,Workday
TXN006201,2026-06-23,2026-06-23,2026-06,PNG01,5000,,HR,Payroll - EMP2417,PAY-EMP2417-MAR26,,AUD,13345.03,GST-FREE,Workforce cost - Controller - Finance,Workday
TXN006202,2026-06-13,2026-06-13,2026-06,PNG01,5000,,TAS,Payroll - EMP8228,PAY-EMP8228-MAR26,,AUD,27870.64,GST-FREE,Workforce cost - Sales Manager - IT,Workday
TXN006203,2026-06-15,2026-06-15,2026-06,FJI01,5000,,OPS,Payroll - EMP9304,PAY-EMP9304-MAR26,,AUD,8847.24,GST-FREE,Workforce cost - Data Engineer - Commercial,Workday
TXN006204,2026-06-06,2026-06-06,2026-06,FJI01,5000,,IT,Payroll - EMP6314,PAY-EMP6314-MAR26,,AUD,12638.87,GST-FREE,Workforce cost - Customer Service Lead - FP&A,Workday
TXN006205,2026-06-09,2026-06-09,2026-06,NZL01,5000,,SA,Payroll - EMP3401,PAY-EMP3401-MAR26,,AUD,14813.85,GST-FREE,Workforce cost - Sales Manager - FP&A,Workday
TXN006206,2026-06-23,2026-06-23,2026-06,FJI01,5000,,VIC,Payroll - EMP7656,PAY-EMP7656-MAR26,,AUD,21228.32,GST-FREE,Workforce cost - Procurement Specialist - Customer Care,Workday
TXN006207,2026-06-12,2026-06-12,2026-06,NZL01,5000,,IT,Payroll - EMP4918,PAY-EMP4918-MAR26,,AUD,19005.22,GST-FREE,Workforce cost - Sales Manager - Customer Care,Workday
TXN006208,2026-06-13,2026-06-13,2026-06,AUS01,5000,,NT,Payroll - EMP3667,PAY-EMP3667-MAR26,,AUD,13002.31,GST-FREE,Workforce cost - Data Engineer - Operations,Workday
TXN006209,2026-06-23,2026-06-19,2026-06,PNG01,6000,,FIN,Green Freight,BOB-ESG-0001,PO-ESG-4109,USD,109010.87,GST-FREE,ESG spend - Renewable sourcing premium,Workday
TXN006210,2026-06-29,2026-06-24,2026-06,FJI01,5110,,MKT,Carbon Neutral Pty Ltd,BOB-ESG-0002,PO-ESG-3341,GBP,71623.45,GST-FREE,ESG spend - Energy usage,Oracle
TXN006211,2026-06-15,2026-06-09,2026-06,AUS01,5600,,QLD,EcoVadis,BOB-ESG-0003,PO-ESG-8244,AUD,114736.94,EXPORT,ESG spend - Waste reduction,API Import
TXN006212,2026-06-14,2026-06-12,2026-06,NZL01,5600,,SA,Origin Energy,BOB-ESG-0004,PO-ESG-5908,USD,16876.18,GST-FREE,ESG spend - Waste reduction,Oracle
TXN006213,2026-06-16,2026-06-12,2026-06,PNG01,5110,,CORP,Bureau Veritas,BOB-ESG-0005,PO-ESG-4821,NZD,47962.31,GST-FREE,ESG spend - Energy usage,API Import
TXN006214,2026-06-24,2026-06-17,2026-06,FJI01,5320,,OPS,EcoVadis,BOB-ESG-0006,PO-ESG-1977,NZD,115921.96,GST,ESG spend - Compliance assurance,API Import
TXN006215,2026-06-09,2026-06-06,2026-06,FJI01,5320,,TAS,Bureau Veritas,BOB-ESG-0007,PO-ESG-8327,AUD,85235.83,EXPORT,ESG spend - Compliance assurance,Manual Entry
TXN006216,2026-06-20,2026-06-16,2026-06,AUS01,6010,,R&D,Carbon Neutral Pty Ltd,BOB-ESG-0008,PO-ESG-9267,AUD,119005.41,EXPORT,ESG spend - Supplier ESG premium,Manual Entry
TXN006217,2026-06-31,2026-06-27,2026-06,NZL01,6000,,OPS,Origin Energy,BOB-ESG-0009,PO-ESG-1904,AUD,65724.58,GST-FREE,ESG spend - Renewable sourcing premium,API Import
TXN006218,2026-06-11,2026-06-09,2026-06,NZL01,5300,,R&D,Bureau Veritas,BOB-ESG-0010,PO-ESG-6610,AUD,87525.95,EXPORT,ESG spend - Carbon offsets,Manual Entry
TXN006219,2026-06-05,2026-02-28,2026-06,AUS01,6000,,NT,Carbon Neutral Pty Ltd,BOB-ESG-0011,PO-ESG-4308,AUD,78551.51,GST,ESG spend - Renewable sourcing premium,Oracle
TXN006220,2026-06-10,2026-06-07,2026-06,PNG01,5300,,WA,Green Freight,BOB-ESG-0012,PO-ESG-2383,GBP,36032.69,EXPORT,ESG spend - Carbon offsets,API Import
TXN006221,2026-06-18,2026-06-17,2026-06,NZL01,5400,,WA,Sustainable Packaging Co,BOB-ESG-0013,PO-ESG-7126,GBP,80670.93,INPUT,ESG spend - Fleet emissions,SAP
TXN006222,2026-06-17,2026-06-16,2026-06,NZL01,5320,,TAS,Green Freight,BOB-ESG-0014,PO-ESG-7136,AUD,81469.45,GST,ESG spend - Compliance assurance,Manual Entry
TXN006223,2026-06-29,2026-06-25,2026-06,AUS01,5110,,QLD,Energy Australia,BOB-ESG-0015,PO-ESG-5965,AUD,4057.52,EXPORT,ESG spend - Energy usage,Oracle
TXN006224,2026-06-04,2026-06-03,2026-06,AUS01,6000,,VIC,Sustainable Packaging Co,BOB-ESG-0016,PO-ESG-7384,AUD,32524.09,GST,ESG spend - Renewable sourcing premium,Manual Entry
TXN006225,2026-06-13,2026-06-12,2026-06,AUS01,5400,,NT,Carbon Neutral Pty Ltd,BOB-ESG-0017,PO-ESG-2918,AUD,34121.6,INPUT,ESG spend - Fleet emissions,Oracle
TXN006226,2026-06-25,2026-06-20,2026-06,FJI01,6000,,VIC,Climate Active Advisor,BOB-ESG-0018,PO-ESG-5354,AUD,17429.49,GST,ESG spend - Renewable sourcing premium,Manual Entry
TXN006227,2026-06-28,2026-06-27,2026-06,FJI01,5400,,NSW,Climate Active Advisor,BOB-ESG-0019,PO-ESG-8624,AUD,23540.93,INPUT,ESG spend - Fleet emissions,Workday
TXN006228,2026-06-24,2026-06-20,2026-06,AUS01,5600,,TAS,Sustainable Packaging Co,BOB-ESG-0020,PO-ESG-2852,AUD,7683.28,GST-FREE,ESG spend - Waste reduction,Manual Entry
TXN006229,2026-06-12,2026-06-09,2026-06,PNG01,5600,,R&D,Carbon Neutral Pty Ltd,BOB-ESG-0021,PO-ESG-2557,NZD,38890.0,EXPORT,ESG spend - Waste reduction,SAP
TXN006230,2026-06-03,2026-06-01,2026-06,FJI01,6000,,OPS,Green Freight,BOB-ESG-0022,PO-ESG-2826,USD,65674.85,INPUT,ESG spend - Renewable sourcing premium,API Import
TXN006231,2026-06-11,2026-06-10,2026-06,FJI01,5110,,OPS,Bureau Veritas,BOB-ESG-0023,PO-ESG-1886,USD,92532.41,EXPORT,ESG spend - Energy usage,Oracle
TXN006232,2026-06-09,2026-06-07,2026-06,NZL01,5600,,QLD,EcoVadis,BOB-ESG-0024,PO-ESG-5832,NZD,15019.71,GST-FREE,ESG spend - Waste reduction,Oracle
TXN006233,2026-06-26,2026-06-23,2026-06,FJI01,5320,,R&D,Green Freight,BOB-ESG-0025,PO-ESG-1241,AUD,73788.94,GST-FREE,ESG spend - Compliance assurance,API Import
TXN006234,2026-06-08,2026-06-06,2026-06,PNG01,6000,,CORP,Origin Energy,BOB-ESG-0026,PO-ESG-2502,NZD,78350.07,GST,ESG spend - Renewable sourcing premium,Oracle
TXN006235,2026-06-14,2026-06-09,2026-06,AUS01,5600,,FIN,Bureau Veritas,BOB-ESG-0027,PO-ESG-8635,NZD,81825.35,EXPORT,ESG spend - Waste reduction,API Import
TXN006236,2026-06-13,2026-06-12,2026-06,FJI01,5600,,CORP,Origin Energy,BOB-ESG-0028,PO-ESG-2405,AUD,21723.31,EXPORT,ESG spend - Waste reduction,API Import
TXN006237,2026-06-10,2026-06-07,2026-06,FJI01,5300,,QLD,Climate Active Advisor,BOB-ESG-0029,PO-ESG-6094,USD,58741.8,INPUT,ESG spend - Carbon offsets,Manual Entry
TXN006238,2026-06-15,2026-06-09,2026-06,NZL01,5110,,QLD,Climate Active Advisor,BOB-ESG-0030,PO-ESG-9296,AUD,53179.86,EXPORT,ESG spend - Energy usage,API Import
TXN006239,2026-06-29,2026-06-25,2026-06,AUS01,5320,,WA,Green Freight,BOB-ESG-0031,PO-ESG-9423,NZD,114169.19,GST-FREE,ESG spend - Compliance assurance,Workday
TXN006240,2026-06-21,2026-06-19,2026-06,AUS01,6010,,QLD,Bureau Veritas,BOB-ESG-0032,PO-ESG-3056,NZD,99072.49,GST,ESG spend - Sustainable packaging,Manual Entry
TXN006241,2026-06-05,2026-02-28,2026-06,PNG01,5110,,OPS,Sustainable Packaging Co,BOB-ESG-0033,PO-ESG-5451,GBP,112479.94,GST-FREE,ESG spend - Energy usage,SAP
TXN006242,2026-06-04,2026-02-25,2026-06,FJI01,6000,,HR,EcoVadis,BOB-ESG-0034,PO-ESG-9724,USD,47567.53,GST-FREE,ESG spend - Renewable sourcing premium,Oracle
TXN006243,2026-06-10,2026-06-06,2026-06,FJI01,6010,,VIC,Sustainable Packaging Co,BOB-ESG-0035,PO-ESG-4083,USD,49977.27,EXPORT,ESG spend - Supplier ESG premium,Workday
TXN006244,2026-06-18,2026-06-11,2026-06,NZL01,5110,,SA,Bureau Veritas,BOB-ESG-0036,PO-ESG-7411,AUD,43375.31,INPUT,ESG spend - Energy usage,SAP
TXN006245,2026-06-24,2026-06-21,2026-06,AUS01,5320,,R&D,Green Freight,BOB-ESG-0037,PO-ESG-4660,AUD,103032.88,GST,ESG spend - Compliance assurance,SAP
TXN006246,2026-06-29,2026-06-26,2026-06,PNG01,5110,,FIN,Energy Australia,BOB-ESG-0038,PO-ESG-5484,AUD,84548.62,GST-FREE,ESG spend - Energy usage,API Import
TXN006247,2026-06-24,2026-06-18,2026-06,FJI01,5600,,IT,Green Freight,BOB-ESG-0039,PO-ESG-6239,USD,104455.76,GST-FREE,ESG spend - Waste reduction,Oracle
TXN006248,2026-06-25,2026-06-24,2026-06,AUS01,6010,,VIC,Climate Active Advisor,BOB-ESG-0040,PO-ESG-8653,GBP,37351.95,EXPORT,ESG spend - Supplier ESG premium,API Import
TXN006249,2026-06-09,2026-06-06,2026-06,NZL01,5320,,CORP,Sustainable Packaging Co,BOB-ESG-0041,PO-ESG-9628,GBP,6531.15,GST-FREE,ESG spend - Compliance assurance,API Import
TXN006250,2026-06-20,2026-06-13,2026-06,NZL01,5600,,WA,Green Freight,BOB-ESG-0042,PO-ESG-7588,NZD,11068.96,GST-FREE,ESG spend - Waste reduction,API Import
TXN006251,2026-06-24,2026-06-23,2026-06,PNG01,6010,,IT,Energy Australia,BOB-ESG-0043,PO-ESG-8433,USD,62908.59,GST-FREE,ESG spend - Supplier ESG premium,Workday
TXN006252,2026-06-06,2026-06-03,2026-06,FJI01,6010,,MKT,Green Freight,BOB-ESG-0044,PO-ESG-3931,AUD,36078.51,EXPORT,ESG spend - Supplier ESG premium,API Import
TXN006253,2026-06-06,2026-02-27,2026-06,AUS01,6010,,IT,Energy Australia,BOB-ESG-0045,PO-ESG-1818,USD,30950.8,INPUT,ESG spend - Supplier ESG premium,Workday
TXN006254,2026-06-22,2026-06-19,2026-06,PNG01,6010,,TAS,Origin Energy,BOB-ESG-0046,PO-ESG-2397,USD,56586.79,GST,ESG spend - Sustainable packaging,SAP
TXN006255,2026-06-20,2026-06-19,2026-06,PNG01,6010,,ACT,EcoVadis,BOB-ESG-0047,PO-ESG-4862,GBP,97853.24,INPUT,ESG spend - Sustainable packaging,API Import
TXN006256,2026-06-30,2026-06-26,2026-06,NZL01,5400,,NT,Carbon Neutral Pty Ltd,BOB-ESG-0048,PO-ESG-1718,NZD,24843.03,GST,ESG spend - Fleet emissions,Workday
TXN006257,2026-06-07,2026-02-28,2026-06,AUS01,5110,,HR,Green Freight,BOB-ESG-0049,PO-ESG-3095,AUD,67026.27,GST,ESG spend - Energy usage,Manual Entry
TXN006258,2026-06-11,2026-06-06,2026-06,AUS01,5320,,FIN,Sustainable Packaging Co,BOB-ESG-0050,PO-ESG-3482,AUD,77462.33,GST-FREE,ESG spend - Compliance assurance,SAP
TXN006259,2026-06-05,2026-06-03,2026-06,FJI01,5400,,R&D,Green Freight,BOB-ESG-0051,PO-ESG-2249,NZD,117227.03,INPUT,ESG spend - Fleet emissions,Oracle
TXN006260,2026-06-19,2026-06-18,2026-06,FJI01,5110,,QLD,Climate Active Advisor,BOB-ESG-0052,PO-ESG-7437,NZD,63149.06,GST-FREE,ESG spend - Energy usage,SAP
TXN006261,2026-06-08,2026-06-07,2026-06,PNG01,6000,,MKT,Green Freight,BOB-ESG-0053,PO-ESG-4019,GBP,50947.33,GST-FREE,ESG spend - Renewable sourcing premium,Oracle
TXN006262,2026-06-14,2026-06-11,2026-06,FJI01,5300,,QLD,Bureau Veritas,BOB-ESG-0054,PO-ESG-6100,GBP,91118.07,GST-FREE,ESG spend - Carbon offsets,API Import
TXN006263,2026-06-15,2026-06-10,2026-06,PNG01,5110,,NSW,Sustainable Packaging Co,BOB-ESG-0055,PO-ESG-4605,USD,53238.51,GST,ESG spend - Energy usage,API Import
TXN006264,2026-06-31,2026-06-26,2026-06,PNG01,6010,,TAS,Energy Australia,BOB-ESG-0056,PO-ESG-2010,USD,76164.99,GST-FREE,ESG spend - Supplier ESG premium,Oracle
TXN006265,2026-06-31,2026-06-25,2026-06,AUS01,6010,,IT,Energy Australia,BOB-ESG-0057,PO-ESG-1666,USD,76514.25,EXPORT,ESG spend - Sustainable packaging,Oracle
TXN006266,2026-06-24,2026-06-20,2026-06,FJI01,5320,,WA,Green Freight,BOB-ESG-0058,PO-ESG-7156,NZD,92229.62,GST-FREE,ESG spend - Compliance assurance,SAP
TXN006267,2026-06-21,2026-06-16,2026-06,AUS01,6000,,FIN,Origin Energy,BOB-ESG-0059,PO-ESG-1832,NZD,24413.34,GST-FREE,ESG spend - Renewable sourcing premium,Workday
TXN006268,2026-06-24,2026-06-21,2026-06,PNG01,5600,,FIN,Energy Australia,BOB-ESG-0060,PO-ESG-7477,NZD,61844.73,EXPORT,ESG spend - Waste reduction,API Import
TXN006269,2026-06-18,2026-06-11,2026-06,PNG01,6010,,ACT,Climate Active Advisor,BOB-ESG-0061,PO-ESG-2424,USD,64676.82,GST-FREE,ESG spend - Supplier ESG premium,Manual Entry
TXN006270,2026-06-15,2026-06-09,2026-06,PNG01,5300,,R&D,Origin Energy,BOB-ESG-0062,PO-ESG-5288,USD,61995.46,EXPORT,ESG spend - Carbon offsets,Workday
TXN006271,2026-06-26,2026-06-20,2026-06,NZL01,5400,,QLD,Climate Active Advisor,BOB-ESG-0063,PO-ESG-9781,GBP,50888.52,EXPORT,ESG spend - Fleet emissions,API Import
TXN006272,2026-06-13,2026-06-08,2026-06,NZL01,6010,,R&D,Energy Australia,BOB-ESG-0064,PO-ESG-4104,USD,44609.23,EXPORT,ESG spend - Supplier ESG premium,Manual Entry
TXN006273,2026-06-19,2026-06-17,2026-06,NZL01,5300,,OPS,Sustainable Packaging Co,BOB-ESG-0065,PO-ESG-2285,GBP,38073.32,EXPORT,ESG spend - Carbon offsets,Workday
TXN006274,2026-06-25,2026-06-22,2026-06,PNG01,5320,,NT,Bureau Veritas,BOB-ESG-0066,PO-ESG-5786,AUD,50302.62,GST,ESG spend - Compliance assurance,SAP
TXN006275,2026-06-16,2026-06-15,2026-06,FJI01,5110,,IT,Energy Australia,BOB-ESG-0067,PO-ESG-7811,USD,77473.32,GST-FREE,ESG spend - Energy usage,Workday
TXN006276,2026-06-13,2026-06-12,2026-06,NZL01,5600,,OPS,Bureau Veritas,BOB-ESG-0068,PO-ESG-4953,USD,24841.76,GST-FREE,ESG spend - Waste reduction,Manual Entry
TXN006277,2026-06-20,2026-06-16,2026-06,PNG01,6010,,VIC,Climate Active Advisor,BOB-ESG-0069,PO-ESG-2982,USD,84699.09,EXPORT,ESG spend - Supplier ESG premium,API Import
TXN006278,2026-06-26,2026-06-25,2026-06,AUS01,5600,,R&D,Carbon Neutral Pty Ltd,BOB-ESG-0070,PO-ESG-3734,NZD,113419.89,EXPORT,ESG spend - Waste reduction,API Import
TXN006279,2026-06-31,2026-06-30,2026-06,NZL01,6010,,OPS,EcoVadis,BOB-ESG-0071,PO-ESG-1085,AUD,22802.18,EXPORT,ESG spend - Supplier ESG premium,SAP
TXN006280,2026-06-17,2026-06-14,2026-06,NZL01,6000,,NSW,Climate Active Advisor,BOB-ESG-0072,PO-ESG-4137,NZD,20090.07,GST-FREE,ESG spend - Renewable sourcing premium,Manual Entry
TXN006281,2026-06-05,2026-06-04,2026-06,NZL01,5600,,QLD,Origin Energy,BOB-ESG-0073,PO-ESG-6903,USD,105832.2,GST-FREE,ESG spend - Waste reduction,SAP
TXN006282,2026-06-17,2026-06-10,2026-06,PNG01,5300,,HR,Bureau Veritas,BOB-ESG-0074,PO-ESG-8109,USD,78249.05,EXPORT,ESG spend - Carbon offsets,Manual Entry
TXN006283,2026-06-21,2026-06-16,2026-06,PNG01,6010,,MKT,Sustainable Packaging Co,BOB-ESG-0075,PO-ESG-3584,AUD,60903.27,GST-FREE,ESG spend - Sustainable packaging,Oracle
TXN006284,2026-06-17,2026-06-12,2026-06,AUS01,5300,,OPS,Climate Active Advisor,BOB-ESG-0076,PO-ESG-3043,NZD,104976.36,INPUT,ESG spend - Carbon offsets,Oracle
TXN006285,2026-06-12,2026-06-09,2026-06,AUS01,5110,,MKT,Green Freight,BOB-ESG-0077,PO-ESG-8774,USD,102728.98,GST-FREE,ESG spend - Energy usage,API Import
TXN006286,2026-06-19,2026-06-15,2026-06,FJI01,5300,,NSW,Energy Australia,BOB-ESG-0078,PO-ESG-5338,GBP,42782.44,GST,ESG spend - Carbon offsets,SAP
TXN006287,2026-06-13,2026-06-10,2026-06,PNG01,6010,,NSW,EcoVadis,BOB-ESG-0079,PO-ESG-7490,AUD,24985.24,GST,ESG spend - Supplier ESG premium,API Import
TXN006288,2026-06-11,2026-06-08,2026-06,AUS01,5600,,QLD,EcoVadis,BOB-ESG-0080,PO-ESG-8701,USD,32314.81,GST-FREE,ESG spend - Waste reduction,Manual Entry
TXN006289,2026-06-30,2026-06-25,2026-06,NZL01,5300,,WA,Carbon Neutral Pty Ltd,BOB-ESG-0081,PO-ESG-7707,AUD,20124.12,EXPORT,ESG spend - Carbon offsets,API Import
TXN006290,2026-06-20,2026-06-16,2026-06,AUS01,5600,,QLD,EcoVadis,BOB-ESG-0082,PO-ESG-5054,USD,10950.02,INPUT,ESG spend - Waste reduction,Oracle
TXN006291,2026-06-25,2026-06-18,2026-06,AUS01,6010,,NT,Origin Energy,BOB-ESG-0083,PO-ESG-2253,NZD,40493.82,GST-FREE,ESG spend - Sustainable packaging,Oracle
TXN006292,2026-06-27,2026-06-21,2026-06,FJI01,5400,,WA,Energy Australia,BOB-ESG-0084,PO-ESG-6197,GBP,89812.47,GST-FREE,ESG spend - Fleet emissions,Manual Entry
TXN006293,2026-06-08,2026-06-06,2026-06,FJI01,6010,,ACT,Green Freight,BOB-ESG-0085,PO-ESG-6926,NZD,61003.17,GST,ESG spend - Sustainable packaging,Manual Entry
TXN006294,2026-06-28,2026-06-26,2026-06,AUS01,6010,,VIC,Climate Active Advisor,BOB-ESG-0086,PO-ESG-8801,USD,62014.93,EXPORT,ESG spend - Sustainable packaging,Workday
TXN006295,2026-06-04,2026-06-03,2026-06,FJI01,6010,,HR,Bureau Veritas,BOB-ESG-0087,PO-ESG-1855,AUD,39101.95,GST,ESG spend - Sustainable packaging,API Import
TXN006296,2026-06-01,2026-02-28,2026-06,NZL01,5320,,VIC,Sustainable Packaging Co,BOB-ESG-0088,PO-ESG-2045,NZD,84205.08,GST-FREE,ESG spend - Compliance assurance,Workday
TXN006297,2026-06-25,2026-06-23,2026-06,FJI01,5110,,ACT,EcoVadis,BOB-ESG-0089,PO-ESG-1439,USD,79663.14,GST,ESG spend - Energy usage,Workday
TXN006298,2026-06-13,2026-06-10,2026-06,NZL01,6010,,R&D,Carbon Neutral Pty Ltd,BOB-ESG-0090,PO-ESG-3606,USD,59272.98,GST-FREE,ESG spend - Supplier ESG premium,Oracle
TXN006299,2026-06-11,2026-06-08,2026-06,PNG01,6010,,FIN,EcoVadis,BOB-ESG-0091,PO-ESG-5626,GBP,14050.53,GST-FREE,ESG spend - Sustainable packaging,Manual Entry
TXN006300,2026-06-20,2026-06-15,2026-06,PNG01,6010,,VIC,Energy Australia,BOB-ESG-0092,PO-ESG-1538,GBP,58317.13,INPUT,ESG spend - Sustainable packaging,Manual Entry
TXN006301,2026-06-13,2026-06-10,2026-06,AUS01,5400,,ACT,Carbon Neutral Pty Ltd,BOB-ESG-0093,PO-ESG-2830,USD,81510.85,INPUT,ESG spend - Fleet emissions,Manual Entry
TXN006302,2026-06-25,2026-06-20,2026-06,FJI01,5600,,QLD,Climate Active Advisor,BOB-ESG-0094,PO-ESG-8274,USD,41886.09,INPUT,ESG spend - Waste reduction,Oracle
TXN006303,2026-06-26,2026-06-20,2026-06,FJI01,6010,,CORP,Bureau Veritas,BOB-ESG-0095,PO-ESG-1271,GBP,17470.87,GST-FREE,ESG spend - Supplier ESG premium,Workday
TXN006304,2026-06-14,2026-06-10,2026-06,AUS01,5400,,QLD,Climate Active Advisor,BOB-ESG-0096,PO-ESG-2222,AUD,11467.07,GST-FREE,ESG spend - Fleet emissions,SAP
TXN006305,2026-06-29,2026-06-22,2026-06,AUS01,5600,,TAS,Sustainable Packaging Co,BOB-ESG-0097,PO-ESG-2023,AUD,86801.81,INPUT,ESG spend - Waste reduction,SAP
TXN006306,2026-06-13,2026-06-08,2026-06,NZL01,5300,,CORP,Sustainable Packaging Co,BOB-ESG-0098,PO-ESG-8996,AUD,108673.03,GST,ESG spend - Carbon offsets,API Import
TXN006307,2026-06-25,2026-06-24,2026-06,NZL01,5400,,CORP,Sustainable Packaging Co,BOB-ESG-0099,PO-ESG-1233,AUD,116629.0,GST-FREE,ESG spend - Fleet emissions,API Import
TXN006308,2026-06-07,2026-06-05,2026-06,AUS01,6010,,WA,Bureau Veritas,BOB-ESG-0100,PO-ESG-5564,USD,104073.23,GST-FREE,ESG spend - Sustainable packaging,Workday
TXN006309,2026-06-30,2026-06-29,2026-06,PNG01,6000,,WA,Climate Active Advisor,BOB-ESG-0101,PO-ESG-6702,AUD,63379.06,GST-FREE,ESG spend - Renewable sourcing premium,Manual Entry
TXN006310,2026-06-06,2026-06-01,2026-06,NZL01,5600,,CORP,Sustainable Packaging Co,BOB-ESG-0102,PO-ESG-6010,USD,109018.39,INPUT,ESG spend - Waste reduction,Workday
TXN006311,2026-06-05,2026-02-26,2026-06,FJI01,6010,,IT,EcoVadis,BOB-ESG-0103,PO-ESG-6394,AUD,22375.55,GST,ESG spend - Sustainable packaging,SAP
TXN006312,2026-06-23,2026-06-22,2026-06,NZL01,5110,,IT,Sustainable Packaging Co,BOB-ESG-0104,PO-ESG-3110,USD,41962.17,GST-FREE,ESG spend - Energy usage,SAP
TXN006313,2026-06-19,2026-06-12,2026-06,NZL01,5320,,TAS,Carbon Neutral Pty Ltd,BOB-ESG-0105,PO-ESG-7570,NZD,11763.54,GST,ESG spend - Compliance assurance,SAP
TXN006314,2026-06-26,2026-06-20,2026-06,AUS01,6000,,ACT,Energy Australia,BOB-ESG-0106,PO-ESG-3286,USD,99884.23,GST,ESG spend - Renewable sourcing premium,SAP
TXN006315,2026-06-25,2026-06-24,2026-06,AUS01,5300,,OPS,Sustainable Packaging Co,BOB-ESG-0107,PO-ESG-2142,GBP,49954.8,GST-FREE,ESG spend - Carbon offsets,API Import
TXN006316,2026-06-05,2026-06-02,2026-06,NZL01,5300,,VIC,Climate Active Advisor,BOB-ESG-0108,PO-ESG-8746,USD,108874.17,EXPORT,ESG spend - Carbon offsets,Workday
TXN006317,2026-06-23,2026-06-18,2026-06,PNG01,6010,,FIN,Energy Australia,BOB-ESG-0109,PO-ESG-6565,NZD,42066.19,INPUT,ESG spend - Supplier ESG premium,API Import
TXN006318,2026-06-30,2026-06-25,2026-06,AUS01,5320,,NT,Sustainable Packaging Co,BOB-ESG-0110,PO-ESG-6222,NZD,64260.99,EXPORT,ESG spend - Compliance assurance,Oracle
TXN006319,2026-06-27,2026-06-22,2026-06,NZL01,6010,,TAS,Energy Australia,BOB-ESG-0111,PO-ESG-2500,AUD,65734.78,GST,ESG spend - Sustainable packaging,Manual Entry
TXN006320,2026-06-15,2026-06-11,2026-06,AUS01,5600,,IT,Carbon Neutral Pty Ltd,BOB-ESG-0112,PO-ESG-5178,AUD,13875.17,GST-FREE,ESG spend - Waste reduction,Oracle
TXN006321,2026-06-03,2026-02-25,2026-06,FJI01,5400,,NT,Climate Active Advisor,BOB-ESG-0113,PO-ESG-2658,GBP,49772.55,GST,ESG spend - Fleet emissions,API Import
TXN006322,2026-06-29,2026-06-23,2026-06,PNG01,6010,,TAS,Carbon Neutral Pty Ltd,BOB-ESG-0114,PO-ESG-9322,GBP,93776.35,GST,ESG spend - Supplier ESG premium,Workday
TXN006323,2026-06-29,2026-06-22,2026-06,PNG01,5600,,CORP,Climate Active Advisor,BOB-ESG-0115,PO-ESG-2157,NZD,35837.58,GST-FREE,ESG spend - Waste reduction,Oracle
TXN006324,2026-06-11,2026-06-10,2026-06,AUS01,5300,,CORP,Carbon Neutral Pty Ltd,BOB-ESG-0116,PO-ESG-4000,NZD,8250.67,GST,ESG spend - Carbon offsets,Workday
TXN006325,2026-06-21,2026-06-19,2026-06,PNG01,5320,,SA,Origin Energy,BOB-ESG-0117,PO-ESG-4061,AUD,105221.64,GST-FREE,ESG spend - Compliance assurance,SAP
TXN006326,2026-06-21,2026-06-16,2026-06,FJI01,5600,,IT,Green Freight,BOB-ESG-0118,PO-ESG-5525,AUD,89789.36,GST-FREE,ESG spend - Waste reduction,Workday
TXN006327,2026-06-28,2026-06-23,2026-06,PNG01,5400,,CORP,Sustainable Packaging Co,BOB-ESG-0119,PO-ESG-7403,GBP,58815.77,GST-FREE,ESG spend - Fleet emissions,Workday
TXN006328,2026-06-28,2026-06-21,2026-06,PNG01,5110,,IT,Sustainable Packaging Co,BOB-ESG-0120,PO-ESG-2131,USD,100095.4,GST,ESG spend - Energy usage,Manual Entry
TXN006329,2026-06-13,2026-06-06,2026-06,PNG01,5320,,R&D,Energy Australia,BOB-ESG-0121,PO-ESG-1370,GBP,4934.02,INPUT,ESG spend - Compliance assurance,SAP
TXN006330,2026-06-17,2026-06-14,2026-06,AUS01,5320,,OPS,Climate Active Advisor,BOB-ESG-0122,PO-ESG-5936,AUD,115645.4,GST,ESG spend - Compliance assurance,Manual Entry
TXN006331,2026-06-02,2026-02-25,2026-06,PNG01,6010,,NSW,EcoVadis,BOB-ESG-0123,PO-ESG-6353,AUD,87086.39,GST,ESG spend - Supplier ESG premium,Manual Entry
TXN006332,2026-06-14,2026-06-10,2026-06,AUS01,5400,,QLD,Sustainable Packaging Co,BOB-ESG-0124,PO-ESG-2833,AUD,117395.25,GST,ESG spend - Fleet emissions,Workday
TXN006333,2026-06-25,2026-06-20,2026-06,FJI01,5320,,OPS,Energy Australia,BOB-ESG-0125,PO-ESG-4367,NZD,30635.7,INPUT,ESG spend - Compliance assurance,Oracle
TXN006334,2026-06-21,2026-06-14,2026-06,PNG01,6010,,NT,Carbon Neutral Pty Ltd,BOB-ESG-0126,PO-ESG-1458,AUD,68752.18,GST,ESG spend - Sustainable packaging,SAP
TXN006335,2026-06-27,2026-06-23,2026-06,NZL01,6010,,TAS,Green Freight,BOB-ESG-0127,PO-ESG-2613,GBP,86712.08,GST,ESG spend - Supplier ESG premium,Manual Entry
TXN006336,2026-06-11,2026-06-10,2026-06,FJI01,6000,,CORP,Bureau Veritas,BOB-ESG-0128,PO-ESG-9428,AUD,4500.75,GST-FREE,ESG spend - Renewable sourcing premium,API Import
TXN006337,2026-06-16,2026-06-15,2026-06,NZL01,5110,,NT,Bureau Veritas,BOB-ESG-0129,PO-ESG-8427,GBP,55176.05,GST,ESG spend - Energy usage,Workday
TXN006338,2026-06-28,2026-06-23,2026-06,AUS01,6010,,VIC,Climate Active Advisor,BOB-ESG-0130,PO-ESG-6291,AUD,33544.66,INPUT,ESG spend - Supplier ESG premium,Oracle
TXN006339,2026-06-30,2026-06-24,2026-06,AUS01,5300,,QLD,Climate Active Advisor,BOB-ESG-0131,PO-ESG-3540,NZD,65628.83,GST,ESG spend - Carbon offsets,Manual Entry
TXN006340,2026-06-22,2026-06-19,2026-06,NZL01,5110,,QLD,Climate Active Advisor,BOB-ESG-0132,PO-ESG-1698,AUD,8015.88,EXPORT,ESG spend - Energy usage,SAP
TXN006341,2026-06-25,2026-06-24,2026-06,NZL01,5320,,IT,Climate Active Advisor,BOB-ESG-0133,PO-ESG-2002,AUD,17753.18,EXPORT,ESG spend - Compliance assurance,Manual Entry
TXN006342,2026-06-28,2026-06-21,2026-06,PNG01,5110,,ACT,Carbon Neutral Pty Ltd,BOB-ESG-0134,PO-ESG-6393,USD,24140.76,GST-FREE,ESG spend - Energy usage,Oracle
TXN006343,2026-06-22,2026-06-15,2026-06,PNG01,5600,,FIN,Climate Active Advisor,BOB-ESG-0135,PO-ESG-4260,GBP,15174.35,GST,ESG spend - Waste reduction,Workday
TXN006344,2026-06-06,2026-06-02,2026-06,AUS01,6000,,VIC,Origin Energy,BOB-ESG-0136,PO-ESG-8663,GBP,86860.4,EXPORT,ESG spend - Renewable sourcing premium,API Import
TXN006345,2026-06-12,2026-06-07,2026-06,AUS01,6000,,TAS,Green Freight,BOB-ESG-0137,PO-ESG-3333,GBP,88289.15,INPUT,ESG spend - Renewable sourcing premium,Oracle
TXN006346,2026-06-28,2026-06-27,2026-06,NZL01,6000,,VIC,Sustainable Packaging Co,BOB-ESG-0138,PO-ESG-1926,NZD,110415.26,EXPORT,ESG spend - Renewable sourcing premium,Manual Entry
TXN006347,2026-06-24,2026-06-20,2026-06,PNG01,5110,,TAS,Bureau Veritas,BOB-ESG-0139,PO-ESG-2631,GBP,11474.35,EXPORT,ESG spend - Energy usage,Oracle
TXN006348,2026-06-23,2026-06-19,2026-06,AUS01,6010,,WA,EcoVadis,BOB-ESG-0140,PO-ESG-1024,GBP,55596.36,EXPORT,ESG spend - Supplier ESG premium,Oracle
TXN006349,2026-06-17,2026-06-12,2026-06,FJI01,6010,,SA,Climate Active Advisor,BOB-ESG-0141,PO-ESG-8824,USD,102681.13,GST,ESG spend - Sustainable packaging,SAP
TXN006350,2026-06-15,2026-06-10,2026-06,AUS01,5400,,NT,EcoVadis,BOB-ESG-0142,PO-ESG-4286,USD,47872.57,GST,ESG spend - Fleet emissions,SAP
TXN006351,2026-06-02,2026-02-23,2026-06,NZL01,5320,,MKT,Origin Energy,BOB-ESG-0143,PO-ESG-5409,USD,76488.35,GST,ESG spend - Compliance assurance,SAP
TXN006352,2026-06-30,2026-06-23,2026-06,NZL01,5600,,OPS,EcoVadis,BOB-ESG-0144,PO-ESG-7672,NZD,97049.19,GST-FREE,ESG spend - Waste reduction,SAP
TXN006353,2026-06-24,2026-06-22,2026-06,AUS01,6010,,IT,Bureau Veritas,BOB-ESG-0145,PO-ESG-9314,AUD,97189.24,GST,ESG spend - Sustainable packaging,Oracle
TXN006354,2026-06-31,2026-06-29,2026-06,PNG01,6010,,IT,Carbon Neutral Pty Ltd,BOB-ESG-0146,PO-ESG-6102,AUD,27044.54,INPUT,ESG spend - Sustainable packaging,Manual Entry
TXN006355,2026-06-11,2026-06-08,2026-06,PNG01,5320,,ACT,Green Freight,BOB-ESG-0147,PO-ESG-9713,GBP,52206.06,GST-FREE,ESG spend - Compliance assurance,SAP
TXN006356,2026-06-12,2026-06-10,2026-06,AUS01,5400,,R&D,Climate Active Advisor,BOB-ESG-0148,PO-ESG-2560,GBP,82564.17,GST-FREE,ESG spend - Fleet emissions,Oracle
TXN006357,2026-06-26,2026-06-20,2026-06,PNG01,5300,,R&D,Carbon Neutral Pty Ltd,BOB-ESG-0149,PO-ESG-1820,USD,58190.22,INPUT,ESG spend - Carbon offsets,SAP
TXN006358,2026-06-22,2026-06-21,2026-06,AUS01,5110,,SA,Carbon Neutral Pty Ltd,BOB-ESG-0150,PO-ESG-1555,USD,10357.8,INPUT,ESG spend - Energy usage,Workday
TXN006359,2026-06-17,2026-06-16,2026-06,AUS01,5600,,QLD,Energy Australia,BOB-ESG-0151,PO-ESG-2396,USD,61977.43,INPUT,ESG spend - Waste reduction,Oracle
TXN006360,2026-06-09,2026-06-06,2026-06,NZL01,6010,,TAS,Origin Energy,BOB-ESG-0152,PO-ESG-5878,AUD,60818.06,GST,ESG spend - Sustainable packaging,API Import
TXN006361,2026-06-23,2026-06-20,2026-06,AUS01,5400,,WA,Origin Energy,BOB-ESG-0153,PO-ESG-7195,AUD,92862.82,INPUT,ESG spend - Fleet emissions,SAP
TXN006362,2026-06-12,2026-06-11,2026-06,NZL01,5320,,SA,Green Freight,BOB-ESG-0154,PO-ESG-6439,AUD,18508.8,INPUT,ESG spend - Compliance assurance,SAP
TXN006363,2026-06-06,2026-02-27,2026-06,FJI01,6010,,FIN,Energy Australia,BOB-ESG-0155,PO-ESG-1509,USD,91813.01,GST-FREE,ESG spend - Sustainable packaging,Oracle
TXN006364,2026-06-09,2026-06-03,2026-06,NZL01,5110,,FIN,Carbon Neutral Pty Ltd,BOB-ESG-0156,PO-ESG-6870,USD,118119.9,INPUT,ESG spend - Energy usage,Oracle
TXN006365,2026-06-20,2026-06-15,2026-06,PNG01,5600,,SA,Bureau Veritas,BOB-ESG-0157,PO-ESG-8675,GBP,6434.45,GST,ESG spend - Waste reduction,Manual Entry
TXN006366,2026-06-19,2026-06-14,2026-06,AUS01,6000,,OPS,Green Freight,BOB-ESG-0158,PO-ESG-4065,GBP,99983.32,INPUT,ESG spend - Renewable sourcing premium,API Import
TXN006367,2026-06-21,2026-06-17,2026-06,NZL01,5320,,FIN,Carbon Neutral Pty Ltd,BOB-ESG-0159,PO-ESG-8502,GBP,63073.74,INPUT,ESG spend - Compliance assurance,Oracle
TXN006368,2026-06-12,2026-06-09,2026-06,AUS01,6010,,FIN,Energy Australia,BOB-ESG-0160,PO-ESG-2604,AUD,56031.73,INPUT,ESG spend - Sustainable packaging,SAP
TXN006369,2026-06-27,2026-06-20,2026-06,AUS01,5400,,FIN,EcoVadis,BOB-ESG-0161,PO-ESG-2758,AUD,81790.9,EXPORT,ESG spend - Fleet emissions,API Import
TXN006370,2026-06-13,2026-06-06,2026-06,AUS01,5400,,NSW,Origin Energy,BOB-ESG-0162,PO-ESG-7784,AUD,70918.98,INPUT,ESG spend - Fleet emissions,Oracle
TXN006371,2026-06-18,2026-06-11,2026-06,AUS01,5400,,ACT,Energy Australia,BOB-ESG-0163,PO-ESG-9187,NZD,53963.86,GST-FREE,ESG spend - Fleet emissions,Oracle
TXN006372,2026-06-31,2026-06-30,2026-06,FJI01,6010,,FIN,Energy Australia,BOB-ESG-0164,PO-ESG-2117,GBP,32995.53,EXPORT,ESG spend - Supplier ESG premium,API Import
TXN006373,2026-06-29,2026-06-28,2026-06,AUS01,5110,,NT,EcoVadis,BOB-ESG-0165,PO-ESG-8834,AUD,88900.73,GST-FREE,ESG spend - Energy usage,Workday
TXN006374,2026-06-31,2026-06-28,2026-06,PNG01,6000,,NSW,EcoVadis,BOB-ESG-0166,PO-ESG-1799,GBP,109669.17,GST,ESG spend - Renewable sourcing premium,Manual Entry
TXN006375,2026-06-17,2026-06-11,2026-06,AUS01,6010,,SA,Sustainable Packaging Co,BOB-ESG-0167,PO-ESG-1748,USD,42435.93,EXPORT,ESG spend - Supplier ESG premium,API Import
TXN006376,2026-06-10,2026-06-05,2026-06,FJI01,5110,,R&D,Carbon Neutral Pty Ltd,BOB-ESG-0168,PO-ESG-4326,NZD,4110.72,EXPORT,ESG spend - Energy usage,API Import
TXN006377,2026-06-16,2026-06-11,2026-06,NZL01,5400,,ACT,EcoVadis,BOB-ESG-0169,PO-ESG-8008,GBP,56052.04,GST-FREE,ESG spend - Fleet emissions,Manual Entry
TXN006378,2026-06-16,2026-06-14,2026-06,PNG01,6010,,CORP,Bureau Veritas,BOB-ESG-0170,PO-ESG-8786,USD,91482.64,INPUT,ESG spend - Sustainable packaging,SAP
TXN006379,2026-06-12,2026-06-07,2026-06,AUS01,5600,,CORP,Climate Active Advisor,BOB-ESG-0171,PO-ESG-9950,NZD,11273.74,EXPORT,ESG spend - Waste reduction,Workday
TXN006380,2026-06-09,2026-06-06,2026-06,PNG01,6000,,WA,Climate Active Advisor,BOB-ESG-0172,PO-ESG-6990,AUD,69010.87,EXPORT,ESG spend - Renewable sourcing premium,Manual Entry
TXN006381,2026-06-03,2026-02-26,2026-06,NZL01,5110,,HR,Climate Active Advisor,BOB-ESG-0173,PO-ESG-2249,USD,43058.99,EXPORT,ESG spend - Energy usage,Workday
TXN006382,2026-06-28,2026-06-23,2026-06,FJI01,5400,,HR,Bureau Veritas,BOB-ESG-0174,PO-ESG-8445,USD,106709.02,GST-FREE,ESG spend - Fleet emissions,Oracle
TXN006383,2026-06-24,2026-06-23,2026-06,NZL01,6000,,NT,Origin Energy,BOB-ESG-0175,PO-ESG-1001,NZD,3168.36,EXPORT,ESG spend - Renewable sourcing premium,Workday
TXN006384,2026-06-02,2026-02-28,2026-06,PNG01,6000,,ACT,Sustainable Packaging Co,BOB-ESG-0176,PO-ESG-3214,USD,54469.05,INPUT,ESG spend - Renewable sourcing premium,Workday
TXN006385,2026-06-26,2026-06-24,2026-06,AUS01,5110,,NT,Carbon Neutral Pty Ltd,BOB-ESG-0177,PO-ESG-8063,USD,48467.81,GST,ESG spend - Energy usage,Manual Entry
TXN006386,2026-06-28,2026-06-21,2026-06,PNG01,6010,,TAS,Carbon Neutral Pty Ltd,BOB-ESG-0178,PO-ESG-7924,GBP,16216.33,EXPORT,ESG spend - Sustainable packaging,SAP
TXN006387,2026-06-14,2026-06-13,2026-06,FJI01,5400,,SA,Origin Energy,BOB-ESG-0179,PO-ESG-5958,GBP,27766.69,GST-FREE,ESG spend - Fleet emissions,API Import
TXN006388,2026-06-06,2026-06-01,2026-06,PNG01,5320,,R&D,Green Freight,BOB-ESG-0180,PO-ESG-3215,NZD,60624.07,GST-FREE,ESG spend - Compliance assurance,API Import
TXN006389,2026-06-20,2026-06-16,2026-06,NZL01,5320,,FIN,Energy Australia,BOB-ESG-0181,PO-ESG-3697,GBP,78521.81,GST,ESG spend - Compliance assurance,API Import
TXN006390,2026-06-02,2026-02-24,2026-06,NZL01,5400,,ACT,Sustainable Packaging Co,BOB-ESG-0182,PO-ESG-7179,GBP,86341.43,INPUT,ESG spend - Fleet emissions,Oracle
TXN006391,2026-06-19,2026-06-15,2026-06,PNG01,6000,,HR,Green Freight,BOB-ESG-0183,PO-ESG-6163,GBP,94673.66,INPUT,ESG spend - Renewable sourcing premium,API Import
TXN006392,2026-06-23,2026-06-19,2026-06,NZL01,5600,,TAS,Green Freight,BOB-ESG-0184,PO-ESG-2752,GBP,101497.93,GST,ESG spend - Waste reduction,Oracle
TXN006393,2026-06-24,2026-06-23,2026-06,AUS01,5110,,NSW,Climate Active Advisor,BOB-ESG-0185,PO-ESG-1725,AUD,36217.51,INPUT,ESG spend - Energy usage,Oracle
TXN006394,2026-06-30,2026-06-24,2026-06,FJI01,5300,,TAS,Carbon Neutral Pty Ltd,BOB-ESG-0186,PO-ESG-8962,NZD,103707.29,GST-FREE,ESG spend - Carbon offsets,Workday
TXN006395,2026-06-15,2026-06-08,2026-06,AUS01,6000,,NSW,Carbon Neutral Pty Ltd,BOB-ESG-0187,PO-ESG-5902,AUD,59065.68,INPUT,ESG spend - Renewable sourcing premium,Oracle
TXN006396,2026-06-29,2026-06-28,2026-06,AUS01,5110,,FIN,Origin Energy,BOB-ESG-0188,PO-ESG-5667,NZD,96980.72,GST,ESG spend - Energy usage,SAP
TXN006397,2026-06-14,2026-06-10,2026-06,AUS01,6010,,NSW,Climate Active Advisor,BOB-ESG-0189,PO-ESG-8601,NZD,102723.74,INPUT,ESG spend - Supplier ESG premium,API Import
TXN006398,2026-06-01,2026-02-28,2026-06,AUS01,6000,,FIN,Bureau Veritas,BOB-ESG-0190,PO-ESG-1317,NZD,51094.18,INPUT,ESG spend - Renewable sourcing premium,Manual Entry
TXN006399,2026-06-31,2026-06-25,2026-06,PNG01,5300,,MKT,Climate Active Advisor,BOB-ESG-0191,PO-ESG-8114,AUD,23758.34,EXPORT,ESG spend - Carbon offsets,API Import
TXN006400,2026-06-22,2026-06-17,2026-06,AUS01,6000,,TAS,Green Freight,BOB-ESG-0192,PO-ESG-2774,USD,14670.78,INPUT,ESG spend - Renewable sourcing premium,Oracle
TXN006401,2026-06-31,2026-06-30,2026-06,PNG01,6010,,MKT,Climate Active Advisor,BOB-ESG-0193,PO-ESG-7259,AUD,101391.42,INPUT,ESG spend - Sustainable packaging,Oracle
TXN006402,2026-06-13,2026-06-08,2026-06,PNG01,5320,,VIC,EcoVadis,BOB-ESG-0194,PO-ESG-4917,AUD,82671.4,GST-FREE,ESG spend - Compliance assurance,Manual Entry
TXN006403,2026-06-24,2026-06-19,2026-06,NZL01,5300,,OPS,Green Freight,BOB-ESG-0195,PO-ESG-3774,USD,11291.61,GST-FREE,ESG spend - Carbon offsets,SAP
TXN006404,2026-06-14,2026-06-11,2026-06,AUS01,5300,,CORP,Green Freight,BOB-ESG-0196,PO-ESG-1159,AUD,33847.9,GST-FREE,ESG spend - Carbon offsets,SAP
TXN006405,2026-06-03,2026-02-24,2026-06,AUS01,5400,,WA,Climate Active Advisor,BOB-ESG-0197,PO-ESG-3631,GBP,76904.41,GST,ESG spend - Fleet emissions,Workday
TXN006406,2026-06-14,2026-06-08,2026-06,AUS01,6000,,ACT,Energy Australia,BOB-ESG-0198,PO-ESG-4681,AUD,46720.6,EXPORT,ESG spend - Renewable sourcing premium,Oracle
TXN006407,2026-06-23,2026-06-16,2026-06,PNG01,5600,,CORP,EcoVadis,BOB-ESG-0199,PO-ESG-9220,GBP,42487.71,GST-FREE,ESG spend - Waste reduction,SAP
TXN006408,2026-06-10,2026-06-06,2026-06,NZL01,5110,,OPS,EcoVadis,BOB-ESG-0200,PO-ESG-9602,AUD,96565.75,EXPORT,ESG spend - Energy usage,Workday
TXN006409,2026-06-28,2026-06-26,2026-06,AUS01,6010,,R&D,Origin Energy,BOB-ESG-0201,PO-ESG-7291,USD,21615.98,INPUT,ESG spend - Sustainable packaging,Oracle
TXN006410,2026-06-19,2026-06-17,2026-06,FJI01,6010,,MKT,Origin Energy,BOB-ESG-0202,PO-ESG-8792,GBP,4161.51,INPUT,ESG spend - Sustainable packaging,Workday
TXN006411,2026-06-16,2026-06-09,2026-06,NZL01,5600,,MKT,EcoVadis,BOB-ESG-0203,PO-ESG-7490,NZD,102697.68,GST,ESG spend - Waste reduction,API Import
TXN006412,2026-06-13,2026-06-09,2026-06,NZL01,5600,,SA,Green Freight,BOB-ESG-0204,PO-ESG-6371,USD,11136.78,GST-FREE,ESG spend - Waste reduction,Oracle
TXN006413,2026-06-21,2026-06-19,2026-06,NZL01,6010,,OPS,EcoVadis,BOB-ESG-0205,PO-ESG-1838,AUD,95678.12,INPUT,ESG spend - Supplier ESG premium,API Import
TXN006414,2026-06-31,2026-06-28,2026-06,FJI01,6010,,HR,EcoVadis,BOB-ESG-0206,PO-ESG-6030,GBP,58696.46,GST-FREE,ESG spend - Supplier ESG premium,API Import
TXN006415,2026-06-19,2026-06-12,2026-06,FJI01,5320,,WA,EcoVadis,BOB-ESG-0207,PO-ESG-2842,NZD,101456.3,INPUT,ESG spend - Compliance assurance,Manual Entry
TXN006416,2026-06-13,2026-06-09,2026-06,NZL01,5320,,SA,Bureau Veritas,BOB-ESG-0208,PO-ESG-4908,GBP,17072.21,INPUT,ESG spend - Compliance assurance,API Import
TXN006417,2026-06-04,2026-02-27,2026-06,NZL01,5110,,TAS,Climate Active Advisor,BOB-ESG-0209,PO-ESG-4056,USD,56131.78,EXPORT,ESG spend - Energy usage,SAP
TXN006418,2026-06-01,2026-02-26,2026-06,FJI01,6010,,WA,Bureau Veritas,BOB-ESG-0210,PO-ESG-9927,AUD,51027.36,GST,ESG spend - Sustainable packaging,API Import
TXN006419,2026-06-25,2026-06-19,2026-06,NZL01,6000,,IT,EcoVadis,BOB-ESG-0211,PO-ESG-7422,GBP,30886.55,EXPORT,ESG spend - Renewable sourcing premium,SAP
TXN006420,2026-06-05,2026-06-03,2026-06,NZL01,6010,,NSW,Carbon Neutral Pty Ltd,BOB-ESG-0212,PO-ESG-3321,GBP,110993.94,GST-FREE,ESG spend - Sustainable packaging,Oracle
TXN006421,2026-06-04,2026-02-27,2026-06,PNG01,5300,,ACT,Energy Australia,BOB-ESG-0213,PO-ESG-9813,NZD,17343.48,INPUT,ESG spend - Carbon offsets,API Import
TXN006422,2026-06-19,2026-06-16,2026-06,AUS01,5110,,QLD,EcoVadis,BOB-ESG-0214,PO-ESG-3456,AUD,39002.26,GST-FREE,ESG spend - Energy usage,Manual Entry
TXN006423,2026-06-29,2026-06-26,2026-06,FJI01,6010,,NT,Sustainable Packaging Co,BOB-ESG-0215,PO-ESG-2567,GBP,58815.07,EXPORT,ESG spend - Sustainable packaging,SAP
TXN006424,2026-06-21,2026-06-18,2026-06,NZL01,5320,,MKT,EcoVadis,BOB-ESG-0216,PO-ESG-7575,AUD,22595.56,EXPORT,ESG spend - Compliance assurance,Oracle
TXN006425,2026-06-13,2026-06-10,2026-06,AUS01,6010,,ACT,Sustainable Packaging Co,BOB-ESG-0217,PO-ESG-4232,NZD,9005.37,EXPORT,ESG spend - Sustainable packaging,Manual Entry
TXN006426,2026-06-30,2026-06-26,2026-06,NZL01,5300,,TAS,Bureau Veritas,BOB-ESG-0218,PO-ESG-3839,GBP,109517.28,GST-FREE,ESG spend - Carbon offsets,Workday
TXN006427,2026-06-16,2026-06-11,2026-06,NZL01,5600,,IT,Green Freight,BOB-ESG-0219,PO-ESG-9390,USD,85744.32,GST-FREE,ESG spend - Waste reduction,Workday
TXN006428,2026-06-14,2026-06-08,2026-06,FJI01,5110,,FIN,Energy Australia,BOB-ESG-0220,PO-ESG-4437,NZD,19388.98,INPUT,ESG spend - Energy usage,Oracle
TXN006429,2026-06-06,2026-06-02,2026-06,AUS01,6010,,VIC,Bureau Veritas,BOB-ESG-0221,PO-ESG-8714,GBP,86422.38,INPUT,ESG spend - Supplier ESG premium,SAP
TXN006430,2026-06-04,2026-02-26,2026-06,PNG01,6000,,WA,Bureau Veritas,BOB-ESG-0222,PO-ESG-2333,GBP,105306.26,GST,ESG spend - Renewable sourcing premium,API Import
TXN006431,2026-06-28,2026-06-26,2026-06,FJI01,5300,,OPS,Origin Energy,BOB-ESG-0223,PO-ESG-7675,USD,16803.46,EXPORT,ESG spend - Carbon offsets,SAP
TXN006432,2026-06-30,2026-06-27,2026-06,AUS01,5600,,ACT,Origin Energy,BOB-ESG-0224,PO-ESG-8957,AUD,24664.74,GST,ESG spend - Waste reduction,Workday
TXN006433,2026-06-31,2026-06-30,2026-06,NZL01,5320,,FIN,Bureau Veritas,BOB-ESG-0225,PO-ESG-4314,NZD,85671.05,GST-FREE,ESG spend - Compliance assurance,Workday
TXN006434,2026-06-19,2026-06-15,2026-06,AUS01,6010,,NSW,EcoVadis,BOB-ESG-0226,PO-ESG-3672,AUD,47401.25,INPUT,ESG spend - Supplier ESG premium,Workday
TXN006435,2026-06-31,2026-06-28,2026-06,FJI01,5400,,QLD,Bureau Veritas,BOB-ESG-0227,PO-ESG-6163,NZD,94564.51,GST,ESG spend - Fleet emissions,Oracle
TXN006436,2026-06-02,2026-06-01,2026-06,NZL01,6000,,IT,Origin Energy,BOB-ESG-0228,PO-ESG-2337,GBP,113179.03,GST,ESG spend - Renewable sourcing premium,API Import
TXN006437,2026-06-16,2026-06-15,2026-06,PNG01,5320,,QLD,EcoVadis,BOB-ESG-0229,PO-ESG-1006,AUD,44290.87,GST-FREE,ESG spend - Compliance assurance,Manual Entry
TXN006438,2026-06-03,2026-02-27,2026-06,PNG01,6010,,NSW,EcoVadis,BOB-ESG-0230,PO-ESG-7339,NZD,36516.93,EXPORT,ESG spend - Supplier ESG premium,Manual Entry
TXN006439,2026-06-09,2026-06-08,2026-06,FJI01,5400,,HR,Bureau Veritas,BOB-ESG-0231,PO-ESG-1644,NZD,9153.8,GST-FREE,ESG spend - Fleet emissions,Manual Entry
TXN006440,2026-06-24,2026-06-19,2026-06,NZL01,5300,,TAS,Sustainable Packaging Co,BOB-ESG-0232,PO-ESG-9011,NZD,103049.97,EXPORT,ESG spend - Carbon offsets,SAP
TXN006441,2026-06-31,2026-06-25,2026-06,AUS01,6010,,R&D,Climate Active Advisor,BOB-ESG-0233,PO-ESG-7541,USD,98201.25,GST,ESG spend - Supplier ESG premium,Workday
TXN006442,2026-06-14,2026-06-11,2026-06,NZL01,6010,,HR,Climate Active Advisor,BOB-ESG-0234,PO-ESG-5551,GBP,106128.08,INPUT,ESG spend - Sustainable packaging,SAP
TXN006443,2026-06-14,2026-06-12,2026-06,NZL01,5110,,MKT,Climate Active Advisor,BOB-ESG-0235,PO-ESG-8173,USD,85200.32,EXPORT,ESG spend - Energy usage,Oracle
TXN006444,2026-06-11,2026-06-07,2026-06,PNG01,5600,,MKT,Origin Energy,BOB-ESG-0236,PO-ESG-6397,GBP,50330.01,EXPORT,ESG spend - Waste reduction,Manual Entry
TXN006445,2026-06-25,2026-06-23,2026-06,NZL01,6010,,IT,Climate Active Advisor,BOB-ESG-0237,PO-ESG-2076,GBP,32433.26,EXPORT,ESG spend - Supplier ESG premium,API Import
TXN006446,2026-06-29,2026-06-28,2026-06,PNG01,6010,,NSW,Energy Australia,BOB-ESG-0238,PO-ESG-2409,AUD,3808.8,INPUT,ESG spend - Sustainable packaging,Workday
TXN006447,2026-06-18,2026-06-17,2026-06,AUS01,6010,,IT,Carbon Neutral Pty Ltd,BOB-ESG-0239,PO-ESG-2259,AUD,44206.33,EXPORT,ESG spend - Supplier ESG premium,Manual Entry
TXN006448,2026-06-07,2026-06-02,2026-06,FJI01,5600,,VIC,Energy Australia,BOB-ESG-0240,PO-ESG-4885,USD,52399.35,EXPORT,ESG spend - Waste reduction,Oracle
TXN006449,2026-06-20,2026-06-16,2026-06,FJI01,6000,,R&D,Energy Australia,BOB-ESG-0241,PO-ESG-1529,USD,88650.17,GST,ESG spend - Renewable sourcing premium,Manual Entry
TXN006450,2026-06-09,2026-06-08,2026-06,AUS01,6010,,VIC,Green Freight,BOB-ESG-0242,PO-ESG-5996,AUD,119463.59,GST-FREE,ESG spend - Sustainable packaging,SAP
TXN006451,2026-06-15,2026-06-10,2026-06,PNG01,5400,,IT,Climate Active Advisor,BOB-ESG-0243,PO-ESG-4118,AUD,9564.08,EXPORT,ESG spend - Fleet emissions,API Import
TXN006452,2026-06-12,2026-06-05,2026-06,PNG01,5400,,FIN,Green Freight,BOB-ESG-0244,PO-ESG-6200,AUD,94679.63,GST,ESG spend - Fleet emissions,API Import
TXN006453,2026-06-08,2026-06-02,2026-06,AUS01,5400,,QLD,Carbon Neutral Pty Ltd,BOB-ESG-0245,PO-ESG-5039,USD,7044.14,GST-FREE,ESG spend - Fleet emissions,Manual Entry
TXN006454,2026-06-30,2026-06-26,2026-06,PNG01,5320,,HR,Climate Active Advisor,BOB-ESG-0246,PO-ESG-6373,NZD,90522.21,GST,ESG spend - Compliance assurance,SAP
TXN006455,2026-06-13,2026-06-10,2026-06,FJI01,6010,,OPS,Green Freight,BOB-ESG-0247,PO-ESG-8847,GBP,43208.62,EXPORT,ESG spend - Sustainable packaging,SAP
TXN006456,2026-06-06,2026-06-01,2026-06,AUS01,5320,,FIN,Green Freight,BOB-ESG-0248,PO-ESG-6972,AUD,68857.66,GST,ESG spend - Compliance assurance,SAP
TXN006457,2026-06-30,2026-06-29,2026-06,NZL01,5110,,R&D,Sustainable Packaging Co,BOB-ESG-0249,PO-ESG-2617,NZD,74100.01,GST,ESG spend - Energy usage,Workday
TXN006458,2026-06-27,2026-06-20,2026-06,AUS01,5400,,TAS,EcoVadis,BOB-ESG-0250,PO-ESG-8853,NZD,69920.92,EXPORT,ESG spend - Fleet emissions,Oracle
TXN006459,2026-06-07,2026-06-03,2026-06,PNG01,5300,,IT,Origin Energy,BOB-ESG-0251,PO-ESG-9102,AUD,18471.75,INPUT,ESG spend - Carbon offsets,Manual Entry
TXN006460,2026-06-05,2026-02-28,2026-06,FJI01,6010,,VIC,EcoVadis,BOB-ESG-0252,PO-ESG-2974,USD,115797.87,GST-FREE,ESG spend - Sustainable packaging,Manual Entry
TXN006461,2026-06-04,2026-06-03,2026-06,AUS01,5110,,VIC,Sustainable Packaging Co,BOB-ESG-0253,PO-ESG-3693,USD,24747.32,INPUT,ESG spend - Energy usage,Oracle
TXN006462,2026-06-13,2026-06-06,2026-06,FJI01,5110,,QLD,Climate Active Advisor,BOB-ESG-0254,PO-ESG-8951,NZD,12458.34,INPUT,ESG spend - Energy usage,SAP
TXN006463,2026-06-20,2026-06-18,2026-06,AUS01,5320,,WA,Green Freight,BOB-ESG-0255,PO-ESG-1234,AUD,111919.07,GST,ESG spend - Compliance assurance,API Import
TXN006464,2026-06-26,2026-06-25,2026-06,AUS01,6010,,TAS,Carbon Neutral Pty Ltd,BOB-ESG-0256,PO-ESG-1448,NZD,34608.64,INPUT,ESG spend - Supplier ESG premium,API Import
TXN006465,2026-06-31,2026-06-29,2026-06,NZL01,5400,,OPS,Origin Energy,BOB-ESG-0257,PO-ESG-5152,AUD,48275.86,GST,ESG spend - Fleet emissions,Manual Entry
TXN006466,2026-06-28,2026-06-24,2026-06,AUS01,6000,,HR,Bureau Veritas,BOB-ESG-0258,PO-ESG-4852,NZD,54924.08,EXPORT,ESG spend - Renewable sourcing premium,Oracle
TXN006467,2026-06-09,2026-06-07,2026-06,PNG01,6000,,CORP,Energy Australia,BOB-ESG-0259,PO-ESG-4727,GBP,22226.35,GST-FREE,ESG spend - Renewable sourcing premium,Workday
TXN006468,2026-06-23,2026-06-17,2026-06,PNG01,5320,,IT,Sustainable Packaging Co,BOB-ESG-0260,PO-ESG-3522,USD,105972.89,GST,ESG spend - Compliance assurance,Oracle
TXN006469,2026-06-25,2026-06-23,2026-06,FJI01,5400,,NSW,Energy Australia,BOB-ESG-0261,PO-ESG-7412,AUD,22712.97,INPUT,ESG spend - Fleet emissions,SAP
TXN006470,2026-06-07,2026-02-28,2026-06,NZL01,5400,,VIC,Energy Australia,BOB-ESG-0262,PO-ESG-4365,AUD,31265.01,GST-FREE,ESG spend - Fleet emissions,Manual Entry
TXN006471,2026-06-27,2026-06-24,2026-06,NZL01,6010,,CORP,Origin Energy,BOB-ESG-0263,PO-ESG-2497,GBP,4357.41,INPUT,ESG spend - Sustainable packaging,SAP
TXN006472,2026-06-10,2026-06-08,2026-06,FJI01,6010,,TAS,Carbon Neutral Pty Ltd,BOB-ESG-0264,PO-ESG-5196,AUD,98152.5,INPUT,ESG spend - Supplier ESG premium,Oracle
TXN006473,2026-06-20,2026-06-16,2026-06,NZL01,5600,,NT,Energy Australia,BOB-ESG-0265,PO-ESG-1662,GBP,87413.44,EXPORT,ESG spend - Waste reduction,SAP
TXN006474,2026-06-03,2026-02-25,2026-06,FJI01,6010,,NSW,EcoVadis,BOB-ESG-0266,PO-ESG-4779,GBP,32556.77,GST-FREE,ESG spend - Sustainable packaging,API Import
TXN006475,2026-06-10,2026-06-05,2026-06,NZL01,6000,,MKT,Sustainable Packaging Co,BOB-ESG-0267,PO-ESG-7154,GBP,27608.8,GST-FREE,ESG spend - Renewable sourcing premium,Workday
TXN006476,2026-06-21,2026-06-20,2026-06,NZL01,5600,,SA,Green Freight,BOB-ESG-0268,PO-ESG-5622,GBP,69753.02,GST-FREE,ESG spend - Waste reduction,Oracle
TXN006477,2026-06-25,2026-06-18,2026-06,AUS01,5400,,MKT,Origin Energy,BOB-ESG-0269,PO-ESG-2631,AUD,31194.17,GST-FREE,ESG spend - Fleet emissions,SAP
TXN006478,2026-06-27,2026-06-25,2026-06,FJI01,6000,,OPS,Green Freight,BOB-ESG-0270,PO-ESG-1543,NZD,103644.85,INPUT,ESG spend - Renewable sourcing premium,Workday
TXN006479,2026-06-24,2026-06-21,2026-06,FJI01,5320,,OPS,Climate Active Advisor,BOB-ESG-0271,PO-ESG-2662,AUD,17457.13,GST-FREE,ESG spend - Compliance assurance,SAP
TXN006480,2026-06-31,2026-06-25,2026-06,NZL01,5110,,WA,Green Freight,BOB-ESG-0272,PO-ESG-1440,USD,23715.69,GST-FREE,ESG spend - Energy usage,Oracle
TXN006481,2026-06-05,2026-02-26,2026-06,AUS01,6010,,R&D,Sustainable Packaging Co,BOB-ESG-0273,PO-ESG-7257,NZD,25026.93,INPUT,ESG spend - Sustainable packaging,Workday
TXN006482,2026-06-08,2026-06-07,2026-06,FJI01,6000,,MKT,Sustainable Packaging Co,BOB-ESG-0274,PO-ESG-8685,GBP,35907.1,INPUT,ESG spend - Renewable sourcing premium,API Import
TXN006483,2026-06-26,2026-06-20,2026-06,AUS01,6010,,VIC,Green Freight,BOB-ESG-0275,PO-ESG-1990,NZD,94521.79,EXPORT,ESG spend - Supplier ESG premium,Oracle
TXN006484,2026-06-12,2026-06-05,2026-06,NZL01,5110,,NT,Sustainable Packaging Co,BOB-ESG-0276,PO-ESG-7284,GBP,116554.17,EXPORT,ESG spend - Energy usage,Workday
TXN006485,2026-06-17,2026-06-11,2026-06,FJI01,5400,,IT,EcoVadis,BOB-ESG-0277,PO-ESG-9434,GBP,20345.02,EXPORT,ESG spend - Fleet emissions,Manual Entry
TXN006486,2026-06-13,2026-06-06,2026-06,PNG01,5400,,CORP,Carbon Neutral Pty Ltd,BOB-ESG-0278,PO-ESG-3084,USD,50852.43,GST,ESG spend - Fleet emissions,SAP
TXN006487,2026-06-10,2026-06-07,2026-06,FJI01,6010,,IT,EcoVadis,BOB-ESG-0279,PO-ESG-8845,GBP,10213.53,INPUT,ESG spend - Supplier ESG premium,SAP
TXN006488,2026-06-20,2026-06-14,2026-06,AUS01,6010,,NT,Sustainable Packaging Co,BOB-ESG-0280,PO-ESG-1281,AUD,22499.27,GST,ESG spend - Supplier ESG premium,Workday
TXN006489,2026-06-01,2026-02-24,2026-06,FJI01,5300,,R&D,Sustainable Packaging Co,BOB-ESG-0281,PO-ESG-4838,NZD,25897.66,GST-FREE,ESG spend - Carbon offsets,API Import
TXN006490,2026-06-25,2026-06-19,2026-06,FJI01,5600,,FIN,Origin Energy,BOB-ESG-0282,PO-ESG-7403,NZD,29395.15,INPUT,ESG spend - Waste reduction,SAP
TXN006491,2026-06-20,2026-06-18,2026-06,PNG01,5400,,SA,Green Freight,BOB-ESG-0283,PO-ESG-2843,NZD,81897.99,GST-FREE,ESG spend - Fleet emissions,Oracle
TXN006492,2026-06-04,2026-02-27,2026-06,AUS01,5320,,WA,Climate Active Advisor,BOB-ESG-0284,PO-ESG-1309,GBP,28005.57,GST-FREE,ESG spend - Compliance assurance,SAP
TXN006493,2026-06-23,2026-06-20,2026-06,AUS01,6000,,MKT,Energy Australia,BOB-ESG-0285,PO-ESG-7449,USD,38814.31,GST,ESG spend - Renewable sourcing premium,Oracle
TXN006494,2026-06-14,2026-06-12,2026-06,FJI01,5110,,MKT,Climate Active Advisor,BOB-ESG-0286,PO-ESG-8079,AUD,108589.52,INPUT,ESG spend - Energy usage,Oracle
TXN006495,2026-06-14,2026-06-07,2026-06,PNG01,5300,,OPS,EcoVadis,BOB-ESG-0287,PO-ESG-6919,GBP,98678.73,GST-FREE,ESG spend - Carbon offsets,SAP
TXN006496,2026-06-07,2026-06-02,2026-06,FJI01,5320,,QLD,Energy Australia,BOB-ESG-0288,PO-ESG-9810,USD,19510.73,GST-FREE,ESG spend - Compliance assurance,SAP
TXN006497,2026-06-07,2026-06-04,2026-06,FJI01,6010,,ACT,Origin Energy,BOB-ESG-0289,PO-ESG-9906,AUD,31451.75,GST,ESG spend - Supplier ESG premium,Manual Entry
TXN006498,2026-06-20,2026-06-17,2026-06,PNG01,5300,,TAS,Energy Australia,BOB-ESG-0290,PO-ESG-3069,GBP,5688.02,INPUT,ESG spend - Carbon offsets,Workday
TXN006499,2026-06-05,2026-06-04,2026-06,AUS01,5320,,TAS,Origin Energy,BOB-ESG-0291,PO-ESG-9562,AUD,60420.24,INPUT,ESG spend - Compliance assurance,API Import
TXN006500,2026-06-30,2026-06-25,2026-06,AUS01,5320,,R&D,Bureau Veritas,BOB-ESG-0292,PO-ESG-4772,USD,68963.94,GST,ESG spend - Compliance assurance,Oracle
TXN006501,2026-06-09,2026-06-02,2026-06,NZL01,5110,,ACT,Bureau Veritas,BOB-ESG-0293,PO-ESG-5552,AUD,30706.16,INPUT,ESG spend - Energy usage,SAP
TXN006502,2026-06-04,2026-02-25,2026-06,NZL01,5600,,R&D,Energy Australia,BOB-ESG-0294,PO-ESG-3017,USD,5150.69,EXPORT,ESG spend - Waste reduction,SAP
TXN006503,2026-06-08,2026-06-05,2026-06,NZL01,6000,,IT,Green Freight,BOB-ESG-0295,PO-ESG-6672,GBP,93436.57,GST-FREE,ESG spend - Renewable sourcing premium,Oracle
TXN006504,2026-06-16,2026-06-10,2026-06,NZL01,5600,,NT,Carbon Neutral Pty Ltd,BOB-ESG-0296,PO-ESG-4323,AUD,75511.62,EXPORT,ESG spend - Waste reduction,Workday
TXN006505,2026-06-08,2026-06-02,2026-06,AUS01,5320,,VIC,Carbon Neutral Pty Ltd,BOB-ESG-0297,PO-ESG-6830,GBP,63544.35,GST,ESG spend - Compliance assurance,SAP
TXN006506,2026-06-20,2026-06-19,2026-06,NZL01,6010,,ACT,Sustainable Packaging Co,BOB-ESG-0298,PO-ESG-8726,GBP,94762.78,EXPORT,ESG spend - Sustainable packaging,Workday
TXN006507,2026-06-27,2026-06-24,2026-06,AUS01,5600,,TAS,EcoVadis,BOB-ESG-0299,PO-ESG-7400,GBP,61088.89,INPUT,ESG spend - Waste reduction,Oracle
TXN006508,2026-06-11,2026-06-08,2026-06,PNG01,6010,,MKT,Bureau Veritas,BOB-ESG-0300,PO-ESG-3443,NZD,63516.38,INPUT,ESG spend - Sustainable packaging,Oracle
TXN006509,2026-06-16,2026-06-11,2026-06,FJI01,5300,,R&D,Origin Energy,BOB-ESG-0301,PO-ESG-3993,USD,11674.28,INPUT,ESG spend - Carbon offsets,Workday
TXN006510,2026-06-08,2026-06-04,2026-06,PNG01,5110,,IT,Green Freight,BOB-ESG-0302,PO-ESG-1152,AUD,48747.64,INPUT,ESG spend - Energy usage,API Import
TXN006511,2026-06-16,2026-06-14,2026-06,FJI01,6010,,QLD,Climate Active Advisor,BOB-ESG-0303,PO-ESG-4978,GBP,42657.78,EXPORT,ESG spend - Supplier ESG premium,SAP
TXN006512,2026-06-23,2026-06-21,2026-06,AUS01,5320,,NT,Bureau Veritas,BOB-ESG-0304,PO-ESG-5600,USD,81159.47,GST,ESG spend - Compliance assurance,Workday
TXN006513,2026-06-01,2026-02-27,2026-06,AUS01,6000,,SA,Bureau Veritas,BOB-ESG-0305,PO-ESG-3155,USD,4304.92,INPUT,ESG spend - Renewable sourcing premium,Manual Entry
TXN006514,2026-06-11,2026-06-10,2026-06,PNG01,5320,,R&D,EcoVadis,BOB-ESG-0306,PO-ESG-6972,NZD,55158.4,GST-FREE,ESG spend - Compliance assurance,Oracle
TXN006515,2026-06-03,2026-02-26,2026-06,FJI01,6010,,OPS,Climate Active Advisor,BOB-ESG-0307,PO-ESG-6031,AUD,28952.67,GST,ESG spend - Supplier ESG premium,Oracle
TXN006516,2026-06-15,2026-06-08,2026-06,AUS01,5300,,MKT,Origin Energy,BOB-ESG-0308,PO-ESG-4791,USD,75848.87,GST-FREE,ESG spend - Carbon offsets,API Import
TXN006517,2026-06-07,2026-06-06,2026-06,AUS01,5320,,VIC,Bureau Veritas,BOB-ESG-0309,PO-ESG-4177,USD,93681.8,INPUT,ESG spend - Compliance assurance,API Import
TXN006518,2026-06-22,2026-06-18,2026-06,FJI01,5110,,R&D,Bureau Veritas,BOB-ESG-0310,PO-ESG-3427,NZD,103428.81,INPUT,ESG spend - Energy usage,SAP
TXN006519,2026-06-30,2026-06-28,2026-06,NZL01,5300,,SA,Green Freight,BOB-ESG-0311,PO-ESG-5153,AUD,72065.32,INPUT,ESG spend - Carbon offsets,Oracle
TXN006520,2026-06-14,2026-06-10,2026-06,AUS01,5600,,MKT,Energy Australia,BOB-ESG-0312,PO-ESG-1095,NZD,111460.16,GST,ESG spend - Waste reduction,Workday
TXN006521,2026-06-23,2026-06-18,2026-06,AUS01,6000,,QLD,Green Freight,BOB-ESG-0313,PO-ESG-6971,GBP,20665.6,EXPORT,ESG spend - Renewable sourcing premium,API Import
TXN006522,2026-06-08,2026-06-06,2026-06,FJI01,5110,,NT,Bureau Veritas,BOB-ESG-0314,PO-ESG-5688,AUD,52964.28,GST,ESG spend - Energy usage,Manual Entry
TXN006523,2026-06-09,2026-06-07,2026-06,AUS01,5110,,FIN,Climate Active Advisor,BOB-ESG-0315,PO-ESG-8741,GBP,15898.6,GST-FREE,ESG spend - Energy usage,Workday
TXN006524,2026-06-17,2026-06-16,2026-06,FJI01,6000,,MKT,Bureau Veritas,BOB-ESG-0316,PO-ESG-9956,AUD,84842.18,GST,ESG spend - Renewable sourcing premium,Oracle
TXN006525,2026-06-17,2026-06-14,2026-06,AUS01,5600,,IT,Green Freight,BOB-ESG-0317,PO-ESG-1115,AUD,40970.45,GST,ESG spend - Waste reduction,API Import
TXN006526,2026-06-02,2026-02-24,2026-06,NZL01,5400,,CORP,Green Freight,BOB-ESG-0318,PO-ESG-3972,USD,100960.28,GST-FREE,ESG spend - Fleet emissions,Manual Entry
TXN006527,2026-06-31,2026-06-24,2026-06,FJI01,6000,,HR,Carbon Neutral Pty Ltd,BOB-ESG-0319,PO-ESG-1755,NZD,93478.0,INPUT,ESG spend - Renewable sourcing premium,SAP
TXN006528,2026-06-23,2026-06-19,2026-06,NZL01,5110,,R&D,Climate Active Advisor,BOB-ESG-0320,PO-ESG-6504,USD,101671.49,INPUT,ESG spend - Energy usage,Manual Entry
TXN006529,2026-06-18,2026-06-17,2026-06,FJI01,6010,,VIC,Bureau Veritas,BOB-ESG-0321,PO-ESG-3700,NZD,85529.97,INPUT,ESG spend - Supplier ESG premium,Oracle
TXN006530,2026-06-10,2026-06-05,2026-06,NZL01,5320,,IT,Energy Australia,BOB-ESG-0322,PO-ESG-3211,GBP,34820.72,INPUT,ESG spend - Compliance assurance,Workday
TXN006531,2026-06-11,2026-06-10,2026-06,PNG01,5300,,ACT,Climate Active Advisor,BOB-ESG-0323,PO-ESG-9316,USD,26467.21,GST-FREE,ESG spend - Carbon offsets,SAP
TXN006532,2026-06-22,2026-06-19,2026-06,FJI01,5110,,OPS,Sustainable Packaging Co,BOB-ESG-0324,PO-ESG-2982,NZD,88581.67,GST-FREE,ESG spend - Energy usage,API Import
TXN006533,2026-06-23,2026-06-19,2026-06,NZL01,6000,,HR,Bureau Veritas,BOB-ESG-0325,PO-ESG-9209,AUD,39984.64,GST-FREE,ESG spend - Renewable sourcing premium,Workday
TXN006534,2026-06-06,2026-06-04,2026-06,FJI01,5400,,HR,EcoVadis,BOB-ESG-0326,PO-ESG-8386,AUD,112713.73,GST,ESG spend - Fleet emissions,Workday
TXN006535,2026-06-23,2026-06-17,2026-06,AUS01,5400,,NT,Green Freight,BOB-ESG-0327,PO-ESG-4741,GBP,43099.22,EXPORT,ESG spend - Fleet emissions,Workday
TXN006536,2026-06-21,2026-06-17,2026-06,NZL01,5400,,OPS,Sustainable Packaging Co,BOB-ESG-0328,PO-ESG-6948,USD,54365.61,GST,ESG spend - Fleet emissions,API Import
TXN006537,2026-06-23,2026-06-22,2026-06,FJI01,5300,,HR,Energy Australia,BOB-ESG-0329,PO-ESG-2484,NZD,108492.56,INPUT,ESG spend - Carbon offsets,Workday
TXN006538,2026-06-24,2026-06-23,2026-06,PNG01,5400,,OPS,Bureau Veritas,BOB-ESG-0330,PO-ESG-1352,GBP,30461.76,EXPORT,ESG spend - Fleet emissions,Workday
TXN006539,2026-06-16,2026-06-13,2026-06,PNG01,6010,,SA,Bureau Veritas,BOB-ESG-0331,PO-ESG-1195,NZD,5804.4,GST-FREE,ESG spend - Sustainable packaging,Workday
TXN006540,2026-06-28,2026-06-26,2026-06,FJI01,5400,,R&D,Green Freight,BOB-ESG-0332,PO-ESG-7069,NZD,12954.24,GST,ESG spend - Fleet emissions,Oracle
TXN006541,2026-06-08,2026-06-04,2026-06,NZL01,5110,,TAS,Carbon Neutral Pty Ltd,BOB-ESG-0333,PO-ESG-3180,AUD,15402.18,GST-FREE,ESG spend - Energy usage,Workday
TXN006542,2026-06-25,2026-06-24,2026-06,FJI01,5320,,WA,Climate Active Advisor,BOB-ESG-0334,PO-ESG-1982,USD,8589.28,GST-FREE,ESG spend - Compliance assurance,Manual Entry
TXN006543,2026-06-06,2026-06-04,2026-06,AUS01,5400,,CORP,Energy Australia,BOB-ESG-0335,PO-ESG-2965,NZD,32047.43,GST,ESG spend - Fleet emissions,SAP
TXN006544,2026-06-30,2026-06-24,2026-06,NZL01,5320,,NSW,Carbon Neutral Pty Ltd,BOB-ESG-0336,PO-ESG-2083,GBP,20464.79,GST-FREE,ESG spend - Compliance assurance,Manual Entry
TXN006545,2026-06-03,2026-02-25,2026-06,NZL01,5600,,IT,Green Freight,BOB-ESG-0337,PO-ESG-1373,NZD,110809.31,GST,ESG spend - Waste reduction,Workday
TXN006546,2026-06-24,2026-06-22,2026-06,PNG01,5400,,HR,Sustainable Packaging Co,BOB-ESG-0338,PO-ESG-2708,USD,81143.96,GST-FREE,ESG spend - Fleet emissions,Manual Entry
TXN006547,2026-06-11,2026-06-10,2026-06,NZL01,6000,,QLD,Origin Energy,BOB-ESG-0339,PO-ESG-3143,NZD,69657.21,GST-FREE,ESG spend - Renewable sourcing premium,Workday
TXN006548,2026-06-15,2026-06-10,2026-06,NZL01,5600,,QLD,Energy Australia,BOB-ESG-0340,PO-ESG-2364,AUD,97411.74,INPUT,ESG spend - Waste reduction,Oracle
TXN006549,2026-06-31,2026-06-28,2026-06,NZL01,5320,,R&D,Green Freight,BOB-ESG-0341,PO-ESG-8773,USD,67938.12,INPUT,ESG spend - Compliance assurance,SAP
TXN006550,2026-06-23,2026-06-17,2026-06,AUS01,5110,,R&D,EcoVadis,BOB-ESG-0342,PO-ESG-2561,AUD,71671.0,EXPORT,ESG spend - Energy usage,Oracle
TXN006551,2026-06-02,2026-02-24,2026-06,PNG01,5320,,IT,EcoVadis,BOB-ESG-0343,PO-ESG-3196,NZD,90293.29,INPUT,ESG spend - Compliance assurance,Manual Entry
TXN006552,2026-06-12,2026-06-08,2026-06,PNG01,5400,,FIN,Green Freight,BOB-ESG-0344,PO-ESG-4888,AUD,86835.06,EXPORT,ESG spend - Fleet emissions,API Import
TXN006553,2026-06-02,2026-02-23,2026-06,FJI01,5600,,R&D,Sustainable Packaging Co,BOB-ESG-0345,PO-ESG-6899,GBP,116452.5,INPUT,ESG spend - Waste reduction,SAP
TXN006554,2026-06-19,2026-06-16,2026-06,FJI01,6000,,TAS,Bureau Veritas,BOB-ESG-0346,PO-ESG-1765,GBP,61333.27,INPUT,ESG spend - Renewable sourcing premium,SAP
TXN006555,2026-06-14,2026-06-10,2026-06,AUS01,5320,,QLD,Climate Active Advisor,BOB-ESG-0347,PO-ESG-5383,AUD,102662.47,GST,ESG spend - Compliance assurance,Oracle
TXN006556,2026-06-28,2026-06-22,2026-06,FJI01,5600,,WA,Climate Active Advisor,BOB-ESG-0348,PO-ESG-6286,GBP,68466.59,GST,ESG spend - Waste reduction,Workday
TXN006557,2026-06-31,2026-06-26,2026-06,FJI01,5110,,NT,Bureau Veritas,BOB-ESG-0349,PO-ESG-1258,GBP,67398.09,EXPORT,ESG spend - Energy usage,API Import
TXN006558,2026-06-02,2026-02-25,2026-06,AUS01,5320,,CORP,Sustainable Packaging Co,BOB-ESG-0350,PO-ESG-4089,USD,56777.09,INPUT,ESG spend - Compliance assurance,SAP
TXN006559,2026-06-12,2026-06-05,2026-06,AUS01,5300,,WA,Origin Energy,BOB-ESG-0351,PO-ESG-2762,AUD,72391.99,INPUT,ESG spend - Carbon offsets,Oracle
TXN006560,2026-06-13,2026-06-09,2026-06,FJI01,6000,,SA,EcoVadis,BOB-ESG-0352,PO-ESG-3498,GBP,62829.84,INPUT,ESG spend - Renewable sourcing premium,Manual Entry
TXN006561,2026-06-21,2026-06-19,2026-06,PNG01,5400,,FIN,EcoVadis,BOB-ESG-0353,PO-ESG-2105,NZD,43793.81,GST-FREE,ESG spend - Fleet emissions,Workday
TXN006562,2026-06-07,2026-02-28,2026-06,AUS01,6010,,TAS,EcoVadis,BOB-ESG-0354,PO-ESG-5927,GBP,22883.15,GST,ESG spend - Sustainable packaging,Workday
TXN006563,2026-06-09,2026-06-08,2026-06,FJI01,5320,,NT,Sustainable Packaging Co,BOB-ESG-0355,PO-ESG-5662,GBP,58958.34,GST-FREE,ESG spend - Compliance assurance,API Import
TXN006564,2026-06-30,2026-06-23,2026-06,NZL01,5600,,MKT,Green Freight,BOB-ESG-0356,PO-ESG-3886,USD,102404.1,INPUT,ESG spend - Waste reduction,Manual Entry
TXN006565,2026-06-24,2026-06-19,2026-06,AUS01,5300,,NSW,Climate Active Advisor,BOB-ESG-0357,PO-ESG-3641,USD,4011.26,GST,ESG spend - Carbon offsets,Manual Entry
TXN006566,2026-06-07,2026-06-01,2026-06,FJI01,6010,,TAS,Energy Australia,BOB-ESG-0358,PO-ESG-5679,USD,92559.73,GST,ESG spend - Sustainable packaging,Manual Entry
TXN006567,2026-06-11,2026-06-06,2026-06,AUS01,5600,,WA,Sustainable Packaging Co,BOB-ESG-0359,PO-ESG-1751,USD,86601.63,GST,ESG spend - Waste reduction,Manual Entry
TXN006568,2026-06-01,2026-02-28,2026-06,AUS01,5300,,ACT,Climate Active Advisor,BOB-ESG-0360,PO-ESG-4205,GBP,75035.4,INPUT,ESG spend - Carbon offsets,Oracle
TXN006569,2026-06-07,2026-06-05,2026-06,NZL01,5320,,CORP,EcoVadis,BOB-ESG-0361,PO-ESG-2401,AUD,12424.56,GST,ESG spend - Compliance assurance,Oracle
TXN006570,2026-06-06,2026-02-27,2026-06,AUS01,6010,,R&D,EcoVadis,BOB-ESG-0362,PO-ESG-8886,USD,59712.66,EXPORT,ESG spend - Sustainable packaging,Manual Entry
TXN006571,2026-06-06,2026-06-03,2026-06,PNG01,6010,,IT,Origin Energy,BOB-ESG-0363,PO-ESG-9100,AUD,91769.41,EXPORT,ESG spend - Sustainable packaging,Oracle
TXN006572,2026-06-21,2026-06-17,2026-06,FJI01,5320,,NT,Bureau Veritas,BOB-ESG-0364,PO-ESG-3111,USD,112549.49,INPUT,ESG spend - Compliance assurance,Manual Entry
TXN006573,2026-06-26,2026-06-20,2026-06,NZL01,5320,,QLD,Sustainable Packaging Co,BOB-ESG-0365,PO-ESG-3549,NZD,98294.69,INPUT,ESG spend - Compliance assurance,Manual Entry
TXN006574,2026-06-10,2026-06-03,2026-06,NZL01,6000,,HR,Climate Active Advisor,BOB-ESG-0366,PO-ESG-4633,NZD,51839.25,GST,ESG spend - Renewable sourcing premium,Oracle
TXN006575,2026-06-05,2026-06-01,2026-06,NZL01,5600,,QLD,Carbon Neutral Pty Ltd,BOB-ESG-0367,PO-ESG-5731,NZD,112153.94,EXPORT,ESG spend - Waste reduction,Oracle
TXN006576,2026-06-28,2026-06-22,2026-06,FJI01,5600,,QLD,Green Freight,BOB-ESG-0368,PO-ESG-6145,AUD,25033.63,INPUT,ESG spend - Waste reduction,Oracle
TXN006577,2026-06-23,2026-06-21,2026-06,NZL01,6010,,CORP,Origin Energy,BOB-ESG-0369,PO-ESG-4943,AUD,61586.19,INPUT,ESG spend - Sustainable packaging,API Import
TXN006578,2026-06-24,2026-06-22,2026-06,NZL01,5600,,NT,Origin Energy,BOB-ESG-0370,PO-ESG-8857,AUD,106479.72,GST,ESG spend - Waste reduction,Workday
TXN006579,2026-06-04,2026-06-03,2026-06,NZL01,6000,,R&D,Sustainable Packaging Co,BOB-ESG-0371,PO-ESG-3428,USD,79000.61,GST,ESG spend - Renewable sourcing premium,SAP
TXN006580,2026-06-29,2026-06-22,2026-06,NZL01,6000,,SA,Green Freight,BOB-ESG-0372,PO-ESG-4078,NZD,52900.78,GST,ESG spend - Renewable sourcing premium,Oracle
TXN006581,2026-06-02,2026-02-24,2026-06,PNG01,5600,,NT,Carbon Neutral Pty Ltd,BOB-ESG-0373,PO-ESG-5973,AUD,37842.74,GST-FREE,ESG spend - Waste reduction,Workday
TXN006582,2026-06-22,2026-06-19,2026-06,NZL01,6000,,TAS,Carbon Neutral Pty Ltd,BOB-ESG-0374,PO-ESG-1305,GBP,111911.53,GST-FREE,ESG spend - Renewable sourcing premium,Workday
TXN006583,2026-06-17,2026-06-12,2026-06,PNG01,6000,,TAS,EcoVadis,BOB-ESG-0375,PO-ESG-4628,AUD,32133.34,GST-FREE,ESG spend - Renewable sourcing premium,Workday
TXN006584,2026-06-25,2026-06-20,2026-06,AUS01,6010,,SA,Bureau Veritas,BOB-ESG-0376,PO-ESG-6758,NZD,116228.86,EXPORT,ESG spend - Sustainable packaging,Oracle
TXN006585,2026-06-24,2026-06-19,2026-06,FJI01,6000,,NSW,Climate Active Advisor,BOB-ESG-0377,PO-ESG-2483,USD,66759.69,EXPORT,ESG spend - Renewable sourcing premium,Oracle
TXN006586,2026-06-30,2026-06-26,2026-06,NZL01,5400,,QLD,Sustainable Packaging Co,BOB-ESG-0378,PO-ESG-5268,GBP,45396.4,INPUT,ESG spend - Fleet emissions,Manual Entry
TXN006587,2026-06-28,2026-06-24,2026-06,NZL01,5320,,HR,Sustainable Packaging Co,BOB-ESG-0379,PO-ESG-4440,NZD,48288.21,GST-FREE,ESG spend - Compliance assurance,Workday
TXN006588,2026-06-12,2026-06-08,2026-06,FJI01,6010,,OPS,Origin Energy,BOB-ESG-0380,PO-ESG-6337,AUD,10682.96,GST,ESG spend - Sustainable packaging,Oracle
TXN006589,2026-06-31,2026-06-27,2026-06,FJI01,5300,,R&D,EcoVadis,BOB-ESG-0381,PO-ESG-4963,USD,11186.34,GST-FREE,ESG spend - Carbon offsets,API Import
TXN006590,2026-06-22,2026-06-21,2026-06,NZL01,5320,,CORP,Climate Active Advisor,BOB-ESG-0382,PO-ESG-7258,GBP,49050.86,GST,ESG spend - Compliance assurance,Manual Entry
TXN006591,2026-06-10,2026-06-09,2026-06,PNG01,6000,,MKT,Climate Active Advisor,BOB-ESG-0383,PO-ESG-4383,NZD,83598.33,GST,ESG spend - Renewable sourcing premium,Workday
TXN006592,2026-06-28,2026-06-26,2026-06,PNG01,5110,,WA,EcoVadis,BOB-ESG-0384,PO-ESG-4015,NZD,104133.59,GST-FREE,ESG spend - Energy usage,API Import
TXN006593,2026-06-05,2026-06-02,2026-06,FJI01,5300,,MKT,Energy Australia,BOB-ESG-0385,PO-ESG-7307,NZD,34201.31,EXPORT,ESG spend - Carbon offsets,Workday
TXN006594,2026-06-18,2026-06-17,2026-06,PNG01,5600,,SA,Climate Active Advisor,BOB-ESG-0386,PO-ESG-4308,USD,44773.22,EXPORT,ESG spend - Waste reduction,API Import
TXN006595,2026-06-10,2026-06-06,2026-06,NZL01,6010,,CORP,Origin Energy,BOB-ESG-0387,PO-ESG-2392,GBP,64142.15,INPUT,ESG spend - Supplier ESG premium,Oracle
TXN006596,2026-06-19,2026-06-12,2026-06,AUS01,6010,,WA,Green Freight,BOB-ESG-0388,PO-ESG-9413,GBP,8917.08,GST,ESG spend - Supplier ESG premium,Manual Entry
TXN006597,2026-06-06,2026-06-05,2026-06,FJI01,6000,,TAS,Climate Active Advisor,BOB-ESG-0389,PO-ESG-8528,NZD,12073.77,EXPORT,ESG spend - Renewable sourcing premium,Oracle
TXN006598,2026-06-25,2026-06-20,2026-06,AUS01,5400,,R&D,Green Freight,BOB-ESG-0390,PO-ESG-4994,GBP,75489.64,GST-FREE,ESG spend - Fleet emissions,Workday
TXN006599,2026-06-26,2026-06-25,2026-06,NZL01,6010,,TAS,Carbon Neutral Pty Ltd,BOB-ESG-0391,PO-ESG-9739,USD,43584.81,EXPORT,ESG spend - Sustainable packaging,SAP
TXN006600,2026-06-25,2026-06-19,2026-06,AUS01,5400,,ACT,Origin Energy,BOB-ESG-0392,PO-ESG-8081,GBP,115105.18,INPUT,ESG spend - Fleet emissions,SAP
TXN006601,2026-06-12,2026-06-05,2026-06,FJI01,6010,,NSW,Climate Active Advisor,BOB-ESG-0393,PO-ESG-1002,USD,23370.13,GST-FREE,ESG spend - Supplier ESG premium,Oracle
TXN006602,2026-06-11,2026-06-08,2026-06,PNG01,5110,,MKT,Carbon Neutral Pty Ltd,BOB-ESG-0394,PO-ESG-1152,AUD,68039.36,GST-FREE,ESG spend - Energy usage,Oracle
TXN006603,2026-06-19,2026-06-14,2026-06,PNG01,6010,,IT,Climate Active Advisor,BOB-ESG-0395,PO-ESG-5097,GBP,4027.54,EXPORT,ESG spend - Supplier ESG premium,Oracle
TXN006604,2026-06-17,2026-06-10,2026-06,AUS01,5300,,FIN,Sustainable Packaging Co,BOB-ESG-0396,PO-ESG-5334,NZD,73833.9,EXPORT,ESG spend - Carbon offsets,API Import
TXN006605,2026-06-06,2026-06-02,2026-06,NZL01,6010,,MKT,Green Freight,BOB-ESG-0397,PO-ESG-8696,NZD,105471.67,EXPORT,ESG spend - Sustainable packaging,SAP
TXN006606,2026-06-24,2026-06-19,2026-06,AUS01,6010,,QLD,Green Freight,BOB-ESG-0398,PO-ESG-3427,USD,85699.51,EXPORT,ESG spend - Sustainable packaging,SAP
TXN006607,2026-06-07,2026-06-04,2026-06,FJI01,5600,,WA,Energy Australia,BOB-ESG-0399,PO-ESG-5977,USD,66308.95,EXPORT,ESG spend - Waste reduction,API Import
TXN006608,2026-06-12,2026-06-08,2026-06,NZL01,5320,,VIC,Carbon Neutral Pty Ltd,BOB-ESG-0400,PO-ESG-5742,USD,28870.46,EXPORT,ESG spend - Compliance assurance,SAP
TXN006609,2026-06-24,2026-06-20,2026-06,AUS01,6000,,IT,Energy Australia,BOB-ESG-0401,PO-ESG-9623,NZD,27172.45,GST,ESG spend - Renewable sourcing premium,Manual Entry
TXN006610,2026-06-18,2026-06-16,2026-06,AUS01,5300,,FIN,Origin Energy,BOB-ESG-0402,PO-ESG-7134,NZD,31351.02,EXPORT,ESG spend - Carbon offsets,API Import
TXN006611,2026-06-11,2026-06-04,2026-06,AUS01,6010,,FIN,Carbon Neutral Pty Ltd,BOB-ESG-0403,PO-ESG-8065,USD,117314.08,GST,ESG spend - Sustainable packaging,Workday
TXN006612,2026-06-10,2026-06-08,2026-06,AUS01,6010,,NT,Carbon Neutral Pty Ltd,BOB-ESG-0404,PO-ESG-9931,GBP,9259.61,GST,ESG spend - Sustainable packaging,Workday
TXN006613,2026-06-02,2026-02-26,2026-06,FJI01,6000,,IT,Green Freight,BOB-ESG-0405,PO-ESG-5756,GBP,50270.72,INPUT,ESG spend - Renewable sourcing premium,Workday
TXN006614,2026-06-18,2026-06-16,2026-06,PNG01,5600,,QLD,Bureau Veritas,BOB-ESG-0406,PO-ESG-3107,USD,70330.23,GST-FREE,ESG spend - Waste reduction,API Import
TXN006615,2026-06-08,2026-06-01,2026-06,AUS01,5110,,ACT,Energy Australia,BOB-ESG-0407,PO-ESG-2783,GBP,68126.15,GST-FREE,ESG spend - Energy usage,API Import
TXN006616,2026-06-14,2026-06-09,2026-06,AUS01,5300,,IT,Green Freight,BOB-ESG-0408,PO-ESG-6613,NZD,96208.39,GST-FREE,ESG spend - Carbon offsets,Manual Entry
TXN006617,2026-06-26,2026-06-25,2026-06,AUS01,5600,,WA,Green Freight,BOB-ESG-0409,PO-ESG-5808,NZD,29577.37,GST-FREE,ESG spend - Waste reduction,SAP
TXN006618,2026-06-12,2026-06-05,2026-06,PNG01,6010,,FIN,Green Freight,BOB-ESG-0410,PO-ESG-8719,USD,102595.46,INPUT,ESG spend - Sustainable packaging,SAP
TXN006619,2026-06-03,2026-02-25,2026-06,AUS01,6010,,IT,Sustainable Packaging Co,BOB-ESG-0411,PO-ESG-7600,USD,89347.79,GST-FREE,ESG spend - Supplier ESG premium,SAP
TXN006620,2026-06-16,2026-06-14,2026-06,PNG01,6010,,TAS,Climate Active Advisor,BOB-ESG-0412,PO-ESG-4063,GBP,38098.38,EXPORT,ESG spend - Sustainable packaging,Manual Entry
TXN006621,2026-06-26,2026-06-21,2026-06,AUS01,6010,,OPS,Green Freight,BOB-ESG-0413,PO-ESG-7218,GBP,40058.06,GST-FREE,ESG spend - Supplier ESG premium,API Import
TXN006622,2026-06-02,2026-06-01,2026-06,FJI01,6010,,R&D,Climate Active Advisor,BOB-ESG-0414,PO-ESG-7519,GBP,5961.37,EXPORT,ESG spend - Supplier ESG premium,SAP
TXN006623,2026-06-26,2026-06-22,2026-06,PNG01,6000,,VIC,Climate Active Advisor,BOB-ESG-0415,PO-ESG-4242,USD,73576.03,GST,ESG spend - Renewable sourcing premium,SAP
TXN006624,2026-06-03,2026-02-27,2026-06,FJI01,6010,,R&D,Green Freight,BOB-ESG-0416,PO-ESG-5524,GBP,119339.23,GST,ESG spend - Supplier ESG premium,SAP
TXN006625,2026-06-05,2026-02-28,2026-06,AUS01,6010,,OPS,Carbon Neutral Pty Ltd,BOB-ESG-0417,PO-ESG-5455,USD,110944.24,GST,ESG spend - Sustainable packaging,API Import
TXN006626,2026-06-28,2026-06-25,2026-06,FJI01,5300,,ACT,Carbon Neutral Pty Ltd,BOB-ESG-0418,PO-ESG-1411,AUD,44028.03,GST,ESG spend - Carbon offsets,Oracle
TXN006627,2026-06-18,2026-06-17,2026-06,AUS01,5300,,NT,EcoVadis,BOB-ESG-0419,PO-ESG-5070,GBP,115019.17,INPUT,ESG spend - Carbon offsets,Workday
TXN006628,2026-06-02,2026-02-27,2026-06,FJI01,5600,,NSW,EcoVadis,BOB-ESG-0420,PO-ESG-2915,AUD,99156.85,GST-FREE,ESG spend - Waste reduction,Workday
TXN006629,2026-06-02,2026-02-25,2026-06,AUS01,6010,,MKT,Energy Australia,BOB-ESG-0421,PO-ESG-6191,AUD,69285.4,GST,ESG spend - Supplier ESG premium,Workday
TXN006630,2026-06-24,2026-06-23,2026-06,NZL01,5110,,OPS,Carbon Neutral Pty Ltd,BOB-ESG-0422,PO-ESG-3472,NZD,5481.44,EXPORT,ESG spend - Energy usage,Oracle
TXN006631,2026-06-25,2026-06-20,2026-06,PNG01,5320,,NT,EcoVadis,BOB-ESG-0423,PO-ESG-1939,NZD,10062.76,INPUT,ESG spend - Compliance assurance,Manual Entry
TXN006632,2026-06-12,2026-06-10,2026-06,AUS01,5300,,OPS,Origin Energy,BOB-ESG-0424,PO-ESG-9221,USD,59324.08,GST,ESG spend - Carbon offsets,Workday
TXN006633,2026-06-28,2026-06-23,2026-06,NZL01,6000,,TAS,Climate Active Advisor,BOB-ESG-0425,PO-ESG-1913,USD,34040.22,GST,ESG spend - Renewable sourcing premium,Oracle
TXN006634,2026-06-29,2026-06-26,2026-06,PNG01,5110,,SA,Climate Active Advisor,BOB-ESG-0426,PO-ESG-3545,NZD,36974.74,GST,ESG spend - Energy usage,Manual Entry
TXN006635,2026-06-25,2026-06-18,2026-06,AUS01,5400,,WA,Energy Australia,BOB-ESG-0427,PO-ESG-6412,GBP,73762.12,EXPORT,ESG spend - Fleet emissions,Workday
TXN006636,2026-06-17,2026-06-16,2026-06,AUS01,5600,,FIN,Origin Energy,BOB-ESG-0428,PO-ESG-4020,NZD,39456.21,GST,ESG spend - Waste reduction,API Import
TXN006637,2026-06-02,2026-02-25,2026-06,NZL01,6010,,HR,Bureau Veritas,BOB-ESG-0429,PO-ESG-5951,GBP,108821.63,GST-FREE,ESG spend - Supplier ESG premium,Workday
TXN006638,2026-06-23,2026-06-19,2026-06,AUS01,5400,,MKT,Origin Energy,BOB-ESG-0430,PO-ESG-5917,GBP,31069.09,INPUT,ESG spend - Fleet emissions,Oracle
TXN006639,2026-06-27,2026-06-23,2026-06,FJI01,5400,,HR,Carbon Neutral Pty Ltd,BOB-ESG-0431,PO-ESG-4937,USD,95317.19,GST-FREE,ESG spend - Fleet emissions,Manual Entry
TXN006640,2026-06-29,2026-06-24,2026-06,NZL01,5300,,CORP,Green Freight,BOB-ESG-0432,PO-ESG-1475,NZD,19895.79,GST,ESG spend - Carbon offsets,Oracle
TXN006641,2026-06-22,2026-06-17,2026-06,NZL01,6000,,NT,Energy Australia,BOB-ESG-0433,PO-ESG-8944,USD,87809.76,INPUT,ESG spend - Renewable sourcing premium,API Import
TXN006642,2026-06-04,2026-02-26,2026-06,FJI01,6010,,MKT,Energy Australia,BOB-ESG-0434,PO-ESG-9463,USD,51051.97,GST-FREE,ESG spend - Supplier ESG premium,Oracle
TXN006643,2026-06-02,2026-02-24,2026-06,FJI01,5600,,R&D,Origin Energy,BOB-ESG-0435,PO-ESG-4739,GBP,105411.25,GST-FREE,ESG spend - Waste reduction,Workday
TXN006644,2026-06-21,2026-06-20,2026-06,PNG01,6010,,CORP,EcoVadis,BOB-ESG-0436,PO-ESG-9563,AUD,66335.52,EXPORT,ESG spend - Supplier ESG premium,Manual Entry
TXN006645,2026-06-12,2026-06-06,2026-06,FJI01,5600,,TAS,Bureau Veritas,BOB-ESG-0437,PO-ESG-1412,USD,41618.1,GST,ESG spend - Waste reduction,API Import
TXN006646,2026-06-31,2026-06-26,2026-06,AUS01,5400,,R&D,Energy Australia,BOB-ESG-0438,PO-ESG-5039,GBP,98250.35,GST-FREE,ESG spend - Fleet emissions,API Import
TXN006647,2026-06-06,2026-02-28,2026-06,PNG01,5300,,MKT,Energy Australia,BOB-ESG-0439,PO-ESG-9325,AUD,22388.24,EXPORT,ESG spend - Carbon offsets,API Import
TXN006648,2026-06-14,2026-06-11,2026-06,FJI01,5110,,CORP,Carbon Neutral Pty Ltd,BOB-ESG-0440,PO-ESG-1706,USD,63672.95,GST,ESG spend - Energy usage,API Import
TXN006649,2026-06-24,2026-06-23,2026-06,AUS01,5110,,FIN,Energy Australia,BOB-ESG-0441,PO-ESG-7951,AUD,105415.81,GST,ESG spend - Energy usage,API Import
TXN006650,2026-06-04,2026-02-28,2026-06,FJI01,5400,,R&D,Origin Energy,BOB-ESG-0442,PO-ESG-1319,USD,63852.61,GST-FREE,ESG spend - Fleet emissions,API Import
TXN006651,2026-06-25,2026-06-19,2026-06,PNG01,5400,,NT,Energy Australia,BOB-ESG-0443,PO-ESG-9355,NZD,6868.84,INPUT,ESG spend - Fleet emissions,API Import
TXN006652,2026-06-26,2026-06-24,2026-06,PNG01,6000,,NSW,EcoVadis,BOB-ESG-0444,PO-ESG-7559,AUD,118826.62,GST-FREE,ESG spend - Renewable sourcing premium,API Import
TXN006653,2026-06-10,2026-06-06,2026-06,AUS01,5320,,NSW,Green Freight,BOB-ESG-0445,PO-ESG-7834,USD,27485.72,GST,ESG spend - Compliance assurance,Manual Entry
TXN006654,2026-06-06,2026-06-05,2026-06,AUS01,5110,,FIN,Sustainable Packaging Co,BOB-ESG-0446,PO-ESG-5939,USD,75192.78,GST-FREE,ESG spend - Energy usage,Manual Entry
TXN006655,2026-06-02,2026-02-26,2026-06,NZL01,5600,,WA,Bureau Veritas,BOB-ESG-0447,PO-ESG-6880,GBP,33057.64,GST-FREE,ESG spend - Waste reduction,SAP
TXN006656,2026-06-06,2026-02-27,2026-06,AUS01,5300,,FIN,Origin Energy,BOB-ESG-0448,PO-ESG-4577,AUD,77373.78,GST,ESG spend - Carbon offsets,Workday
TXN006657,2026-06-31,2026-06-26,2026-06,AUS01,6010,,MKT,Carbon Neutral Pty Ltd,BOB-ESG-0449,PO-ESG-1732,USD,60946.01,INPUT,ESG spend - Supplier ESG premium,Oracle
TXN006658,2026-06-23,2026-06-19,2026-06,AUS01,6000,,MKT,Bureau Veritas,BOB-ESG-0450,PO-ESG-3100,AUD,36812.51,GST,ESG spend - Renewable sourcing premium,Manual Entry
TXN006659,2026-06-07,2026-06-02,2026-06,FJI01,5320,,FIN,EcoVadis,BOB-ESG-0451,PO-ESG-7557,USD,8936.7,EXPORT,ESG spend - Compliance assurance,API Import
TXN006660,2026-06-17,2026-06-16,2026-06,AUS01,5600,,QLD,Sustainable Packaging Co,BOB-ESG-0452,PO-ESG-8667,NZD,95651.03,INPUT,ESG spend - Waste reduction,API Import
TXN006661,2026-06-08,2026-06-01,2026-06,NZL01,5600,,NT,Climate Active Advisor,BOB-ESG-0453,PO-ESG-6843,AUD,88464.04,EXPORT,ESG spend - Waste reduction,Manual Entry
TXN006662,2026-06-31,2026-06-27,2026-06,PNG01,6010,,MKT,Carbon Neutral Pty Ltd,BOB-ESG-0454,PO-ESG-6109,AUD,53095.77,GST,ESG spend - Supplier ESG premium,API Import
TXN006663,2026-06-11,2026-06-06,2026-06,AUS01,6010,,FIN,EcoVadis,BOB-ESG-0455,PO-ESG-2145,AUD,20319.77,INPUT,ESG spend - Supplier ESG premium,SAP
TXN006664,2026-06-21,2026-06-18,2026-06,NZL01,6010,,MKT,Carbon Neutral Pty Ltd,BOB-ESG-0456,PO-ESG-6921,NZD,22471.56,INPUT,ESG spend - Sustainable packaging,Manual Entry
TXN006665,2026-06-03,2026-02-26,2026-06,PNG01,5400,,SA,Bureau Veritas,BOB-ESG-0457,PO-ESG-9077,NZD,62090.7,EXPORT,ESG spend - Fleet emissions,Oracle
TXN006666,2026-06-26,2026-06-24,2026-06,AUS01,5320,,ACT,Sustainable Packaging Co,BOB-ESG-0458,PO-ESG-9652,AUD,24535.59,INPUT,ESG spend - Compliance assurance,Workday
TXN006667,2026-06-25,2026-06-23,2026-06,FJI01,6000,,QLD,Carbon Neutral Pty Ltd,BOB-ESG-0459,PO-ESG-7159,USD,85513.02,INPUT,ESG spend - Renewable sourcing premium,Workday
TXN006668,2026-06-12,2026-06-08,2026-06,PNG01,6010,,CORP,Origin Energy,BOB-ESG-0460,PO-ESG-7064,GBP,119191.43,GST,ESG spend - Supplier ESG premium,SAP
TXN006669,2026-06-31,2026-06-24,2026-06,FJI01,5110,,FIN,Bureau Veritas,BOB-ESG-0461,PO-ESG-1420,AUD,76478.22,INPUT,ESG spend - Energy usage,SAP
TXN006670,2026-06-09,2026-06-06,2026-06,AUS01,5110,,HR,Energy Australia,BOB-ESG-0462,PO-ESG-9488,AUD,15539.35,GST-FREE,ESG spend - Energy usage,Oracle
TXN006671,2026-06-15,2026-06-12,2026-06,FJI01,5300,,WA,Green Freight,BOB-ESG-0463,PO-ESG-1770,USD,68032.35,EXPORT,ESG spend - Carbon offsets,Workday
TXN006672,2026-06-15,2026-06-10,2026-06,NZL01,5300,,HR,Carbon Neutral Pty Ltd,BOB-ESG-0464,PO-ESG-2009,NZD,89002.52,EXPORT,ESG spend - Carbon offsets,API Import
TXN006673,2026-06-02,2026-02-23,2026-06,NZL01,5300,,TAS,Climate Active Advisor,BOB-ESG-0465,PO-ESG-3066,NZD,5658.0,GST,ESG spend - Carbon offsets,API Import
TXN006674,2026-06-31,2026-06-24,2026-06,FJI01,6010,,TAS,Origin Energy,BOB-ESG-0466,PO-ESG-2727,USD,10116.14,GST,ESG spend - Supplier ESG premium,Oracle
TXN006675,2026-06-27,2026-06-22,2026-06,FJI01,5600,,NSW,Climate Active Advisor,BOB-ESG-0467,PO-ESG-9385,USD,26194.83,GST,ESG spend - Waste reduction,Oracle
TXN006676,2026-06-25,2026-06-21,2026-06,PNG01,5300,,NT,Bureau Veritas,BOB-ESG-0468,PO-ESG-9358,AUD,93560.1,EXPORT,ESG spend - Carbon offsets,Oracle
TXN006677,2026-06-05,2026-02-28,2026-06,PNG01,5110,,ACT,Sustainable Packaging Co,BOB-ESG-0469,PO-ESG-2211,AUD,90700.72,GST-FREE,ESG spend - Energy usage,Workday
TXN006678,2026-06-25,2026-06-20,2026-06,PNG01,5600,,WA,EcoVadis,BOB-ESG-0470,PO-ESG-1309,USD,115281.67,GST,ESG spend - Waste reduction,API Import
TXN006679,2026-06-30,2026-06-26,2026-06,AUS01,6000,,ACT,EcoVadis,BOB-ESG-0471,PO-ESG-1105,USD,118589.89,EXPORT,ESG spend - Renewable sourcing premium,API Import
TXN006680,2026-06-29,2026-06-28,2026-06,FJI01,5110,,NT,Energy Australia,BOB-ESG-0472,PO-ESG-3276,GBP,34313.33,INPUT,ESG spend - Energy usage,Oracle
TXN006681,2026-06-03,2026-02-27,2026-06,FJI01,5110,,R&D,Carbon Neutral Pty Ltd,BOB-ESG-0473,PO-ESG-9951,USD,94384.61,GST,ESG spend - Energy usage,API Import
TXN006682,2026-06-08,2026-06-06,2026-06,NZL01,5300,,R&D,Sustainable Packaging Co,BOB-ESG-0474,PO-ESG-4176,NZD,90667.88,EXPORT,ESG spend - Carbon offsets,Workday
TXN006683,2026-06-11,2026-06-04,2026-06,NZL01,6010,,HR,Carbon Neutral Pty Ltd,BOB-ESG-0475,PO-ESG-4234,AUD,42716.16,GST,ESG spend - Supplier ESG premium,API Import
TXN006684,2026-06-26,2026-06-23,2026-06,FJI01,5400,,ACT,EcoVadis,BOB-ESG-0476,PO-ESG-3842,AUD,114397.97,GST-FREE,ESG spend - Fleet emissions,Oracle
TXN006685,2026-06-26,2026-06-22,2026-06,NZL01,6000,,ACT,Energy Australia,BOB-ESG-0477,PO-ESG-9903,AUD,79163.33,GST,ESG spend - Renewable sourcing premium,Manual Entry
TXN006686,2026-06-10,2026-06-05,2026-06,PNG01,5320,,FIN,Origin Energy,BOB-ESG-0478,PO-ESG-6540,GBP,78410.75,EXPORT,ESG spend - Compliance assurance,API Import
TXN006687,2026-06-07,2026-06-02,2026-06,FJI01,5600,,MKT,EcoVadis,BOB-ESG-0479,PO-ESG-2957,USD,65174.44,EXPORT,ESG spend - Waste reduction,Manual Entry
TXN006688,2026-06-16,2026-06-15,2026-06,FJI01,5400,,QLD,Origin Energy,BOB-ESG-0480,PO-ESG-5908,GBP,52595.57,INPUT,ESG spend - Fleet emissions,Workday
TXN006689,2026-06-28,2026-06-26,2026-06,NZL01,5400,,CORP,Energy Australia,BOB-ESG-0481,PO-ESG-2105,AUD,97803.07,EXPORT,ESG spend - Fleet emissions,SAP
TXN006690,2026-06-24,2026-06-20,2026-06,AUS01,5320,,CORP,Carbon Neutral Pty Ltd,BOB-ESG-0482,PO-ESG-8984,AUD,43142.21,EXPORT,ESG spend - Compliance assurance,Oracle
TXN006691,2026-06-19,2026-06-14,2026-06,PNG01,5320,,ACT,Sustainable Packaging Co,BOB-ESG-0483,PO-ESG-3063,USD,55012.93,GST,ESG spend - Compliance assurance,Workday
TXN006692,2026-06-07,2026-06-06,2026-06,AUS01,6010,,QLD,EcoVadis,BOB-ESG-0484,PO-ESG-9340,USD,12337.01,EXPORT,ESG spend - Supplier ESG premium,Workday
TXN006693,2026-06-28,2026-06-22,2026-06,NZL01,6000,,WA,Energy Australia,BOB-ESG-0485,PO-ESG-6127,GBP,20725.32,INPUT,ESG spend - Renewable sourcing premium,API Import
TXN006694,2026-06-31,2026-06-26,2026-06,NZL01,6010,,SA,Climate Active Advisor,BOB-ESG-0486,PO-ESG-2619,NZD,90608.08,GST-FREE,ESG spend - Supplier ESG premium,Oracle
TXN006695,2026-06-16,2026-06-15,2026-06,NZL01,5320,,OPS,Origin Energy,BOB-ESG-0487,PO-ESG-9369,NZD,84004.42,GST-FREE,ESG spend - Compliance assurance,Oracle
TXN006696,2026-06-13,2026-06-11,2026-06,FJI01,6010,,NSW,EcoVadis,BOB-ESG-0488,PO-ESG-9389,AUD,51865.01,INPUT,ESG spend - Supplier ESG premium,Manual Entry
TXN006697,2026-06-18,2026-06-11,2026-06,PNG01,6010,,NT,Carbon Neutral Pty Ltd,BOB-ESG-0489,PO-ESG-4704,NZD,26359.36,GST-FREE,ESG spend - Supplier ESG premium,API Import
TXN006698,2026-06-03,2026-02-28,2026-06,FJI01,6010,,FIN,EcoVadis,BOB-ESG-0490,PO-ESG-1195,USD,117996.72,INPUT,ESG spend - Supplier ESG premium,Workday
TXN006699,2026-06-06,2026-02-27,2026-06,PNG01,6010,,SA,Carbon Neutral Pty Ltd,BOB-ESG-0491,PO-ESG-4392,USD,101455.32,GST,ESG spend - Supplier ESG premium,SAP
TXN006700,2026-06-03,2026-02-28,2026-06,AUS01,6000,,FIN,Carbon Neutral Pty Ltd,BOB-ESG-0492,PO-ESG-7018,AUD,55484.92,INPUT,ESG spend - Renewable sourcing premium,Oracle
TXN006701,2026-06-31,2026-06-25,2026-06,NZL01,6010,,MKT,EcoVadis,BOB-ESG-0493,PO-ESG-1232,AUD,93251.07,INPUT,ESG spend - Supplier ESG premium,Oracle
TXN006702,2026-06-13,2026-06-11,2026-06,FJI01,6000,,VIC,Bureau Veritas,BOB-ESG-0494,PO-ESG-5942,GBP,51262.29,GST-FREE,ESG spend - Renewable sourcing premium,Workday
TXN006703,2026-06-15,2026-06-14,2026-06,NZL01,5300,,VIC,Sustainable Packaging Co,BOB-ESG-0495,PO-ESG-5857,USD,79030.71,EXPORT,ESG spend - Carbon offsets,API Import
TXN006704,2026-06-27,2026-06-24,2026-06,PNG01,6000,,VIC,Energy Australia,BOB-ESG-0496,PO-ESG-6364,GBP,21225.7,EXPORT,ESG spend - Renewable sourcing premium,Oracle
TXN006705,2026-06-20,2026-06-17,2026-06,PNG01,5320,,VIC,Green Freight,BOB-ESG-0497,PO-ESG-5813,GBP,116272.48,GST-FREE,ESG spend - Compliance assurance,Manual Entry
TXN006706,2026-06-17,2026-06-14,2026-06,AUS01,6010,,SA,Green Freight,BOB-ESG-0498,PO-ESG-8413,USD,50684.98,INPUT,ESG spend - Sustainable packaging,API Import
TXN006707,2026-06-13,2026-06-11,2026-06,PNG01,6010,,IT,Sustainable Packaging Co,BOB-ESG-0499,PO-ESG-9655,USD,14943.32,GST,ESG spend - Sustainable packaging,Manual Entry
TXN006708,2026-06-10,2026-06-06,2026-06,FJI01,5300,,SA,Origin Energy,BOB-ESG-0500,PO-ESG-5276,USD,7962.49,EXPORT,ESG spend - Carbon offsets,SAP
TXN006709,2026-06-06,2026-02-27,2026-06,AUS01,5600,,HR,Carbon Neutral Pty Ltd,BOB-ESG-0501,PO-ESG-7551,USD,22587.53,INPUT,ESG spend - Waste reduction,Oracle
TXN006710,2026-06-15,2026-06-13,2026-06,FJI01,6000,,VIC,Climate Active Advisor,BOB-ESG-0502,PO-ESG-1197,NZD,54942.37,GST,ESG spend - Renewable sourcing premium,Workday
TXN006711,2026-06-28,2026-06-24,2026-06,NZL01,5400,,NT,Climate Active Advisor,BOB-ESG-0503,PO-ESG-3599,NZD,64138.64,INPUT,ESG spend - Fleet emissions,Manual Entry
TXN006712,2026-06-24,2026-06-22,2026-06,NZL01,6010,,OPS,Bureau Veritas,BOB-ESG-0504,PO-ESG-9812,NZD,38260.15,GST-FREE,ESG spend - Sustainable packaging,API Import
TXN006713,2026-06-02,2026-02-26,2026-06,PNG01,6010,,WA,Sustainable Packaging Co,BOB-ESG-0505,PO-ESG-1113,GBP,118308.31,GST-FREE,ESG spend - Sustainable packaging,Workday
TXN006714,2026-06-14,2026-06-09,2026-06,FJI01,5400,,QLD,Bureau Veritas,BOB-ESG-0506,PO-ESG-1463,USD,108266.5,GST,ESG spend - Fleet emissions,SAP
TXN006715,2026-06-24,2026-06-21,2026-06,FJI01,5600,,MKT,EcoVadis,BOB-ESG-0507,PO-ESG-7963,GBP,14103.98,EXPORT,ESG spend - Waste reduction,API Import
TXN006716,2026-06-24,2026-06-23,2026-06,PNG01,5600,,TAS,Green Freight,BOB-ESG-0508,PO-ESG-7909,NZD,80007.55,INPUT,ESG spend - Waste reduction,Oracle
TXN006717,2026-06-20,2026-06-19,2026-06,NZL01,5400,,VIC,Origin Energy,BOB-ESG-0509,PO-ESG-4803,GBP,12383.72,INPUT,ESG spend - Fleet emissions,SAP
TXN006718,2026-06-08,2026-06-06,2026-06,PNG01,5400,,OPS,EcoVadis,BOB-ESG-0510,PO-ESG-2050,USD,9906.56,EXPORT,ESG spend - Fleet emissions,Oracle
TXN006719,2026-06-22,2026-06-20,2026-06,FJI01,5300,,IT,Carbon Neutral Pty Ltd,BOB-ESG-0511,PO-ESG-6418,NZD,115100.27,EXPORT,ESG spend - Carbon offsets,SAP
TXN006720,2026-06-25,2026-06-24,2026-06,PNG01,6010,,IT,Climate Active Advisor,BOB-ESG-0512,PO-ESG-1246,GBP,17135.74,EXPORT,ESG spend - Sustainable packaging,API Import
TXN006721,2026-06-02,2026-06-01,2026-06,NZL01,5110,,SA,Carbon Neutral Pty Ltd,BOB-ESG-0513,PO-ESG-5296,USD,68904.38,EXPORT,ESG spend - Energy usage,Workday
TXN006722,2026-06-07,2026-06-04,2026-06,NZL01,5600,,QLD,Carbon Neutral Pty Ltd,BOB-ESG-0514,PO-ESG-4822,GBP,26248.15,GST-FREE,ESG spend - Waste reduction,Oracle
TXN006723,2026-06-13,2026-06-11,2026-06,PNG01,6010,,NSW,Carbon Neutral Pty Ltd,BOB-ESG-0515,PO-ESG-5580,NZD,111098.73,INPUT,ESG spend - Sustainable packaging,Workday
TXN006724,2026-06-26,2026-06-21,2026-06,AUS01,5300,,NT,Carbon Neutral Pty Ltd,BOB-ESG-0516,PO-ESG-5303,USD,30302.23,GST-FREE,ESG spend - Carbon offsets,Workday
TXN006725,2026-06-10,2026-06-09,2026-06,AUS01,6000,,WA,Climate Active Advisor,BOB-ESG-0517,PO-ESG-3711,GBP,51289.85,EXPORT,ESG spend - Renewable sourcing premium,SAP
TXN006726,2026-06-22,2026-06-15,2026-06,NZL01,5400,,QLD,Carbon Neutral Pty Ltd,BOB-ESG-0518,PO-ESG-5116,NZD,51197.4,GST,ESG spend - Fleet emissions,SAP
TXN006727,2026-06-30,2026-06-24,2026-06,AUS01,6000,,MKT,Carbon Neutral Pty Ltd,BOB-ESG-0519,PO-ESG-1330,AUD,115416.2,INPUT,ESG spend - Renewable sourcing premium,Workday
TXN006728,2026-06-27,2026-06-21,2026-06,NZL01,5320,,WA,EcoVadis,BOB-ESG-0520,PO-ESG-8726,USD,85099.1,INPUT,ESG spend - Compliance assurance,Oracle
TXN006729,2026-06-05,2026-02-28,2026-06,AUS01,6000,,MKT,Energy Australia,BOB-ESG-0521,PO-ESG-3961,GBP,30989.86,EXPORT,ESG spend - Renewable sourcing premium,Oracle
TXN006730,2026-06-07,2026-06-04,2026-06,NZL01,6000,,WA,Bureau Veritas,BOB-ESG-0522,PO-ESG-1064,USD,12014.68,GST,ESG spend - Renewable sourcing premium,API Import
TXN006731,2026-06-12,2026-06-10,2026-06,PNG01,6000,,VIC,Green Freight,BOB-ESG-0523,PO-ESG-6479,NZD,6173.22,EXPORT,ESG spend - Renewable sourcing premium,Manual Entry
TXN006732,2026-06-29,2026-06-28,2026-06,NZL01,6000,,QLD,Sustainable Packaging Co,BOB-ESG-0524,PO-ESG-7483,NZD,90705.45,GST,ESG spend - Renewable sourcing premium,SAP
TXN006733,2026-06-09,2026-06-07,2026-06,NZL01,5600,,ACT,Climate Active Advisor,BOB-ESG-0525,PO-ESG-5561,USD,119066.63,GST-FREE,ESG spend - Waste reduction,Workday
TXN006734,2026-06-07,2026-06-03,2026-06,AUS01,6000,,ACT,Sustainable Packaging Co,BOB-ESG-0526,PO-ESG-5858,USD,46635.46,GST,ESG spend - Renewable sourcing premium,Manual Entry
TXN006735,2026-06-25,2026-06-19,2026-06,FJI01,6000,,NT,Carbon Neutral Pty Ltd,BOB-ESG-0527,PO-ESG-3732,GBP,100282.83,EXPORT,ESG spend - Renewable sourcing premium,Workday
TXN006736,2026-06-02,2026-06-01,2026-06,NZL01,5320,,FIN,Sustainable Packaging Co,BOB-ESG-0528,PO-ESG-2570,NZD,5490.41,INPUT,ESG spend - Compliance assurance,API Import
TXN006737,2026-06-07,2026-06-02,2026-06,FJI01,6010,,ACT,Climate Active Advisor,BOB-ESG-0529,PO-ESG-4132,NZD,83079.67,GST,ESG spend - Supplier ESG premium,Oracle
TXN006738,2026-06-16,2026-06-10,2026-06,PNG01,6010,,SA,EcoVadis,BOB-ESG-0530,PO-ESG-6340,NZD,106290.13,GST-FREE,ESG spend - Supplier ESG premium,API Import
TXN006739,2026-06-01,2026-02-28,2026-06,FJI01,5300,,NT,Energy Australia,BOB-ESG-0531,PO-ESG-4169,AUD,38465.14,EXPORT,ESG spend - Carbon offsets,Workday
TXN006740,2026-06-17,2026-06-11,2026-06,FJI01,6000,,FIN,Sustainable Packaging Co,BOB-ESG-0532,PO-ESG-2006,GBP,119971.18,GST-FREE,ESG spend - Renewable sourcing premium,SAP
TXN006741,2026-06-09,2026-06-03,2026-06,PNG01,5300,,CORP,Origin Energy,BOB-ESG-0533,PO-ESG-6449,AUD,84641.29,GST,ESG spend - Carbon offsets,SAP
TXN006742,2026-06-14,2026-06-13,2026-06,AUS01,5110,,SA,EcoVadis,BOB-ESG-0534,PO-ESG-2267,USD,93100.51,GST,ESG spend - Energy usage,Manual Entry
TXN006743,2026-06-29,2026-06-27,2026-06,NZL01,5320,,HR,Green Freight,BOB-ESG-0535,PO-ESG-8219,NZD,16268.54,EXPORT,ESG spend - Compliance assurance,API Import
TXN006744,2026-06-09,2026-06-04,2026-06,PNG01,6000,,FIN,Sustainable Packaging Co,BOB-ESG-0536,PO-ESG-2401,GBP,84501.84,GST,ESG spend - Renewable sourcing premium,API Import
TXN006745,2026-06-10,2026-06-09,2026-06,PNG01,5600,,ACT,Green Freight,BOB-ESG-0537,PO-ESG-6605,GBP,61409.62,INPUT,ESG spend - Waste reduction,Oracle
TXN006746,2026-06-26,2026-06-22,2026-06,PNG01,5320,,QLD,Sustainable Packaging Co,BOB-ESG-0538,PO-ESG-9486,AUD,19466.84,GST-FREE,ESG spend - Compliance assurance,Manual Entry
TXN006747,2026-06-22,2026-06-16,2026-06,NZL01,5300,,FIN,Bureau Veritas,BOB-ESG-0539,PO-ESG-8573,AUD,58928.29,EXPORT,ESG spend - Carbon offsets,Oracle
TXN006748,2026-06-02,2026-02-28,2026-06,AUS01,5400,,MKT,Green Freight,BOB-ESG-0540,PO-ESG-4279,NZD,19212.96,GST,ESG spend - Fleet emissions,Manual Entry
TXN006749,2026-06-27,2026-06-20,2026-06,PNG01,5600,,QLD,Carbon Neutral Pty Ltd,BOB-ESG-0541,PO-ESG-4224,NZD,15965.82,EXPORT,ESG spend - Waste reduction,SAP
TXN006750,2026-06-12,2026-06-09,2026-06,PNG01,6010,,OPS,Energy Australia,BOB-ESG-0542,PO-ESG-4928,GBP,31354.25,GST-FREE,ESG spend - Supplier ESG premium,Oracle
TXN006751,2026-06-10,2026-06-08,2026-06,FJI01,5110,,WA,Green Freight,BOB-ESG-0543,PO-ESG-4395,GBP,81021.91,GST,ESG spend - Energy usage,API Import
TXN006752,2026-06-03,2026-02-26,2026-06,FJI01,5600,,HR,Sustainable Packaging Co,BOB-ESG-0544,PO-ESG-1129,NZD,66763.3,INPUT,ESG spend - Waste reduction,Manual Entry
TXN006753,2026-06-25,2026-06-18,2026-06,PNG01,5400,,FIN,Green Freight,BOB-ESG-0545,PO-ESG-7221,GBP,56499.87,EXPORT,ESG spend - Fleet emissions,Oracle
TXN006754,2026-06-01,2026-02-28,2026-06,FJI01,6010,,FIN,Carbon Neutral Pty Ltd,BOB-ESG-0546,PO-ESG-7345,GBP,44079.4,GST,ESG spend - Sustainable packaging,Manual Entry
TXN006755,2026-06-12,2026-06-07,2026-06,FJI01,6010,,QLD,Carbon Neutral Pty Ltd,BOB-ESG-0547,PO-ESG-1577,AUD,101289.72,EXPORT,ESG spend - Supplier ESG premium,Oracle
TXN006756,2026-06-10,2026-06-06,2026-06,FJI01,5300,,HR,Sustainable Packaging Co,BOB-ESG-0548,PO-ESG-1949,NZD,108534.38,EXPORT,ESG spend - Carbon offsets,Oracle
TXN006757,2026-06-05,2026-06-04,2026-06,PNG01,5300,,CORP,Energy Australia,BOB-ESG-0549,PO-ESG-5264,USD,103703.84,GST,ESG spend - Carbon offsets,API Import
TXN006758,2026-06-14,2026-06-10,2026-06,AUS01,5400,,IT,Origin Energy,BOB-ESG-0550,PO-ESG-2333,AUD,106887.95,EXPORT,ESG spend - Fleet emissions,Manual Entry
TXN006759,2026-06-02,2026-02-28,2026-06,FJI01,6010,,IT,Energy Australia,BOB-ESG-0551,PO-ESG-6229,USD,52607.04,GST-FREE,ESG spend - Sustainable packaging,API Import
TXN006760,2026-06-09,2026-06-04,2026-06,PNG01,5600,,SA,Bureau Veritas,BOB-ESG-0552,PO-ESG-4184,AUD,70341.58,GST-FREE,ESG spend - Waste reduction,Oracle
TXN006761,2026-06-06,2026-02-27,2026-06,PNG01,5400,,ACT,Green Freight,BOB-ESG-0553,PO-ESG-1234,GBP,118994.82,EXPORT,ESG spend - Fleet emissions,API Import
TXN006762,2026-06-10,2026-06-08,2026-06,FJI01,6010,,NSW,Sustainable Packaging Co,BOB-ESG-0554,PO-ESG-1218,GBP,108539.38,GST,ESG spend - Sustainable packaging,SAP
TXN006763,2026-06-19,2026-06-14,2026-06,NZL01,5300,,VIC,Origin Energy,BOB-ESG-0555,PO-ESG-1267,USD,44447.92,INPUT,ESG spend - Carbon offsets,API Import
TXN006764,2026-06-20,2026-06-14,2026-06,NZL01,5320,,VIC,Climate Active Advisor,BOB-ESG-0556,PO-ESG-3491,GBP,34893.6,EXPORT,ESG spend - Compliance assurance,Workday
TXN006765,2026-06-02,2026-06-01,2026-06,AUS01,6000,,FIN,Sustainable Packaging Co,BOB-ESG-0557,PO-ESG-3572,NZD,52538.01,INPUT,ESG spend - Renewable sourcing premium,Workday
TXN006766,2026-06-15,2026-06-09,2026-06,AUS01,6000,,OPS,Energy Australia,BOB-ESG-0558,PO-ESG-8477,AUD,29960.46,EXPORT,ESG spend - Renewable sourcing premium,SAP
TXN006767,2026-06-05,2026-02-28,2026-06,PNG01,5400,,OPS,Energy Australia,BOB-ESG-0559,PO-ESG-9656,GBP,48648.89,GST-FREE,ESG spend - Fleet emissions,API Import
TXN006768,2026-06-13,2026-06-10,2026-06,AUS01,6010,,MKT,Climate Active Advisor,BOB-ESG-0560,PO-ESG-7660,USD,37938.3,EXPORT,ESG spend - Sustainable packaging,Manual Entry
TXN006769,2026-06-10,2026-06-08,2026-06,NZL01,5320,,QLD,Climate Active Advisor,BOB-ESG-0561,PO-ESG-6772,USD,43476.5,INPUT,ESG spend - Compliance assurance,API Import
TXN006770,2026-06-30,2026-06-24,2026-06,FJI01,5400,,TAS,Green Freight,BOB-ESG-0562,PO-ESG-9479,USD,76884.96,GST-FREE,ESG spend - Fleet emissions,Workday
TXN006771,2026-06-19,2026-06-18,2026-06,FJI01,6000,,WA,Carbon Neutral Pty Ltd,BOB-ESG-0563,PO-ESG-4456,USD,36765.31,INPUT,ESG spend - Renewable sourcing premium,Workday
TXN006772,2026-06-01,2026-02-25,2026-06,NZL01,5320,,HR,Origin Energy,BOB-ESG-0564,PO-ESG-2383,GBP,32713.32,INPUT,ESG spend - Compliance assurance,Manual Entry
TXN006773,2026-06-05,2026-02-28,2026-06,NZL01,5400,,VIC,Climate Active Advisor,BOB-ESG-0565,PO-ESG-3171,NZD,96976.88,GST-FREE,ESG spend - Fleet emissions,SAP
TXN006774,2026-06-19,2026-06-14,2026-06,NZL01,5320,,VIC,Climate Active Advisor,BOB-ESG-0566,PO-ESG-9032,USD,86200.87,INPUT,ESG spend - Compliance assurance,Oracle
TXN006775,2026-06-22,2026-06-18,2026-06,FJI01,6010,,QLD,Sustainable Packaging Co,BOB-ESG-0567,PO-ESG-3102,AUD,50282.56,GST-FREE,ESG spend - Sustainable packaging,Workday
TXN006776,2026-06-12,2026-06-06,2026-06,PNG01,6010,,ACT,Carbon Neutral Pty Ltd,BOB-ESG-0568,PO-ESG-7383,AUD,32132.18,GST-FREE,ESG spend - Sustainable packaging,Oracle
TXN006777,2026-06-19,2026-06-15,2026-06,NZL01,5600,,FIN,Energy Australia,BOB-ESG-0569,PO-ESG-9920,USD,73824.83,GST,ESG spend - Waste reduction,API Import
TXN006778,2026-06-04,2026-02-27,2026-06,FJI01,5320,,R&D,Climate Active Advisor,BOB-ESG-0570,PO-ESG-6707,AUD,95983.77,GST-FREE,ESG spend - Compliance assurance,SAP
TXN006779,2026-06-10,2026-06-07,2026-06,NZL01,5320,,HR,Energy Australia,BOB-ESG-0571,PO-ESG-7674,NZD,113679.17,EXPORT,ESG spend - Compliance assurance,API Import
TXN006780,2026-06-25,2026-06-20,2026-06,AUS01,5600,,NSW,Bureau Veritas,BOB-ESG-0572,PO-ESG-3901,USD,98063.0,GST,ESG spend - Waste reduction,SAP
TXN006781,2026-06-04,2026-02-28,2026-06,PNG01,6010,,VIC,Energy Australia,BOB-ESG-0573,PO-ESG-8992,GBP,65496.56,GST-FREE,ESG spend - Sustainable packaging,API Import
TXN006782,2026-06-24,2026-06-20,2026-06,PNG01,6000,,IT,Sustainable Packaging Co,BOB-ESG-0574,PO-ESG-7335,NZD,92583.99,GST,ESG spend - Renewable sourcing premium,SAP
TXN006783,2026-06-03,2026-06-02,2026-06,PNG01,5600,,SA,Sustainable Packaging Co,BOB-ESG-0575,PO-ESG-1287,NZD,51843.86,GST,ESG spend - Waste reduction,Workday
TXN006784,2026-06-05,2026-02-27,2026-06,NZL01,5110,,FIN,Bureau Veritas,BOB-ESG-0576,PO-ESG-3544,AUD,29359.69,EXPORT,ESG spend - Energy usage,API Import
TXN006785,2026-06-20,2026-06-17,2026-06,PNG01,6010,,WA,Green Freight,BOB-ESG-0577,PO-ESG-3698,GBP,118336.04,GST-FREE,ESG spend - Supplier ESG premium,API Import
TXN006786,2026-06-09,2026-06-03,2026-06,FJI01,5110,,VIC,Green Freight,BOB-ESG-0578,PO-ESG-5669,NZD,25198.76,INPUT,ESG spend - Energy usage,Workday
TXN006787,2026-06-15,2026-06-10,2026-06,FJI01,6010,,OPS,Sustainable Packaging Co,BOB-ESG-0579,PO-ESG-8312,USD,80629.08,EXPORT,ESG spend - Sustainable packaging,Workday
TXN006788,2026-06-26,2026-06-24,2026-06,NZL01,6010,,NT,Sustainable Packaging Co,BOB-ESG-0580,PO-ESG-4991,USD,30112.43,GST-FREE,ESG spend - Supplier ESG premium,API Import
TXN006789,2026-06-02,2026-02-27,2026-06,PNG01,5300,,NSW,Climate Active Advisor,BOB-ESG-0581,PO-ESG-6053,AUD,88489.75,GST,ESG spend - Carbon offsets,SAP
TXN006790,2026-06-18,2026-06-14,2026-06,AUS01,6010,,NT,Sustainable Packaging Co,BOB-ESG-0582,PO-ESG-1384,AUD,54151.18,EXPORT,ESG spend - Sustainable packaging,Oracle
TXN006791,2026-06-12,2026-06-11,2026-06,NZL01,5300,,NT,Origin Energy,BOB-ESG-0583,PO-ESG-9045,USD,31070.42,GST-FREE,ESG spend - Carbon offsets,SAP
TXN006792,2026-06-15,2026-06-13,2026-06,FJI01,5600,,NSW,Energy Australia,BOB-ESG-0584,PO-ESG-1803,USD,20028.52,GST,ESG spend - Waste reduction,API Import
TXN006793,2026-06-10,2026-06-04,2026-06,PNG01,5320,,OPS,Green Freight,BOB-ESG-0585,PO-ESG-4543,AUD,90838.14,INPUT,ESG spend - Compliance assurance,Manual Entry
TXN006794,2026-06-14,2026-06-07,2026-06,NZL01,5320,,IT,Bureau Veritas,BOB-ESG-0586,PO-ESG-3402,NZD,85491.9,INPUT,ESG spend - Compliance assurance,Workday
TXN006795,2026-06-19,2026-06-12,2026-06,AUS01,5320,,QLD,Origin Energy,BOB-ESG-0587,PO-ESG-7248,AUD,70654.99,GST,ESG spend - Compliance assurance,Workday
TXN006796,2026-06-29,2026-06-26,2026-06,PNG01,5320,,OPS,Carbon Neutral Pty Ltd,BOB-ESG-0588,PO-ESG-7419,NZD,116812.96,GST,ESG spend - Compliance assurance,SAP
TXN006797,2026-06-31,2026-06-28,2026-06,PNG01,5400,,WA,Origin Energy,BOB-ESG-0589,PO-ESG-7134,NZD,60529.75,EXPORT,ESG spend - Fleet emissions,API Import
TXN006798,2026-06-27,2026-06-26,2026-06,AUS01,5400,,MKT,Carbon Neutral Pty Ltd,BOB-ESG-0590,PO-ESG-8871,NZD,7950.09,INPUT,ESG spend - Fleet emissions,Manual Entry
TXN006799,2026-06-16,2026-06-14,2026-06,FJI01,5300,,SA,EcoVadis,BOB-ESG-0591,PO-ESG-1676,NZD,85991.29,GST,ESG spend - Carbon offsets,SAP
TXN006800,2026-06-13,2026-06-07,2026-06,NZL01,5300,,VIC,Green Freight,BOB-ESG-0592,PO-ESG-9442,AUD,66611.06,GST,ESG spend - Carbon offsets,Workday
TXN006801,2026-06-13,2026-06-11,2026-06,AUS01,5600,,NSW,Origin Energy,BOB-ESG-0593,PO-ESG-3624,GBP,80579.54,GST-FREE,ESG spend - Waste reduction,Manual Entry
TXN006802,2026-06-18,2026-06-15,2026-06,PNG01,5600,,ACT,Bureau Veritas,BOB-ESG-0594,PO-ESG-8644,USD,5318.17,EXPORT,ESG spend - Waste reduction,Workday
TXN006803,2026-06-21,2026-06-19,2026-06,AUS01,5110,,OPS,Green Freight,BOB-ESG-0595,PO-ESG-1513,NZD,33216.02,GST,ESG spend - Energy usage,Oracle
TXN006804,2026-06-06,2026-06-05,2026-06,FJI01,5300,,TAS,Energy Australia,BOB-ESG-0596,PO-ESG-3888,USD,86011.26,GST-FREE,ESG spend - Carbon offsets,Oracle
TXN006805,2026-06-23,2026-06-16,2026-06,FJI01,6010,,QLD,Origin Energy,BOB-ESG-0597,PO-ESG-3708,USD,67002.68,GST-FREE,ESG spend - Sustainable packaging,Workday
TXN006806,2026-06-17,2026-06-16,2026-06,AUS01,5300,,TAS,Green Freight,BOB-ESG-0598,PO-ESG-5922,GBP,79835.32,GST-FREE,ESG spend - Carbon offsets,Manual Entry
TXN006807,2026-06-22,2026-06-17,2026-06,AUS01,5320,,R&D,EcoVadis,BOB-ESG-0599,PO-ESG-1155,USD,70172.06,EXPORT,ESG spend - Compliance assurance,SAP
TXN006808,2026-06-26,2026-06-22,2026-06,PNG01,5300,,HR,EcoVadis,BOB-ESG-0600,PO-ESG-2425,AUD,42607.87,GST-FREE,ESG spend - Carbon offsets,Manual Entry
TXN006809,2026-06-07,2026-06-06,2026-06,AUS01,6000,,TAS,Origin Energy,BOB-ESG-0601,PO-ESG-6804,NZD,119533.5,GST-FREE,ESG spend - Renewable sourcing premium,API Import
TXN006810,2026-06-26,2026-06-21,2026-06,PNG01,6000,,QLD,Climate Active Advisor,BOB-ESG-0602,PO-ESG-9540,AUD,99470.74,INPUT,ESG spend - Renewable sourcing premium,Oracle
TXN006811,2026-06-27,2026-06-24,2026-06,AUS01,5300,,NT,Green Freight,BOB-ESG-0603,PO-ESG-5019,USD,86362.18,EXPORT,ESG spend - Carbon offsets,SAP
TXN006812,2026-06-11,2026-06-06,2026-06,NZL01,6010,,MKT,Carbon Neutral Pty Ltd,BOB-ESG-0604,PO-ESG-8710,GBP,56157.82,EXPORT,ESG spend - Sustainable packaging,Manual Entry
TXN006813,2026-06-07,2026-06-02,2026-06,NZL01,5320,,NT,Bureau Veritas,BOB-ESG-0605,PO-ESG-4753,USD,104922.16,INPUT,ESG spend - Compliance assurance,API Import
TXN006814,2026-06-05,2026-02-27,2026-06,NZL01,5600,,FIN,EcoVadis,BOB-ESG-0606,PO-ESG-7268,NZD,69516.26,GST-FREE,ESG spend - Waste reduction,Workday
TXN006815,2026-06-03,2026-02-24,2026-06,FJI01,5300,,VIC,Carbon Neutral Pty Ltd,BOB-ESG-0607,PO-ESG-3715,GBP,59498.38,GST-FREE,ESG spend - Carbon offsets,SAP
TXN006816,2026-06-09,2026-06-08,2026-06,NZL01,5600,,MKT,Bureau Veritas,BOB-ESG-0608,PO-ESG-7314,GBP,69641.05,INPUT,ESG spend - Waste reduction,Manual Entry
TXN006817,2026-06-19,2026-06-16,2026-06,FJI01,6010,,NSW,Sustainable Packaging Co,BOB-ESG-0609,PO-ESG-4390,NZD,115451.57,GST,ESG spend - Sustainable packaging,API Import
TXN006818,2026-06-25,2026-06-20,2026-06,NZL01,6010,,NSW,Sustainable Packaging Co,BOB-ESG-0610,PO-ESG-6746,NZD,18672.78,INPUT,ESG spend - Sustainable packaging,API Import
TXN006819,2026-06-14,2026-06-07,2026-06,FJI01,5110,,CORP,Green Freight,BOB-ESG-0611,PO-ESG-7822,AUD,17823.75,INPUT,ESG spend - Energy usage,SAP
TXN006820,2026-06-14,2026-06-10,2026-06,AUS01,6000,,VIC,Carbon Neutral Pty Ltd,BOB-ESG-0612,PO-ESG-2573,NZD,67311.37,INPUT,ESG spend - Renewable sourcing premium,Manual Entry
TXN006821,2026-06-03,2026-06-01,2026-06,FJI01,6010,,QLD,Origin Energy,BOB-ESG-0613,PO-ESG-8244,NZD,36640.05,INPUT,ESG spend - Supplier ESG premium,API Import
TXN006822,2026-06-13,2026-06-08,2026-06,AUS01,6000,,NT,EcoVadis,BOB-ESG-0614,PO-ESG-9709,GBP,67539.46,GST-FREE,ESG spend - Renewable sourcing premium,SAP
TXN006823,2026-06-09,2026-06-03,2026-06,AUS01,6000,,TAS,Bureau Veritas,BOB-ESG-0615,PO-ESG-4029,NZD,103065.95,INPUT,ESG spend - Renewable sourcing premium,API Import
TXN006824,2026-06-15,2026-06-13,2026-06,PNG01,5110,,NSW,Climate Active Advisor,BOB-ESG-0616,PO-ESG-6077,NZD,65885.7,GST-FREE,ESG spend - Energy usage,Manual Entry
TXN006825,2026-06-08,2026-06-04,2026-06,NZL01,5300,,SA,Sustainable Packaging Co,BOB-ESG-0617,PO-ESG-9202,USD,21004.39,GST-FREE,ESG spend - Carbon offsets,Workday
TXN006826,2026-06-14,2026-06-08,2026-06,PNG01,5320,,NT,Origin Energy,BOB-ESG-0618,PO-ESG-9036,AUD,19229.52,INPUT,ESG spend - Compliance assurance,API Import
TXN006827,2026-06-06,2026-06-04,2026-06,FJI01,5320,,IT,Bureau Veritas,BOB-ESG-0619,PO-ESG-6323,GBP,92309.85,GST,ESG spend - Compliance assurance,API Import
TXN006828,2026-06-27,2026-06-23,2026-06,NZL01,5320,,VIC,Green Freight,BOB-ESG-0620,PO-ESG-6354,AUD,62373.35,GST,ESG spend - Compliance assurance,Workday
TXN006829,2026-06-12,2026-06-07,2026-06,NZL01,5600,,WA,Bureau Veritas,BOB-ESG-0621,PO-ESG-9701,USD,115713.53,GST,ESG spend - Waste reduction,Workday
TXN006830,2026-06-25,2026-06-21,2026-06,PNG01,6000,,CORP,Climate Active Advisor,BOB-ESG-0622,PO-ESG-2163,AUD,10870.49,EXPORT,ESG spend - Renewable sourcing premium,Oracle
TXN006831,2026-06-29,2026-06-28,2026-06,NZL01,6010,,FIN,Origin Energy,BOB-ESG-0623,PO-ESG-6323,AUD,20978.09,GST-FREE,ESG spend - Supplier ESG premium,Workday
TXN006832,2026-06-29,2026-06-28,2026-06,PNG01,5300,,OPS,Origin Energy,BOB-ESG-0624,PO-ESG-8938,NZD,91585.31,INPUT,ESG spend - Carbon offsets,Manual Entry
TXN006833,2026-06-07,2026-06-05,2026-06,AUS01,5320,,IT,Climate Active Advisor,BOB-ESG-0625,PO-ESG-6456,AUD,96106.75,INPUT,ESG spend - Compliance assurance,Workday
TXN006834,2026-06-23,2026-06-16,2026-06,NZL01,5320,,MKT,Green Freight,BOB-ESG-0626,PO-ESG-1081,GBP,9227.17,INPUT,ESG spend - Compliance assurance,Oracle
TXN006835,2026-06-27,2026-06-20,2026-06,NZL01,5300,,CORP,EcoVadis,BOB-ESG-0627,PO-ESG-7432,GBP,107130.07,GST,ESG spend - Carbon offsets,Workday
TXN006836,2026-06-04,2026-02-28,2026-06,AUS01,6010,,SA,Carbon Neutral Pty Ltd,BOB-ESG-0628,PO-ESG-4470,USD,23564.15,EXPORT,ESG spend - Sustainable packaging,API Import
TXN006837,2026-06-15,2026-06-11,2026-06,NZL01,5300,,QLD,Energy Australia,BOB-ESG-0629,PO-ESG-7768,AUD,5400.82,GST,ESG spend - Carbon offsets,SAP
TXN006838,2026-06-31,2026-06-30,2026-06,FJI01,5110,,OPS,Climate Active Advisor,BOB-ESG-0630,PO-ESG-1862,NZD,25984.9,GST,ESG spend - Energy usage,SAP
TXN006839,2026-06-19,2026-06-12,2026-06,FJI01,6010,,MKT,Green Freight,BOB-ESG-0631,PO-ESG-9525,GBP,40692.59,GST,ESG spend - Supplier ESG premium,API Import
TXN006840,2026-06-19,2026-06-18,2026-06,NZL01,6000,,HR,Origin Energy,BOB-ESG-0632,PO-ESG-2820,USD,12735.2,INPUT,ESG spend - Renewable sourcing premium,Oracle
TXN006841,2026-06-28,2026-06-21,2026-06,FJI01,5400,,R&D,Green Freight,BOB-ESG-0633,PO-ESG-4870,USD,44711.75,EXPORT,ESG spend - Fleet emissions,API Import
TXN006842,2026-06-30,2026-06-27,2026-06,FJI01,6010,,ACT,Climate Active Advisor,BOB-ESG-0634,PO-ESG-5018,USD,109344.11,GST,ESG spend - Supplier ESG premium,Workday
TXN006843,2026-06-04,2026-06-03,2026-06,NZL01,6000,,ACT,Sustainable Packaging Co,BOB-ESG-0635,PO-ESG-4075,AUD,104387.58,GST-FREE,ESG spend - Renewable sourcing premium,Manual Entry
TXN006844,2026-06-24,2026-06-22,2026-06,AUS01,5400,,SA,EcoVadis,BOB-ESG-0636,PO-ESG-9462,NZD,89220.8,EXPORT,ESG spend - Fleet emissions,Manual Entry
TXN006845,2026-06-01,2026-02-23,2026-06,PNG01,6010,,NSW,Sustainable Packaging Co,BOB-ESG-0637,PO-ESG-2488,AUD,78181.77,EXPORT,ESG spend - Supplier ESG premium,SAP
TXN006846,2026-06-10,2026-06-03,2026-06,NZL01,6000,,MKT,Green Freight,BOB-ESG-0638,PO-ESG-3119,NZD,86752.83,INPUT,ESG spend - Renewable sourcing premium,SAP
TXN006847,2026-06-24,2026-06-19,2026-06,FJI01,5400,,TAS,Green Freight,BOB-ESG-0639,PO-ESG-6483,NZD,87213.23,GST,ESG spend - Fleet emissions,Oracle
TXN006848,2026-06-14,2026-06-07,2026-06,FJI01,5320,,WA,Green Freight,BOB-ESG-0640,PO-ESG-7081,AUD,20172.98,GST,ESG spend - Compliance assurance,Oracle
TXN006849,2026-06-21,2026-06-15,2026-06,AUS01,5400,,TAS,Origin Energy,BOB-ESG-0641,PO-ESG-2248,AUD,24958.07,GST-FREE,ESG spend - Fleet emissions,Manual Entry
TXN006850,2026-06-05,2026-06-03,2026-06,FJI01,6010,,NT,Climate Active Advisor,BOB-ESG-0642,PO-ESG-9075,GBP,79398.24,GST-FREE,ESG spend - Sustainable packaging,Manual Entry
TXN006851,2026-06-02,2026-02-23,2026-06,PNG01,5400,,SA,Green Freight,BOB-ESG-0643,PO-ESG-5600,AUD,70482.46,INPUT,ESG spend - Fleet emissions,Manual Entry
TXN006852,2026-06-04,2026-06-01,2026-06,NZL01,5400,,WA,Carbon Neutral Pty Ltd,BOB-ESG-0644,PO-ESG-2640,AUD,44411.97,INPUT,ESG spend - Fleet emissions,Workday
TXN006853,2026-06-25,2026-06-20,2026-06,AUS01,5400,,VIC,Origin Energy,BOB-ESG-0645,PO-ESG-9210,AUD,109604.11,GST,ESG spend - Fleet emissions,Manual Entry
TXN006854,2026-06-12,2026-06-08,2026-06,NZL01,5400,,HR,Carbon Neutral Pty Ltd,BOB-ESG-0646,PO-ESG-4655,USD,61402.48,GST,ESG spend - Fleet emissions,API Import
TXN006855,2026-06-08,2026-06-04,2026-06,AUS01,6010,,TAS,Climate Active Advisor,BOB-ESG-0647,PO-ESG-7506,AUD,103344.46,EXPORT,ESG spend - Sustainable packaging,Manual Entry
TXN006856,2026-06-16,2026-06-11,2026-06,NZL01,5110,,MKT,Energy Australia,BOB-ESG-0648,PO-ESG-4983,GBP,116784.81,INPUT,ESG spend - Energy usage,API Import
TXN006857,2026-06-28,2026-06-23,2026-06,PNG01,6010,,QLD,Sustainable Packaging Co,BOB-ESG-0649,PO-ESG-4401,USD,6091.04,EXPORT,ESG spend - Sustainable packaging,API Import
TXN006858,2026-06-28,2026-06-21,2026-06,AUS01,5300,,SA,Sustainable Packaging Co,BOB-ESG-0650,PO-ESG-1797,GBP,61077.5,GST,ESG spend - Carbon offsets,Oracle
TXN006859,2026-06-22,2026-06-19,2026-06,AUS01,5400,,R&D,Origin Energy,BOB-ESG-0651,PO-ESG-2309,GBP,101828.98,GST,ESG spend - Fleet emissions,Workday
TXN006860,2026-06-28,2026-06-25,2026-06,NZL01,5320,,NT,Green Freight,BOB-ESG-0652,PO-ESG-3930,USD,119717.11,INPUT,ESG spend - Compliance assurance,Workday
TXN006861,2026-06-12,2026-06-08,2026-06,AUS01,5600,,QLD,Green Freight,BOB-ESG-0653,PO-ESG-4581,NZD,118108.04,GST,ESG spend - Waste reduction,Workday
TXN006862,2026-06-13,2026-06-10,2026-06,AUS01,6010,,HR,Bureau Veritas,BOB-ESG-0654,PO-ESG-7246,GBP,65410.45,INPUT,ESG spend - Supplier ESG premium,Oracle
TXN006863,2026-06-16,2026-06-13,2026-06,NZL01,6010,,NSW,Energy Australia,BOB-ESG-0655,PO-ESG-4537,USD,99722.44,EXPORT,ESG spend - Sustainable packaging,Oracle
TXN006864,2026-06-24,2026-06-17,2026-06,AUS01,5300,,HR,EcoVadis,BOB-ESG-0656,PO-ESG-1086,NZD,62250.87,EXPORT,ESG spend - Carbon offsets,API Import
TXN006865,2026-06-16,2026-06-14,2026-06,FJI01,6010,,OPS,Climate Active Advisor,BOB-ESG-0657,PO-ESG-6746,AUD,119621.05,INPUT,ESG spend - Supplier ESG premium,Manual Entry
TXN006866,2026-06-01,2026-02-28,2026-06,PNG01,5600,,IT,Energy Australia,BOB-ESG-0658,PO-ESG-2091,AUD,25511.0,INPUT,ESG spend - Waste reduction,Workday
TXN006867,2026-06-27,2026-06-20,2026-06,NZL01,5320,,QLD,EcoVadis,BOB-ESG-0659,PO-ESG-8097,AUD,104106.48,GST-FREE,ESG spend - Compliance assurance,Workday
TXN006868,2026-06-11,2026-06-07,2026-06,AUS01,5300,,IT,Green Freight,BOB-ESG-0660,PO-ESG-2290,NZD,99009.14,GST,ESG spend - Carbon offsets,Workday
TXN006869,2026-06-29,2026-06-23,2026-06,PNG01,6010,,WA,Climate Active Advisor,BOB-ESG-0661,PO-ESG-6135,USD,35067.34,GST-FREE,ESG spend - Sustainable packaging,API Import
TXN006870,2026-06-12,2026-06-06,2026-06,FJI01,6010,,NT,Climate Active Advisor,BOB-ESG-0662,PO-ESG-9545,AUD,35301.58,GST-FREE,ESG spend - Supplier ESG premium,Workday
TXN006871,2026-06-16,2026-06-12,2026-06,NZL01,5400,,FIN,Energy Australia,BOB-ESG-0663,PO-ESG-2803,AUD,10109.89,INPUT,ESG spend - Fleet emissions,Workday
TXN006872,2026-06-06,2026-06-01,2026-06,NZL01,5110,,WA,Carbon Neutral Pty Ltd,BOB-ESG-0664,PO-ESG-3171,GBP,50127.05,GST-FREE,ESG spend - Energy usage,Manual Entry
TXN006873,2026-06-31,2026-06-25,2026-06,FJI01,6000,,SA,Green Freight,BOB-ESG-0665,PO-ESG-4390,AUD,54204.93,EXPORT,ESG spend - Renewable sourcing premium,Oracle
TXN006874,2026-06-09,2026-06-07,2026-06,FJI01,5110,,NSW,Origin Energy,BOB-ESG-0666,PO-ESG-2608,USD,43911.38,EXPORT,ESG spend - Energy usage,Oracle
TXN006875,2026-06-16,2026-06-11,2026-06,PNG01,5110,,MKT,Climate Active Advisor,BOB-ESG-0667,PO-ESG-2897,USD,18020.35,EXPORT,ESG spend - Energy usage,API Import
TXN006876,2026-06-01,2026-02-26,2026-06,FJI01,6000,,QLD,Climate Active Advisor,BOB-ESG-0668,PO-ESG-6846,NZD,80070.54,GST-FREE,ESG spend - Renewable sourcing premium,Oracle
TXN006877,2026-06-20,2026-06-14,2026-06,FJI01,6010,,HR,Origin Energy,BOB-ESG-0669,PO-ESG-8080,USD,92336.33,INPUT,ESG spend - Supplier ESG premium,Workday
TXN006878,2026-06-21,2026-06-16,2026-06,PNG01,6010,,NSW,EcoVadis,BOB-ESG-0670,PO-ESG-4218,AUD,32499.08,GST-FREE,ESG spend - Supplier ESG premium,Oracle
TXN006879,2026-06-14,2026-06-07,2026-06,FJI01,5400,,SA,Climate Active Advisor,BOB-ESG-0671,PO-ESG-4954,AUD,28534.59,GST-FREE,ESG spend - Fleet emissions,SAP
TXN006880,2026-06-23,2026-06-16,2026-06,AUS01,6010,,NSW,Origin Energy,BOB-ESG-0672,PO-ESG-9620,AUD,111989.07,INPUT,ESG spend - Supplier ESG premium,Workday
TXN006881,2026-06-04,2026-02-26,2026-06,FJI01,6010,,CORP,Energy Australia,BOB-ESG-0673,PO-ESG-1516,USD,95810.78,GST,ESG spend - Sustainable packaging,API Import
TXN006882,2026-06-06,2026-06-02,2026-06,FJI01,6010,,FIN,Energy Australia,BOB-ESG-0674,PO-ESG-8581,USD,113661.08,GST-FREE,ESG spend - Sustainable packaging,Manual Entry
TXN006883,2026-06-29,2026-06-28,2026-06,FJI01,6000,,OPS,EcoVadis,BOB-ESG-0675,PO-ESG-2435,USD,115840.1,EXPORT,ESG spend - Renewable sourcing premium,Oracle
TXN006884,2026-06-16,2026-06-11,2026-06,PNG01,6000,,R&D,Carbon Neutral Pty Ltd,BOB-ESG-0676,PO-ESG-5428,AUD,45763.09,EXPORT,ESG spend - Renewable sourcing premium,API Import
TXN006885,2026-06-15,2026-06-09,2026-06,PNG01,6010,,NT,Sustainable Packaging Co,BOB-ESG-0677,PO-ESG-7482,GBP,35082.25,INPUT,ESG spend - Supplier ESG premium,Workday
TXN006886,2026-06-16,2026-06-14,2026-06,PNG01,5110,,ACT,Climate Active Advisor,BOB-ESG-0678,PO-ESG-8400,GBP,60852.11,INPUT,ESG spend - Energy usage,Oracle
TXN006887,2026-06-06,2026-06-05,2026-06,FJI01,5600,,R&D,Carbon Neutral Pty Ltd,BOB-ESG-0679,PO-ESG-7024,AUD,108545.19,GST,ESG spend - Waste reduction,Manual Entry
TXN006888,2026-06-01,2026-02-27,2026-06,PNG01,5110,,QLD,Sustainable Packaging Co,BOB-ESG-0680,PO-ESG-2355,AUD,18575.06,GST-FREE,ESG spend - Energy usage,Manual Entry
TXN006889,2026-06-10,2026-06-07,2026-06,NZL01,5320,,SA,Origin Energy,BOB-ESG-0681,PO-ESG-9486,USD,16867.4,GST-FREE,ESG spend - Compliance assurance,SAP
TXN006890,2026-06-18,2026-06-11,2026-06,NZL01,6010,,VIC,Climate Active Advisor,BOB-ESG-0682,PO-ESG-1642,GBP,26332.55,EXPORT,ESG spend - Sustainable packaging,Manual Entry
TXN006891,2026-06-18,2026-06-13,2026-06,NZL01,5320,,NT,EcoVadis,BOB-ESG-0683,PO-ESG-9603,GBP,33823.95,INPUT,ESG spend - Compliance assurance,SAP
TXN006892,2026-06-23,2026-06-20,2026-06,PNG01,5320,,WA,Energy Australia,BOB-ESG-0684,PO-ESG-4388,USD,48612.01,INPUT,ESG spend - Compliance assurance,Manual Entry
TXN006893,2026-06-08,2026-06-07,2026-06,NZL01,5110,,R&D,EcoVadis,BOB-ESG-0685,PO-ESG-6348,AUD,15773.07,EXPORT,ESG spend - Energy usage,Manual Entry
TXN006894,2026-06-01,2026-02-28,2026-06,NZL01,5600,,CORP,Carbon Neutral Pty Ltd,BOB-ESG-0686,PO-ESG-8117,AUD,87551.95,EXPORT,ESG spend - Waste reduction,Manual Entry
TXN006895,2026-06-21,2026-06-20,2026-06,FJI01,5320,,MKT,Bureau Veritas,BOB-ESG-0687,PO-ESG-2721,USD,29686.02,EXPORT,ESG spend - Compliance assurance,API Import
TXN006896,2026-06-06,2026-06-01,2026-06,FJI01,6000,,MKT,Energy Australia,BOB-ESG-0688,PO-ESG-8781,GBP,93748.99,GST,ESG spend - Renewable sourcing premium,API Import
TXN006897,2026-06-24,2026-06-21,2026-06,AUS01,5600,,WA,Climate Active Advisor,BOB-ESG-0689,PO-ESG-2391,GBP,59633.72,EXPORT,ESG spend - Waste reduction,Oracle
TXN006898,2026-06-12,2026-06-08,2026-06,AUS01,6010,,TAS,Energy Australia,BOB-ESG-0690,PO-ESG-7866,USD,11442.95,GST-FREE,ESG spend - Supplier ESG premium,Oracle
TXN006899,2026-06-19,2026-06-14,2026-06,NZL01,6010,,FIN,Bureau Veritas,BOB-ESG-0691,PO-ESG-2068,GBP,81983.35,EXPORT,ESG spend - Supplier ESG premium,API Import
TXN006900,2026-06-27,2026-06-24,2026-06,NZL01,5320,,ACT,Origin Energy,BOB-ESG-0692,PO-ESG-6289,NZD,34195.38,GST-FREE,ESG spend - Compliance assurance,Workday
TXN006901,2026-06-22,2026-06-15,2026-06,PNG01,6010,,SA,Green Freight,BOB-ESG-0693,PO-ESG-9611,GBP,103047.66,GST-FREE,ESG spend - Sustainable packaging,Oracle
TXN006902,2026-06-23,2026-06-16,2026-06,FJI01,5300,,MKT,Climate Active Advisor,BOB-ESG-0694,PO-ESG-3818,USD,29124.5,GST,ESG spend - Carbon offsets,Manual Entry
TXN006903,2026-06-11,2026-06-08,2026-06,PNG01,6010,,QLD,EcoVadis,BOB-ESG-0695,PO-ESG-3286,GBP,19933.39,INPUT,ESG spend - Supplier ESG premium,Oracle
TXN006904,2026-06-05,2026-02-26,2026-06,PNG01,5400,,FIN,Bureau Veritas,BOB-ESG-0696,PO-ESG-8714,NZD,90216.81,EXPORT,ESG spend - Fleet emissions,SAP
TXN006905,2026-06-07,2026-06-03,2026-06,NZL01,6010,,IT,Carbon Neutral Pty Ltd,BOB-ESG-0697,PO-ESG-7266,NZD,64197.55,GST,ESG spend - Sustainable packaging,Workday
TXN006906,2026-06-26,2026-06-23,2026-06,PNG01,6010,,FIN,Bureau Veritas,BOB-ESG-0698,PO-ESG-3568,AUD,63048.16,GST-FREE,ESG spend - Supplier ESG premium,Manual Entry
TXN006907,2026-06-30,2026-06-26,2026-06,AUS01,5400,,MKT,EcoVadis,BOB-ESG-0699,PO-ESG-2042,AUD,55943.85,GST,ESG spend - Fleet emissions,SAP
TXN006908,2026-06-31,2026-06-24,2026-06,NZL01,6010,,MKT,Sustainable Packaging Co,BOB-ESG-0700,PO-ESG-5193,AUD,24066.06,GST-FREE,ESG spend - Sustainable packaging,Manual Entry
TXN006909,2026-06-30,2026-06-27,2026-06,FJI01,5400,,CORP,Energy Australia,BOB-ESG-0701,PO-ESG-1498,NZD,119451.06,GST,ESG spend - Fleet emissions,API Import
TXN006910,2026-06-28,2026-06-21,2026-06,NZL01,6010,,ACT,Green Freight,BOB-ESG-0702,PO-ESG-9467,NZD,60286.96,GST,ESG spend - Sustainable packaging,SAP
TXN006911,2026-06-13,2026-06-07,2026-06,FJI01,6010,,QLD,Sustainable Packaging Co,BOB-ESG-0703,PO-ESG-5998,AUD,6103.18,EXPORT,ESG spend - Sustainable packaging,Manual Entry
TXN006912,2026-06-05,2026-02-28,2026-06,FJI01,6010,,OPS,Origin Energy,BOB-ESG-0704,PO-ESG-1468,NZD,46782.22,EXPORT,ESG spend - Sustainable packaging,Manual Entry
TXN006913,2026-06-28,2026-06-25,2026-06,NZL01,6000,,ACT,Sustainable Packaging Co,BOB-ESG-0705,PO-ESG-2210,USD,96419.67,INPUT,ESG spend - Renewable sourcing premium,Manual Entry
TXN006914,2026-06-14,2026-06-10,2026-06,AUS01,5110,,CORP,Energy Australia,BOB-ESG-0706,PO-ESG-4475,AUD,66969.2,INPUT,ESG spend - Energy usage,Oracle
TXN006915,2026-06-20,2026-06-16,2026-06,PNG01,5320,,MKT,Energy Australia,BOB-ESG-0707,PO-ESG-3974,GBP,114126.05,GST-FREE,ESG spend - Compliance assurance,SAP
TXN006916,2026-06-23,2026-06-17,2026-06,AUS01,6010,,CORP,Carbon Neutral Pty Ltd,BOB-ESG-0708,PO-ESG-3030,GBP,109277.27,GST-FREE,ESG spend - Sustainable packaging,Workday
TXN006917,2026-06-03,2026-06-01,2026-06,AUS01,5110,,TAS,Climate Active Advisor,BOB-ESG-0709,PO-ESG-1230,USD,116661.87,GST,ESG spend - Energy usage,Workday
TXN006918,2026-06-31,2026-06-25,2026-06,FJI01,5300,,MKT,Green Freight,BOB-ESG-0710,PO-ESG-8225,USD,91190.07,INPUT,ESG spend - Carbon offsets,SAP
TXN006919,2026-06-15,2026-06-11,2026-06,NZL01,6000,,NSW,EcoVadis,BOB-ESG-0711,PO-ESG-5291,USD,16274.05,GST-FREE,ESG spend - Renewable sourcing premium,SAP
TXN006920,2026-06-26,2026-06-20,2026-06,AUS01,6010,,SA,Energy Australia,BOB-ESG-0712,PO-ESG-2900,GBP,65345.18,INPUT,ESG spend - Supplier ESG premium,Workday
TXN006921,2026-06-06,2026-02-28,2026-06,PNG01,6010,,NT,Bureau Veritas,BOB-ESG-0713,PO-ESG-5076,GBP,42294.38,EXPORT,ESG spend - Supplier ESG premium,Workday
TXN006922,2026-06-06,2026-06-05,2026-06,FJI01,6010,,FIN,Bureau Veritas,BOB-ESG-0714,PO-ESG-6776,AUD,46414.15,INPUT,ESG spend - Sustainable packaging,Manual Entry
TXN006923,2026-06-27,2026-06-24,2026-06,AUS01,5320,,VIC,Bureau Veritas,BOB-ESG-0715,PO-ESG-3085,NZD,5869.95,INPUT,ESG spend - Compliance assurance,API Import
TXN006924,2026-06-17,2026-06-10,2026-06,PNG01,5400,,NT,Sustainable Packaging Co,BOB-ESG-0716,PO-ESG-3723,AUD,113841.85,GST-FREE,ESG spend - Fleet emissions,Oracle
TXN006925,2026-06-27,2026-06-24,2026-06,FJI01,5110,,ACT,Bureau Veritas,BOB-ESG-0717,PO-ESG-4751,GBP,66073.64,EXPORT,ESG spend - Energy usage,Oracle
TXN006926,2026-06-06,2026-06-02,2026-06,PNG01,5320,,IT,Sustainable Packaging Co,BOB-ESG-0718,PO-ESG-4721,GBP,54587.83,GST-FREE,ESG spend - Compliance assurance,SAP
TXN006927,2026-06-25,2026-06-18,2026-06,NZL01,5400,,SA,EcoVadis,BOB-ESG-0719,PO-ESG-9450,AUD,57334.52,INPUT,ESG spend - Fleet emissions,Manual Entry
TXN006928,2026-06-22,2026-06-18,2026-06,NZL01,5300,,NSW,Energy Australia,BOB-ESG-0720,PO-ESG-1281,AUD,119018.9,INPUT,ESG spend - Carbon offsets,Workday
TXN006929,2026-06-10,2026-06-07,2026-06,AUS01,5400,,NSW,Origin Energy,BOB-ESG-0721,PO-ESG-7379,USD,75814.23,GST,ESG spend - Fleet emissions,Workday
TXN006930,2026-06-28,2026-06-25,2026-06,AUS01,5600,,NT,EcoVadis,BOB-ESG-0722,PO-ESG-1186,NZD,8022.52,EXPORT,ESG spend - Waste reduction,Manual Entry
TXN006931,2026-06-07,2026-06-03,2026-06,NZL01,6010,,WA,Energy Australia,BOB-ESG-0723,PO-ESG-5038,USD,51619.42,INPUT,ESG spend - Sustainable packaging,SAP
TXN006932,2026-06-05,2026-02-27,2026-06,FJI01,6010,,SA,Energy Australia,BOB-ESG-0724,PO-ESG-7864,NZD,32588.39,GST-FREE,ESG spend - Sustainable packaging,Oracle
TXN006933,2026-06-28,2026-06-24,2026-06,AUS01,5300,,NSW,Green Freight,BOB-ESG-0725,PO-ESG-8148,NZD,81109.56,GST,ESG spend - Carbon offsets,API Import
TXN006934,2026-06-31,2026-06-26,2026-06,FJI01,6010,,MKT,Bureau Veritas,BOB-ESG-0726,PO-ESG-3238,NZD,19843.0,GST-FREE,ESG spend - Supplier ESG premium,API Import
TXN006935,2026-06-27,2026-06-22,2026-06,FJI01,5110,,NT,Carbon Neutral Pty Ltd,BOB-ESG-0727,PO-ESG-4053,NZD,33150.77,GST-FREE,ESG spend - Energy usage,Oracle
TXN006936,2026-06-14,2026-06-13,2026-06,NZL01,5300,,NSW,Climate Active Advisor,BOB-ESG-0728,PO-ESG-4869,AUD,9772.47,INPUT,ESG spend - Carbon offsets,Workday
TXN006937,2026-06-07,2026-02-28,2026-06,NZL01,5600,,NT,Green Freight,BOB-ESG-0729,PO-ESG-8757,GBP,32177.82,GST,ESG spend - Waste reduction,Manual Entry
TXN006938,2026-06-22,2026-06-16,2026-06,FJI01,6010,,SA,EcoVadis,BOB-ESG-0730,PO-ESG-8139,AUD,73075.53,GST-FREE,ESG spend - Sustainable packaging,Workday
TXN006939,2026-06-09,2026-06-06,2026-06,PNG01,5400,,QLD,Sustainable Packaging Co,BOB-ESG-0731,PO-ESG-1593,USD,68439.14,GST,ESG spend - Fleet emissions,Manual Entry
TXN006940,2026-06-24,2026-06-17,2026-06,FJI01,5600,,IT,Origin Energy,BOB-ESG-0732,PO-ESG-3235,USD,102066.81,INPUT,ESG spend - Waste reduction,SAP
TXN006941,2026-06-04,2026-02-26,2026-06,FJI01,6010,,HR,Energy Australia,BOB-ESG-0733,PO-ESG-6103,NZD,18539.45,GST-FREE,ESG spend - Supplier ESG premium,Oracle
TXN006942,2026-06-29,2026-06-26,2026-06,PNG01,5600,,ACT,EcoVadis,BOB-ESG-0734,PO-ESG-8135,USD,59113.35,GST-FREE,ESG spend - Waste reduction,Oracle
TXN006943,2026-06-22,2026-06-18,2026-06,NZL01,5110,,VIC,Energy Australia,BOB-ESG-0735,PO-ESG-8995,GBP,67422.43,EXPORT,ESG spend - Energy usage,API Import
TXN006944,2026-06-26,2026-06-19,2026-06,FJI01,5320,,QLD,Climate Active Advisor,BOB-ESG-0736,PO-ESG-6121,AUD,85973.69,INPUT,ESG spend - Compliance assurance,SAP
TXN006945,2026-06-25,2026-06-19,2026-06,NZL01,5400,,VIC,Energy Australia,BOB-ESG-0737,PO-ESG-3841,NZD,52128.16,EXPORT,ESG spend - Fleet emissions,SAP
TXN006946,2026-06-02,2026-02-28,2026-06,NZL01,6010,,ACT,Climate Active Advisor,BOB-ESG-0738,PO-ESG-1930,GBP,100228.89,EXPORT,ESG spend - Supplier ESG premium,SAP
TXN006947,2026-06-11,2026-06-06,2026-06,PNG01,5600,,ACT,Origin Energy,BOB-ESG-0739,PO-ESG-3001,USD,105433.28,INPUT,ESG spend - Waste reduction,Workday
TXN006948,2026-06-15,2026-06-10,2026-06,NZL01,5320,,VIC,Carbon Neutral Pty Ltd,BOB-ESG-0740,PO-ESG-4517,NZD,88692.45,INPUT,ESG spend - Compliance assurance,API Import
TXN006949,2026-06-23,2026-06-22,2026-06,PNG01,5320,,NT,EcoVadis,BOB-ESG-0741,PO-ESG-1992,AUD,20555.23,GST-FREE,ESG spend - Compliance assurance,Workday
TXN006950,2026-06-14,2026-06-07,2026-06,PNG01,6010,,CORP,Bureau Veritas,BOB-ESG-0742,PO-ESG-4231,USD,49311.86,INPUT,ESG spend - Sustainable packaging,Manual Entry
TXN006951,2026-06-17,2026-06-12,2026-06,NZL01,5110,,IT,Carbon Neutral Pty Ltd,BOB-ESG-0743,PO-ESG-3546,USD,54505.47,INPUT,ESG spend - Energy usage,SAP
TXN006952,2026-06-23,2026-06-22,2026-06,FJI01,5600,,NT,Energy Australia,BOB-ESG-0744,PO-ESG-8691,GBP,48652.1,GST,ESG spend - Waste reduction,Workday
TXN006953,2026-06-18,2026-06-12,2026-06,PNG01,5320,,HR,Green Freight,BOB-ESG-0745,PO-ESG-1055,GBP,24403.77,INPUT,ESG spend - Compliance assurance,API Import
TXN006954,2026-06-20,2026-06-16,2026-06,PNG01,5400,,IT,EcoVadis,BOB-ESG-0746,PO-ESG-7257,AUD,62310.17,GST-FREE,ESG spend - Fleet emissions,Manual Entry
TXN006955,2026-06-30,2026-06-26,2026-06,NZL01,5400,,SA,Origin Energy,BOB-ESG-0747,PO-ESG-1309,USD,101485.56,GST-FREE,ESG spend - Fleet emissions,Oracle
TXN006956,2026-06-27,2026-06-25,2026-06,NZL01,5400,,WA,Energy Australia,BOB-ESG-0748,PO-ESG-1067,GBP,92966.01,GST-FREE,ESG spend - Fleet emissions,Workday
TXN006957,2026-06-13,2026-06-10,2026-06,NZL01,5400,,WA,Bureau Veritas,BOB-ESG-0749,PO-ESG-4585,GBP,11442.88,EXPORT,ESG spend - Fleet emissions,Workday
TXN006958,2026-06-04,2026-02-25,2026-06,NZL01,5110,,MKT,Carbon Neutral Pty Ltd,BOB-ESG-0750,PO-ESG-1439,USD,21006.77,GST,ESG spend - Energy usage,Oracle
TXN006959,2026-06-23,2026-06-18,2026-06,PNG01,5600,,HR,Green Freight,BOB-ESG-0751,PO-ESG-4766,GBP,41923.01,INPUT,ESG spend - Waste reduction,Oracle
TXN006960,2026-06-25,2026-06-21,2026-06,NZL01,5110,,FIN,Energy Australia,BOB-ESG-0752,PO-ESG-6203,AUD,50103.5,GST-FREE,ESG spend - Energy usage,API Import
TXN006961,2026-06-09,2026-06-04,2026-06,AUS01,5600,,NSW,EcoVadis,BOB-ESG-0753,PO-ESG-2573,NZD,67727.07,INPUT,ESG spend - Waste reduction,API Import
TXN006962,2026-06-04,2026-06-01,2026-06,PNG01,5600,,ACT,Green Freight,BOB-ESG-0754,PO-ESG-1443,GBP,6399.04,INPUT,ESG spend - Waste reduction,SAP
TXN006963,2026-06-31,2026-06-27,2026-06,AUS01,5110,,ACT,Bureau Veritas,BOB-ESG-0755,PO-ESG-2924,NZD,110050.68,INPUT,ESG spend - Energy usage,API Import
TXN006964,2026-06-16,2026-06-15,2026-06,FJI01,6010,,TAS,Bureau Veritas,BOB-ESG-0756,PO-ESG-5665,AUD,18422.57,GST-FREE,ESG spend - Supplier ESG premium,Manual Entry
TXN006965,2026-06-11,2026-06-08,2026-06,NZL01,5600,,NSW,EcoVadis,BOB-ESG-0757,PO-ESG-2662,USD,114671.97,EXPORT,ESG spend - Waste reduction,SAP
TXN006966,2026-06-22,2026-06-17,2026-06,NZL01,5300,,HR,Sustainable Packaging Co,BOB-ESG-0758,PO-ESG-6960,NZD,91938.37,GST-FREE,ESG spend - Carbon offsets,SAP
TXN006967,2026-06-08,2026-06-07,2026-06,FJI01,5400,,TAS,Sustainable Packaging Co,BOB-ESG-0759,PO-ESG-7544,NZD,47291.26,EXPORT,ESG spend - Fleet emissions,SAP
TXN006968,2026-06-01,2026-02-22,2026-06,PNG01,6000,,ACT,Sustainable Packaging Co,BOB-ESG-0760,PO-ESG-6941,GBP,87747.83,INPUT,ESG spend - Renewable sourcing premium,Oracle
TXN006969,2026-06-29,2026-06-26,2026-06,NZL01,5320,,R&D,Sustainable Packaging Co,BOB-ESG-0761,PO-ESG-7876,GBP,3964.85,GST-FREE,ESG spend - Compliance assurance,Workday
TXN006970,2026-06-18,2026-06-17,2026-06,PNG01,5600,,CORP,Origin Energy,BOB-ESG-0762,PO-ESG-8057,AUD,57861.24,INPUT,ESG spend - Waste reduction,Manual Entry
TXN006971,2026-06-21,2026-06-19,2026-06,PNG01,5600,,QLD,EcoVadis,BOB-ESG-0763,PO-ESG-7214,USD,12987.68,GST,ESG spend - Waste reduction,Oracle
TXN006972,2026-06-19,2026-06-14,2026-06,FJI01,5300,,WA,Sustainable Packaging Co,BOB-ESG-0764,PO-ESG-2766,NZD,117347.63,GST-FREE,ESG spend - Carbon offsets,Workday
TXN006973,2026-06-20,2026-06-17,2026-06,PNG01,5320,,NT,Climate Active Advisor,BOB-ESG-0765,PO-ESG-9866,USD,19850.14,GST,ESG spend - Compliance assurance,Manual Entry
TXN006974,2026-06-08,2026-06-06,2026-06,PNG01,6000,,TAS,Sustainable Packaging Co,BOB-ESG-0766,PO-ESG-7960,NZD,83401.58,INPUT,ESG spend - Renewable sourcing premium,API Import
TXN006975,2026-06-02,2026-02-27,2026-06,PNG01,6010,,HR,EcoVadis,BOB-ESG-0767,PO-ESG-1044,USD,53652.75,INPUT,ESG spend - Sustainable packaging,API Import
TXN006976,2026-06-30,2026-06-24,2026-06,PNG01,6000,,WA,Climate Active Advisor,BOB-ESG-0768,PO-ESG-1762,USD,5116.84,GST-FREE,ESG spend - Renewable sourcing premium,SAP
TXN006977,2026-06-29,2026-06-24,2026-06,FJI01,5320,,NT,Sustainable Packaging Co,BOB-ESG-0769,PO-ESG-6595,NZD,73568.92,EXPORT,ESG spend - Compliance assurance,SAP
TXN006978,2026-06-31,2026-06-30,2026-06,NZL01,5600,,SA,Energy Australia,BOB-ESG-0770,PO-ESG-8679,USD,81178.69,EXPORT,ESG spend - Waste reduction,Oracle
TXN006979,2026-06-20,2026-06-13,2026-06,AUS01,5400,,OPS,Origin Energy,BOB-ESG-0771,PO-ESG-1668,NZD,89285.97,EXPORT,ESG spend - Fleet emissions,Manual Entry
TXN006980,2026-06-21,2026-06-14,2026-06,FJI01,6010,,OPS,Carbon Neutral Pty Ltd,BOB-ESG-0772,PO-ESG-3109,AUD,67270.9,GST-FREE,ESG spend - Sustainable packaging,Workday
TXN006981,2026-06-14,2026-06-07,2026-06,PNG01,6010,,MKT,Sustainable Packaging Co,BOB-ESG-0773,PO-ESG-8496,GBP,84469.12,EXPORT,ESG spend - Sustainable packaging,API Import
TXN006982,2026-06-07,2026-06-04,2026-06,AUS01,6010,,CORP,Green Freight,BOB-ESG-0774,PO-ESG-6650,GBP,56595.32,EXPORT,ESG spend - Supplier ESG premium,API Import
TXN006983,2026-06-05,2026-02-28,2026-06,AUS01,6010,,HR,Sustainable Packaging Co,BOB-ESG-0775,PO-ESG-7354,NZD,112894.91,INPUT,ESG spend - Sustainable packaging,Manual Entry
TXN006984,2026-06-10,2026-06-07,2026-06,NZL01,6010,,R&D,Green Freight,BOB-ESG-0776,PO-ESG-6366,NZD,86742.42,GST,ESG spend - Sustainable packaging,API Import
TXN006985,2026-06-30,2026-06-23,2026-06,PNG01,6000,,ACT,Sustainable Packaging Co,BOB-ESG-0777,PO-ESG-6184,USD,64115.5,EXPORT,ESG spend - Renewable sourcing premium,Workday
TXN006986,2026-06-13,2026-06-09,2026-06,FJI01,5110,,ACT,Sustainable Packaging Co,BOB-ESG-0778,PO-ESG-5371,AUD,62936.97,EXPORT,ESG spend - Energy usage,SAP
TXN006987,2026-06-28,2026-06-21,2026-06,NZL01,6010,,R&D,Climate Active Advisor,BOB-ESG-0779,PO-ESG-2337,AUD,35735.48,EXPORT,ESG spend - Supplier ESG premium,Manual Entry
TXN006988,2026-06-15,2026-06-13,2026-06,NZL01,5300,,WA,Energy Australia,BOB-ESG-0780,PO-ESG-7806,GBP,91581.42,GST-FREE,ESG spend - Carbon offsets,SAP
TXN006989,2026-06-23,2026-06-20,2026-06,AUS01,6010,,NSW,Sustainable Packaging Co,BOB-ESG-0781,PO-ESG-6319,AUD,16103.63,EXPORT,ESG spend - Supplier ESG premium,API Import
TXN006990,2026-06-01,2026-02-22,2026-06,NZL01,5110,,R&D,Climate Active Advisor,BOB-ESG-0782,PO-ESG-1631,AUD,59917.64,INPUT,ESG spend - Energy usage,API Import
TXN006991,2026-06-31,2026-06-25,2026-06,NZL01,6000,,TAS,Green Freight,BOB-ESG-0783,PO-ESG-3869,AUD,60545.51,INPUT,ESG spend - Renewable sourcing premium,Workday
TXN006992,2026-06-18,2026-06-15,2026-06,AUS01,5320,,IT,EcoVadis,BOB-ESG-0784,PO-ESG-6702,GBP,53436.49,EXPORT,ESG spend - Compliance assurance,Workday
TXN006993,2026-06-09,2026-06-03,2026-06,FJI01,6000,,SA,Origin Energy,BOB-ESG-0785,PO-ESG-4511,NZD,40871.79,EXPORT,ESG spend - Renewable sourcing premium,API Import
TXN006994,2026-06-12,2026-06-06,2026-06,AUS01,5320,,OPS,Carbon Neutral Pty Ltd,BOB-ESG-0786,PO-ESG-8122,NZD,117037.67,EXPORT,ESG spend - Compliance assurance,Manual Entry
TXN006995,2026-06-06,2026-02-28,2026-06,NZL01,5300,,R&D,Sustainable Packaging Co,BOB-ESG-0787,PO-ESG-4650,GBP,46425.74,EXPORT,ESG spend - Carbon offsets,Oracle
TXN006996,2026-06-25,2026-06-23,2026-06,PNG01,5300,,WA,EcoVadis,BOB-ESG-0788,PO-ESG-2169,NZD,96591.01,EXPORT,ESG spend - Carbon offsets,SAP
TXN006997,2026-06-14,2026-06-08,2026-06,FJI01,5600,,ACT,Bureau Veritas,BOB-ESG-0789,PO-ESG-8717,USD,82657.1,GST,ESG spend - Waste reduction,Workday
TXN006998,2026-06-24,2026-06-18,2026-06,NZL01,5600,,QLD,EcoVadis,BOB-ESG-0790,PO-ESG-4464,USD,75851.5,GST,ESG spend - Waste reduction,Oracle
TXN006999,2026-06-10,2026-06-07,2026-06,PNG01,5110,,ACT,Bureau Veritas,BOB-ESG-0791,PO-ESG-7307,USD,12559.8,EXPORT,ESG spend - Energy usage,Oracle
TXN007000,2026-06-07,2026-06-02,2026-06,NZL01,5110,,QLD,Climate Active Advisor,BOB-ESG-0792,PO-ESG-7391,NZD,84468.51,EXPORT,ESG spend - Energy usage,Oracle
TXN007001,2026-06-24,2026-06-17,2026-06,PNG01,6010,,HR,Green Freight,BOB-ESG-0793,PO-ESG-4871,GBP,113437.89,GST-FREE,ESG spend - Supplier ESG premium,API Import
TXN007002,2026-06-30,2026-06-23,2026-06,NZL01,5320,,CORP,EcoVadis,BOB-ESG-0794,PO-ESG-5267,AUD,16981.93,INPUT,ESG spend - Compliance assurance,API Import
TXN007003,2026-06-23,2026-06-21,2026-06,NZL01,5400,,CORP,Climate Active Advisor,BOB-ESG-0795,PO-ESG-7213,GBP,27935.67,EXPORT,ESG spend - Fleet emissions,Manual Entry
TXN007004,2026-06-27,2026-06-23,2026-06,NZL01,5110,,NSW,Carbon Neutral Pty Ltd,BOB-ESG-0796,PO-ESG-5480,NZD,55792.59,INPUT,ESG spend - Energy usage,Workday
TXN007005,2026-06-14,2026-06-12,2026-06,PNG01,5400,,FIN,Energy Australia,BOB-ESG-0797,PO-ESG-5764,USD,89706.68,EXPORT,ESG spend - Fleet emissions,Manual Entry
TXN007006,2026-06-05,2026-02-28,2026-06,FJI01,6010,,IT,EcoVadis,BOB-ESG-0798,PO-ESG-5169,NZD,88531.75,GST-FREE,ESG spend - Sustainable packaging,Oracle
TXN007007,2026-06-22,2026-06-16,2026-06,FJI01,6010,,CORP,Bureau Veritas,BOB-ESG-0799,PO-ESG-1036,AUD,53336.6,GST,ESG spend - Sustainable packaging,SAP
TXN007008,2026-06-25,2026-06-20,2026-06,PNG01,5320,,WA,Green Freight,BOB-ESG-0800,PO-ESG-9284,USD,16535.99,GST-FREE,ESG spend - Compliance assurance,Manual Entry
TXN007009,2026-06-09,2026-06-07,2026-06,FJI01,5320,,QLD,Sustainable Packaging Co,BOB-ESG-0801,PO-ESG-8805,AUD,100049.66,GST,ESG spend - Compliance assurance,Oracle
TXN007010,2026-06-12,2026-06-09,2026-06,NZL01,5300,,IT,Carbon Neutral Pty Ltd,BOB-ESG-0802,PO-ESG-9173,GBP,20509.59,INPUT,ESG spend - Carbon offsets,API Import
TXN007011,2026-06-18,2026-06-13,2026-06,NZL01,5600,,FIN,EcoVadis,BOB-ESG-0803,PO-ESG-7240,NZD,102994.13,GST,ESG spend - Waste reduction,SAP
TXN007012,2026-06-03,2026-02-27,2026-06,NZL01,5320,,NT,Energy Australia,BOB-ESG-0804,PO-ESG-2271,NZD,51603.62,GST,ESG spend - Compliance assurance,API Import
TXN007013,2026-06-15,2026-06-12,2026-06,AUS01,5600,,VIC,Climate Active Advisor,BOB-ESG-0805,PO-ESG-2601,NZD,22084.19,EXPORT,ESG spend - Waste reduction,Manual Entry
TXN007014,2026-06-24,2026-06-18,2026-06,AUS01,5110,,CORP,EcoVadis,BOB-ESG-0806,PO-ESG-6678,NZD,47810.77,INPUT,ESG spend - Energy usage,Workday
TXN007015,2026-06-04,2026-02-27,2026-06,FJI01,5600,,MKT,Green Freight,BOB-ESG-0807,PO-ESG-7950,GBP,57484.64,GST-FREE,ESG spend - Waste reduction,Workday
TXN007016,2026-06-03,2026-02-26,2026-06,FJI01,6010,,HR,Bureau Veritas,BOB-ESG-0808,PO-ESG-2278,GBP,67510.74,GST,ESG spend - Sustainable packaging,Workday
TXN007017,2026-06-23,2026-06-22,2026-06,AUS01,5320,,QLD,Origin Energy,BOB-ESG-0809,PO-ESG-2972,GBP,43287.89,INPUT,ESG spend - Compliance assurance,API Import
TXN007018,2026-06-20,2026-06-14,2026-06,NZL01,6010,,HR,Carbon Neutral Pty Ltd,BOB-ESG-0810,PO-ESG-4746,NZD,43360.48,EXPORT,ESG spend - Supplier ESG premium,API Import
TXN007019,2026-06-02,2026-06-01,2026-06,NZL01,6010,,HR,EcoVadis,BOB-ESG-0811,PO-ESG-8175,AUD,93460.29,INPUT,ESG spend - Supplier ESG premium,API Import
TXN007020,2026-06-26,2026-06-20,2026-06,NZL01,5110,,ACT,Energy Australia,BOB-ESG-0812,PO-ESG-9079,NZD,117382.99,EXPORT,ESG spend - Energy usage,Manual Entry
TXN007021,2026-06-18,2026-06-14,2026-06,FJI01,5110,,WA,Green Freight,BOB-ESG-0813,PO-ESG-1551,GBP,97916.12,GST,ESG spend - Energy usage,Workday
TXN007022,2026-06-29,2026-06-22,2026-06,PNG01,5110,,WA,Origin Energy,BOB-ESG-0814,PO-ESG-1790,USD,109610.21,INPUT,ESG spend - Energy usage,Oracle
TXN007023,2026-06-19,2026-06-15,2026-06,FJI01,5110,,WA,Carbon Neutral Pty Ltd,BOB-ESG-0815,PO-ESG-4682,GBP,10942.13,GST,ESG spend - Energy usage,SAP
TXN007024,2026-06-16,2026-06-10,2026-06,AUS01,6010,,NSW,Bureau Veritas,BOB-ESG-0816,PO-ESG-5670,NZD,78035.09,GST-FREE,ESG spend - Supplier ESG premium,Manual Entry
TXN007025,2026-06-11,2026-06-10,2026-06,NZL01,6000,,ACT,Origin Energy,BOB-ESG-0817,PO-ESG-3176,GBP,26488.07,GST,ESG spend - Renewable sourcing premium,API Import
TXN007026,2026-06-23,2026-06-19,2026-06,NZL01,5300,,FIN,Sustainable Packaging Co,BOB-ESG-0818,PO-ESG-4205,NZD,67322.92,EXPORT,ESG spend - Carbon offsets,Workday
TXN007027,2026-06-27,2026-06-24,2026-06,FJI01,5400,,NSW,EcoVadis,BOB-ESG-0819,PO-ESG-6435,USD,75169.72,GST,ESG spend - Fleet emissions,Manual Entry
TXN007028,2026-06-15,2026-06-11,2026-06,AUS01,6000,,SA,Carbon Neutral Pty Ltd,BOB-ESG-0820,PO-ESG-9077,GBP,46706.95,GST,ESG spend - Renewable sourcing premium,SAP
TXN007029,2026-06-19,2026-06-12,2026-06,PNG01,6010,,OPS,EcoVadis,BOB-ESG-0821,PO-ESG-3386,USD,91072.65,GST,ESG spend - Sustainable packaging,Oracle
TXN007030,2026-06-08,2026-06-02,2026-06,NZL01,5600,,FIN,Bureau Veritas,BOB-ESG-0822,PO-ESG-7750,NZD,15145.39,GST,ESG spend - Waste reduction,SAP
TXN007031,2026-06-27,2026-06-21,2026-06,NZL01,5400,,HR,Sustainable Packaging Co,BOB-ESG-0823,PO-ESG-8106,NZD,95921.66,EXPORT,ESG spend - Fleet emissions,Manual Entry
TXN007032,2026-06-19,2026-06-18,2026-06,FJI01,5600,,NSW,Origin Energy,BOB-ESG-0824,PO-ESG-7795,AUD,86040.5,INPUT,ESG spend - Waste reduction,Manual Entry
TXN007033,2026-06-23,2026-06-17,2026-06,FJI01,6000,,TAS,Green Freight,BOB-ESG-0825,PO-ESG-7046,AUD,71034.63,GST-FREE,ESG spend - Renewable sourcing premium,API Import
TXN007034,2026-06-10,2026-06-03,2026-06,PNG01,5300,,WA,Origin Energy,BOB-ESG-0826,PO-ESG-8827,GBP,64970.68,INPUT,ESG spend - Carbon offsets,Workday
TXN007035,2026-06-19,2026-06-17,2026-06,AUS01,6000,,WA,Climate Active Advisor,BOB-ESG-0827,PO-ESG-5185,NZD,73863.74,EXPORT,ESG spend - Renewable sourcing premium,SAP
TXN007036,2026-06-14,2026-06-07,2026-06,NZL01,5600,,SA,Energy Australia,BOB-ESG-0828,PO-ESG-4994,USD,50040.83,EXPORT,ESG spend - Waste reduction,SAP
TXN007037,2026-06-31,2026-06-26,2026-06,NZL01,5600,,R&D,Energy Australia,BOB-ESG-0829,PO-ESG-6819,USD,17149.76,GST-FREE,ESG spend - Waste reduction,Oracle
TXN007038,2026-06-15,2026-06-12,2026-06,AUS01,6010,,SA,Bureau Veritas,BOB-ESG-0830,PO-ESG-9764,NZD,51295.59,EXPORT,ESG spend - Supplier ESG premium,Manual Entry
TXN007039,2026-06-14,2026-06-11,2026-06,NZL01,5300,,CORP,Carbon Neutral Pty Ltd,BOB-ESG-0831,PO-ESG-3460,NZD,16224.84,GST-FREE,ESG spend - Carbon offsets,Workday
TXN007040,2026-06-07,2026-06-06,2026-06,AUS01,6000,,IT,Carbon Neutral Pty Ltd,BOB-ESG-0832,PO-ESG-1742,NZD,66671.14,GST,ESG spend - Renewable sourcing premium,Manual Entry
TXN007041,2026-06-23,2026-06-21,2026-06,FJI01,5320,,CORP,Origin Energy,BOB-ESG-0833,PO-ESG-7621,NZD,21529.48,EXPORT,ESG spend - Compliance assurance,Oracle
TXN007042,2026-06-27,2026-06-22,2026-06,NZL01,6000,,VIC,Sustainable Packaging Co,BOB-ESG-0834,PO-ESG-5242,USD,31448.98,GST,ESG spend - Renewable sourcing premium,Oracle
TXN007043,2026-06-24,2026-06-23,2026-06,PNG01,6010,,MKT,Energy Australia,BOB-ESG-0835,PO-ESG-7699,USD,89464.32,INPUT,ESG spend - Supplier ESG premium,Manual Entry
TXN007044,2026-06-14,2026-06-09,2026-06,NZL01,6010,,R&D,Origin Energy,BOB-ESG-0836,PO-ESG-9796,GBP,96883.21,GST,ESG spend - Sustainable packaging,API Import
TXN007045,2026-06-28,2026-06-23,2026-06,AUS01,5400,,ACT,Climate Active Advisor,BOB-ESG-0837,PO-ESG-7466,GBP,5832.48,GST-FREE,ESG spend - Fleet emissions,Workday
TXN007046,2026-06-07,2026-02-28,2026-06,FJI01,5400,,QLD,Bureau Veritas,BOB-ESG-0838,PO-ESG-5995,USD,55210.53,INPUT,ESG spend - Fleet emissions,SAP
TXN007047,2026-06-29,2026-06-27,2026-06,PNG01,5400,,SA,Energy Australia,BOB-ESG-0839,PO-ESG-6582,AUD,110941.38,GST-FREE,ESG spend - Fleet emissions,Manual Entry
TXN007048,2026-06-27,2026-06-25,2026-06,PNG01,6010,,ACT,Origin Energy,BOB-ESG-0840,PO-ESG-3262,USD,62516.93,GST-FREE,ESG spend - Supplier ESG premium,Oracle
TXN007049,2026-06-09,2026-06-07,2026-06,AUS01,6010,,SA,Energy Australia,BOB-ESG-0841,PO-ESG-7287,USD,13923.82,INPUT,ESG spend - Sustainable packaging,Manual Entry
TXN007050,2026-06-11,2026-06-07,2026-06,PNG01,5600,,NSW,Bureau Veritas,BOB-ESG-0842,PO-ESG-4891,NZD,30210.4,INPUT,ESG spend - Waste reduction,Oracle
TXN007051,2026-06-06,2026-06-02,2026-06,FJI01,5300,,QLD,Sustainable Packaging Co,BOB-ESG-0843,PO-ESG-7782,GBP,59372.72,GST-FREE,ESG spend - Carbon offsets,API Import
TXN007052,2026-06-12,2026-06-08,2026-06,AUS01,5300,,ACT,Origin Energy,BOB-ESG-0844,PO-ESG-1482,NZD,23801.75,GST-FREE,ESG spend - Carbon offsets,Oracle
TXN007053,2026-06-31,2026-06-27,2026-06,AUS01,6010,,OPS,Carbon Neutral Pty Ltd,BOB-ESG-0845,PO-ESG-1276,NZD,108945.4,INPUT,ESG spend - Supplier ESG premium,Oracle
TXN007054,2026-06-31,2026-06-28,2026-06,FJI01,5320,,CORP,Green Freight,BOB-ESG-0846,PO-ESG-8774,GBP,108304.35,GST,ESG spend - Compliance assurance,Manual Entry
TXN007055,2026-06-29,2026-06-25,2026-06,PNG01,5110,,VIC,Bureau Veritas,BOB-ESG-0847,PO-ESG-8785,NZD,42007.16,EXPORT,ESG spend - Energy usage,Oracle
TXN007056,2026-06-30,2026-06-27,2026-06,NZL01,6010,,FIN,Origin Energy,BOB-ESG-0848,PO-ESG-4165,GBP,30656.86,EXPORT,ESG spend - Sustainable packaging,Oracle
TXN007057,2026-06-11,2026-06-07,2026-06,AUS01,6010,,OPS,EcoVadis,BOB-ESG-0849,PO-ESG-4896,USD,89378.04,GST-FREE,ESG spend - Supplier ESG premium,Manual Entry
TXN007058,2026-06-06,2026-06-04,2026-06,PNG01,6010,,NT,Origin Energy,BOB-ESG-0850,PO-ESG-9554,AUD,67561.17,GST-FREE,ESG spend - Supplier ESG premium,Workday
TXN007059,2026-06-30,2026-06-27,2026-06,PNG01,5320,,VIC,Origin Energy,BOB-ESG-0851,PO-ESG-1919,USD,99389.39,INPUT,ESG spend - Compliance assurance,Workday
TXN007060,2026-06-31,2026-06-30,2026-06,NZL01,5320,,R&D,Bureau Veritas,BOB-ESG-0852,PO-ESG-1602,USD,88212.65,EXPORT,ESG spend - Compliance assurance,Oracle
TXN007061,2026-06-09,2026-06-03,2026-06,NZL01,6010,,OPS,Carbon Neutral Pty Ltd,BOB-ESG-0853,PO-ESG-6718,NZD,4355.42,EXPORT,ESG spend - Sustainable packaging,API Import
TXN007062,2026-06-10,2026-06-03,2026-06,FJI01,6000,,QLD,Climate Active Advisor,BOB-ESG-0854,PO-ESG-2097,USD,69149.82,GST-FREE,ESG spend - Renewable sourcing premium,SAP
TXN007063,2026-06-25,2026-06-18,2026-06,AUS01,5320,,MKT,Carbon Neutral Pty Ltd,BOB-ESG-0855,PO-ESG-4849,GBP,82960.23,INPUT,ESG spend - Compliance assurance,API Import
TXN007064,2026-06-05,2026-06-04,2026-06,AUS01,5400,,IT,Energy Australia,BOB-ESG-0856,PO-ESG-3002,NZD,34980.91,EXPORT,ESG spend - Fleet emissions,API Import
TXN007065,2026-06-27,2026-06-26,2026-06,PNG01,6010,,FIN,Carbon Neutral Pty Ltd,BOB-ESG-0857,PO-ESG-1437,USD,65345.17,EXPORT,ESG spend - Sustainable packaging,Oracle
TXN007066,2026-06-29,2026-06-28,2026-06,AUS01,6010,,QLD,Energy Australia,BOB-ESG-0858,PO-ESG-2560,NZD,109827.58,GST,ESG spend - Supplier ESG premium,Manual Entry
TXN007067,2026-06-09,2026-06-06,2026-06,PNG01,6010,,CORP,Climate Active Advisor,BOB-ESG-0859,PO-ESG-4654,USD,28065.3,GST,ESG spend - Sustainable packaging,SAP
TXN007068,2026-06-02,2026-02-25,2026-06,NZL01,6000,,SA,Climate Active Advisor,BOB-ESG-0860,PO-ESG-9262,USD,71583.22,GST-FREE,ESG spend - Renewable sourcing premium,SAP
TXN007069,2026-06-29,2026-06-25,2026-06,PNG01,6010,,WA,Origin Energy,BOB-ESG-0861,PO-ESG-6924,AUD,99375.24,GST,ESG spend - Sustainable packaging,Oracle
TXN007070,2026-06-03,2026-06-01,2026-06,NZL01,6010,,ACT,Climate Active Advisor,BOB-ESG-0862,PO-ESG-2257,AUD,53545.32,INPUT,ESG spend - Sustainable packaging,Manual Entry
TXN007071,2026-06-20,2026-06-14,2026-06,PNG01,6010,,NSW,Green Freight,BOB-ESG-0863,PO-ESG-1255,NZD,4243.92,GST-FREE,ESG spend - Sustainable packaging,Manual Entry
TXN007072,2026-06-26,2026-06-21,2026-06,NZL01,5320,,HR,Climate Active Advisor,BOB-ESG-0864,PO-ESG-2592,AUD,58678.25,GST,ESG spend - Compliance assurance,Oracle
TXN007073,2026-06-28,2026-06-26,2026-06,PNG01,5600,,FIN,Energy Australia,BOB-ESG-0865,PO-ESG-1109,AUD,15905.49,GST-FREE,ESG spend - Waste reduction,API Import
TXN007074,2026-06-14,2026-06-12,2026-06,AUS01,6010,,VIC,Green Freight,BOB-ESG-0866,PO-ESG-3702,AUD,53541.26,GST-FREE,ESG spend - Supplier ESG premium,API Import
TXN007075,2026-06-19,2026-06-15,2026-06,PNG01,5300,,MKT,Bureau Veritas,BOB-ESG-0867,PO-ESG-4504,AUD,21713.57,INPUT,ESG spend - Carbon offsets,Manual Entry
TXN007076,2026-06-20,2026-06-18,2026-06,FJI01,6010,,SA,Carbon Neutral Pty Ltd,BOB-ESG-0868,PO-ESG-4102,USD,23466.14,GST,ESG spend - Supplier ESG premium,API Import
TXN007077,2026-06-29,2026-06-24,2026-06,PNG01,6010,,VIC,Energy Australia,BOB-ESG-0869,PO-ESG-9742,AUD,114016.22,INPUT,ESG spend - Supplier ESG premium,Workday
TXN007078,2026-06-06,2026-06-03,2026-06,PNG01,5400,,TAS,Carbon Neutral Pty Ltd,BOB-ESG-0870,PO-ESG-6985,NZD,10468.28,INPUT,ESG spend - Fleet emissions,SAP
TXN007079,2026-06-07,2026-02-28,2026-06,FJI01,5320,,QLD,Sustainable Packaging Co,BOB-ESG-0871,PO-ESG-6205,GBP,77125.8,EXPORT,ESG spend - Compliance assurance,Manual Entry
TXN007080,2026-06-01,2026-02-27,2026-06,FJI01,6010,,CORP,Sustainable Packaging Co,BOB-ESG-0872,PO-ESG-2062,AUD,11390.16,EXPORT,ESG spend - Sustainable packaging,SAP
TXN007081,2026-06-29,2026-06-28,2026-06,PNG01,5110,,OPS,Sustainable Packaging Co,BOB-ESG-0873,PO-ESG-1028,NZD,62793.93,GST,ESG spend - Energy usage,API Import
TXN007082,2026-06-17,2026-06-11,2026-06,AUS01,5110,,WA,Energy Australia,BOB-ESG-0874,PO-ESG-5276,AUD,33002.01,INPUT,ESG spend - Energy usage,Oracle
TXN007083,2026-06-11,2026-06-04,2026-06,AUS01,6010,,ACT,Origin Energy,BOB-ESG-0875,PO-ESG-4293,NZD,68971.05,INPUT,ESG spend - Supplier ESG premium,Workday
TXN007084,2026-06-26,2026-06-24,2026-06,AUS01,5400,,HR,Origin Energy,BOB-ESG-0876,PO-ESG-6004,AUD,20289.45,EXPORT,ESG spend - Fleet emissions,SAP
TXN007085,2026-06-28,2026-06-26,2026-06,PNG01,5320,,QLD,Energy Australia,BOB-ESG-0877,PO-ESG-2805,AUD,43805.58,INPUT,ESG spend - Compliance assurance,Workday
TXN007086,2026-06-03,2026-06-01,2026-06,NZL01,6000,,NT,EcoVadis,BOB-ESG-0878,PO-ESG-7315,GBP,51418.04,INPUT,ESG spend - Renewable sourcing premium,SAP
TXN007087,2026-06-17,2026-06-16,2026-06,PNG01,5300,,VIC,Origin Energy,BOB-ESG-0879,PO-ESG-8537,USD,49555.35,INPUT,ESG spend - Carbon offsets,Oracle
TXN007088,2026-06-11,2026-06-04,2026-06,PNG01,5300,,WA,Energy Australia,BOB-ESG-0880,PO-ESG-2925,AUD,87348.84,GST,ESG spend - Carbon offsets,SAP
TXN007089,2026-06-06,2026-06-02,2026-06,NZL01,6010,,MKT,Energy Australia,BOB-ESG-0881,PO-ESG-7668,AUD,90103.94,GST,ESG spend - Sustainable packaging,SAP
TXN007090,2026-06-20,2026-06-15,2026-06,FJI01,5400,,HR,EcoVadis,BOB-ESG-0882,PO-ESG-9719,USD,116081.83,INPUT,ESG spend - Fleet emissions,API Import
TXN007091,2026-06-24,2026-06-23,2026-06,NZL01,6010,,CORP,Climate Active Advisor,BOB-ESG-0883,PO-ESG-2732,USD,18682.5,GST-FREE,ESG spend - Sustainable packaging,Workday
TXN007092,2026-06-30,2026-06-23,2026-06,PNG01,5320,,TAS,Energy Australia,BOB-ESG-0884,PO-ESG-7305,NZD,106848.37,GST-FREE,ESG spend - Compliance assurance,API Import
TXN007093,2026-06-24,2026-06-21,2026-06,NZL01,5110,,SA,Climate Active Advisor,BOB-ESG-0885,PO-ESG-9061,NZD,47689.96,EXPORT,ESG spend - Energy usage,Oracle
TXN007094,2026-06-19,2026-06-15,2026-06,NZL01,6010,,R&D,Green Freight,BOB-ESG-0886,PO-ESG-5177,AUD,70742.72,INPUT,ESG spend - Sustainable packaging,SAP
TXN007095,2026-06-07,2026-06-06,2026-06,FJI01,5600,,NSW,Bureau Veritas,BOB-ESG-0887,PO-ESG-6755,USD,58730.41,GST,ESG spend - Waste reduction,SAP
TXN007096,2026-06-05,2026-06-04,2026-06,PNG01,6010,,IT,Bureau Veritas,BOB-ESG-0888,PO-ESG-6676,NZD,41547.22,GST,ESG spend - Supplier ESG premium,API Import
TXN007097,2026-06-06,2026-06-04,2026-06,NZL01,5400,,R&D,Bureau Veritas,BOB-ESG-0889,PO-ESG-4223,NZD,4285.51,GST,ESG spend - Fleet emissions,API Import
TXN007098,2026-06-08,2026-06-01,2026-06,AUS01,6010,,IT,Green Freight,BOB-ESG-0890,PO-ESG-2567,AUD,33332.3,GST-FREE,ESG spend - Supplier ESG premium,Manual Entry
TXN007099,2026-06-02,2026-02-23,2026-06,AUS01,5300,,CORP,Bureau Veritas,BOB-ESG-0891,PO-ESG-4177,GBP,54082.78,GST,ESG spend - Carbon offsets,Manual Entry
TXN007100,2026-06-05,2026-06-01,2026-06,AUS01,5300,,VIC,Carbon Neutral Pty Ltd,BOB-ESG-0892,PO-ESG-9867,USD,57266.41,EXPORT,ESG spend - Carbon offsets,SAP
TXN007101,2026-06-20,2026-06-19,2026-06,AUS01,6010,,SA,Bureau Veritas,BOB-ESG-0893,PO-ESG-7583,GBP,3521.24,EXPORT,ESG spend - Sustainable packaging,SAP
TXN007102,2026-06-04,2026-02-28,2026-06,NZL01,5600,,IT,Carbon Neutral Pty Ltd,BOB-ESG-0894,PO-ESG-6316,AUD,70490.77,INPUT,ESG spend - Waste reduction,Manual Entry
TXN007103,2026-06-20,2026-06-16,2026-06,AUS01,5400,,SA,Energy Australia,BOB-ESG-0895,PO-ESG-5099,AUD,45341.86,INPUT,ESG spend - Fleet emissions,Oracle
TXN007104,2026-06-01,2026-02-23,2026-06,AUS01,5400,,SA,Energy Australia,BOB-ESG-0896,PO-ESG-8900,USD,100664.28,INPUT,ESG spend - Fleet emissions,Workday
TXN007105,2026-06-13,2026-06-12,2026-06,PNG01,5320,,CORP,Carbon Neutral Pty Ltd,BOB-ESG-0897,PO-ESG-7454,USD,9748.78,GST-FREE,ESG spend - Compliance assurance,Manual Entry
TXN007106,2026-06-27,2026-06-26,2026-06,FJI01,5110,,MKT,Carbon Neutral Pty Ltd,BOB-ESG-0898,PO-ESG-1040,GBP,111665.04,EXPORT,ESG spend - Energy usage,Workday
TXN007107,2026-06-03,2026-02-25,2026-06,AUS01,6000,,FIN,Origin Energy,BOB-ESG-0899,PO-ESG-7791,AUD,74148.45,GST,ESG spend - Renewable sourcing premium,Workday
TXN007108,2026-06-25,2026-06-20,2026-06,PNG01,6010,,ACT,Sustainable Packaging Co,BOB-ESG-0900,PO-ESG-2011,AUD,98003.07,GST,ESG spend - Supplier ESG premium,Manual Entry
TXN007109,2026-06-18,2026-06-17,2026-06,NZL01,5600,,WA,Climate Active Advisor,BOB-ESG-0901,PO-ESG-8321,AUD,63730.36,GST-FREE,ESG spend - Waste reduction,SAP
TXN007110,2026-06-19,2026-06-13,2026-06,PNG01,6010,,NSW,Climate Active Advisor,BOB-ESG-0902,PO-ESG-7077,NZD,39458.88,INPUT,ESG spend - Supplier ESG premium,Workday
TXN007111,2026-06-25,2026-06-18,2026-06,PNG01,6000,,NT,Climate Active Advisor,BOB-ESG-0903,PO-ESG-5941,NZD,22375.17,GST,ESG spend - Renewable sourcing premium,Manual Entry
TXN007112,2026-06-06,2026-06-02,2026-06,PNG01,6010,,NSW,Origin Energy,BOB-ESG-0904,PO-ESG-6937,NZD,118589.76,EXPORT,ESG spend - Sustainable packaging,SAP
TXN007113,2026-06-20,2026-06-15,2026-06,FJI01,6000,,MKT,Green Freight,BOB-ESG-0905,PO-ESG-1399,GBP,96075.94,EXPORT,ESG spend - Renewable sourcing premium,Manual Entry
TXN007114,2026-06-05,2026-06-01,2026-06,PNG01,5110,,TAS,Green Freight,BOB-ESG-0906,PO-ESG-2708,NZD,39552.68,INPUT,ESG spend - Energy usage,Workday
TXN007115,2026-06-02,2026-02-24,2026-06,PNG01,6010,,OPS,Energy Australia,BOB-ESG-0907,PO-ESG-6720,NZD,56076.6,GST,ESG spend - Supplier ESG premium,Workday
TXN007116,2026-06-05,2026-06-04,2026-06,AUS01,6000,,QLD,Bureau Veritas,BOB-ESG-0908,PO-ESG-2650,NZD,21540.54,EXPORT,ESG spend - Renewable sourcing premium,API Import
TXN007117,2026-06-29,2026-06-28,2026-06,NZL01,5320,,NSW,Carbon Neutral Pty Ltd,BOB-ESG-0909,PO-ESG-7278,NZD,67848.58,GST-FREE,ESG spend - Compliance assurance,Oracle
TXN007118,2026-06-21,2026-06-17,2026-06,PNG01,5110,,MKT,Climate Active Advisor,BOB-ESG-0910,PO-ESG-4917,USD,114615.16,INPUT,ESG spend - Energy usage,Manual Entry
TXN007119,2026-06-28,2026-06-24,2026-06,NZL01,6000,,ACT,Sustainable Packaging Co,BOB-ESG-0911,PO-ESG-1465,USD,101174.42,GST-FREE,ESG spend - Renewable sourcing premium,Workday
TXN007120,2026-06-12,2026-06-09,2026-06,FJI01,5300,,ACT,Climate Active Advisor,BOB-ESG-0912,PO-ESG-9684,GBP,72484.92,GST-FREE,ESG spend - Carbon offsets,Manual Entry
TXN007121,2026-06-10,2026-06-09,2026-06,AUS01,6010,,MKT,EcoVadis,BOB-ESG-0913,PO-ESG-5924,AUD,45329.26,GST,ESG spend - Sustainable packaging,API Import
TXN007122,2026-06-01,2026-02-22,2026-06,FJI01,5300,,VIC,Origin Energy,BOB-ESG-0914,PO-ESG-8349,NZD,33008.5,EXPORT,ESG spend - Carbon offsets,Workday
TXN007123,2026-06-16,2026-06-13,2026-06,NZL01,6000,,MKT,Carbon Neutral Pty Ltd,BOB-ESG-0915,PO-ESG-8869,USD,47324.27,EXPORT,ESG spend - Renewable sourcing premium,Oracle
TXN007124,2026-06-30,2026-06-27,2026-06,FJI01,6010,,MKT,Sustainable Packaging Co,BOB-ESG-0916,PO-ESG-6366,GBP,66508.95,GST,ESG spend - Sustainable packaging,SAP
TXN007125,2026-06-16,2026-06-10,2026-06,AUS01,6010,,HR,Origin Energy,BOB-ESG-0917,PO-ESG-9750,NZD,113335.31,GST,ESG spend - Sustainable packaging,API Import
TXN007126,2026-06-22,2026-06-20,2026-06,PNG01,5110,,IT,Carbon Neutral Pty Ltd,BOB-ESG-0918,PO-ESG-9152,USD,30282.14,INPUT,ESG spend - Energy usage,Manual Entry
TXN007127,2026-06-14,2026-06-12,2026-06,FJI01,6010,,VIC,Energy Australia,BOB-ESG-0919,PO-ESG-8692,AUD,69324.34,EXPORT,ESG spend - Supplier ESG premium,Manual Entry
TXN007128,2026-06-29,2026-06-23,2026-06,NZL01,6010,,OPS,Energy Australia,BOB-ESG-0920,PO-ESG-6238,GBP,4082.88,GST,ESG spend - Supplier ESG premium,API Import
TXN007129,2026-06-20,2026-06-19,2026-06,PNG01,5320,,NSW,Green Freight,BOB-ESG-0921,PO-ESG-9250,GBP,87202.17,GST-FREE,ESG spend - Compliance assurance,SAP
TXN007130,2026-06-08,2026-06-04,2026-06,NZL01,6010,,TAS,Green Freight,BOB-ESG-0922,PO-ESG-9143,USD,66359.02,EXPORT,ESG spend - Supplier ESG premium,SAP
TXN007131,2026-06-09,2026-06-08,2026-06,PNG01,6010,,R&D,Climate Active Advisor,BOB-ESG-0923,PO-ESG-6175,GBP,55350.54,INPUT,ESG spend - Supplier ESG premium,Manual Entry
TXN007132,2026-06-19,2026-06-13,2026-06,FJI01,6000,,NT,Bureau Veritas,BOB-ESG-0924,PO-ESG-5209,NZD,105803.81,GST-FREE,ESG spend - Renewable sourcing premium,Manual Entry
TXN007133,2026-06-03,2026-02-28,2026-06,AUS01,5110,,HR,EcoVadis,BOB-ESG-0925,PO-ESG-2381,NZD,30366.87,GST,ESG spend - Energy usage,SAP
TXN007134,2026-06-17,2026-06-13,2026-06,NZL01,5400,,NT,Origin Energy,BOB-ESG-0926,PO-ESG-8215,AUD,28099.21,EXPORT,ESG spend - Fleet emissions,API Import
TXN007135,2026-06-09,2026-06-02,2026-06,FJI01,6010,,WA,Energy Australia,BOB-ESG-0927,PO-ESG-8687,USD,20368.46,EXPORT,ESG spend - Supplier ESG premium,Manual Entry
TXN007136,2026-06-26,2026-06-22,2026-06,PNG01,6010,,NT,Origin Energy,BOB-ESG-0928,PO-ESG-9448,AUD,89362.19,GST,ESG spend - Supplier ESG premium,Oracle
TXN007137,2026-06-13,2026-06-11,2026-06,AUS01,6000,,CORP,Energy Australia,BOB-ESG-0929,PO-ESG-9307,GBP,82041.05,GST-FREE,ESG spend - Renewable sourcing premium,SAP
TXN007138,2026-06-31,2026-06-25,2026-06,PNG01,6010,,QLD,Origin Energy,BOB-ESG-0930,PO-ESG-1949,NZD,3228.11,GST,ESG spend - Supplier ESG premium,Manual Entry
TXN007139,2026-06-08,2026-06-01,2026-06,AUS01,6000,,NT,Sustainable Packaging Co,BOB-ESG-0931,PO-ESG-4263,GBP,54771.86,EXPORT,ESG spend - Renewable sourcing premium,API Import
TXN007140,2026-06-29,2026-06-23,2026-06,PNG01,6000,,TAS,EcoVadis,BOB-ESG-0932,PO-ESG-5239,USD,63445.69,INPUT,ESG spend - Renewable sourcing premium,Oracle
TXN007141,2026-06-10,2026-06-08,2026-06,AUS01,5110,,R&D,Bureau Veritas,BOB-ESG-0933,PO-ESG-2339,NZD,70394.08,GST,ESG spend - Energy usage,SAP
TXN007142,2026-06-17,2026-06-15,2026-06,PNG01,6010,,MKT,Carbon Neutral Pty Ltd,BOB-ESG-0934,PO-ESG-8503,GBP,47359.61,GST,ESG spend - Sustainable packaging,SAP
TXN007143,2026-06-05,2026-06-03,2026-06,AUS01,5320,,VIC,Carbon Neutral Pty Ltd,BOB-ESG-0935,PO-ESG-7219,USD,99036.42,EXPORT,ESG spend - Compliance assurance,SAP
TXN007144,2026-06-31,2026-06-26,2026-06,PNG01,5400,,OPS,EcoVadis,BOB-ESG-0936,PO-ESG-9666,USD,67491.46,GST,ESG spend - Fleet emissions,Manual Entry
TXN007145,2026-06-05,2026-06-04,2026-06,PNG01,5600,,VIC,Bureau Veritas,BOB-ESG-0937,PO-ESG-4487,GBP,17510.19,EXPORT,ESG spend - Waste reduction,Manual Entry
TXN007146,2026-06-19,2026-06-13,2026-06,FJI01,5110,,WA,Carbon Neutral Pty Ltd,BOB-ESG-0938,PO-ESG-3864,NZD,33671.24,GST-FREE,ESG spend - Energy usage,Manual Entry
TXN007147,2026-06-16,2026-06-09,2026-06,AUS01,6000,,FIN,Green Freight,BOB-ESG-0939,PO-ESG-7123,GBP,97273.63,EXPORT,ESG spend - Renewable sourcing premium,Workday
TXN007148,2026-06-11,2026-06-08,2026-06,NZL01,5600,,TAS,Carbon Neutral Pty Ltd,BOB-ESG-0940,PO-ESG-1488,GBP,34417.9,INPUT,ESG spend - Waste reduction,Oracle
TXN007149,2026-06-24,2026-06-21,2026-06,PNG01,6010,,TAS,Carbon Neutral Pty Ltd,BOB-ESG-0941,PO-ESG-3485,NZD,27079.36,GST,ESG spend - Supplier ESG premium,Workday
TXN007150,2026-06-17,2026-06-10,2026-06,FJI01,5320,,MKT,Climate Active Advisor,BOB-ESG-0942,PO-ESG-2680,GBP,94641.64,GST,ESG spend - Compliance assurance,API Import
TXN007151,2026-06-29,2026-06-27,2026-06,AUS01,6010,,QLD,Climate Active Advisor,BOB-ESG-0943,PO-ESG-4878,AUD,111637.27,INPUT,ESG spend - Supplier ESG premium,Oracle
TXN007152,2026-06-27,2026-06-25,2026-06,PNG01,5600,,CORP,Climate Active Advisor,BOB-ESG-0944,PO-ESG-5081,AUD,77280.18,INPUT,ESG spend - Waste reduction,API Import
TXN007153,2026-06-19,2026-06-14,2026-06,AUS01,6010,,FIN,Bureau Veritas,BOB-ESG-0945,PO-ESG-8399,GBP,10100.97,GST,ESG spend - Sustainable packaging,Workday
TXN007154,2026-06-21,2026-06-14,2026-06,PNG01,5320,,R&D,Energy Australia,BOB-ESG-0946,PO-ESG-6266,NZD,47988.78,GST,ESG spend - Compliance assurance,Oracle
TXN007155,2026-06-14,2026-06-11,2026-06,AUS01,5600,,FIN,Climate Active Advisor,BOB-ESG-0947,PO-ESG-1458,NZD,66042.76,GST,ESG spend - Waste reduction,Oracle
TXN007156,2026-06-06,2026-06-04,2026-06,NZL01,6010,,NSW,Origin Energy,BOB-ESG-0948,PO-ESG-5763,GBP,29702.15,GST-FREE,ESG spend - Supplier ESG premium,Oracle
TXN007157,2026-06-11,2026-06-06,2026-06,FJI01,5110,,VIC,Sustainable Packaging Co,BOB-ESG-0949,PO-ESG-9426,NZD,17033.11,GST,ESG spend - Energy usage,Oracle
TXN007158,2026-06-30,2026-06-29,2026-06,NZL01,5320,,NT,Climate Active Advisor,BOB-ESG-0950,PO-ESG-2635,AUD,57742.48,INPUT,ESG spend - Compliance assurance,Workday
TXN007159,2026-06-18,2026-06-11,2026-06,NZL01,5600,,NT,Origin Energy,BOB-ESG-0951,PO-ESG-6532,USD,4487.65,INPUT,ESG spend - Waste reduction,Workday
TXN007160,2026-06-01,2026-02-27,2026-06,PNG01,6010,,CORP,Energy Australia,BOB-ESG-0952,PO-ESG-7080,AUD,93353.59,EXPORT,ESG spend - Supplier ESG premium,SAP
TXN007161,2026-06-19,2026-06-17,2026-06,FJI01,6010,,IT,Sustainable Packaging Co,BOB-ESG-0953,PO-ESG-1290,GBP,84294.22,GST-FREE,ESG spend - Supplier ESG premium,API Import
TXN007162,2026-06-01,2026-02-23,2026-06,NZL01,6000,,SA,Carbon Neutral Pty Ltd,BOB-ESG-0954,PO-ESG-6575,GBP,76332.81,EXPORT,ESG spend - Renewable sourcing premium,SAP
TXN007163,2026-06-05,2026-02-27,2026-06,PNG01,5400,,QLD,Carbon Neutral Pty Ltd,BOB-ESG-0955,PO-ESG-7031,GBP,49454.23,GST-FREE,ESG spend - Fleet emissions,Oracle
TXN007164,2026-06-23,2026-06-19,2026-06,NZL01,5300,,MKT,Carbon Neutral Pty Ltd,BOB-ESG-0956,PO-ESG-2814,GBP,53573.29,EXPORT,ESG spend - Carbon offsets,Oracle
TXN007165,2026-06-11,2026-06-04,2026-06,NZL01,5320,,QLD,EcoVadis,BOB-ESG-0957,PO-ESG-9904,GBP,96357.56,EXPORT,ESG spend - Compliance assurance,Workday
TXN007166,2026-06-20,2026-06-17,2026-06,AUS01,5320,,R&D,Carbon Neutral Pty Ltd,BOB-ESG-0958,PO-ESG-5704,NZD,88832.57,EXPORT,ESG spend - Compliance assurance,Workday
TXN007167,2026-06-29,2026-06-26,2026-06,NZL01,5400,,ACT,Sustainable Packaging Co,BOB-ESG-0959,PO-ESG-9627,GBP,35207.15,GST,ESG spend - Fleet emissions,Workday
TXN007168,2026-06-11,2026-06-09,2026-06,NZL01,5600,,TAS,Origin Energy,BOB-ESG-0960,PO-ESG-1327,AUD,78408.26,GST,ESG spend - Waste reduction,Manual Entry
TXN007169,2026-06-17,2026-06-12,2026-06,PNG01,5600,,CORP,EcoVadis,BOB-ESG-0961,PO-ESG-8254,GBP,42621.53,EXPORT,ESG spend - Waste reduction,Manual Entry
TXN007170,2026-06-25,2026-06-23,2026-06,NZL01,6010,,NT,Bureau Veritas,BOB-ESG-0962,PO-ESG-1354,USD,115705.57,GST,ESG spend - Sustainable packaging,Oracle
TXN007171,2026-06-10,2026-06-09,2026-06,PNG01,5400,,NSW,Carbon Neutral Pty Ltd,BOB-ESG-0963,PO-ESG-4053,NZD,46666.5,GST,ESG spend - Fleet emissions,SAP
TXN007172,2026-06-06,2026-02-28,2026-06,NZL01,5300,,OPS,Green Freight,BOB-ESG-0964,PO-ESG-3226,USD,14783.95,GST,ESG spend - Carbon offsets,Manual Entry
TXN007173,2026-06-10,2026-06-07,2026-06,AUS01,5320,,OPS,Sustainable Packaging Co,BOB-ESG-0965,PO-ESG-6547,USD,29516.89,INPUT,ESG spend - Compliance assurance,API Import
TXN007174,2026-06-13,2026-06-11,2026-06,PNG01,5110,,HR,Sustainable Packaging Co,BOB-ESG-0966,PO-ESG-1618,AUD,5412.84,GST-FREE,ESG spend - Energy usage,Workday
TXN007175,2026-06-14,2026-06-13,2026-06,PNG01,6010,,FIN,Energy Australia,BOB-ESG-0967,PO-ESG-5760,USD,91123.35,INPUT,ESG spend - Sustainable packaging,Oracle
TXN007176,2026-06-22,2026-06-16,2026-06,PNG01,5300,,FIN,Climate Active Advisor,BOB-ESG-0968,PO-ESG-5886,NZD,32512.65,INPUT,ESG spend - Carbon offsets,Oracle
TXN007177,2026-06-02,2026-06-01,2026-06,FJI01,6010,,IT,Sustainable Packaging Co,BOB-ESG-0969,PO-ESG-2442,USD,19529.03,GST,ESG spend - Sustainable packaging,Manual Entry
TXN007178,2026-06-30,2026-06-29,2026-06,NZL01,5110,,OPS,Energy Australia,BOB-ESG-0970,PO-ESG-7226,NZD,12786.78,EXPORT,ESG spend - Energy usage,SAP
TXN007179,2026-06-13,2026-06-10,2026-06,NZL01,5300,,MKT,Bureau Veritas,BOB-ESG-0971,PO-ESG-4429,GBP,119910.87,EXPORT,ESG spend - Carbon offsets,Manual Entry
TXN007180,2026-06-06,2026-02-28,2026-06,AUS01,5320,,ACT,Bureau Veritas,BOB-ESG-0972,PO-ESG-6502,AUD,37469.38,GST-FREE,ESG spend - Compliance assurance,Oracle
TXN007181,2026-06-26,2026-06-24,2026-06,AUS01,6010,,IT,Origin Energy,BOB-ESG-0973,PO-ESG-7949,GBP,26834.94,EXPORT,ESG spend - Sustainable packaging,Workday
TXN007182,2026-06-10,2026-06-08,2026-06,PNG01,5110,,ACT,Green Freight,BOB-ESG-0974,PO-ESG-7465,NZD,117240.75,GST-FREE,ESG spend - Energy usage,Workday
TXN007183,2026-06-16,2026-06-11,2026-06,PNG01,6000,,ACT,Sustainable Packaging Co,BOB-ESG-0975,PO-ESG-2606,USD,88432.88,INPUT,ESG spend - Renewable sourcing premium,SAP
TXN007184,2026-06-20,2026-06-19,2026-06,AUS01,6010,,FIN,Green Freight,BOB-ESG-0976,PO-ESG-1828,GBP,114091.53,EXPORT,ESG spend - Sustainable packaging,Oracle
TXN007185,2026-06-03,2026-02-26,2026-06,FJI01,6010,,R&D,Energy Australia,BOB-ESG-0977,PO-ESG-6949,USD,14267.53,GST,ESG spend - Supplier ESG premium,API Import
TXN007186,2026-06-11,2026-06-04,2026-06,FJI01,6010,,VIC,Green Freight,BOB-ESG-0978,PO-ESG-6486,NZD,59047.08,GST,ESG spend - Sustainable packaging,Manual Entry
TXN007187,2026-06-25,2026-06-24,2026-06,PNG01,6010,,OPS,Carbon Neutral Pty Ltd,BOB-ESG-0979,PO-ESG-2973,USD,94912.75,GST-FREE,ESG spend - Sustainable packaging,Oracle
TXN007188,2026-06-14,2026-06-11,2026-06,FJI01,5600,,SA,Green Freight,BOB-ESG-0980,PO-ESG-9118,GBP,7999.28,EXPORT,ESG spend - Waste reduction,API Import
TXN007189,2026-06-05,2026-06-02,2026-06,NZL01,6000,,FIN,Origin Energy,BOB-ESG-0981,PO-ESG-4742,NZD,23843.43,EXPORT,ESG spend - Renewable sourcing premium,Manual Entry
TXN007190,2026-06-29,2026-06-28,2026-06,PNG01,6010,,TAS,Bureau Veritas,BOB-ESG-0982,PO-ESG-3592,GBP,118416.06,INPUT,ESG spend - Supplier ESG premium,Workday
TXN007191,2026-06-23,2026-06-16,2026-06,NZL01,6010,,TAS,Energy Australia,BOB-ESG-0983,PO-ESG-4919,NZD,61365.26,INPUT,ESG spend - Supplier ESG premium,Oracle
TXN007192,2026-06-27,2026-06-20,2026-06,NZL01,5110,,NSW,Green Freight,BOB-ESG-0984,PO-ESG-2216,NZD,36201.95,GST-FREE,ESG spend - Energy usage,API Import
TXN007193,2026-06-28,2026-06-22,2026-06,AUS01,5300,,CORP,EcoVadis,BOB-ESG-0985,PO-ESG-7839,GBP,65610.7,EXPORT,ESG spend - Carbon offsets,API Import
TXN007194,2026-06-24,2026-06-21,2026-06,NZL01,6010,,HR,Energy Australia,BOB-ESG-0986,PO-ESG-3808,NZD,76706.29,INPUT,ESG spend - Sustainable packaging,SAP
TXN007195,2026-06-20,2026-06-16,2026-06,FJI01,5110,,TAS,Carbon Neutral Pty Ltd,BOB-ESG-0987,PO-ESG-7471,GBP,14270.69,GST,ESG spend - Energy usage,Oracle
TXN007196,2026-06-19,2026-06-13,2026-06,PNG01,6000,,OPS,Sustainable Packaging Co,BOB-ESG-0988,PO-ESG-5069,AUD,71452.15,EXPORT,ESG spend - Renewable sourcing premium,Manual Entry
TXN007197,2026-06-12,2026-06-06,2026-06,NZL01,5320,,FIN,Energy Australia,BOB-ESG-0989,PO-ESG-6194,NZD,77181.34,GST,ESG spend - Compliance assurance,Workday
TXN007198,2026-06-12,2026-06-11,2026-06,FJI01,5110,,QLD,Green Freight,BOB-ESG-0990,PO-ESG-8172,AUD,29198.75,GST-FREE,ESG spend - Energy usage,SAP
TXN007199,2026-06-10,2026-06-07,2026-06,FJI01,6010,,IT,Bureau Veritas,BOB-ESG-0991,PO-ESG-8415,USD,112413.77,EXPORT,ESG spend - Sustainable packaging,Oracle
TXN007200,2026-06-25,2026-06-24,2026-06,AUS01,6010,,IT,Climate Active Advisor,BOB-ESG-0992,PO-ESG-6957,USD,30222.83,INPUT,ESG spend - Supplier ESG premium,SAP
TXN007201,2026-06-13,2026-06-10,2026-06,NZL01,5320,,SA,Climate Active Advisor,BOB-ESG-0993,PO-ESG-1166,AUD,108374.56,EXPORT,ESG spend - Compliance assurance,API Import
TXN007202,2026-06-20,2026-06-16,2026-06,NZL01,5320,,R&D,Carbon Neutral Pty Ltd,BOB-ESG-0994,PO-ESG-3787,GBP,46500.83,GST,ESG spend - Compliance assurance,API Import
TXN007203,2026-06-29,2026-06-25,2026-06,AUS01,5110,,MKT,Origin Energy,BOB-ESG-0995,PO-ESG-4714,NZD,46744.27,GST,ESG spend - Energy usage,Workday
TXN007204,2026-06-01,2026-02-24,2026-06,FJI01,6000,,MKT,Energy Australia,BOB-ESG-0996,PO-ESG-2586,AUD,20137.42,GST,ESG spend - Renewable sourcing premium,SAP
TXN007205,2026-06-10,2026-06-08,2026-06,NZL01,6000,,VIC,Sustainable Packaging Co,BOB-ESG-0997,PO-ESG-6845,USD,63830.51,INPUT,ESG spend - Renewable sourcing premium,SAP
TXN007206,2026-06-06,2026-06-01,2026-06,NZL01,6000,,NSW,Carbon Neutral Pty Ltd,BOB-ESG-0998,PO-ESG-4925,GBP,12241.13,GST,ESG spend - Renewable sourcing premium,Manual Entry
TXN007207,2026-06-11,2026-06-04,2026-06,PNG01,5110,,HR,Bureau Veritas,BOB-ESG-0999,PO-ESG-8493,AUD,44098.73,GST-FREE,ESG spend - Energy usage,Workday
TXN007208,2026-06-28,2026-06-25,2026-06,FJI01,5110,,OPS,Sustainable Packaging Co,BOB-ESG-1000,PO-ESG-9545,GBP,70427.76,EXPORT,ESG spend - Energy usage,SAP
