Txn_ID,Posting_Date_Raw,Invoice_Date_Raw,Fiscal_Period,Entity,Account_Code_Raw,Cost_Center_Raw,Cost_Center,Vendor_Name_Raw,Invoice_Number,PO_Number,Currency,Amount,Tax_Code,Narrative,Source_System
TXN000001,23-01-2026,16-01-2026,2026-01,AUS01,5620,,IT,Adobe,INV30892,,AUD,6049.77,GST,Payment for license,Manual Entry
TXN000002,26-03-2026,23-03-2026,2026-08,AUS01,5610,,WA,Federal Express,INV73318,PO2850,NZD,27549.99,GST-FREE,Payment for consulting,Manual Entry
TXN000003,2025-08-02,2025-08-28,2025-08,AUS01,5620,,MKT,McKinsey,INV97797,PO9504,AUD,31735.11,GST-FREE,Payment for license,API Import
TXN000004,04-10-2025,30-09-2025,2025-10,AUS01,5500,,MKT,WeWork Australia,INV11526,PO3571,GBP,6774.58,GST,Payment for license,Manual Entry
TXN000005,28-01-2026,25-01-2026,2026-01,AUS01,5020,,SA,Hays,INV16599,PO7203,NZD,10916.04,INPUT,Payment for consulting,Oracle
TXN000006,03-01-2026,26-12-2025,2026-01,AUS01,5900,,QLD,Optus Pty,INV51426,,AUD,38560.86,EXPORT,Payment for consulting,SAP
TXN000007,04-01-2026,28-12-2025,2026-01,AUS01,5010,,NSW,AWS,INV76628,PO8474,AUD,35651.07,INPUT,Payment for subscription,Workday
TXN000008,2026-01-27,2026-01-23,2026-01,AUS01,5920,,IT,LinkedIn Corp,INV96136,PO8414,NZD,25250.77,EXPORT,Payment for services,SAP
TXN000009,25/10/2025,24/10/2025,2025-10,AUS01,5310,,OPS,WeWork Australia,INV23935,,NZD,24691.31,INPUT,Payment for goods,Manual Entry
TXN000010,05-10-2025,03-10-2025,2025-10,AUS01,5220,,NT,SAP,INV38257,PO4122,USD,5521.49,EXPORT,Payment for subscription,SAP
TXN000011,25-03-2026,24-03-2026,2026-08,AUS01,5620,,HR,Atlassian Pty,INV75382,,GBP,20636.72,GST-FREE,Payment for services,API Import
TXN000012,14-03-2026,05-03-2026,2026-08,AUS01,5810,,ACT,Oracle,INV23573,PO6273,USD,32899.21,GST-FREE,Payment for license,Manual Entry
TXN000013,14-03-2026,09-03-2026,2026-08,AUS01,5400,,FIN,BCG,INV28111,PO9393,NZD,20432.77,GST-FREE,Payment for subscription,API Import
TXN000014,11/28/2025,11/19/2025,2025-11,AUS01,5620,,R&D,Workday,INV99995,PO3173,USD,9516.1,INPUT,Payment for goods,API Import
TXN000015,01/18/2026,01/16/2026,2026-01,AUS01,5810,,CORP,WeWork Australia,INV98374,PO9747,GBP,26268.0,EXPORT,Payment for subscription,Manual Entry
TXN000016,2026-01-26,2026-01-17,2026-01,AUS01,5100,,MKT,Amazon,INV36201,,GBP,6625.17,GST,Payment for goods,Workday
TXN000017,01/22/2026,01/19/2026,2026-01,AUS01,5910,,SA,MSFT,INV57013,PO2679,NZD,9259.64,GST,Payment for license,API Import
TXN000018,28/01/2026,19/01/2026,2026-01,AUS01,5400,,OPS,Accenture Pty,INV60014,PO6122,NZD,31212.83,GST,Payment for license,SAP
TXN000019,05/01/2025,04/27/2025,2025-08,AUS01,5610,,VIC,Optus Pty,INV87120,PO4218,USD,41025.74,INPUT,Payment for goods,Workday
TXN000020,15/01/2026,13/01/2026,2026-01,AUS01,5120,,TAS,Oracle,INV46583,PO3131,AUD,17036.2,EXPORT,Payment for goods,API Import
TXN000021,01/28/2026,01/27/2026,2026-01,AUS01,5310,,OPS,LinkedIn Corp,INV88234,,USD,1893.33,INPUT,Payment for license,Workday
TXN000022,01/16/2026,01/14/2026,2026-01,AUS01,5900,,NSW,McKinsey,INV76209,,USD,43068.75,GST,Payment for license,API Import
TXN000023,2026-08-13,2026-08-07,2026-08,AUS01,5210,,IT,Workday,INV38632,PO9691,NZD,14964.89,INPUT,Payment for consulting,API Import
TXN000024,2026-01-27,2026-01-25,2026-01,AUS01,5700,,HR,WeWork Australia,INV15226,PO6258,GBP,10891.62,GST-FREE,Payment for consulting,SAP
TXN000025,03/13/2026,03/04/2026,2026-08,AUS01,5800,,IT,KPMG Australia,INV77411,PO8300,AUD,41018.98,INPUT,Payment for consulting,SAP
TXN000026,10/05/2025,04/05/2025,2025-08,AUS01,5510,,MKT,Google,INV92173,,AUD,7616.03,GST,Payment for goods,Manual Entry
TXN000027,2025-12-27,2025-12-23,2025-12,AUS01,5520,,MKT,Telstra Corp,INV13113,PO6434,AUD,33635.4,GST-FREE,Payment for services,SAP
TXN000028,2026-01-03,2025-12-31,2026-01,AUS01,5900,,TAS,Deloitte Touche,INV43901,PO8391,AUD,25915.81,GST-FREE,Payment for consulting,Manual Entry
TXN000029,2026-01-11,2026-01-04,2026-01,AUS01,5700,,HR,Atlassian Pty,INV86756,,AUD,28899.88,GST,Payment for services,Workday
TXN000030,2026-01-17,2026-01-12,2026-01,AUS01,5900,,NSW,EY Australia,INV59992,PO1504,AUD,12740.13,EXPORT,Payment for consulting,Oracle
TXN000031,18/01/2026,15/01/2026,2026-01,AUS01,5800,,OPS,DHL Express,INV49066,PO7113,NZD,43210.03,GST-FREE,Payment for services,API Import
TXN000032,28/01/2026,26/01/2026,2026-01,AUS01,5010,,NSW,AWS,INV49936,,GBP,24218.13,GST,Payment for subscription,Oracle
TXN000033,14/04/2025,11/04/2025,2025-08,AUS01,5120,,R&D,ServiceNow Inc,INV97946,PO1891,NZD,8825.25,GST-FREE,Payment for license,Manual Entry
TXN000034,2026-08-21,2026-08-16,2026-08,AUS01,5700,,CORP,Salesforce,INV53365,PO4842,NZD,4509.29,EXPORT,Payment for services,Workday
TXN000035,2026-08-20,2026-08-16,2026-08,AUS01,5310,,OPS,Hays,INV86568,,GBP,14842.74,INPUT,Payment for license,Workday
TXN000036,01/26/2025,01/19/2025,2025-01,AUS01,5120,,QLD,AWS,INV93995,PO6889,NZD,11153.26,GST-FREE,Payment for goods,Workday
TXN000037,16-11-2025,08-11-2025,2025-11,AUS01,5320,,CORP,EY Australia,INV94613,PO5597,GBP,24870.06,GST-FREE,Payment for goods,API Import
TXN000038,03/07/2026,03/05/2026,2026-08,AUS01,5800,,MKT,Salesforce,INV86269,PO4485,AUD,38246.47,GST,Payment for services,API Import
TXN000039,09-12-2025,06-12-2025,2025-12,AUS01,5320,,OPS,DHL Express,INV27548,PO9362,USD,40125.55,INPUT,Payment for services,Manual Entry
TXN000040,2025-11-12,2025-11-08,2025-11,AUS01,5920,,IT,Adobe,INV84233,PO3395,USD,20135.3,GST-FREE,Payment for consulting,Workday
TXN000041,02-03-2026,25/01/2026,2026-08,AUS01,5210,,IT,Salesforce,INV97632,,NZD,16687.64,GST,Payment for subscription,Manual Entry
TXN000042,16-06-2025,15-06-2025,2025-08,AUS01,5010,,WA,McKinsey,INV44513,PO3848,AUD,31697.76,INPUT,Payment for consulting,Manual Entry
TXN000043,2026-01-12,2026-01-03,2026-01,AUS01,5220,,IT,Federal Express,INV55224,PO8898,USD,23285.09,INPUT,Payment for license,SAP
TXN000044,17/11/2025,09/11/2025,2025-11,AUS01,5120,,R&D,ServiceNow Inc,INV37723,,AUD,23202.9,INPUT,Payment for goods,Workday
TXN000045,2026-08-20,2026-08-16,2026-08,AUS01,5410,,NSW,BCG,INV72786,,AUD,21720.1,EXPORT,Payment for goods,Manual Entry
TXN000046,01-03-2026,31/01/2026,2026-08,AUS01,5110,,NSW,Adobe,INV85008,,USD,28366.37,GST,Payment for goods,Workday
TXN000047,06-12-2025,26-11-2025,2025-12,AUS01,5600,,ACT,Amazon,INV68877,PO8723,NZD,42631.7,GST-FREE,Payment for consulting,Oracle
TXN000048,08-01-2026,29-12-2025,2026-01,AUS01,5110,,WA,Oracle,INV69437,PO2127,NZD,7630.7,INPUT,Payment for goods,Manual Entry
TXN000049,13/01/2025,11/01/2025,2025-01,AUS01,5000,,SA,SAP,INV33255,PO1639,GBP,37210.49,GST,Payment for license,API Import
TXN000050,2026-08-25,2026-08-23,2026-08,AUS01,5500,,MKT,Slack,INV78425,PO1711,AUD,40373.91,EXPORT,Payment for license,Manual Entry
TXN000051,08-01-2026,01-01-2026,2026-01,AUS01,5320,,OPS,GCP,INV40475,PO2373,GBP,6111.35,EXPORT,Payment for subscription,API Import
TXN000052,18-01-2026,13-01-2026,2026-01,AUS01,5200,,CORP,AWS,INV78126,,AUD,26051.62,GST,Payment for goods,Workday
TXN000053,03/14/2026,03/12/2026,2026-08,AUS01,5110,,CORP,Telstra Corp,INV84012,PO5514,NZD,11832.5,EXPORT,Payment for consulting,Oracle
TXN000054,14-08-2025,11-08-2025,2025-08,AUS01,5320,,R&D,Seek Limited,INV62183,PO2951,NZD,44484.02,INPUT,Payment for goods,Manual Entry
TXN000055,26/03/2025,24/03/2025,2025-08,AUS01,5200,,CORP,Robert Half International,INV31068,PO1086,GBP,35395.04,GST,Payment for services,Oracle
TXN000056,16-03-2026,14-03-2026,2026-08,AUS01,5020,,WA,Deloitte Touche,INV60374,PO7564,USD,16750.5,GST,Payment for license,API Import
TXN000057,2026-01-10,2026-01-07,2026-01,AUS01,5620,,ACT,Hays,INV35525,,GBP,580.9,INPUT,Payment for license,API Import
TXN000058,17/05/2025,08/05/2025,2025-08,AUS01,5120,,QLD,Microsoft,INV30636,,NZD,10842.62,GST,Payment for subscription,Manual Entry
TXN000059,12-01-2026,05-01-2026,2026-01,AUS01,5600,,VIC,SAP,INV21818,PO6703,AUD,33187.96,GST,Payment for subscription,Workday
TXN000060,08/01/2026,31/12/2025,2026-01,AUS01,5400,,R&D,AWS,INV83220,,NZD,7959.06,GST,Payment for subscription,Workday
TXN000061,03/04/2025,03/23/2025,2025-08,AUS01,5910,,SA,Deloitte Touche,INV41886,PO8517,GBP,43475.89,EXPORT,Payment for consulting,API Import
TXN000062,2026-01-28,2026-01-20,2026-01,AUS01,5100,,OPS,Deloitte Touche,INV98724,PO6172,AUD,17282.03,GST-FREE,Payment for consulting,Workday
TXN000063,2025-08-17,2025-08-12,2025-08,AUS01,5210,,IT,KPMG Australia,INV19965,PO3924,AUD,18011.99,INPUT,Payment for consulting,Workday
TXN000064,12-03-2026,02-03-2026,2026-08,AUS01,5220,,CORP,Oracle,INV40783,PO5348,USD,22505.07,GST-FREE,Payment for goods,Oracle
TXN000065,08/07/2025,27/06/2025,2025-08,AUS01,5320,,OPS,Zoom,INV98580,PO9071,AUD,5482.54,GST,Payment for license,SAP
TXN000066,2026-08-25,2026-08-17,2026-08,AUS01,5320,,CORP,McKinsey,INV74330,,GBP,40425.64,INPUT,Payment for license,Workday
TXN000067,13-03-2026,03-03-2026,2026-08,AUS01,5110,,VIC,MSFT,INV75860,PO3863,GBP,21576.57,GST,Payment for consulting,SAP
TXN000068,23-09-2025,17-09-2025,2025-09,AUS01,5710,,HR,AWS,INV86153,,AUD,30367.23,EXPORT,Payment for subscription,API Import
TXN000069,10/28/2025,10/25/2025,2025-10,AUS01,5520,,MKT,Deloitte Touche,INV57962,,USD,12196.43,INPUT,Payment for consulting,Oracle
TXN000070,08/14/2025,08/08/2025,2025-08,AUS01,5920,,HR,DHL Express,INV85483,PO2636,NZD,20337.73,GST-FREE,Payment for subscription,Oracle
TXN000071,18-01-2026,11-01-2026,2026-01,AUS01,5200,,CORP,Zoom,INV33148,PO3203,USD,21337.12,GST,Payment for license,API Import
TXN000072,01/24/2026,01/16/2026,2026-01,AUS01,5300,,FIN,Deloitte Touche,INV17869,,AUD,17988.25,GST-FREE,Payment for subscription,Manual Entry
TXN000073,2026-08-27,2026-08-19,2026-08,AUS01,5800,,CORP,BCG,INV55107,,NZD,16307.19,INPUT,Payment for services,Workday
TXN000074,28-03-2026,18-03-2026,2026-08,AUS01,5600,,MKT,Oracle,INV68580,PO7243,NZD,16044.4,EXPORT,Payment for license,Workday
TXN000075,15-03-2025,12-03-2025,2025-08,AUS01,5620,,IT,BCG,INV19351,,GBP,28444.18,EXPORT,Payment for subscription,Oracle
TXN000076,01/11/2026,01/06/2026,2026-01,AUS01,5710,,HR,PWC,INV57600,PO9535,GBP,12279.04,EXPORT,Payment for consulting,Manual Entry
TXN000077,08/01/2026,05/01/2026,2026-01,AUS01,5110,,VIC,Accenture Pty,INV37600,,NZD,42325.64,GST,Payment for services,SAP
TXN000078,03-03-2026,25-01-2026,2026-08,AUS01,5010,,QLD,Amazon,INV23622,,GBP,23626.83,GST,Payment for goods,SAP
TXN000079,21-03-2026,16-03-2026,2026-08,AUS01,5210,,IT,Accenture Pty,INV27206,PO3795,NZD,19997.9,GST-FREE,Payment for services,SAP
TXN000080,03/22/2026,03/16/2026,2026-08,AUS01,5920,,OPS,Seek Limited,INV81898,PO9835,GBP,43876.67,INPUT,Payment for goods,API Import
TXN000081,20-03-2026,10-03-2026,2026-08,AUS01,5410,,OPS,EY Australia,INV21738,PO6992,NZD,21726.16,GST-FREE,Payment for consulting,Workday
TXN000082,03/05/2026,03/04/2026,2026-08,AUS01,5000,,NSW,Slack,INV74478,PO8816,NZD,12975.62,GST,Payment for subscription,SAP
TXN000083,25-03-2025,20-03-2025,2025-08,AUS01,5610,,CORP,ServiceNow Inc,INV63967,PO8161,AUD,24714.73,GST-FREE,Payment for consulting,Oracle
TXN000084,06-03-2025,30-01-2025,2025-08,AUS01,5210,,,Deloitte Touche,INV77713,PO5454,AUD,19058.55,GST-FREE,Payment for subscription,API Import
TXN000085,08/26/2025,08/19/2025,2025-08,AUS01,5200,,CORP,Salesforce,INV93478,PO8418,USD,6234.42,GST,Payment for subscription,API Import
TXN000086,16/08/2025,10/08/2025,2025-08,AUS01,5000,,VIC,Zoom,INV34371,PO5622,AUD,43640.26,GST,Payment for subscription,Oracle
TXN000087,23-03-2026,22-03-2026,2026-08,AUS01,5210,,IT,Google,INV54815,PO9165,USD,761.15,GST-FREE,Payment for subscription,Manual Entry
TXN000088,2026-08-23,2026-08-17,2026-08,AUS01,5020,,CORP,Zoom,INV19356,PO3975,AUD,12066.01,EXPORT,Payment for goods,Workday
TXN000089,27-03-2026,26-03-2026,2026-08,AUS01,5100,,VIC,Accenture Pty,INV42396,PO1549,GBP,34728.02,EXPORT,Payment for goods,Manual Entry
TXN000090,2026-01-24,2026-01-15,2026-01,AUS01,5700,,HR,Workday,INV52344,,GBP,17571.62,INPUT,Payment for services,API Import
TXN000091,2025-08-17,2025-08-12,2025-08,AUS01,5500,,MKT,EY Australia,INV97385,,USD,16283.16,GST,Payment for services,Oracle
TXN000092,21-01-2026,15-01-2026,2026-01,AUS01,5000,,MKT,Adobe,INV41862,,NZD,26352.89,EXPORT,Payment for services,API Import
TXN000093,26-06-2025,16-06-2025,2025-08,AUS01,5110,,IT,Regus Australia,INV21980,PO6544,AUD,11267.63,EXPORT,Payment for services,SAP
TXN000094,12/03/2025,03/03/2025,2025-08,AUS01,5900,,IT,GCP,INV83184,PO6690,USD,22004.15,INPUT,Payment for consulting,Oracle
TXN000095,01-01-2026,26-12-2025,2026-01,AUS01,5800,,ACT,Slack,INV67344,PO9892,NZD,40449.97,EXPORT,Payment for consulting,Oracle
TXN000096,19-03-2026,10-03-2026,2026-08,AUS01,5320,,OPS,McKinsey,INV19027,PO8362,GBP,12462.07,GST-FREE,Payment for subscription,Workday
TXN000097,11/18/2025,11/10/2025,2025-11,AUS01,5000,,HR,Robert Half International,INV91229,PO4912,GBP,33041.23,GST,Payment for subscription,SAP
TXN000098,22-03-2025,18-03-2025,2025-08,AUS01,5510,,MKT,Hays,INV63713,PO2809,USD,27625.46,INPUT,Payment for services,API Import
TXN000099,2026-08-22,2026-08-21,2026-08,AUS01,5910,,HR,Slack,INV24031,PO2617,USD,39319.83,GST-FREE,Payment for services,API Import
TXN000100,21-01-2026,13-01-2026,2026-01,AUS01,5510,,MKT,Deloitte Touche,INV11715,PO4419,AUD,16549.3,GST,Payment for consulting,SAP
TXN000101,2026-01-15,2026-01-09,2026-01,AUS01,5520,,MKT,AusPost,INV90862,,NZD,35761.81,GST,Payment for services,SAP
TXN000102,03/27/2026,03/25/2026,2026-08,AUS01,5200,,IT,GCP,INV34832,,AUD,32660.22,EXPORT,Payment for goods,API Import
TXN000103,21/12/2025,12/12/2025,2025-12,AUS01,5800,,VIC,AusPost,INV98407,PO7997,AUD,34506.13,INPUT,Payment for services,Oracle
TXN000104,26/01/2026,17/01/2026,2026-01,AUS01,5400,,FIN,Robert Half International,INV56179,PO6319,NZD,29623.18,EXPORT,Payment for subscription,Manual Entry
TXN000105,25-01-2026,19-01-2026,2026-01,AUS01,5610,,FIN,Accenture Pty,INV57187,PO8331,USD,16940.33,INPUT,Payment for consulting,SAP
TXN000106,2025-08-24,2025-08-19,2025-08,AUS01,5610,,VIC,Amazon,INV10860,PO4635,USD,44704.2,INPUT,Payment for goods,Workday
TXN000107,03/01/2026,01/23/2026,2026-08,AUS01,5510,,MKT,Zoom,INV30461,,AUD,1794.36,INPUT,Payment for subscription,API Import
TXN000108,08/09/2025,03/09/2025,2025-09,AUS01,5900,,R&D,EY Australia,INV20118,PO8905,AUD,25714.87,GST-FREE,Payment for goods,Manual Entry
TXN000109,2026-08-27,2026-08-17,2026-08,AUS01,5620,,CORP,EY Australia,INV20286,PO6478,AUD,32912.44,EXPORT,Payment for subscription,Manual Entry
TXN000110,2026-08-14,2026-08-10,2026-08,AUS01,5800,,CORP,AWS,INV51853,PO3450,GBP,2530.34,GST,Payment for subscription,API Import
TXN000111,23-03-2026,20-03-2026,2026-08,AUS01,5010,,SA,DHL Express,INV39109,PO7460,GBP,33902.53,GST,Payment for goods,Oracle
TXN000112,2025-08-11,2025-08-03,2025-08,AUS01,5600,,HR,MSFT,INV75774,PO3136,GBP,11888.85,EXPORT,Payment for goods,Manual Entry
TXN000113,18-03-2026,10-03-2026,2026-08,AUS01,5400,,IT,SAP,INV66369,PO2467,USD,10979.95,INPUT,Payment for services,Manual Entry
TXN000114,09/14/2025,09/08/2025,2025-09,AUS01,5200,,SA,McKinsey,INV49953,,NZD,26765.08,GST,Payment for subscription,API Import
TXN000115,27-01-2026,17-01-2026,2026-01,AUS01,5110,,FIN,Optus Pty,INV36173,PO3555,AUD,41597.17,GST-FREE,Payment for services,SAP
TXN000116,2026-08-24,2026-08-20,2026-08,AUS01,5610,,WA,Zoom,INV49992,PO1372,NZD,716.62,GST,Payment for subscription,Oracle
TXN000117,24-03-2026,20-03-2026,2026-08,AUS01,5520,,MKT,Deloitte Touche,INV97590,,GBP,28074.59,GST-FREE,Payment for license,API Import
TXN000118,02-03-2026,01/30/2026,2026-08,AUS01,5010,,VIC,KPMG Australia,INV16957,PO1136,USD,35534.56,INPUT,Payment for services,Manual Entry
TXN000119,03/22/2026,03/16/2026,2026-08,AUS01,5920,,CORP,GCP,INV40299,PO9331,AUD,13233.05,EXPORT,Payment for services,Workday
TXN000120,2026-01-16,2026-01-13,2026-01,AUS01,5200,,CORP,Robert Half International,INV15210,,GBP,25274.87,GST,Payment for license,Workday
TXN000121,11-10-2025,04-10-2025,2025-10,AUS01,5800,,CORP,Adobe,INV56580,PO4869,AUD,15670.42,INPUT,Payment for license,Workday
TXN000122,2026-08-26,2026-08-21,2026-08,AUS01,5400,,NSW,Amazon,INV61491,PO2438,NZD,10228.66,INPUT,Payment for consulting,API Import
TXN000123,22/01/2026,15/01/2026,2026-01,AUS01,5210,,IT,Zoom,INV68873,PO4387,GBP,43677.12,INPUT,Payment for goods,API Import
TXN000124,18/03/2025,15/03/2025,2025-08,AUS01,5300,,,Slack,INV96013,PO3589,GBP,44806.29,GST-FREE,Payment for subscription,SAP
TXN000125,2025-08-18,2025-08-15,2025-08,AUS01,5310,,CORP,Zoom,INV63903,PO5485,AUD,34468.03,EXPORT,Payment for goods,Oracle
TXN000126,04-03-2026,01-03-2026,2026-08,AUS01,5000,,VIC,PWC,INV13418,PO8808,USD,26876.6,GST-FREE,Payment for goods,API Import
TXN000127,28-03-2026,22-03-2026,2026-08,AUS01,5120,,QLD,Federal Express,INV35330,,GBP,21375.73,GST-FREE,Payment for consulting,SAP
TXN000128,09-01-2025,05-01-2025,2025-01,AUS01,5800,,SA,SAP,INV90879,PO6323,USD,3069.52,EXPORT,Payment for consulting,Oracle
TXN000129,14-03-2026,13-03-2026,2026-08,AUS01,5610,,R&D,Federal Express,INV78242,,NZD,17797.37,GST,Payment for consulting,SAP
TXN000130,08-03-2026,07-03-2026,2026-08,AUS01,5520,,MKT,Federal Express,INV62171,PO5684,AUD,8624.28,EXPORT,Payment for consulting,Oracle
TXN000131,03/14/2026,03/04/2026,2026-08,AUS01,5010,,SA,Zoom,INV21854,PO2854,GBP,37362.22,EXPORT,Payment for goods,API Import
TXN000132,23-03-2026,16-03-2026,2026-08,AUS01,5410,,CORP,McKinsey,INV87373,PO4308,GBP,1218.55,EXPORT,Payment for consulting,SAP
TXN000133,03/09/2026,03/06/2026,2026-08,AUS01,5710,,HR,Atlassian Pty,INV93109,PO9582,AUD,5226.01,EXPORT,Payment for consulting,API Import
TXN000134,20/01/2026,13/01/2026,2026-01,AUS01,5520,,MKT,Federal Express,INV84120,PO3459,AUD,34594.89,INPUT,Payment for goods,Oracle
TXN000135,2026-01-06,2025-12-30,2026-01,AUS01,5300,,QLD,EY Australia,INV25408,PO4323,GBP,13066.25,GST-FREE,Payment for services,API Import
TXN000136,03/25/2026,03/24/2026,2026-08,AUS01,5420,,CORP,Hays,INV89689,PO4897,GBP,24503.2,GST,Payment for goods,API Import
TXN000137,22-12-2025,14-12-2025,2025-12,AUS01,5410,,WA,Optus Pty,INV42075,PO5556,AUD,27094.62,GST,Payment for license,API Import
TXN000138,27/01/2026,26/01/2026,2026-01,AUS01,5120,,CORP,Zoom,INV29054,PO5889,AUD,29432.13,GST,Payment for subscription,SAP
TXN000139,2025-08-02,2025-08-26,2025-08,AUS01,5120,,R&D,Adobe,INV69682,PO6901,NZD,27537.93,GST-FREE,Payment for services,SAP
TXN000140,03/25/2026,03/19/2026,2026-08,AUS01,5320,,CORP,Federal Express,INV48382,PO2999,AUD,34154.05,GST,Payment for subscription,Workday
TXN000141,17-01-2026,08-01-2026,2026-01,AUS01,5200,,IT,Workday,INV73394,PO5705,AUD,5007.67,GST,Payment for consulting,API Import
TXN000142,03/28/2026,03/23/2026,2026-08,AUS01,5510,,MKT,WeWork Australia,INV78118,PO9154,USD,27681.62,EXPORT,Payment for consulting,Oracle
TXN000143,20/10/2025,15/10/2025,2025-10,AUS01,5200,,CORP,AWS,INV37175,PO7793,AUD,1177.01,GST,Payment for consulting,SAP
TXN000144,03/11/2026,02-03-2026,2026-08,AUS01,5900,,MKT,Workday,INV43347,PO6042,AUD,28863.76,INPUT,Payment for subscription,API Import
TXN000145,01/18/2026,01/17/2026,2026-01,AUS01,5100,,OPS,BCG,INV33020,,NZD,17882.61,GST,Payment for subscription,Manual Entry
TXN000146,2026-08-16,2026-08-13,2026-08,AUS01,5500,,MKT,Zoom,INV70616,PO7782,GBP,40153.42,INPUT,Payment for services,API Import
TXN000147,01/10/2025,01/01/2025,2025-01,AUS01,5520,,MKT,Amazon,INV56346,,USD,26025.15,INPUT,Payment for goods,Workday
TXN000148,2026-08-27,2026-08-21,2026-08,AUS01,5400,,SA,Adobe,INV50407,PO6152,GBP,8513.31,GST,Payment for services,Workday
TXN000149,2026-01-14,2026-01-06,2026-01,AUS01,5210,,IT,Regus Australia,INV38329,PO3867,GBP,37342.64,INPUT,Payment for services,Workday
TXN000150,2026-08-26,2026-08-22,2026-08,AUS01,5020,,SA,Optus Pty,INV34931,PO8921,AUD,35976.24,GST-FREE,Payment for license,Workday
TXN000151,03/25/2026,03/22/2026,2026-08,AUS01,5810,,CORP,GCP,INV70210,PO9558,USD,9312.9,GST,Payment for services,SAP
TXN000152,2026-01-10,2025-12-31,2026-01,AUS01,5920,,NSW,Google,INV23513,PO6119,NZD,21062.73,GST,Payment for services,API Import
TXN000153,01/25/2026,01/21/2026,2026-01,AUS01,5310,,OPS,SAP,INV67817,PO5467,USD,12966.88,INPUT,Payment for goods,Oracle
TXN000154,2026-01-09,2026-01-08,2026-01,AUS01,5610,,IT,Robert Half International,INV82006,PO3319,AUD,9375.32,INPUT,Payment for subscription,API Import
TXN000155,08/01/2026,08/01/2026,2026-01,AUS01,5300,,OPS,BCG,INV71700,PO1826,GBP,2377.61,GST,Payment for services,Manual Entry
TXN000156,2025-10-02,2025-09-25,2025-10,AUS01,5400,,TAS,Oracle,INV53559,PO9740,GBP,27772.56,INPUT,Payment for services,Manual Entry
TXN000157,19/06/2025,17/06/2025,2025-08,AUS01,5910,,FIN,LinkedIn Corp,INV71675,,AUD,20555.73,EXPORT,Payment for goods,Oracle
TXN000158,03/28/2026,03/22/2026,2026-08,AUS01,5400,,CORP,Oracle,INV69412,PO2070,NZD,35516.16,INPUT,Payment for consulting,SAP
TXN000159,12-03-2026,04-03-2026,2026-08,AUS01,5920,,ACT,Adobe,INV76577,,NZD,34580.57,GST-FREE,Payment for services,Workday
TXN000160,2025-08-18,2025-08-13,2025-08,AUS01,5520,,,LinkedIn Corp,INV91379,,GBP,26615.06,GST-FREE,Payment for goods,Manual Entry
TXN000161,2025-08-13,2025-08-07,2025-08,AUS01,5200,,IT,Telstra Corp,INV81372,PO3835,GBP,25567.78,INPUT,Payment for services,API Import
TXN000162,27-06-2025,25-06-2025,2025-08,AUS01,5600,,NSW,LinkedIn Corp,INV33091,PO7648,NZD,25023.44,EXPORT,Payment for services,API Import
TXN000163,04-03-2026,29-01-2026,2026-08,AUS01,5500,,MKT,MSFT,INV86122,PO1003,AUD,9870.77,GST-FREE,Payment for goods,Oracle
TXN000164,01/15/2026,01/08/2026,2026-01,AUS01,5610,,FIN,Optus Pty,INV49286,PO5989,USD,9334.21,INPUT,Payment for consulting,Workday
TXN000165,2026-01-03,2025-12-24,2026-01,AUS01,5510,,MKT,DHL Express,INV58394,PO1870,USD,38377.48,GST,Payment for services,API Import
TXN000166,03/27/2026,03/25/2026,2026-08,AUS01,5920,,SA,KPMG Australia,INV91948,PO7271,AUD,10662.33,EXPORT,Payment for consulting,Manual Entry
TXN000167,14/01/2026,11/01/2026,2026-01,AUS01,5500,,MKT,Slack,INV64687,,USD,25038.43,INPUT,Payment for goods,Oracle
TXN000168,2025-01-01,2024-12-31,2025-01,AUS01,5110,,WA,Hays,INV21097,,GBP,43876.38,GST-FREE,Payment for consulting,Manual Entry
TXN000169,26-03-2026,16-03-2026,2026-08,AUS01,5120,,QLD,LinkedIn Corp,INV60425,PO4044,GBP,24887.05,EXPORT,Payment for consulting,API Import
TXN000170,01-11-2025,28-10-2025,2025-11,AUS01,5710,,HR,Robert Half International,INV14385,PO8917,NZD,18546.62,INPUT,Payment for subscription,SAP
TXN000171,19-09-2025,17-09-2025,2025-09,AUS01,5110,,TAS,PWC,INV42142,PO2279,GBP,23311.03,GST,Payment for license,API Import
TXN000172,2025-08-10,2025-08-04,2025-08,AUS01,5520,,MKT,AWS,INV85230,PO7897,GBP,20486.16,EXPORT,Payment for subscription,Workday
TXN000173,10/01/2026,09/01/2026,2026-01,AUS01,5710,,HR,EY Australia,INV85778,,NZD,2857.66,EXPORT,Payment for services,Workday
TXN000174,2026-01-26,2026-01-21,2026-01,AUS01,5500,,FIN,Google,INV43036,,USD,22801.27,INPUT,Payment for subscription,Workday
TXN000175,03/28/2026,03/27/2026,2026-08,AUS01,5800,,FIN,Atlassian Pty,INV96396,PO3873,USD,40964.9,GST-FREE,Payment for subscription,Oracle
TXN000176,16/01/2026,08/01/2026,2026-01,AUS01,5920,,VIC,Microsoft,INV88059,PO3525,NZD,44284.82,GST-FREE,Payment for consulting,Manual Entry
TXN000177,25-01-2026,21-01-2026,2026-01,AUS01,5700,,HR,Optus Pty,INV17120,PO2900,USD,9567.47,INPUT,Payment for services,Oracle
TXN000178,15-01-2026,07-01-2026,2026-01,AUS01,5300,,CORP,Seek Limited,INV72205,,USD,17153.06,EXPORT,Payment for license,Manual Entry
TXN000179,01/01/2026,12/24/2025,2026-01,AUS01,5400,,VIC,McKinsey,INV66595,PO5466,AUD,4471.66,INPUT,Payment for subscription,Workday
TXN000180,2026-01-09,2026-01-04,2026-01,AUS01,5620,,TAS,DHL Express,INV98065,PO4193,GBP,34814.48,GST-FREE,Payment for license,Workday
TXN000181,22/04/2025,16/04/2025,2025-08,AUS01,5520,,MKT,AWS,INV63903,,AUD,37442.86,GST,Payment for services,Manual Entry
TXN000182,12/01/2026,08/01/2026,2026-01,AUS01,5220,,CORP,SAP,INV17455,PO4552,AUD,1164.15,GST,Payment for license,SAP
TXN000183,2026-08-23,2026-08-21,2026-08,AUS01,5920,,OPS,Slack,INV24528,PO5150,GBP,29572.12,GST-FREE,Payment for subscription,Manual Entry
TXN000184,2026-08-22,2026-08-14,2026-08,AUS01,5220,,IT,Telstra Corp,INV46344,PO7271,NZD,11654.41,GST,Payment for consulting,Workday
TXN000185,01-03-2026,12/28/2025,2026-01,AUS01,5120,,IT,Optus Pty,INV89993,PO9061,AUD,22178.31,GST-FREE,Payment for services,Oracle
TXN000186,18-03-2026,14-03-2026,2026-08,AUS01,5610,,HR,GCP,INV14569,,GBP,32221.47,GST,Payment for license,Workday
TXN000187,25-03-2026,24-03-2026,2026-08,AUS01,5500,,CORP,Zoom,INV44922,,AUD,41986.93,EXPORT,Payment for subscription,Manual Entry
TXN000188,2026-01-19,2026-01-10,2026-01,AUS01,5710,,HR,Hays,INV80795,,GBP,19678.99,GST,Payment for consulting,Manual Entry
TXN000189,01/04/2026,12/29/2025,2026-01,AUS01,5700,,HR,EY Australia,INV57887,PO6571,GBP,2578.24,GST,Payment for services,Manual Entry
TXN000190,01/25/2026,01/21/2026,2026-01,AUS01,5120,,MKT,Microsoft,INV61131,PO6886,GBP,29766.96,INPUT,Payment for consulting,SAP
TXN000191,21-06-2025,17-06-2025,2025-08,AUS01,5110,,SA,Microsoft,INV74124,PO9856,USD,1238.87,GST-FREE,Payment for subscription,Manual Entry
TXN000192,18-03-2026,17-03-2026,2026-08,AUS01,5010,,VIC,BCG,INV63150,,AUD,15263.57,GST,Payment for license,Manual Entry
TXN000193,22/01/2026,12/01/2026,2026-01,AUS01,5210,,IT,Salesforce,INV95699,,AUD,33122.14,EXPORT,Payment for license,SAP
TXN000194,08/01/2026,08/01/2026,2026-01,AUS01,5120,,R&D,MSFT,INV69793,PO2047,NZD,36951.19,GST,Payment for services,SAP
TXN000195,16-03-2026,14-03-2026,2026-08,AUS01,5900,,CORP,SAP,INV52498,,GBP,15246.71,EXPORT,Payment for license,API Import
TXN000196,03/05/2026,03/01/2026,2026-08,AUS01,5810,,R&D,Microsoft,INV45899,,USD,15164.12,GST,Payment for consulting,Oracle
TXN000197,01/23/2025,01/14/2025,2025-01,AUS01,5120,,VIC,Optus Pty,INV27481,,USD,41662.83,GST,Payment for license,Manual Entry
TXN000198,25/03/2025,24/03/2025,2025-08,AUS01,5500,,MKT,Google,INV95426,PO5648,AUD,424.36,GST,Payment for consulting,Manual Entry
TXN000199,23-03-2026,19-03-2026,2026-08,AUS01,5110,,NSW,PWC,INV90024,PO3949,GBP,18600.21,GST-FREE,Payment for consulting,API Import
TXN000200,10/03/2025,09/27/2025,2025-10,AUS01,5410,,OPS,AWS,INV91123,PO9842,USD,8716.44,GST,Payment for license,Oracle
TXN000201,15/01/2026,10/01/2026,2026-01,AUS01,5010,CC9198,HR,Atlassian Pty,INV75210,,USD,30867.44,EXPORT,Payment for services,SAP
TXN000202,08/21/2025,08/16/2025,2025-08,AUS01,5200,CC9445,IT,Deloitte Touche,INV15677,,NZD,27795.19,EXPORT,Payment for services,API Import
TXN000203,06-03-2026,05-03-2026,2026-08,AUS01,5500,CC9527,MKT,Atlassian Pty,INV87687,PO7865,AUD,40289.05,EXPORT,Payment for goods,Workday
TXN000204,2026-01-08,2026-01-02,2026-01,AUS01,5210,CC9100,CORP,Accenture Pty,INV38922,,GBP,39157.9,EXPORT,Payment for license,Manual Entry
TXN000205,02-03-2026,30-01-2026,2026-08,AUS01,5200,CC9950,IT,LinkedIn Corp,INV69996,PO6875,USD,17491.13,GST-FREE,Payment for subscription,Oracle
TXN000206,11/06/2025,10/06/2025,2025-08,AUS01,5710,CC9582,ACT,MSFT,INV70106,PO6629,NZD,6228.92,EXPORT,Payment for goods,Workday
TXN000207,20/01/2026,10/01/2026,2026-01,AUS01,5120,CC9591,QLD,ServiceNow Inc,INV38369,PO8581,AUD,18585.16,EXPORT,Payment for subscription,SAP
TXN000208,24-03-2026,20-03-2026,2026-08,AUS01,5210,CC9335,CORP,Telstra Corp,INV85196,PO7844,USD,40142.84,GST-FREE,Payment for services,SAP
TXN000209,2026-01-16,2026-01-09,2026-01,AUS01,5510,CC9403,MKT,Seek Limited,INV20890,PO1203,AUD,20414.62,GST-FREE,Payment for consulting,Oracle
TXN000210,01/05/2026,12/31/2025,2026-01,AUS01,5210,CC9663,FIN,Google,INV31207,PO1399,AUD,21642.25,INPUT,Payment for consulting,Manual Entry
TXN000211,25/05/2025,18/05/2025,2025-08,AUS01,5120,CC9808,IT,Regus Australia,INV92222,,GBP,31705.2,GST,Payment for subscription,API Import
TXN000212,01-03-2026,12/26/2025,2026-01,AUS01,5810,CC9276,OPS,Workday,INV17184,PO6963,AUD,27958.44,INPUT,Payment for services,SAP
TXN000213,11/13/2025,11/05/2025,2025-11,AUS01,5610,CC9041,NSW,Regus Australia,INV83499,PO4354,NZD,7969.51,GST,Payment for goods,Workday
TXN000214,2026-08-08,2026-01-31,2026-08,AUS01,5800,CC9961,WA,Workday,INV76003,PO5540,USD,14488.83,INPUT,Payment for services,SAP
TXN000215,09/12/2025,09/04/2025,2025-09,AUS01,5500,CC9513,MKT,Atlassian Pty,INV69241,PO2075,GBP,31971.16,INPUT,Payment for goods,Manual Entry
TXN000216,2026-08-03,2026-01-27,2026-08,AUS01,5120,CC9295,TAS,Salesforce,INV29392,PO4346,AUD,7498.0,GST,Payment for license,SAP
TXN000217,10-03-2026,01-03-2026,2026-08,AUS01,5110,CC9485,R&D,WeWork Australia,INV48209,,GBP,20029.32,GST,Payment for services,Oracle
TXN000218,05/27/2025,05/20/2025,2025-08,AUS01,5600,CC9351,FIN,McKinsey,INV70031,PO3161,GBP,26741.74,EXPORT,Payment for subscription,Oracle
TXN000219,04/26/2025,04/22/2025,2025-08,AUS01,5500,CC9380,MKT,KPMG Australia,INV69759,PO3634,AUD,6760.39,INPUT,Payment for license,Workday
TXN000220,08/12/2025,03/12/2025,2025-12,AUS01,5120,CC9243,WA,Atlassian Pty,INV67788,,AUD,44720.41,GST-FREE,Payment for goods,Oracle
TXN000221,2025-12-18,2025-12-12,2025-12,AUS01,5320,CC9151,CORP,Regus Australia,INV79945,PO1408,GBP,24340.01,GST-FREE,Payment for consulting,Manual Entry
TXN000222,25/12/2025,17/12/2025,2025-12,AUS01,5310,CC9159,CORP,AWS,INV72116,PO3409,NZD,29161.25,INPUT,Payment for license,Manual Entry
TXN000223,2026-08-11,2026-08-03,2026-08,AUS01,5010,CC9142,QLD,Atlassian Pty,INV68454,PO6347,NZD,1213.32,GST-FREE,Payment for services,API Import
TXN000224,21/01/2026,11/01/2026,2026-01,AUS01,5510,CC9227,MKT,PWC,INV98744,PO2431,USD,1112.43,EXPORT,Payment for license,Manual Entry
TXN000225,07-01-2026,01-01-2026,2026-01,AUS01,5610,CC9619,HR,Robert Half International,INV62108,,AUD,40889.27,INPUT,Payment for consulting,Workday
TXN000226,01/13/2026,01/12/2026,2026-01,AUS01,5300,CC9353,CORP,WeWork Australia,INV38271,PO8278,NZD,43990.81,GST,Payment for consulting,Manual Entry
TXN000227,10/01/2026,03/01/2026,2026-01,AUS01,5800,CC9917,OPS,AusPost,INV28827,,USD,37614.47,GST,Payment for consulting,API Import
TXN000228,2026-01-11,2026-01-01,2026-01,AUS01,5810,CC9384,ACT,Google,INV64331,,AUD,18484.78,INPUT,Payment for consulting,API Import
TXN000229,25/01/2026,21/01/2026,2026-01,AUS01,5120,CC9852,R&D,Federal Express,INV49582,PO5979,NZD,24968.63,GST,Payment for consulting,API Import
TXN000230,24-03-2026,20-03-2026,2026-08,AUS01,5000,CC9810,VIC,AWS,INV26276,PO5713,USD,11894.2,EXPORT,Payment for consulting,Oracle
TXN000231,16/01/2026,15/01/2026,2026-01,AUS01,5100,CC9783,CORP,PWC,INV88497,PO8872,GBP,44745.55,GST,Payment for license,Manual Entry
TXN000232,10/28/2025,10/20/2025,2025-10,AUS01,5710,CC9837,HR,Atlassian Pty,INV44018,,NZD,23112.41,GST,Payment for services,Oracle
TXN000233,11-03-2025,08-03-2025,2025-08,AUS01,5320,CC9167,CORP,MSFT,INV16385,,NZD,16316.24,INPUT,Payment for license,SAP
TXN000234,17-03-2026,14-03-2026,2026-08,AUS01,5810,CC9096,HR,Adobe,INV45580,PO6939,NZD,39272.7,INPUT,Payment for services,API Import
TXN000235,12/19/2025,12/16/2025,2025-12,AUS01,5000,CC9140,QLD,KPMG Australia,INV54605,PO3671,NZD,35068.47,EXPORT,Payment for services,Oracle
TXN000236,05-03-2026,01-03-2026,2026-08,AUS01,5900,CC9918,VIC,Atlassian Pty,INV25278,PO1284,GBP,20776.06,GST,Payment for consulting,Workday
TXN000237,01/10/2026,01/07/2026,2026-01,AUS01,5910,CC9452,SA,BCG,INV25544,,USD,31974.28,GST,Payment for goods,Oracle
TXN000238,10/01/2026,08/01/2026,2026-01,AUS01,5110,CC9080,IT,Telstra Corp,INV66524,,AUD,3590.31,EXPORT,Payment for services,SAP
TXN000239,2026-08-26,2026-08-18,2026-08,AUS01,5100,CC9930,R&D,Deloitte Touche,INV22648,PO4365,AUD,3074.51,GST,Payment for license,Oracle
TXN000240,04/06/2025,04/05/2025,2025-08,AUS01,5020,CC9149,NSW,PWC,INV76179,PO2623,NZD,15913.93,GST-FREE,Payment for license,SAP
TXN000241,17/01/2026,13/01/2026,2026-01,AUS01,5300,CC9175,HR,AWS,INV58033,PO4033,AUD,41598.02,EXPORT,Payment for consulting,SAP
TXN000242,10/06/2025,09/29/2025,2025-10,AUS01,5410,CC9219,QLD,Robert Half International,INV26202,PO9515,USD,18400.25,INPUT,Payment for goods,Manual Entry
TXN000243,05/25/2025,05/20/2025,2025-08,AUS01,5520,CC9739,MKT,Microsoft,INV60434,,AUD,14832.38,GST,Payment for license,Workday
TXN000244,22-01-2026,18-01-2026,2026-01,AUS01,5520,CC9417,MKT,KPMG Australia,INV72347,PO7020,GBP,8576.45,GST,Payment for goods,SAP
TXN000245,22-03-2026,20-03-2026,2026-08,AUS01,5400,CC9448,SA,Google,INV87405,PO3764,AUD,6537.2,EXPORT,Payment for services,Workday
TXN000246,01/07/2026,01/03/2026,2026-01,AUS01,5610,CC9864,TAS,DHL Express,INV75419,,AUD,10555.85,EXPORT,Payment for license,API Import
TXN000247,09-03-2026,03-03-2026,2026-08,AUS01,5500,CC9682,MKT,DHL Express,INV69589,,GBP,23062.51,GST-FREE,Payment for subscription,Manual Entry
TXN000248,16-03-2026,13-03-2026,2026-08,AUS01,5000,CC9101,SA,MSFT,INV33474,PO6356,AUD,22466.26,GST,Payment for goods,Workday
TXN000249,2025-08-20,2025-08-18,2025-08,AUS01,5700,CC9769,HR,Hays,INV74258,PO9887,GBP,9166.74,EXPORT,Payment for subscription,API Import
TXN000250,2026-08-18,2026-08-17,2026-08,AUS01,5410,CC9901,VIC,Atlassian Pty,INV68006,PO1538,GBP,20310.19,EXPORT,Payment for goods,API Import
TXN000251,01/22/2026,01/19/2026,2026-01,AUS01,5500,CC9441,MKT,Slack,INV24336,PO9037,NZD,32235.97,EXPORT,Payment for license,API Import
TXN000252,19-01-2026,11-01-2026,2026-01,AUS01,5520,CC9874,MKT,Adobe,INV87469,PO6779,AUD,17673.18,EXPORT,Payment for subscription,Workday
TXN000253,2025-08-02,2025-08-22,2025-08,AUS01,5010,CC9131,HR,Regus Australia,INV91940,PO2594,NZD,36448.95,GST,Payment for consulting,Workday
TXN000254,12-03-2026,06-03-2026,2026-08,AUS01,5010,CC9677,SA,Accenture Pty,INV87664,,USD,10634.53,INPUT,Payment for services,Workday
TXN000255,03/04/2026,03/01/2026,2026-08,AUS01,5000,CC9551,SA,McKinsey,INV84455,PO7900,AUD,20794.83,EXPORT,Payment for subscription,SAP
TXN000256,23-03-2026,13-03-2026,2026-08,AUS01,5000,CC9324,HR,Federal Express,INV74010,,GBP,14576.72,GST,Payment for goods,Workday
TXN000257,03/16/2026,03/13/2026,2026-08,AUS01,5610,CC9306,WA,Regus Australia,INV80232,,GBP,9158.96,GST,Payment for subscription,SAP
TXN000258,10-03-2026,06-03-2026,2026-08,AUS01,5610,CC9760,VIC,Google,INV18817,PO9700,AUD,26674.72,INPUT,Payment for consulting,Manual Entry
TXN000259,03/07/2026,03/05/2026,2026-08,AUS01,5620,CC9843,TAS,EY Australia,INV36224,PO5116,NZD,19537.68,INPUT,Payment for license,API Import
TXN000260,15/01/2026,14/01/2026,2026-01,AUS01,5620,CC9720,HR,Oracle,INV45118,PO9728,GBP,9661.58,EXPORT,Payment for license,Manual Entry
TXN000261,2026-01-19,2026-01-10,2026-01,AUS01,5200,CC9373,CORP,LinkedIn Corp,INV67067,PO2055,USD,10892.79,INPUT,Payment for goods,Manual Entry
TXN000262,01/09/2026,01/06/2026,2026-01,AUS01,5220,CC9703,CORP,Accenture Pty,INV35154,,GBP,10807.91,GST-FREE,Payment for subscription,Manual Entry
TXN000263,16-01-2026,09-01-2026,2026-01,AUS01,5620,CC9927,MKT,Microsoft,INV13819,,USD,7255.2,GST-FREE,Payment for subscription,API Import
TXN000264,2026-01-06,2025-12-29,2026-01,AUS01,5900,CC9020,QLD,MSFT,INV18333,PO7668,AUD,14194.32,INPUT,Payment for subscription,SAP
TXN000265,13-03-2026,09-03-2026,2026-08,AUS01,5100,CC9584,HR,Robert Half International,INV75070,PO4900,AUD,23535.89,INPUT,Payment for license,SAP
TXN000266,10/25/2025,10/19/2025,2025-10,AUS01,5910,CC9598,HR,Federal Express,INV28910,,USD,42103.95,GST-FREE,Payment for goods,Workday
TXN000267,15-04-2025,10-04-2025,2025-08,AUS01,5920,CC9603,QLD,MSFT,INV51482,PO8780,GBP,24052.8,GST,Payment for goods,Workday
TXN000268,26/01/2026,20/01/2026,2026-01,AUS01,5500,CC9732,MKT,Regus Australia,INV96798,PO1895,NZD,1046.23,GST,Payment for goods,Workday
TXN000269,18-12-2025,13-12-2025,2025-12,AUS01,5620,CC9981,IT,Regus Australia,INV67986,PO7438,AUD,24117.49,GST-FREE,Payment for subscription,Workday
TXN000270,03-03-2026,29/01/2026,2026-08,AUS01,5200,CC9880,CORP,Adobe,INV14440,,GBP,28447.74,EXPORT,Payment for services,Manual Entry
TXN000271,16-01-2026,10-01-2026,2026-01,AUS01,5710,CC9432,HR,GCP,INV56118,PO9973,USD,31461.85,GST,Payment for subscription,Manual Entry
TXN000272,2026-01-23,2026-01-22,2026-01,AUS01,5620,CC9656,FIN,Oracle,INV10403,PO6006,GBP,35616.77,GST-FREE,Payment for subscription,API Import
TXN000273,2025-08-03,2025-01-31,2025-08,AUS01,5210,CC9528,CORP,Slack,INV69177,PO3187,GBP,35689.64,INPUT,Payment for subscription,Oracle
TXN000274,03/22/2026,03/17/2026,2026-08,AUS01,5200,CC9086,CORP,AusPost,INV84762,,NZD,8266.83,EXPORT,Payment for services,API Import
TXN000275,21-03-2026,19-03-2026,2026-08,AUS01,5420,CC9203,IT,Deloitte Touche,INV88694,,USD,2335.26,EXPORT,Payment for services,Workday
TXN000276,2025-09-06,2025-09-05,2025-09,AUS01,5710,CC9538,HR,Telstra Corp,INV25533,,GBP,37243.86,EXPORT,Payment for goods,Oracle
TXN000277,12/28/2025,12/23/2025,2025-12,AUS01,5800,CC9506,OPS,Federal Express,INV88654,,USD,19465.76,GST-FREE,Payment for subscription,Oracle
TXN000278,14-03-2026,07-03-2026,2026-08,AUS01,5900,CC9149,HR,Amazon,INV90960,PO5068,NZD,43928.15,GST-FREE,Payment for subscription,API Import
TXN000279,22-06-2025,20-06-2025,2025-08,AUS01,5000,CC9480,IT,Slack,INV37815,PO7935,NZD,43850.52,EXPORT,Payment for license,Workday
TXN000280,2026-08-03,2026-01-25,2026-08,AUS01,5010,CC9053,HR,BCG,INV89478,PO1745,USD,21244.87,INPUT,Payment for services,Workday
TXN000281,17-03-2026,12-03-2026,2026-08,AUS01,5400,CC9687,VIC,Regus Australia,INV86085,,USD,43565.8,GST,Payment for goods,API Import
TXN000282,01/16/2026,01/08/2026,2026-01,AUS01,5110,CC9091,OPS,McKinsey,INV51060,,GBP,6466.63,GST,Payment for goods,Manual Entry
TXN000283,01/28/2026,01/22/2026,2026-01,AUS01,5410,CC9289,SA,Deloitte Touche,INV31624,PO9049,NZD,23312.07,EXPORT,Payment for goods,API Import
TXN000284,28-03-2026,27-03-2026,2026-08,AUS01,5200,CC9152,IT,MSFT,INV44108,,USD,8323.05,EXPORT,Payment for consulting,Manual Entry
TXN000285,04-07-2025,03-07-2025,2025-08,AUS01,5420,CC9365,IT,Hays,INV26207,PO4337,GBP,22235.19,GST-FREE,Payment for subscription,Oracle
TXN000286,27-03-2026,18-03-2026,2026-08,AUS01,5910,CC9279,SA,Workday,INV64580,PO5033,AUD,23718.09,GST-FREE,Payment for consulting,SAP
TXN000287,2026-08-11,2026-08-06,2026-08,AUS01,5700,CC9696,HR,Atlassian Pty,INV52406,,GBP,16872.77,GST,Payment for services,Manual Entry
TXN000288,27-11-2025,19-11-2025,2025-11,AUS01,5620,CC9978,OPS,PWC,INV96005,PO8423,AUD,14891.27,GST,Payment for subscription,API Import
TXN000289,05/01/2026,04/01/2026,2026-01,AUS01,5900,CC9659,HR,KPMG Australia,INV81716,PO7248,NZD,35936.8,GST,Payment for services,Manual Entry
TXN000290,09-03-2026,05-03-2026,2026-08,AUS01,5810,CC9886,HR,DHL Express,INV31356,PO7592,AUD,1020.99,GST-FREE,Payment for subscription,Oracle
TXN000291,01/04/2026,12/27/2025,2026-01,AUS01,5900,CC9442,MKT,EY Australia,INV58163,PO9021,USD,16221.09,GST,Payment for consulting,Manual Entry
TXN000292,01/16/2026,01/06/2026,2026-01,AUS01,5610,CC9433,CORP,Google,INV66899,PO2522,GBP,36513.65,GST-FREE,Payment for services,API Import
TXN000293,11-01-2026,07-01-2026,2026-01,AUS01,5620,CC9702,QLD,Zoom,INV48103,PO2297,GBP,23774.81,GST,Payment for consulting,Workday
TXN000294,05-03-2026,31/01/2026,2026-08,AUS01,5910,CC9254,NSW,Telstra Corp,INV15910,PO9366,NZD,25627.25,GST,Payment for consulting,Manual Entry
TXN000295,04-03-2026,25-01-2026,2026-08,AUS01,5910,CC9259,R&D,WeWork Australia,INV24933,PO8583,NZD,26392.0,GST,Payment for goods,Oracle
TXN000296,27-03-2025,26-03-2025,2025-08,AUS01,5020,CC9426,NSW,EY Australia,INV97852,PO5342,NZD,26465.66,EXPORT,Payment for subscription,Oracle
TXN000297,07-03-2026,05-03-2026,2026-08,AUS01,5300,CC4100,CORP,Deloitte Touche,INV10766,PO1217,AUD,19577.57,GST,Payment for goods,Manual Entry
TXN000298,15-01-2026,05-01-2026,2026-01,AUS01,5300,CC3200,OPS,EY Australia,INV49669,,NZD,31110.74,EXPORT,Payment for goods,SAP
TXN000299,2026-01-07,2026-01-06,2026-01,AUS01,5120,CC2000,NSW,Amazon,INV95162,,USD,21702.16,GST-FREE,Payment for license,Oracle
TXN000300,01/03/2026,12/26/2025,2026-01,AUS01,5710,CC1200,HR,Seek Limited,INV29978,PO8295,GBP,1079.58,GST-FREE,Payment for consulting,Manual Entry
TXN000301,01-07-2025,21-06-2025,2025-08,AUS01,5200,CC2000,IT,SAP,INV16674,PO2682,NZD,25667.43,EXPORT,Payment for consulting,Manual Entry
TXN000302,28-01-2026,18-01-2026,2026-01,AUS01,5300,CC4100,FIN,KPMG Australia,INV77286,PO8993,AUD,21988.59,EXPORT,Payment for goods,SAP
TXN000303,2026-01-17,2026-01-10,2026-01,AUS01,5300,CC4100,OPS,McKinsey,INV72041,,AUD,12126.41,EXPORT,Payment for license,Workday
TXN000304,15-03-2026,14-03-2026,2026-08,AUS01,5300,CC1200,FIN,KPMG Australia,INV40422,PO6556,USD,21168.9,EXPORT,Payment for license,Manual Entry
TXN000305,03/05/2025,03/26/2025,2025-08,AUS01,5100,CC3100,MKT,Regus Australia,INV91506,,GBP,36009.0,GST-FREE,Payment for services,Manual Entry
TXN000306,05/01/2026,01/01/2026,2026-01,AUS01,5020,CC1200,WA,Hays,INV49800,,AUD,35727.36,EXPORT,Payment for license,SAP
TXN000307,08/01/2025,08/26/2025,2025-08,AUS01,5200,CC3000,CORP,Adobe,INV18344,PO2867,USD,37274.9,GST,Payment for license,Oracle
TXN000308,04/09/2025,27/08/2025,2025-09,AUS01,5300,CC2100,OPS,BCG,INV29815,PO9444,NZD,34644.89,INPUT,Payment for license,SAP
TXN000309,2025-08-23,2025-08-15,2025-08,AUS01,5200,CC3200,CORP,Atlassian Pty,INV83724,,AUD,35196.19,GST,Payment for services,Oracle
TXN000310,2026-01-21,2026-01-17,2026-01,AUS01,5200,CC3000,IT,Adobe,INV23014,,NZD,31896.53,EXPORT,Payment for subscription,Workday
TXN000311,27/10/2025,25/10/2025,2025-10,AUS01,5600,CC2000,SA,Optus Pty,INV42154,PO8760,GBP,34637.95,GST,Payment for subscription,Workday
TXN000312,17-03-2025,15-03-2025,2025-08,AUS01,5100,CC2100,IT,Regus Australia,INV29871,PO9677,GBP,16292.89,GST-FREE,Payment for consulting,Oracle
TXN000313,05-03-2026,29-01-2026,2026-08,AUS01,5500,CC3100,MKT,LinkedIn Corp,INV29082,PO9476,NZD,42473.94,EXPORT,Payment for services,SAP
TXN000314,03/11/2026,03/04/2026,2026-08,AUS01,5600,CC1200,CORP,Telstra Corp,INV96530,PO3473,AUD,17757.66,GST,Payment for license,SAP
TXN000315,08/21/2025,08/14/2025,2025-08,AUS01,5300,CC3100,MKT,EY Australia,INV46671,PO3406,NZD,40924.47,GST,Payment for consulting,Manual Entry
TXN000316,21/01/2026,12/01/2026,2026-01,AUS01,5600,CC4100,SA,Optus Pty,INV35859,PO2380,NZD,39956.6,EXPORT,Payment for services,API Import
TXN000317,11-01-2026,08-01-2026,2026-01,AUS01,5300,CC4000,OPS,KPMG Australia,INV78332,PO3621,USD,4267.6,INPUT,Payment for services,SAP
TXN000318,11/26/2025,11/22/2025,2025-11,AUS01,5600,CC2100,R&D,Telstra Corp,INV44046,PO6807,AUD,32966.18,INPUT,Payment for services,SAP
TXN000319,2026-01-25,2026-01-17,2026-01,AUS01,5210,CC2100,CORP,AWS,INV86230,PO9737,GBP,15320.22,GST-FREE,Payment for license,Oracle
TXN000320,03/12/2025,03/07/2025,2025-08,AUS01,5200,CC4100,IT,Slack,INV23792,PO4154,GBP,23433.03,GST-FREE,Payment for subscription,Manual Entry
TXN000321,04-03-2026,28/01/2026,2026-08,AUS01,5200,CC3100,QLD,Google,INV72423,,AUD,2892.5,GST-FREE,Payment for services,Workday
TXN000322,22-12-2025,12-12-2025,2025-12,AUS01,5610,CC4000,IT,DHL Express,INV67682,PO9020,NZD,26335.24,EXPORT,Payment for consulting,Oracle
TXN000323,05/01/2026,28/12/2025,2026-01,AUS01,5200,CC3200,IT,Slack,INV72043,,AUD,31281.73,EXPORT,Payment for goods,API Import
TXN000324,2025-09-12,2025-09-02,2025-09,AUS01,5200,CC3100,CORP,Atlassian Pty,INV15279,PO2929,AUD,16694.41,INPUT,Payment for subscription,Workday
TXN000325,03/12/2026,03/07/2026,2026-08,AUS01,5120,CC3200,OPS,Amazon,INV16376,PO5999,USD,6482.08,EXPORT,Payment for subscription,Oracle
TXN000326,06-01-2026,05-01-2026,2026-01,AUS01,5100,CC1100,MKT,WeWork Australia,INV73068,PO8411,AUD,39182.15,EXPORT,Payment for subscription,Manual Entry
TXN000327,16/01/2026,13/01/2026,2026-01,AUS01,5500,CC4000,SA,LinkedIn Corp,INV52626,,GBP,30058.21,GST-FREE,Payment for license,API Import
TXN000328,14-03-2026,10-03-2026,2026-08,AUS01,5300,CC3100,OPS,BCG,INV46356,PO3713,AUD,43117.77,EXPORT,Payment for services,API Import
TXN000329,03/21/2026,03/12/2026,2026-08,AUS01,5200,CC1100,IT,Google,INV84743,PO8796,USD,42987.06,GST,Payment for license,SAP
TXN000330,04/01/2026,03/01/2026,2026-01,AUS01,5200,CC2100,CORP,Workday,INV21094,PO6249,USD,37353.11,EXPORT,Payment for consulting,API Import
TXN000331,02-01-2025,01-01-2025,2025-01,AUS01,5600,CC3000,R&D,Telstra Corp,INV60070,,USD,18730.65,INPUT,Payment for services,SAP
TXN000332,18-03-2026,13-03-2026,2026-08,AUS01,5200,CC1200,CORP,Oracle,INV50212,PO3772,NZD,34596.88,GST-FREE,Payment for services,API Import
TXN000333,11/01/2026,10/01/2026,2026-01,AUS01,5300,CC1000,OPS,EY Australia,INV64109,PO5225,GBP,4533.62,GST-FREE,Payment for consulting,SAP
TXN000334,03/08/2025,29/07/2025,2025-08,AUS01,5300,CC4100,OPS,Accenture Pty,INV25083,,GBP,22937.1,EXPORT,Payment for subscription,Manual Entry
TXN000335,18-03-2025,16-03-2025,2025-08,AUS01,5120,CC3200,CORP,Amazon,INV45279,PO2663,GBP,28546.0,GST,Payment for goods,API Import
TXN000336,21-03-2025,16-03-2025,2025-08,AUS01,5610,CC4100,ACT,AusPost,INV28660,PO3755,GBP,3867.49,GST-FREE,Payment for goods,API Import
TXN000337,14-01-2026,13-01-2026,2026-01,AUS01,5500,CC1000,MKT,LinkedIn Corp,INV10071,,NZD,29422.34,GST-FREE,Payment for consulting,Workday
TXN000338,03/20/2026,03/13/2026,2026-08,AUS01,5200,CC3000,CORP,Workday,INV49405,,NZD,2142.26,GST,Payment for services,Oracle
TXN000339,03/24/2026,03/17/2026,2026-08,AUS01,5020,CC2000,WA,Robert Half International,INV93252,,NZD,39788.53,INPUT,Payment for consulting,Workday
TXN000340,03/08/2026,02-03-2026,2026-08,AUS01,5500,CC2000,MKT,LinkedIn Corp,INV94730,PO8807,NZD,812.77,GST-FREE,Payment for services,SAP
TXN000341,22/01/2026,15/01/2026,2026-01,AUS01,5020,CC4000,SA,Hays,INV80601,,GBP,24262.1,GST,Payment for consulting,SAP
TXN000342,12-05-2025,02-05-2025,2025-08,AUS01,5610,CC3000,OPS,Federal Express,INV26353,PO4161,USD,37777.65,GST,Payment for consulting,SAP
TXN000343,2026-08-08,2026-08-03,2026-08,AUS01,5200,CC3000,IT,SAP,INV38986,,AUD,36751.01,INPUT,Payment for consulting,Workday
TXN000344,01-03-2026,12/25/2025,2026-01,AUS01,5200,CC4100,NSW,Workday,INV24541,PO9197,AUD,8904.3,EXPORT,Payment for consulting,Oracle
TXN000345,18/01/2025,08/01/2025,2025-01,AUS01,5200,CC4100,CORP,Oracle,INV26702,,AUD,26508.59,GST,Payment for license,Oracle
TXN000346,01/17/2026,01/13/2026,2026-01,AUS01,5300,CC1000,FIN,Deloitte Touche,INV94012,PO1849,GBP,187.78,EXPORT,Payment for subscription,Manual Entry
TXN000347,28-03-2026,23-03-2026,2026-08,AUS01,5500,CC1100,MKT,LinkedIn Corp,INV39431,,GBP,16330.09,GST,Payment for consulting,API Import
TXN000348,03/15/2026,03/14/2026,2026-08,AUS01,5200,CC3100,CORP,SAP,INV39573,PO7943,NZD,3773.22,GST,Payment for services,Oracle
TXN000349,08/01/2026,01/01/2026,2026-01,AUS01,5200,CC2100,CORP,Salesforce,INV13148,PO6477,AUD,1351.49,EXPORT,Payment for subscription,Oracle
TXN000350,04-01-2026,31-12-2025,2026-01,AUS01,5200,CC3000,CORP,MSFT,INV19556,PO8184,NZD,23433.41,GST-FREE,Payment for services,Manual Entry
TXN000351,2026-01-19,2026-01-17,2026-01,AUS01,5200,CC1000,IT,Microsoft,INV26716,,GBP,14166.25,GST,Payment for consulting,SAP
TXN000352,10-03-2026,08-03-2026,2026-08,AUS01,5200,CC1100,IT,MSFT,INV62649,,AUD,13341.76,EXPORT,Payment for consulting,Oracle
TXN000353,2025-08-28,2025-08-20,2025-08,AUS01,5500,CC3100,MKT,LinkedIn Corp,INV54514,PO1425,GBP,39609.22,GST,Payment for consulting,API Import
TXN000354,11-03-2026,09-03-2026,2026-08,AUS01,5210,CC1100,IT,AWS,INV85132,,AUD,26720.6,GST-FREE,Payment for license,Workday
TXN000355,12-01-2026,04-01-2026,2026-01,AUS01,5600,CC4100,HR,Optus Pty,INV17928,,USD,11017.55,GST,Payment for license,Manual Entry
TXN000356,03/17/2026,03/12/2026,2026-08,AUS01,5200,CC4100,HR,Zoom,INV48150,PO1132,USD,21181.62,INPUT,Payment for license,API Import
TXN000357,22-03-2026,21-03-2026,2026-08,AUS01,5020,CC2000,CORP,Robert Half International,INV36263,PO4297,AUD,19050.55,GST-FREE,Payment for services,Workday
TXN000358,07-01-2026,30-12-2025,2026-01,AUS01,5300,CC4100,CORP,BCG,INV53072,,NZD,27763.03,EXPORT,Payment for consulting,SAP
TXN000359,16-03-2026,15-03-2026,2026-08,AUS01,5200,CC2000,IT,ServiceNow Inc,INV73012,PO6431,GBP,28114.01,GST-FREE,Payment for consulting,Oracle
TXN000360,13-03-2026,12-03-2026,2026-08,AUS01,5210,CC3000,MKT,AWS,INV28664,,AUD,16169.11,GST,Payment for goods,API Import
TXN000361,01/25/2026,01/24/2026,2026-01,AUS01,5200,CC1000,IT,SAP,INV44340,PO6567,USD,12856.13,GST-FREE,Payment for license,Oracle
TXN000362,06-03-2026,05-03-2026,2026-08,AUS01,5300,CC1200,FIN,Deloitte Touche,INV59666,PO2818,AUD,1042.62,GST-FREE,Payment for subscription,Oracle
TXN000363,10-03-2026,06-03-2026,2026-08,AUS01,5100,CC3000,QLD,Regus Australia,INV18569,,USD,42358.16,EXPORT,Payment for goods,Oracle
TXN000364,07-03-2026,01-03-2026,2026-08,AUS01,5600,CC3000,MKT,Telstra Corp,INV80184,,USD,41453.51,GST-FREE,Payment for goods,Workday
TXN000365,2025-08-08,2025-08-03,2025-08,AUS01,5020,CC1200,VIC,Robert Half International,INV71691,PO2062,GBP,9494.77,GST,Payment for goods,API Import
TXN000366,03/13/2026,03/05/2026,2026-08,AUS01,5500,CC4000,MKT,LinkedIn Corp,INV78875,PO9106,USD,14549.86,INPUT,Payment for consulting,Workday
TXN000367,19-03-2026,09-03-2026,2026-08,AUS01,5200,CC1000,MKT,Workday,INV40721,PO6013,USD,40280.32,EXPORT,Payment for consulting,Manual Entry
TXN000368,19/01/2026,13/01/2026,2026-01,AUS01,5200,CC2100,WA,Google,INV68262,PO4771,USD,33847.86,INPUT,Payment for license,SAP
TXN000369,01/15/2026,01/08/2026,2026-01,AUS01,5500,CC3200,MKT,LinkedIn Corp,INV51552,,GBP,18461.98,EXPORT,Payment for services,Oracle
TXN000370,15/01/2026,10/01/2026,2026-01,AUS01,5100,CC1100,ACT,WeWork Australia,INV46231,PO2612,AUD,13323.85,GST,Payment for services,SAP
TXN000371,2026-08-12,2026-08-03,2026-08,AUS01,5300,CC2000,OPS,BCG,INV49677,PO5496,USD,30412.32,INPUT,Payment for goods,API Import
TXN000372,01/05/2026,01/04/2026,2026-01,AUS01,5300,CC2100,OPS,KPMG Australia,INV63183,PO1194,NZD,35262.46,EXPORT,Payment for consulting,API Import
TXN000373,25/05/2025,18/05/2025,2025-08,AUS01,5200,CC2000,IT,ServiceNow Inc,INV70476,PO2406,USD,21402.28,EXPORT,Payment for subscription,Oracle
TXN000374,14-01-2026,10-01-2026,2026-01,AUS01,5600,CC3200,WA,Optus Pty,INV50051,PO1158,AUD,16924.04,GST-FREE,Payment for consulting,Workday
TXN000375,11-03-2026,04-03-2026,2026-08,AUS01,5610,CC3100,R&D,DHL Express,INV84393,PO3279,NZD,14740.97,GST,Payment for goods,Workday
TXN000376,19-03-2026,12-03-2026,2026-08,AUS01,5610,CC2000,OPS,DHL Express,INV72230,,AUD,24098.63,GST-FREE,Payment for license,Manual Entry
TXN000377,08/21/2025,08/19/2025,2025-08,AUS01,5120,CC1100,OPS,Unlisted Company,INV13517,,USD,1539.46,EXPORT,Payment for services,Manual Entry
TXN000378,10/01/2026,08/01/2026,2026-01,AUS01,5300,CC4000,CORP,Unknown Vendor LLC,INV32521,PO7731,GBP,2679.65,GST,Payment for consulting,Oracle
TXN000379,04/01/2026,26/12/2025,2026-01,AUS01,5410,CC3200,ACT,Unknown Vendor LLC,INV27030,PO6075,GBP,42983.84,GST-FREE,Payment for consulting,Manual Entry
TXN000380,03/06/2026,01/27/2026,2026-08,AUS01,5200,CC4000,IT,New Vendor XYZ,INV68422,,NZD,9156.45,GST-FREE,Payment for consulting,API Import
TXN000381,26/01/2026,17/01/2026,2026-01,AUS01,5310,CC4100,FIN,New Vendor XYZ,INV21941,,GBP,20875.03,GST,Payment for consulting,Workday
TXN000382,03/23/2026,03/16/2026,2026-08,AUS01,5610,CC1200,FIN,New Vendor XYZ,INV70008,PO4005,USD,8163.06,EXPORT,Payment for license,SAP
TXN000383,2026-01-13,2026-01-09,2026-01,AUS01,5920,CC1200,CORP,Unregistered Supplier,INV38476,PO7738,NZD,30032.9,GST,Payment for license,SAP
TXN000384,2026-08-12,2026-08-10,2026-08,AUS01,5510,CC3000,WA,New Vendor XYZ,INV76330,,GBP,7501.28,GST-FREE,Payment for services,SAP
TXN000385,21-01-2026,14-01-2026,2026-01,AUS01,5310,CC3100,OPS,Mystery Corp,INV25031,PO3236,GBP,1796.08,INPUT,Payment for subscription,Manual Entry
TXN000386,16-11-2025,14-11-2025,2025-11,AUS01,5020,CC4000,WA,Mystery Corp,INV31150,,GBP,6397.48,INPUT,Payment for services,API Import
TXN000387,04-03-2026,30/01/2026,2026-08,AUS01,5100,CC4000,ACT,New Vendor XYZ,INV98785,,USD,3583.58,GST,Payment for consulting,Workday
TXN000388,06-03-2025,05-03-2025,2025-08,AUS01,5700,CC4000,HR,Mystery Corp,INV61199,PO8274,GBP,31383.73,GST,Payment for services,API Import
TXN000389,2025-11-01,2025-10-25,2025-11,AUS01,5810,CC2000,HR,Mystery Corp,INV21978,,NZD,40903.16,GST-FREE,Payment for services,SAP
TXN000390,11/01/2026,09/01/2026,2026-01,AUS01,5210,CC1100,CORP,Mystery Corp,INV52879,PO4105,USD,2076.16,GST,Payment for license,Oracle
TXN000391,18-01-2026,11-01-2026,2026-01,AUS01,5100,CC2000,R&D,Mystery Corp,INV11965,PO6181,AUD,16110.28,GST-FREE,Payment for services,Manual Entry
TXN000392,07-10-2025,03-10-2025,2025-10,AUS01,5020,CC2100,QLD,Unlisted Company,INV63883,PO9185,NZD,2072.86,GST-FREE,Payment for services,API Import
TXN000393,26/03/2025,21/03/2025,2025-08,AUS01,5100,CC4100,WA,Unregistered Supplier,INV53522,,GBP,30537.73,GST-FREE,Payment for subscription,Manual Entry
TXN000394,03/03/2026,02-03-2026,2026-08,AUS01,5610,CC4100,VIC,New Vendor XYZ,INV75984,PO1217,GBP,23045.07,GST-FREE,Payment for goods,SAP
TXN000395,2026-08-20,2026-08-15,2026-08,AUS01,5210,CC3100,CORP,Mystery Corp,INV75369,,AUD,2790.54,INPUT,Payment for goods,Manual Entry
TXN000396,2025-08-07,2025-08-03,2025-08,AUS01,5800,CC4100,CORP,New Vendor XYZ,INV94358,PO1648,NZD,6128.59,INPUT,Payment for license,Manual Entry
TXN000397,01/21/2026,01/20/2026,2026-01,AUS01,5210,CC3000,CORP,Unregistered Supplier,INV97163,PO4644,USD,9341.2,GST,Payment for license,Manual Entry
TXN000398,08/17/2025,08/14/2025,2025-08,AUS01,5420,CC1000,CORP,Unknown Vendor LLC,INV16829,PO3318,GBP,3242.32,GST-FREE,Payment for goods,Oracle
TXN000399,03/01/2026,24/12/2025,2026-01,AUS01,5520,CC2000,MKT,Mystery Corp,INV50824,,AUD,19238.17,EXPORT,Payment for goods,Oracle
TXN000400,14-03-2026,04-03-2026,2026-08,AUS01,5210,CC2100,IT,Unregistered Supplier,INV45633,PO8883,GBP,43550.89,GST-FREE,Payment for services,Workday
TXN000401,13-01-2026,10-01-2026,2026-01,AUS01,5500,CC3200,MKT,New Vendor XYZ,INV12596,PO8002,GBP,34238.57,EXPORT,Payment for services,Workday
TXN000402,20-03-2026,11-03-2026,2026-08,AUS01,5800,CC1200,SA,Unregistered Supplier,INV47122,PO8878,GBP,20917.94,EXPORT,Payment for services,Workday
TXN000403,05-03-2026,01-03-2026,2026-08,AUS01,5110,CC2000,MKT,Unknown Vendor LLC,INV74415,PO7812,AUD,38788.32,INPUT,Payment for consulting,Workday
TXN000404,13-03-2026,08-03-2026,2026-08,AUS01,5620,CC4100,IT,Unknown Vendor LLC,INV60439,PO3660,GBP,39836.48,GST,Payment for goods,Manual Entry
TXN000405,01/09/2026,12/31/2025,2026-01,AUS01,5710,CC3200,IT,Unregistered Supplier,INV42347,,AUD,29325.69,EXPORT,Payment for services,Workday
TXN000406,2025-11-21,2025-11-18,2025-11,AUS01,5220,CC4100,IT,New Vendor XYZ,INV11617,,USD,11517.53,GST-FREE,Payment for services,Manual Entry
TXN000407,2026-08-13,2026-08-04,2026-08,AUS01,5200,CC3100,CORP,Mystery Corp,INV75620,PO7271,GBP,11453.92,INPUT,Payment for license,Workday
TXN000408,24-03-2025,22-03-2025,2025-08,AUS01,5100,CC4100,OPS,Unregistered Supplier,INV62162,PO1105,USD,12179.06,GST-FREE,Payment for goods,Manual Entry
TXN000409,2026-01-01,2025-12-30,2026-01,AUS01,5810,CC3100,CORP,Unlisted Company,INV32365,,GBP,29488.0,EXPORT,Payment for goods,Oracle
TXN000410,07-01-2026,04-01-2026,2026-01,AUS01,5510,CC1100,MKT,New Vendor XYZ,INV33950,PO4143,USD,8435.15,GST,Payment for subscription,Manual Entry
TXN000411,2025-11-15,2025-11-12,2025-11,AUS01,5020,CC2100,NSW,Unknown Vendor LLC,INV54846,,GBP,5698.2,GST,Payment for goods,Manual Entry
TXN000412,2026-01-16,2026-01-15,2026-01,AUS01,5010,CC2100,ACT,Unknown Vendor LLC,INV59239,PO5355,AUD,4448.2,GST,Payment for consulting,Manual Entry
TXN000413,03/25/2026,03/15/2026,2026-08,AUS01,5410,CC3000,MKT,Unregistered Supplier,INV57344,PO7200,NZD,44975.09,GST-FREE,Payment for license,SAP
TXN000414,01/12/2026,01/10/2026,2026-01,AUS01,5000,CC3200,HR,New Vendor XYZ,INV79550,,USD,1253.05,GST,Payment for goods,Workday
TXN000415,15-03-2026,06-03-2026,2026-08,AUS01,5410,CC2000,CORP,Unknown Vendor LLC,INV15997,PO6333,NZD,846.7,INPUT,Payment for consulting,Oracle
TXN000416,20-03-2026,13-03-2026,2026-08,AUS01,5800,CC4100,TAS,Unknown Vendor LLC,INV96289,PO2645,NZD,19313.44,EXPORT,Payment for consulting,Workday
TXN000417,20/01/2026,17/01/2026,2026-01,AUS01,5920,CC4000,MKT,Unlisted Company,INV49498,PO9990,AUD,5840.97,GST,Payment for consulting,Oracle
TXN000418,2025-08-15,2025-08-07,2025-08,AUS01,5700,CC4000,HR,Mystery Corp,INV23824,PO1478,USD,9602.67,GST,Payment for goods,Workday
TXN000419,03/13/2026,03/09/2026,2026-08,AUS01,5800,CC2100,CORP,New Vendor XYZ,INV21854,PO6452,AUD,29979.89,EXPORT,Payment for goods,API Import
TXN000420,2026-08-25,2026-08-19,2026-08,AUS01,5400,CC3100,SA,Unlisted Company,INV43959,,GBP,36399.29,GST-FREE,Payment for services,SAP
TXN000421,03/03/2026,01/24/2026,2026-08,AUS01,5200,CC1100,IT,Unlisted Company,INV59832,PO1027,NZD,5821.04,INPUT,Payment for subscription,SAP
TXN000422,19/01/2026,12/01/2026,2026-01,AUS01,5410,CC3000,MKT,Unregistered Supplier,INV23970,PO9819,USD,23436.84,GST-FREE,Payment for consulting,Workday
TXN000423,03/05/2026,03/01/2026,2026-08,AUS01,5500,CC3200,MKT,Mystery Corp,INV88496,PO9230,NZD,6649.59,GST,Payment for services,Workday
TXN000424,28-03-2025,24-03-2025,2025-08,AUS01,5500,CC2100,MKT,New Vendor XYZ,INV30014,PO4450,AUD,44153.31,INPUT,Payment for goods,SAP
TXN000425,28/01/2026,20/01/2026,2026-01,AUS01,5800,CC3100,WA,Unregistered Supplier,INV54225,PO8756,USD,44598.74,EXPORT,Payment for subscription,Manual Entry
TXN000426,2026-01-13,2026-01-04,2026-01,AUS01,5800,CC2100,SA,Unregistered Supplier,INV22755,,USD,31579.78,EXPORT,Payment for license,SAP
TXN000427,01/28/2026,01/20/2026,2026-01,AUS01,5620,CC1200,OPS,Unlisted Company,INV48152,PO4436,USD,19940.58,EXPORT,Payment for goods,Oracle
TXN000428,2025-08-24,2025-08-18,2025-08,AUS01,5800,CC4100,SA,Unknown Vendor LLC,INV99056,PO1922,USD,17007.36,EXPORT,Payment for services,Workday
TXN000429,16/01/2026,15/01/2026,2026-01,AUS01,5100,CC4000,R&D,Unregistered Supplier,INV42112,,GBP,43640.74,EXPORT,Payment for goods,Manual Entry
TXN000430,03/16/2026,03/06/2026,2026-08,AUS01,5120,CC3100,WA,Unknown Vendor LLC,INV46073,PO8292,GBP,38933.82,EXPORT,Payment for subscription,SAP
TXN000431,2026-01-04,2026-01-02,2026-01,AUS01,5100,CC3200,SA,Unlisted Company,INV45877,PO2549,USD,1133.9,EXPORT,Payment for license,Oracle
TXN000432,13-03-2026,06-03-2026,2026-08,AUS01,5300,CC4100,TAS,Mystery Corp,INV63127,PO1323,AUD,14702.78,GST-FREE,Payment for consulting,API Import
TXN000433,27-03-2025,25-03-2025,2025-08,AUS01,5510,CC4100,MKT,Unlisted Company,INV96321,PO3960,AUD,33932.52,GST-FREE,Payment for license,Oracle
TXN000434,01-03-2026,26-01-2026,2026-08,AUS01,5100,CC1000,NSW,Mystery Corp,INV83727,,USD,29403.56,GST,Payment for services,SAP
TXN000435,03/04/2026,01/29/2026,2026-08,AUS01,5520,CC1200,MKT,New Vendor XYZ,INV78084,PO5807,AUD,11250.34,GST,Payment for license,Manual Entry
TXN000436,05-01-2026,30-12-2025,2026-01,AUS01,5510,CC3000,MKT,Unlisted Company,INV41077,,USD,30988.07,GST,Payment for goods,Workday
TXN000437,28-03-2026,25-03-2026,2026-08,AUS01,5610,CC4000,CORP,Mystery Corp,INV19746,PO5270,NZD,12555.07,EXPORT,Payment for consulting,Oracle
TXN000438,13-03-2026,11-03-2026,2026-08,AUS01,5220,CC3100,CORP,Mystery Corp,INV92984,PO4156,USD,3268.06,INPUT,Payment for subscription,API Import
TXN000439,22/01/2026,15/01/2026,2026-01,AUS01,5910,CC1200,VIC,Unregistered Supplier,INV20161,,GBP,17114.49,GST-FREE,Payment for license,SAP
TXN000440,22-07-2025,20-07-2025,2025-08,AUS01,5310,CC1100,FIN,Unregistered Supplier,INV39591,,NZD,35035.39,GST-FREE,Payment for services,Manual Entry
TXN000441,08-03-2026,06-03-2026,2026-08,AUS01,5900,CC1100,CORP,Oracle,INV22522,PO5620,NZD,-20617.53,EXPORT,Payment for license,Workday
TXN000442,2026-01-20,2026-01-19,2026-01,AUS01,5120,CC3000,QLD,Federal Express,INV72503,PO5244,USD,-32775.87,EXPORT,Payment for services,API Import
TXN000443,23/09/2025,20/09/2025,2025-09,AUS01,5110,CC3100,SA,PWC,INV42651,PO7852,AUD,-4169.76,INPUT,Payment for consulting,Oracle
TXN000444,03/15/2026,03/07/2026,2026-08,AUS01,5510,CC2100,MKT,PWC,INV50001,PO2424,GBP,-24022.33,GST-FREE,Payment for subscription,Manual Entry
TXN000445,03/25/2026,03/23/2026,2026-08,AUS01,5620,CC1100,R&D,Salesforce,INV85407,,USD,-2851.14,GST-FREE,Payment for subscription,API Import
TXN000446,2026-01-16,2026-01-09,2026-01,AUS01,5700,CC4000,NT,Slack,INV63145,,GBP,-25159.52,GST,Payment for goods,SAP
TXN000447,23-03-2026,14-03-2026,2026-08,AUS01,5800,CC3000,FIN,Accenture Pty,INV98410,PO9577,AUD,-19692.06,GST-FREE,Payment for goods,Oracle
TXN000448,03/03/2026,01/31/2026,2026-08,AUS01,5510,CC3000,MKT,MSFT,INV58927,PO6537,GBP,-25274.16,GST-FREE,Payment for goods,API Import
TXN000449,2026-08-31,2026-08-23,2026-08,AUS01,5300,CC3200,IT,KPMG Australia,INV38503,PO9446,NZD,-39368.01,EXPORT,Payment for services,Manual Entry
TXN000450,20-03-2026,19-03-2026,2026-08,AUS01,5320,CC1000,CORP,LinkedIn Corp,INV10675,PO4050,NZD,-35112.3,GST,Payment for consulting,Workday
TXN000451,2025-08-01,2025-08-25,2025-08,AUS01,5500,CC2000,MKT,Google,INV10905,,USD,-29505.12,EXPORT,Payment for subscription,Oracle
TXN000452,16-03-2026,10-03-2026,2026-08,AUS01,5300,CC3000,CORP,Telstra Corp,INV24246,PO8198,USD,-23232.27,INPUT,Payment for goods,Oracle
TXN000453,12-12-2025,11-12-2025,2025-12,AUS01,5320,CC2000,IT,Atlassian Pty,INV61713,PO6426,USD,-35783.5,GST-FREE,Payment for services,Oracle
TXN000454,22/10/2025,14/10/2025,2025-10,AUS01,5700,CC2100,HR,Atlassian Pty,INV99356,PO6322,GBP,-25595.52,EXPORT,Payment for consulting,API Import
TXN000455,24-01-2026,21-01-2026,2026-01,AUS01,5100,CC1100,OPS,Amazon,INV99710,,USD,-42238.45,GST,Payment for subscription,Manual Entry
TXN000456,2026-08-20,2026-08-13,2026-08,AUS01,5500,CC2100,MKT,KPMG Australia,INV42472,PO9376,GBP,-45877.52,EXPORT,Payment for goods,Oracle
TXN000457,2025-08-09,2025-08-04,2025-08,AUS01,5710,CC2000,HR,Telstra Corp,INV75841,PO4091,USD,-26352.75,GST,Payment for license,Oracle
TXN000458,2025-11-08,2025-11-05,2025-11,AUS01,5400,CC1000,CORP,PWC,INV12314,PO2489,USD,-3637.99,EXPORT,Payment for services,Manual Entry
TXN000459,01/14/2026,01/10/2026,2026-01,AUS01,5210,CC3000,CORP,Telstra Corp,INV94393,,GBP,-46938.65,EXPORT,Payment for services,Workday
TXN000460,08/12/2025,08/06/2025,2025-08,AUS01,5710,CC3100,HR,Accenture Pty,INV15359,,NZD,-5334.2,GST-FREE,Payment for subscription,Oracle
TXN000461,10-10-2025,05-10-2025,2025-10,AUS01,5610,CC1100,FIN,Telstra Corp,INV57655,PO2827,USD,-37412.07,EXPORT,Payment for services,SAP
TXN000462,22/01/2025,16/01/2025,2025-01,AUS01,5320,CC3000,CORP,Regus Australia,INV86588,PO2742,USD,-17552.61,GST-FREE,Payment for goods,API Import
TXN000463,2026-01-04,2025-12-25,2026-01,AUS01,5620,CC2000,WA,SAP,INV81641,PO5939,GBP,-3817.52,GST,Payment for consulting,Oracle
TXN000464,18-03-2026,17-03-2026,2026-08,AUS01,5110,CC2000,SA,AusPost,INV57973,PO2923,NZD,-5509.83,INPUT,Payment for consulting,SAP
TXN000465,16-04-2025,07-04-2025,2025-08,AUS01,5510,CC1000,MKT,Adobe,INV47965,,NZD,-15234.36,GST-FREE,Payment for license,SAP
TXN000466,26/01/2026,19/01/2026,2026-01,AUS01,5500,CC4000,MKT,Robert Half International,INV83727,PO7567,AUD,-41740.64,EXPORT,Payment for license,Workday
TXN000467,07-03-2026,06-03-2026,2026-08,AUS01,5120,CC4100,VIC,Workday,INV76036,PO9602,AUD,-6130.16,EXPORT,Payment for subscription,Workday
TXN000468,28-03-2026,23-03-2026,2026-08,AUS01,5710,CC2100,HR,Atlassian Pty,INV48252,,USD,-38825.92,GST-FREE,Payment for goods,Workday
TXN000469,03/05/2026,03/04/2026,2026-08,AUS01,5620,CC2000,MKT,Workday,INV92927,PO7047,AUD,-49930.14,INPUT,Payment for subscription,SAP
TXN000470,01/23/2026,01/20/2026,2026-01,AUS01,5410,CC4100,SA,KPMG Australia,INV56593,,NZD,-835.46,GST,Payment for subscription,Oracle
TXN000471,2026-01-09,2025-12-31,2026-01,AUS01,5700,CC4100,HR,GCP,INV92081,PO4377,GBP,-2811.75,INPUT,Payment for consulting,Oracle
TXN000472,03/11/2026,03/07/2026,2026-08,AUS01,5600,CC3100,SA,Zoom,INV58318,,GBP,-38437.02,EXPORT,Payment for consulting,SAP
TXN000473,16/01/2026,08/01/2026,2026-01,AUS01,5120,CC1200,CORP,SAP,INV94877,,GBP,-2926.58,GST-FREE,Payment for subscription,Oracle
TXN000474,06-10-2025,26-09-2025,2025-10,AUS01,5200,CC1100,IT,Zoom,INV94557,PO2642,AUD,-28722.89,EXPORT,Payment for license,Oracle
TXN000475,2026-08-24,2026-08-14,2026-08,AUS01,5100,CC3100,SA,Federal Express,INV94473,PO3165,AUD,-44509.23,GST,Payment for goods,SAP
TXN000476,09/01/2026,30/12/2025,2026-01,AUS01,5000,CC1000,HR,GCP,INV36518,,NZD,-7449.26,GST,Payment for license,Manual Entry
TXN000477,27/09/2025,22/09/2025,2025-09,AUS01,5310,CC3200,CORP,Zoom,INV92245,PO1347,USD,-47211.81,INPUT,Payment for services,SAP
TXN000478,01/18/2025,01/16/2025,2025-01,AUS01,5510,CC3100,MKT,Zoom,INV39710,PO3414,AUD,-4482.87,GST,Payment for subscription,Workday
TXN000479,08-03-2026,06-03-2026,2026-08,AUS01,5500,CC1200,MKT,Atlassian Pty,INV56833,,USD,-44923.36,INPUT,Payment for subscription,SAP
TXN000480,2026-01-12,2026-01-11,2026-01,AUS01,5610,CC1200,SA,Oracle,INV99054,PO5940,GBP,-23529.02,GST-FREE,Payment for license,Workday
TXN000481,2026-01-12,2026-01-07,2026-01,AUS01,5500,CC3000,MKT,Deloitte Touche,INV95964,,AUD,-10636.08,GST-FREE,Payment for goods,Manual Entry
TXN000482,15-01-2026,13-01-2026,2026-01,AUS01,5100,CC4100,NT,Telstra Corp,INV26716,,NZD,-42781.08,INPUT,Payment for consulting,Workday
TXN000483,11-01-2026,04-01-2026,2026-01,AUS01,5500,CC3100,MKT,BCG,INV60224,PO9144,USD,-9973.17,GST-FREE,Payment for license,API Import
TXN000484,16/09/2025,09/09/2025,2025-09,AUS01,5020,CC4100,HR,AusPost,INV57409,,USD,-14915.64,GST-FREE,Payment for services,Workday
TXN000485,18-03-2026,15-03-2026,2026-08,AUS01,5100,CC1000,SA,WeWork Australia,INV48626,PO7898,NZD,-7647.3,GST-FREE,Payment for goods,Oracle
TXN000486,27-03-2026,26-03-2026,2026-08,AUS01,5800,CC1200,CORP,Atlassian Pty,INV65667,PO2736,USD,-31164.71,GST,Payment for license,SAP
TXN000487,16-03-2026,15-03-2026,2026-08,AUS01,5110,CC3000,MKT,Zoom,INV84603,PO7823,AUD,-37772.21,GST,Payment for goods,Oracle
TXN000488,16/01/2026,08/01/2026,2026-01,AUS01,5710,CC2100,HR,Seek Limited,INV94521,PO5698,GBP,-13944.38,EXPORT,Payment for services,Oracle
TXN000489,2025-08-02,2025-08-23,2025-08,AUS01,5810,CC1200,IT,Robert Half International,INV99116,PO8443,USD,-49457.71,EXPORT,Payment for license,Workday
TXN000490,03/19/2026,03/15/2026,2026-08,AUS01,5410,CC1200,VIC,PWC,INV37769,PO1917,AUD,-23977.1,GST-FREE,Payment for goods,Manual Entry
TXN000491,2026-01-06,2025-12-29,2026-01,AUS01,5500,CC3000,MKT,DHL Express,INV94757,PO5422,GBP,-41775.26,INPUT,Payment for services,SAP
TXN000492,03/03/2026,01/24/2026,2026-08,AUS01,5810,CC3000,MKT,Amazon,INV18561,,USD,-35917.87,GST,Payment for services,Workday
TXN000493,08/01/2026,08/01/2026,2026-01,AUS01,5210,CC2100,CORP,Google,INV15987,,AUD,-21869.41,EXPORT,Payment for services,Workday
TXN000494,03/01/2026,01/27/2026,2026-08,AUS01,5400,CC4000,VIC,SAP,INV26976,PO2595,NZD,-12483.07,INPUT,Payment for subscription,Manual Entry
TXN000495,2026-01-24,2026-01-15,2026-01,AUS01,5900,CC1200,HR,Amazon,INV48026,,GBP,-26200.04,GST,Payment for consulting,SAP
TXN000496,2026-01-21,2026-01-17,2026-01,AUS01,5200,CC1200,IT,Adobe,INV54436,,NZD,-27670.74,GST-FREE,Payment for license,Manual Entry
TXN000497,02-03-2026,29-01-2026,2026-08,AUS01,5200,CC4100,CORP,Salesforce,INV22767,PO3336,USD,-21711.65,EXPORT,Payment for subscription,API Import
TXN000498,2026-08-31,2026-08-20,2026-08,AUS01,5100,CC3200,OPS,McKinsey,INV18934,,USD,-3390.61,GST-FREE,Payment for subscription,Workday
TXN000499,2025-08-03,2025-08-31,2025-08,AUS01,5710,CC3200,HR,Deloitte Touche,INV95235,PO3031,GBP,-1173.66,EXPORT,Payment for license,Manual Entry
TXN000500,01-03-2026,12/28/2025,2026-01,AUS01,5400,CC3100,HR,Slack,INV58979,,GBP,-31700.06,INPUT,Payment for consulting,API Import
TXN000501,05/15/2025,05/14/2025,2025-08,AUS01,5610,CC1000,SA,Accenture Pty,INV48097,PO7541,AUD,-42287.34,GST,Payment for services,Oracle
TXN000502,13-03-2026,11-03-2026,2026-08,AUS01,5320,CC3200,OPS,LinkedIn Corp,INV24201,PO7503,GBP,-44554.96,GST-FREE,Payment for consulting,Oracle
TXN000503,03/13/2026,03/11/2026,2026-08,AUS01,5310,CC3000,FIN,Hays,INV24984,,USD,-14955.69,EXPORT,Payment for services,API Import
TXN000504,05-07-2025,02-07-2025,2025-08,AUS01,5620,CC2000,CORP,McKinsey,INV18178,PO6922,AUD,-708.24,EXPORT,Payment for consulting,Manual Entry
TXN000505,2026-01-07,2026-01-03,2026-01,AUS01,5920,CC1000,TAS,Telstra Corp,INV20956,,NZD,-37421.64,GST-FREE,Payment for subscription,Manual Entry
TXN000506,11/03/2025,10/26/2025,2025-11,AUS01,5920,CC3100,VIC,Workday,INV22116,PO8021,NZD,-40814.49,GST,Payment for subscription,Workday
TXN000507,06-03-2026,31/01/2026,2026-08,AUS01,5410,CC3200,TAS,Seek Limited,INV56490,PO7375,USD,-1817.07,EXPORT,Payment for services,API Import
TXN000508,26-03-2026,24-03-2026,2026-08,AUS01,5800,CC4100,CORP,Zoom,INV11859,,NZD,-16863.26,INPUT,Payment for consulting,Oracle
TXN000509,11/16/2025,11/14/2025,2025-11,AUS01,5900,CC3100,ACT,Deloitte Touche,INV93138,PO2596,AUD,-686.89,GST-FREE,Payment for services,Oracle
TXN000510,24/01/2025,17/01/2025,2025-01,AUS01,5710,CC4000,HR,Adobe,INV35055,PO1235,GBP,-39214.75,GST-FREE,Payment for subscription,Workday
TXN000511,01/01/2026,12/27/2025,2026-01,AUS01,5510,CC1100,MKT,Hays,INV56165,PO7977,GBP,-29338.72,INPUT,Payment for license,Workday
TXN000512,04/09/2025,27/08/2025,2025-09,AUS01,5410,CC3000,TAS,Oracle,INV47359,PO8167,USD,-22916.13,EXPORT,Payment for subscription,API Import
TXN000513,2026-01-28,2026-01-26,2026-01,AUS01,5900,CC1100,VIC,Google,INV23588,PO9924,AUD,-19248.61,EXPORT,Payment for services,Manual Entry
TXN000514,2025-08-17,2025-08-12,2025-08,AUS01,5920,CC3100,ACT,Workday,INV25007,,USD,-11233.68,EXPORT,Payment for consulting,SAP
TXN000515,12-01-2026,05-01-2026,2026-01,AUS01,5910,CC3100,R&D,AWS,INV45076,PO5333,NZD,-10968.42,INPUT,Payment for subscription,Manual Entry
TXN000516,22/09/2025,21/09/2025,2025-09,AUS01,5410,CC1000,HR,AWS,INV78021,PO6201,AUD,-42346.57,INPUT,Payment for subscription,Oracle
TXN000517,19-01-2026,15-01-2026,2026-01,AUS01,5520,CC3100,MKT,SAP,INV26891,PO7396,GBP,-8655.36,EXPORT,Payment for goods,Manual Entry
TXN000518,11/05/2025,04/05/2025,2025-08,AUS01,5210,CC1100,IT,Slack,INV92223,PO3605,AUD,-18491.09,EXPORT,Payment for subscription,Oracle
TXN000519,2026-01-03,2026-01-02,2026-01,AUS01,5410,CC1000,TAS,Zoom,INV84946,PO3138,AUD,-19156.83,GST,Payment for consulting,Workday
TXN000520,08/01/2026,03/01/2026,2026-01,AUS01,5300,CC2000,FIN,Accenture Pty,INV46040,,GBP,-11557.46,GST,Payment for goods,SAP
TXN000521,2026-08-21,2026-08-19,2026-08,AUS01,5420,CC4100,OPS,Atlassian Pty,INV33675,,AUD,-42922.41,INPUT,Payment for consulting,Workday
TXN000522,27/10/2025,20/10/2025,2025-10,AUS01,5100,CC3200,QLD,Amazon,INV37563,PO7148,GBP,-46328.56,GST,Payment for subscription,Manual Entry
TXN000523,26/01/2026,23/01/2026,2026-01,AUS01,5300,CC1000,CORP,Oracle,INV55453,PO9953,AUD,-44151.36,INPUT,Payment for services,Oracle
TXN000524,03/17/2025,03/15/2025,2025-08,AUS01,5200,CC4100,CORP,Amazon,INV38351,PO2880,AUD,-24152.05,GST-FREE,Payment for goods,SAP
TXN000525,11-03-2026,07-03-2026,2026-08,AUS01,5020,CC1200,WA,PWC,INV55685,PO5822,NZD,-25969.41,GST,Payment for consulting,Manual Entry
TXN000526,14-08-2025,10-08-2025,2025-08,AUS01,5220,CC1200,NT,SAP,INV86499,PO6105,NZD,-2002.62,GST,Payment for goods,Oracle
TXN000527,24-10-2025,17-10-2025,2025-10,AUS01,5420,CC3100,FIN,PWC,INV66270,,NZD,-18916.74,EXPORT,Payment for subscription,Workday
TXN000528,2026-01-21,2026-01-13,2026-01,AUS01,5120,CC1000,MKT,Robert Half International,INV89152,PO9691,NZD,-20715.22,INPUT,Payment for subscription,Manual Entry
TXN000529,2025-08-01,2025-08-28,2025-08,AUS01,5900,CC3000,IT,Telstra Corp,INV38204,PO7094,USD,-32148.55,GST,Payment for goods,Workday
TXN000530,2025-08-04,2025-08-29,2025-08,AUS01,5710,CC1000,QLD,BCG,INV40493,PO7317,USD,-26777.71,INPUT,Payment for subscription,API Import
TXN000531,07-03-2026,05-03-2026,2026-08,AUS01,5520,CC2100,MKT,Salesforce,INV51652,PO4246,GBP,-15961.62,EXPORT,Payment for goods,SAP
TXN000532,26-06-2025,18-06-2025,2025-08,AUS01,5010,CC2100,NSW,AusPost,INV88830,PO7272,AUD,-43807.78,GST-FREE,Payment for goods,API Import
TXN000533,03/01/2026,01/31/2026,2026-08,AUS01,5620,CC4100,VIC,AWS,INV14850,PO9642,GBP,-35810.15,EXPORT,Payment for services,Workday
TXN000534,2026-08-21,2026-08-19,2026-08,AUS01,5500,CC1100,MKT,AusPost,INV62473,,NZD,-36293.79,INPUT,Payment for subscription,Manual Entry
TXN000535,2026-08-20,2026-08-13,2026-08,AUS01,5300,CC3200,OPS,Hays,INV13838,,AUD,-7930.53,GST,Payment for services,Oracle
TXN000536,08/04/2025,08/27/2025,2025-08,AUS01,5210,CC1200,CORP,Google,INV80458,PO1860,USD,-13867.02,INPUT,Payment for subscription,SAP
TXN000537,2026-08-04,2026-01-30,2026-08,AUS01,5020,CC2100,WA,BCG,INV32326,PO8548,GBP,12219.05,,Payment for services,Oracle
TXN000538,11/01/2025,01/01/2025,2025-01,AUS01,5920,CC3100,WA,Optus Pty,INV41525,PO9029,AUD,23527.19,,Payment for subscription,Workday
TXN000539,25-03-2026,21-03-2026,2026-08,AUS01,5020,CC2100,VIC,KPMG Australia,INV41768,PO4373,AUD,15950.14,,Payment for services,SAP
TXN000540,2026-01-16,2026-01-12,2026-01,AUS01,5000,CC2000,SA,LinkedIn Corp,INV23701,PO9644,GBP,8537.49,,Payment for license,Workday
TXN000541,01/25/2026,01/17/2026,2026-01,AUS01,5620,CC1200,QLD,Robert Half International,INV38676,PO7317,AUD,41144.22,,Payment for consulting,API Import
TXN000542,17-03-2026,10-03-2026,2026-08,AUS01,5200,CC1100,CORP,PWC,INV50258,PO2672,GBP,7472.41,,Payment for goods,Manual Entry
TXN000543,2025-08-04,2025-08-31,2025-08,AUS01,5000,CC3200,WA,Oracle,INV96754,PO6766,NZD,1383.52,,Payment for subscription,SAP
TXN000544,2026-08-18,2026-08-12,2026-08,AUS01,5410,CC2000,OPS,Zoom,INV76574,PO8230,GBP,22648.35,,Payment for subscription,Workday
TXN000545,2026-01-04,2025-12-28,2026-01,AUS01,5800,CC3100,R&D,SAP,INV33153,PO9676,NZD,8606.29,,Payment for license,Manual Entry
TXN000546,17-03-2026,15-03-2026,2026-08,AUS01,5700,CC1000,,Accenture Pty,INV16964,PO5361,AUD,9959.13,,Payment for goods,SAP
TXN000547,2026-01-18,2026-01-13,2026-01,AUS01,5210,CC4100,CORP,DHL Express,INV38821,PO5395,GBP,17740.56,,Payment for consulting,Oracle
TXN000548,08/01/2026,31/12/2025,2026-01,AUS01,5620,CC2100,CORP,KPMG Australia,INV75960,PO8811,AUD,4331.49,,Payment for subscription,Oracle
TXN000549,03/06/2026,03/04/2026,2026-08,AUS01,5120,CC1200,TAS,BCG,INV11669,PO8011,GBP,6468.33,,Payment for subscription,SAP
TXN000550,01/06/2026,01/04/2026,2026-01,AUS01,5120,CC1000,OPS,WeWork Australia,INV74003,PO8742,GBP,26283.83,,Payment for services,SAP
TXN000551,2026-01-27,2026-01-17,2026-01,AUS01,5700,CC2100,HR,ServiceNow Inc,INV22308,,USD,33999.16,,Payment for subscription,Manual Entry
TXN000552,01/16/2026,01/07/2026,2026-01,AUS01,5220,CC3200,CORP,Deloitte Touche,INV56219,PO6467,NZD,20697.91,,Payment for license,API Import
TXN000553,2026-08-16,2026-08-11,2026-08,AUS01,5700,CC4000,HR,Amazon,INV38869,PO3320,USD,44040.82,,Payment for subscription,Manual Entry
TXN000554,01-03-2026,22/01/2026,2026-08,AUS01,5800,CC3100,WA,Regus Australia,INV35407,PO7189,USD,33521.99,,Payment for services,Workday
TXN000555,21-01-2026,12-01-2026,2026-01,AUS01,5120,CC2100,WA,WeWork Australia,INV64695,PO5526,NZD,17657.08,,Payment for subscription,Oracle
TXN000556,06-03-2025,05/23/2025,2025-08,AUS01,5100,CC3100,ACT,LinkedIn Corp,INV11092,PO3410,NZD,13049.54,,Payment for consulting,Oracle
TXN000557,03/17/2026,03/07/2026,2026-08,AUS01,5520,CC1200,QLD,EY Australia,INV48630,,GBP,13042.87,,Payment for services,Oracle
TXN000558,2026-08-10,2026-08-09,2026-08,AUS01,5500,CC2100,MKT,AWS,INV10084,,GBP,15916.27,,Payment for goods,Workday
TXN000559,10/10/2025,08/10/2025,2025-10,AUS01,5710,CC2100,HR,Zoom,INV20579,,USD,19499.08,,Payment for services,Manual Entry
TXN000560,12/01/2026,05/01/2026,2026-01,AUS01,5410,CC3100,ACT,GCP,INV88255,PO8140,NZD,41416.72,,Payment for subscription,API Import
TXN000561,05/01/2026,31/12/2025,2026-01,AUS01,5110,CC3100,OPS,SAP,INV48972,PO8555,NZD,13794.32,,Payment for license,Oracle
TXN000562,13-12-2025,11-12-2025,2025-12,AUS01,5110,CC4000,QLD,Optus Pty,INV99805,PO8673,NZD,22721.3,,Payment for subscription,Manual Entry
TXN000563,15-11-2025,08-11-2025,2025-11,AUS01,5420,CC1000,NSW,Amazon,INV28426,PO5954,GBP,4070.46,,Payment for goods,API Import
TXN000564,01/17/2026,01/14/2026,2026-01,AUS01,5610,CC4000,WA,KPMG Australia,INV61466,,AUD,34014.55,,Payment for services,Manual Entry
TXN000565,26-01-2026,25-01-2026,2026-01,AUS01,5020,CC1000,QLD,PWC,INV22766,PO8888,AUD,15073.41,,Payment for subscription,SAP
TXN000566,2025-08-04,2025-01-31,2025-08,AUS01,5510,CC1200,MKT,Hays,INV98562,PO3535,USD,10137.11,,Payment for subscription,Workday
TXN000567,2026-01-24,2026-01-16,2026-01,AUS01,5610,CC2000,CORP,Atlassian Pty,INV89140,PO9516,AUD,101.6,,Payment for services,Oracle
TXN000568,2026-08-07,2026-01-30,2026-08,AUS01,5000,CC4000,IT,Optus Pty,INV25966,,GBP,2598.83,,Payment for consulting,Oracle
TXN000569,27/06/2025,18/06/2025,2025-08,AUS01,5220,CC4100,IT,Optus Pty,INV93387,,AUD,19512.68,,Payment for goods,Oracle
TXN000570,08/11/2025,29/10/2025,2025-11,AUS01,5500,CC2100,MKT,KPMG Australia,INV74613,PO5508,AUD,43163.2,,Payment for consulting,Manual Entry
TXN000571,2025-10-23,2025-10-15,2025-10,AUS01,5410,CC3100,HR,Zoom,INV25745,PO1180,AUD,12825.66,,Payment for license,Workday
TXN000572,02-01-2026,01-01-2026,2026-01,AUS01,5320,CC1200,CORP,LinkedIn Corp,INV30750,PO9244,GBP,12532.99,,Payment for goods,Workday
TXN000573,23-01-2026,14-01-2026,2026-01,AUS01,5020,CC1200,QLD,Zoom,INV83812,PO3294,NZD,29551.41,,Payment for subscription,Workday
TXN000574,2025-09-13,2025-09-05,2025-09,AUS01,5400,CC3200,MKT,Oracle,INV52477,PO6703,NZD,5911.05,,Payment for license,API Import
TXN000575,27-01-2026,25-01-2026,2026-01,AUS01,5010,CC1000,NSW,Adobe,INV23922,PO8805,USD,4434.67,,Payment for subscription,Oracle
TXN000576,25-03-2026,23-03-2026,2026-08,AUS01,5120,CC3100,R&D,AusPost,INV42831,,AUD,2880.51,,Payment for services,Manual Entry
TXN000577,11/25/2025,11/15/2025,2025-11,AUS01,5620,CC1000,IT,Oracle,INV68918,PO4272,NZD,4933.98,,Payment for goods,Workday
TXN000578,16-03-2026,11-03-2026,2026-08,AUS01,5210,CC2000,CORP,Adobe,INV35204,,GBP,36641.31,,Payment for services,SAP
TXN000579,2026-01-07,2026-01-04,2026-01,AUS01,5000,CC3000,WA,AusPost,INV99438,PO9653,AUD,15397.94,,Payment for consulting,Oracle
TXN000580,27-03-2026,17-03-2026,2026-08,AUS01,5910,CC3200,NSW,Robert Half International,INV83229,PO2100,NZD,16106.19,,Payment for consulting,Manual Entry
TXN000581,21-01-2026,19-01-2026,2026-01,AUS01,5600,CC1100,WA,Slack,INV75367,,NZD,4630.99,,Payment for license,API Import
TXN000582,2026-08-11,2026-08-07,2026-08,AUS01,5910,CC2100,SA,Deloitte Touche,INV18906,PO3586,GBP,31676.97,,Payment for subscription,SAP
TXN000583,18/01/2026,09/01/2026,2026-01,AUS01,5610,CC4000,MKT,EY Australia,INV81557,PO2816,GBP,27877.16,,Payment for license,Manual Entry
TXN000584,2026-08-09,2026-08-08,2026-08,AUS01,5310,CC3100,ACT,Deloitte Touche,INV17784,,USD,15120.9,,Payment for license,Workday
TXN000585,2026-01-25,2026-01-21,2026-01,AUS01,5500,CC1100,MKT,Microsoft,INV64557,PO2320,NZD,44149.42,,Payment for license,Manual Entry
TXN000586,01/05/2026,01/04/2026,2026-01,AUS01,5100,CC1000,MKT,Hays,INV66559,PO4731,USD,29300.13,,Payment for services,SAP
TXN000587,01-03-2026,23/01/2026,2026-08,AUS01,5610,CC3100,CORP,Amazon,INV59444,PO8040,GBP,2441.1,,Payment for consulting,API Import
TXN000588,2026-01-05,2025-12-28,2026-01,AUS01,5100,CC4100,SA,Regus Australia,INV67216,PO4902,NZD,8794.69,,Payment for goods,SAP
TXN000589,2025-01-19,2025-01-15,2025-01,AUS01,5410,CC4000,NSW,Microsoft,INV42757,PO2255,AUD,39309.19,,Payment for services,Oracle
TXN000590,15/12/2025,10/12/2025,2025-12,AUS01,5010,CC3000,NSW,WeWork Australia,INV27002,PO8843,USD,44914.19,,Payment for services,SAP
TXN000591,10/03/2025,09/24/2025,2025-10,AUS01,5200,CC3200,CORP,WeWork Australia,INV49677,PO5795,USD,20015.03,,Payment for goods,API Import
TXN000592,03/09/2026,01/31/2026,2026-08,AUS01,5510,CC1100,MKT,MSFT,INV91509,PO2285,NZD,40529.1,,Payment for goods,Oracle
TXN000593,27/01/2026,22/01/2026,2026-01,AUS01,5800,CC4000,ACT,Workday,INV28607,,AUD,16820.31,,Payment for goods,Manual Entry
TXN000594,21-04-2025,19-04-2025,2025-08,AUS01,5000,CC3200,VIC,Microsoft,INV60354,PO2384,NZD,12580.73,,Payment for services,Workday
TXN000595,28-01-2026,20-01-2026,2026-01,AUS01,5000,CC3100,NSW,Federal Express,INV36965,PO8062,GBP,2094.26,,Payment for license,SAP
TXN000596,12/22/2025,12/21/2025,2025-12,AUS01,5520,CC3000,MKT,Amazon,INV44410,PO4547,NZD,41529.17,,Payment for services,Workday
TXN000597,24-10-2025,17-10-2025,2025-10,AUS01,5900,CC1000,HR,GCP,INV98862,,GBP,42866.06,,Payment for license,Manual Entry
TXN000598,01/14/2026,01/11/2026,2026-01,AUS01,5400,CC3200,FIN,Accenture Pty,INV46791,PO5495,USD,40856.3,,Payment for services,Oracle
TXN000599,01/25/2026,01/19/2026,2026-01,AUS01,5600,CC3100,R&D,Microsoft,INV96406,,NZD,16340.1,,Payment for license,SAP
TXN000600,01/04/2026,12/25/2025,2026-01,AUS01,5700,CC3000,HR,Deloitte Touche,INV12263,PO8642,USD,20027.01,,Payment for services,Workday
TXN000601,16/01/2026,09/01/2026,2026-01,AUS01,5010,CC4100,QLD,Google,INV82279,PO2049,NZD,40377.29,,Payment for consulting,Oracle
TXN000602,03/09/2026,03/04/2026,2026-08,AUS01,5920,CC3200,OPS,Slack,INV29254,PO1812,USD,28402.18,,Payment for goods,SAP
TXN000603,2026-01-21,2026-01-18,2026-01,AUS01,5700,CC4000,HR,Optus Pty,INV39878,,NZD,1983.81,,Payment for subscription,Workday
TXN000604,01/01/2026,12/23/2025,2026-01,AUS01,5710,CC1000,HR,Accenture Pty,INV76445,PO9372,NZD,5001.44,,Payment for services,Oracle
TXN000605,01/07/2026,12/28/2025,2026-01,AUS01,5320,CC3100,CORP,Salesforce,INV28753,,GBP,39425.81,,Payment for license,Workday
TXN000606,11-11-2025,05-11-2025,2025-11,AUS01,5500,CC2100,MKT,Amazon,INV48125,PO1418,USD,16636.76,,Payment for services,API Import
TXN000607,08/07/2025,08/28/2025,2025-08,AUS01,5710,CC4000,HR,WeWork Australia,INV86373,,USD,17109.9,,Payment for goods,Manual Entry
TXN000608,2026-01-25,2026-01-23,2026-01,AUS01,5210,CC4100,CORP,Robert Half International,INV25891,PO9646,GBP,24299.64,,Payment for services,API Import
TXN000609,16-03-2026,10-03-2026,2026-08,AUS01,5220,CC2000,CORP,KPMG Australia,INV57443,,USD,14857.93,,Payment for subscription,SAP
TXN000610,23/05/2025,15/05/2025,2025-08,AUS01,5800,CC3100,WA,Regus Australia,INV76275,,AUD,15904.11,,Payment for subscription,Manual Entry
TXN000611,20/12/2025,12/12/2025,2025-12,AUS01,5900,CC3100,R&D,ServiceNow Inc,INV42105,PO7678,USD,41664.69,,Payment for license,Oracle
TXN000612,01/20/2026,01/15/2026,2026-01,AUS01,5310,CC3000,CORP,Atlassian Pty,INV76194,PO9096,AUD,18441.78,,Payment for goods,Oracle
TXN000613,2025-08-15,2025-08-12,2025-08,AUS01,5100,CC3100,TAS,Deloitte Touche,INV26567,PO8068,GBP,33454.14,,Payment for services,Oracle
TXN000614,03-03-2026,25/01/2026,2026-08,AUS01,5920,CC4000,MKT,Federal Express,INV62732,PO4955,GBP,16011.11,,Payment for subscription,SAP
TXN000615,03/11/2026,03/01/2026,2026-08,AUS01,5610,CC4100,R&D,GCP,INV56525,PO7699,AUD,3411.49,,Payment for consulting,Manual Entry
TXN000616,10-01-2026,07-01-2026,2026-01,AUS01,5800,CC1200,SA,Robert Half International,INV11020,PO7060,AUD,6936.31,,Payment for consulting,Manual Entry
TXN000617,11-01-2025,08-01-2025,2025-01,AUS01,5510,CC4100,MKT,PWC,INV74656,PO9481,AUD,10528.63,,Payment for license,API Import
TXN000618,17-03-2025,12-03-2025,2025-08,AUS01,5310,CC3100,OPS,McKinsey,INV15496,PO4451,USD,42912.76,,Payment for consulting,API Import
TXN000619,03/09/2025,03/07/2025,2025-08,AUS01,5320,CC2100,OPS,Adobe,INV73784,PO3774,AUD,13024.16,,Payment for subscription,Workday
TXN000620,2026-08-20,2026-08-16,2026-08,AUS01,5700,CC2100,HR,Zoom,INV76676,PO1448,AUD,9387.26,,Payment for license,SAP
TXN000621,18/07/2025,17/07/2025,2025-08,AUS01,5500,CC1000,MKT,Regus Australia,INV84863,PO8288,USD,12754.5,,Payment for license,Oracle
TXN000622,27-01-2026,22-01-2026,2026-01,AUS01,5100,CC1100,OPS,Optus Pty,INV21385,PO5562,GBP,22247.17,,Payment for services,Workday
TXN000623,2026-01-26,2026-01-22,2026-01,AUS01,5800,CC1100,FIN,McKinsey,INV46190,PO9402,USD,22867.0,,Payment for services,Workday
TXN000624,02-01-2026,31-12-2025,2026-01,AUS01,5710,CC4000,HR,McKinsey,INV96655,PO1583,USD,37880.25,,Payment for services,Oracle
TXN000625,05-03-2026,01-03-2026,2026-08,AUS01,5700,CC2000,HR,Deloitte Touche,INV34524,PO5630,GBP,6899.35,,Payment for goods,Oracle
TXN000626,2026-01-21,2026-01-12,2026-01,AUS01,5920,CC2000,SA,AWS,INV83103,PO3918,GBP,3120.03,,Payment for services,Manual Entry
TXN000627,08/23/2025,08/13/2025,2025-08,AUS01,5400,CC4100,MKT,Accenture Pty,INV96106,PO5916,NZD,21842.06,,Payment for goods,Workday
TXN000628,22-01-2026,14-01-2026,2026-01,AUS01,5900,CC3100,HR,WeWork Australia,INV38695,,GBP,13364.23,,Payment for subscription,Manual Entry
TXN000629,03/15/2026,03/11/2026,2026-08,AUS01,5700,CC3100,HR,Atlassian Pty,INV51799,PO6694,USD,20966.64,,Payment for consulting,Oracle
TXN000630,25-01-2026,17-01-2026,2026-01,AUS01,5610,CC3100,HR,Accenture Pty,INV76517,,AUD,13162.77,,Payment for consulting,SAP
TXN000631,03/18/2026,03/13/2026,2026-08,AUS01,5700,CC3000,HR,AusPost,INV65731,PO1895,GBP,36425.47,,Payment for subscription,Manual Entry
TXN000632,24-03-2026,18-03-2026,2026-08,AUS01,5620,CC1000,CORP,EY Australia,INV85039,PO9782,GBP,18500.54,,Payment for goods,SAP
TXN000633,03/20/2026,03/17/2026,2026-08,AUS01,5610,CC4000,,Amazon,INV21829,PO6460,AUD,36128.34,,Payment for subscription,API Import
TXN000634,2026-01-03,2025-12-25,2026-01,AUS01,5200,CC3000,IT,SAP,INV61842,PO4757,USD,37732.89,,Payment for subscription,Oracle
TXN000635,01/12/2026,01/05/2026,2026-01,AUS01,5200,CC4000,QLD,Accenture Pty,INV12625,PO9627,AUD,1719.77,,Payment for services,API Import
TXN000636,13-03-2025,12-03-2025,2025-08,AUS01,5120,CC2100,MKT,EY Australia,INV42415,,AUD,10427.24,,Payment for services,Manual Entry
TXN000637,21-01-2026,18-01-2026,2026-01,AUS01,5910,CC2100,WA,Google,INV64444,,AUD,3417.67,,Payment for license,API Import
TXN000638,2026-08-05,2026-01-26,2026-08,AUS01,5900,CC3100,SA,SAP,INV65725,PO1383,NZD,35336.25,,Payment for subscription,Workday
TXN000639,15/01/2026,13/01/2026,2026-01,AUS01,5220,CC4100,CORP,Seek Limited,INV22197,,GBP,13176.62,,Payment for consulting,API Import
TXN000640,09-03-2025,04-03-2025,2025-08,AUS01,5710,CC4000,HR,Robert Half International,INV75147,PO7106,USD,17270.13,,Payment for license,SAP
TXN000641,15/03/2025,05/03/2025,2025-08,AUS01,5000,CC3100,VIC,ServiceNow Inc,INV83813,,GBP,16704.99,,Payment for subscription,Workday
TXN000642,2025-12-05,2025-12-03,2025-12,AUS01,5520,CC1200,MKT,Workday,INV20995,,GBP,26744.09,,Payment for license,Manual Entry
TXN000643,17/12/2025,16/12/2025,2025-12,AUS01,5810,CC3200,CORP,Deloitte Touche,INV54285,PO1598,GBP,14084.33,,Payment for subscription,API Import
TXN000644,20-03-2026,19-03-2026,2026-08,AUS01,5220,CC2000,CORP,Hays,INV95460,,GBP,14154.43,,Payment for consulting,Manual Entry
TXN000645,2025-08-17,2025-08-15,2025-08,AUS01,5410,CC1100,TAS,Federal Express,INV31245,PO2990,USD,34084.21,,Payment for goods,Oracle
TXN000646,2026-08-15,2026-08-14,2026-08,AUS01,5410,CC3200,CORP,Adobe,INV81707,PO1151,GBP,6379.96,,Payment for subscription,SAP
TXN000647,03/14/2026,03/09/2026,2026-08,AUS01,5510,CC3000,MKT,Regus Australia,INV78583,PO7082,USD,6454.14,,Payment for license,API Import
TXN000648,09-03-2025,01-03-2025,2025-08,AUS01,5200,CC3000,IT,Slack,INV72111,,USD,23644.59,,Payment for consulting,Oracle
TXN000649,05-01-2026,03-01-2026,2026-01,AUS01,5000,CC2100,HR,SAP,INV80481,PO2551,USD,31262.63,,Payment for services,API Import
TXN000650,15/12/2025,13/12/2025,2025-12,AUS01,5320,CC4000,FIN,ServiceNow Inc,INV35249,,NZD,28334.1,,Payment for consulting,API Import
TXN000651,03/24/2026,03/18/2026,2026-08,AUS01,5610,CC3100,OPS,Deloitte Touche,INV29978,,USD,3578.68,,Payment for goods,Workday
TXN000652,01/06/2025,12/27/2024,2025-01,AUS01,5100,CC1200,VIC,Federal Express,INV87616,PO8756,NZD,25946.94,,Payment for goods,Oracle
TXN000653,01/12/2025,27/11/2025,2025-12,AUS01,5020,CC4100,NSW,Zoom,INV10032,PO1855,USD,7500.35,,Payment for goods,API Import
TXN000654,26-01-2026,19-01-2026,2026-01,AUS01,5700,CC3200,HR,McKinsey,INV25374,,NZD,22566.84,,Payment for consulting,Manual Entry
TXN000655,25-03-2025,17-03-2025,2025-08,AUS01,5320,CC2100,HR,McKinsey,INV38036,PO5550,AUD,39759.52,,Payment for goods,Manual Entry
TXN000656,18-08-2025,10-08-2025,2025-08,AUS01,5710,CC2100,HR,Atlassian Pty,INV33332,,GBP,29378.94,,Payment for subscription,Manual Entry
TXN000657,03/25/2026,03/18/2026,2026-08,AUS01,5200,CC4100,CORP,SAP,INV11398,,GBP,16901.84,,Payment for subscription,API Import
TXN000658,2025-08-07,2025-08-27,2025-08,AUS01,5300,CC3000,OPS,GCP,INV75902,PO5473,NZD,41219.74,,Payment for services,Workday
TXN000659,21-11-2025,14-11-2025,2025-11,AUS01,5010,CC2100,NSW,PWC,INV13988,PO8713,AUD,43704.22,,Payment for license,Manual Entry
TXN000660,16/01/2026,08/01/2026,2026-01,AUS01,5800,CC4000,CORP,GCP,INV90336,PO3509,AUD,16692.07,,Payment for goods,Oracle
TXN000661,03-03-2026,01-03-2026,2026-08,AUS01,5010,CC3200,CORP,MSFT,INV81314,,NZD,4476.65,,Payment for goods,API Import
TXN000662,2026-01-24,2026-01-18,2026-01,AUS01,5910,CC3000,IT,Adobe,INV97096,PO2007,NZD,23283.69,,Payment for services,Oracle
TXN000663,27-03-2026,22-03-2026,2026-08,AUS01,5020,CC1200,SA,Optus Pty,INV36041,PO7705,AUD,12471.09,,Payment for goods,SAP
TXN000664,03/10/2026,03/01/2026,2026-08,AUS01,5320,CC1100,CORP,BCG,INV21284,PO8585,GBP,25610.98,,Payment for services,SAP
TXN000665,03/01/2026,01/01/2026,2026-01,AUS01,5120,CC3000,CORP,Amazon,INV38511,PO8542,USD,35514.28,,Payment for services,Oracle
TXN000666,10/09/2025,08/09/2025,2025-09,AUS01,5300,CC1000,FIN,Federal Express,INV28405,PO7782,NZD,8092.38,,Payment for goods,Oracle
TXN000667,09/01/2026,08/01/2026,2026-01,AUS01,5300,CC2100,CORP,Optus Pty,INV56550,PO6715,NZD,4249.3,,Payment for license,Manual Entry
TXN000668,27/01/2026,26/01/2026,2026-01,AUS01,5910,CC4100,,Federal Express,INV37611,PO8108,USD,24253.9,,Payment for subscription,Workday
TXN000669,01/07/2026,12/29/2025,2026-01,AUS01,5520,CC2100,MKT,Google,INV71300,,USD,11693.8,,Payment for services,API Import
TXN000670,22-03-2026,14-03-2026,2026-08,AUS01,5110,CC3200,CORP,McKinsey,INV96285,PO1554,NZD,25413.25,,Payment for subscription,SAP
TXN000671,03/21/2026,03/20/2026,2026-08,AUS01,5120,CC3100,NT,Seek Limited,INV23134,,NZD,15216.57,,Payment for subscription,Workday
TXN000672,06-01-2026,28-12-2025,2026-01,AUS01,5120,CC1000,IT,Optus Pty,INV67012,PO8759,GBP,26751.51,,Payment for goods,Workday
TXN000673,03/24/2026,03/14/2026,2026-08,AUS01,5310,CC3200,CORP,DHL Express,INV40710,PO9306,NZD,1901.79,,Payment for services,Manual Entry
TXN000674,10/14/2025,10/04/2025,2025-10,AUS01,5400,CC4100,HR,Amazon,INV49397,PO9586,USD,23097.98,,Payment for goods,API Import
TXN000675,25/09/2025,22/09/2025,2025-09,AUS01,5700,CC3000,HR,MSFT,INV28541,PO8515,AUD,13986.38,,Payment for consulting,Oracle
TXN000676,2026-01-15,2026-01-12,2026-01,AUS01,5200,CC1200,CORP,EY Australia,INV40957,PO8152,NZD,3708.85,,Payment for services,Oracle
TXN000677,01/05/2026,01/04/2026,2026-01,AUS01,5500,CC1200,MKT,WeWork Australia,INV61648,PO8738,AUD,21238.95,,Payment for consulting,Manual Entry
TXN000678,23/01/2026,21/01/2026,2026-01,AUS01,5400,CC1200,ACT,McKinsey,INV52875,PO7956,USD,18054.77,,Payment for license,Manual Entry
TXN000679,2025-08-18,2025-08-12,2025-08,AUS01,5500,CC4100,MKT,Amazon,INV33351,PO7047,USD,39862.91,,Payment for subscription,Workday
TXN000680,2026-01-17,2026-01-07,2026-01,AUS01,5610,CC3100,FIN,Salesforce,INV34637,,USD,6299.79,,Payment for subscription,Manual Entry
TXN000681,03/03/2026,01/27/2026,2026-08,AUS01,5620,CC1200,SA,Telstra Corp,INV98509,PO1570,USD,78497.13,EXPORT,Payment for subscription,Manual Entry
TXN000682,08/01/2026,30/12/2025,2026-01,AUS01,5700,CC4000,QLD,GCP,INV99923,PO7626,GBP,130623.09,INPUT,Payment for services,Oracle
TXN000683,11-03-2026,01-03-2026,2026-08,AUS01,5510,CC3100,MKT,LinkedIn Corp,INV65372,PO5963,AUD,98614.45,EXPORT,Payment for consulting,Workday
TXN000684,2025-08-24,2025-08-14,2025-08,AUS01,5900,CC3200,WA,Robert Half International,INV80126,PO2829,NZD,128100.57,INPUT,Payment for goods,Manual Entry
TXN000685,18-10-2025,16-10-2025,2025-10,AUS01,5110,CC1000,VIC,BCG,INV67001,,NZD,69762.11,EXPORT,Payment for subscription,SAP
TXN000686,04-03-2026,27-01-2026,2026-08,AUS01,5320,CC1000,FIN,Regus Australia,INV13084,PO3928,NZD,92570.83,INPUT,Payment for subscription,Workday
TXN000687,2026-08-14,2026-08-06,2026-08,AUS01,5310,CC2100,OPS,Microsoft,INV79634,PO5073,AUD,85725.09,GST,Payment for goods,SAP
TXN000688,2025-08-18,2025-08-15,2025-08,AUS01,5800,CC1200,ACT,Hays,INV70035,PO4999,GBP,139271.78,INPUT,Payment for license,API Import
TXN000689,2025-08-15,2025-08-13,2025-08,AUS01,5310,CC3000,CORP,Microsoft,INV60058,PO2290,USD,110935.74,GST,Payment for subscription,Workday
TXN000690,14-01-2026,13-01-2026,2026-01,AUS01,5120,CC2100,R&D,Google,INV84828,,GBP,146516.04,GST-FREE,Payment for subscription,API Import
TXN000691,17/01/2025,16/01/2025,2025-01,AUS01,5320,CC4100,OPS,Seek Limited,INV46016,PO4042,USD,126072.14,EXPORT,Payment for subscription,API Import
TXN000692,2026-08-22,2026-08-12,2026-08,AUS01,5400,CC1200,HR,KPMG Australia,INV12453,PO3126,NZD,50506.1,GST-FREE,Payment for subscription,Workday
TXN000693,01/15/2026,01/13/2026,2026-01,AUS01,5210,CC2000,IT,Amazon,INV89864,PO7893,NZD,72106.55,INPUT,Payment for license,Workday
TXN000694,18-01-2025,10-01-2025,2025-01,AUS01,5520,CC1000,OPS,BCG,INV29893,PO9175,NZD,81964.96,EXPORT,Payment for goods,API Import
TXN000695,23/12/2025,16/12/2025,2025-12,AUS01,5220,CC3100,IT,Microsoft,INV20891,,AUD,113138.77,INPUT,Payment for license,Workday
TXN000696,03/10/2026,03/04/2026,2026-08,AUS01,5420,CC3200,WA,Amazon,INV91823,PO8070,USD,112486.64,GST-FREE,Payment for consulting,SAP
TXN000697,12/25/2025,12/16/2025,2025-12,AUS01,5800,CC3200,MKT,Accenture Pty,INV59601,PO3023,GBP,142117.71,GST-FREE,Payment for services,Manual Entry
TXN000698,07-03-2026,05-03-2026,2026-08,AUS01,5600,CC2100,WA,Oracle,INV82098,PO4567,USD,126687.7,EXPORT,Payment for consulting,API Import
TXN000699,09/09/2025,09/03/2025,2025-09,AUS01,5620,CC1100,R&D,McKinsey,INV74858,PO5690,GBP,72510.7,EXPORT,Payment for consulting,Oracle
TXN000700,28-03-2026,21-03-2026,2026-08,AUS01,5300,CC1000,FIN,BCG,INV60246,PO7850,GBP,115619.41,GST,Payment for consulting,Manual Entry
TXN000701,2025-08-07,2025-08-28,2025-08,AUS01,5210,CC1200,IT,Robert Half International,INV12992,PO5095,AUD,109957.22,EXPORT,Payment for goods,API Import
TXN000702,21-03-2026,19-03-2026,2026-08,AUS01,5320,CC1000,CORP,Federal Express,INV70000,PO4920,USD,135031.05,GST-FREE,Payment for goods,Manual Entry
TXN000703,23/09/2025,17/09/2025,2025-09,AUS01,5110,CC2100,IT,Salesforce,INV70187,,AUD,70701.52,EXPORT,Payment for license,Manual Entry
TXN000704,08-03-2026,31/01/2026,2026-08,AUS01,5510,CC1100,MKT,BCG,INV10902,PO7657,USD,74487.1,GST,Payment for license,Manual Entry
TXN000705,28-03-2026,26-03-2026,2026-08,AUS01,5900,CC3100,HR,Deloitte Touche,INV67477,PO1979,AUD,121579.77,GST,Payment for subscription,Manual Entry
TXN000706,2025-08-27,2025-08-21,2025-08,AUS01,5400,CC4000,QLD,Optus Pty,INV29134,PO2831,GBP,128742.57,GST,Payment for goods,Workday
TXN000707,03/14/2026,03/11/2026,2026-08,AUS01,5210,CC3200,SA,Workday,INV70062,PO9053,NZD,59713.47,GST,Payment for goods,Workday
TXN000708,03/11/2026,03/03/2026,2026-08,AUS01,5310,CC3200,CORP,Deloitte Touche,INV29401,PO1425,NZD,109443.22,GST-FREE,Payment for goods,Workday
TXN000709,01/19/2026,01/14/2026,2026-01,AUS01,5300,CC1200,CORP,EY Australia,INV30242,PO3106,GBP,121308.17,INPUT,Payment for goods,API Import
TXN000710,10-03-2026,05-03-2026,2026-08,AUS01,5620,CC2000,NSW,Amazon,INV86576,,USD,108323.45,GST-FREE,Payment for subscription,API Import
TXN000711,24-03-2026,16-03-2026,2026-08,AUS01,5610,CC1200,NT,WeWork Australia,INV78594,PO8950,USD,108713.96,INPUT,Payment for goods,API Import
TXN000712,16/01/2026,08/01/2026,2026-01,AUS01,5400,CC1000,VIC,Salesforce,INV39400,,NZD,72483.29,GST-FREE,Payment for license,SAP
TXN000713,21-03-2026,15-03-2026,2026-08,AUS01,5500,CC3200,MKT,AWS,INV97063,,USD,124138.04,INPUT,Payment for services,Workday
TXN000714,2025-12-17,2025-12-12,2025-12,AUS01,5520,CC4000,MKT,Google,INV42072,,AUD,94663.84,GST-FREE,Payment for goods,Oracle
TXN000715,08-01-2026,05-01-2026,2026-01,AUS01,5010,CC4100,SA,PWC,INV18345,PO3171,NZD,59136.83,GST-FREE,Payment for license,Workday
TXN000716,03/01/2026,29/12/2025,2026-01,AUS01,5210,CC4100,CORP,Seek Limited,INV51793,PO2196,GBP,59827.93,GST,Payment for goods,Manual Entry
TXN000717,04-03-2026,02-03-2026,2026-08,AUS01,5500,CC2000,MKT,GCP,INV84623,,USD,109829.78,INPUT,Payment for consulting,SAP
TXN000718,24-03-2026,20-03-2026,2026-08,AUS01,5600,CC4100,NSW,LinkedIn Corp,INV88820,,AUD,75175.53,EXPORT,Payment for goods,Workday
TXN000719,17-04-2025,08-04-2025,2025-08,AUS01,5300,CC2100,OPS,Deloitte Touche,INV92040,PO3984,USD,84114.89,INPUT,Payment for consulting,SAP
TXN000720,11-01-2026,03-01-2026,2026-01,AUS01,5120,CC1200,CORP,Salesforce,INV68090,PO9824,GBP,117297.95,GST,Payment for goods,Oracle
TXN000721,2026-08-25,2026-08-21,2026-08,AUS01,5200,CC2100,IT,Robert Half International,INV23489,PO4445,NZD,82002.27,EXPORT,Payment for license,Oracle
TXN000722,11/11/2025,08/11/2025,2025-11,AUS01,5810,CC3100,ACT,Adobe,INV52687,PO8762,USD,111012.71,GST-FREE,Payment for license,Manual Entry
TXN000723,10/25/2025,10/21/2025,2025-10,AUS01,5220,CC3200,CORP,EY Australia,INV56390,PO6166,NZD,64499.51,INPUT,Payment for consulting,Workday
TXN000724,14-09-2025,07-09-2025,2025-09,AUS01,5000,CC3100,NSW,MSFT,INV69885,PO1319,GBP,85361.84,GST-FREE,Payment for goods,Oracle
TXN000725,03/22/2026,03/17/2026,2026-08,AUS01,5910,CC3000,CORP,Amazon,INV52688,PO4267,NZD,92750.41,EXPORT,Payment for goods,API Import
TXN000726,17-03-2026,12-03-2026,2026-08,AUS01,5100,CC1100,WA,Accenture Pty,INV87717,PO1753,USD,82548.98,EXPORT,Payment for consulting,Manual Entry
TXN000727,01/08/2026,12/29/2025,2026-01,AUS01,5600,CC3100,WA,MSFT,INV46181,PO8178,AUD,55612.4,INPUT,Payment for subscription,SAP
TXN000728,16/01/2026,14/01/2026,2026-01,AUS01,5310,CC3100,CORP,Zoom,INV83641,,USD,108981.24,GST-FREE,Payment for goods,Workday
TXN000729,99/99/9999,99/99/9999,2025-11,AUS01,5710,CC1000,SA,Slack,INV57347,PO8304,AUD,39195.57,INPUT,Payment for goods,Oracle
TXN000730,99/99/9999,INVALID,2025-10,AUS01,5210,CC3200,CORP,Regus Australia,INV43470,PO1379,NZD,9034.43,INPUT,Payment for goods,SAP
TXN000731,INVALID,INVALID,2026-01,AUS01,5400,CC3200,FIN,MSFT,INV12123,PO1525,AUD,41092.9,INPUT,Payment for license,Workday
TXN000732,INVALID,99/99/9999,2026-01,AUS01,5600,CC3000,CORP,Salesforce,INV79699,,AUD,25482.28,GST,Payment for license,SAP
TXN000733,INVALID,2026-13-45,2025-08,AUS01,5810,CC1100,ACT,Telstra Corp,INV95254,PO3976,NZD,21010.61,GST-FREE,Payment for license,Workday
TXN000734,INVALID,INVALID,2026-08,AUS01,5000,CC3100,,KPMG Australia,INV12473,,AUD,28103.67,EXPORT,Payment for subscription,Manual Entry
TXN000735,2026-13-45,99/99/9999,2025-09,AUS01,5920,CC2000,R&D,McKinsey,INV85292,PO3500,GBP,29447.21,GST-FREE,Payment for goods,Oracle
TXN000736,2026-13-45,99/99/9999,2026-01,AUS01,5120,CC1100,OPS,Amazon,INV19078,PO6166,AUD,35097.9,INPUT,Payment for goods,Oracle
TXN000737,2026-13-45,99/99/9999,2025-09,AUS01,5120,CC3100,R&D,PWC,INV56575,,USD,42139.97,GST-FREE,Payment for consulting,SAP
TXN000738,INVALID,32/13/2026,2026-01,AUS01,5420,CC2000,CORP,Federal Express,INV36035,,AUD,20161.88,EXPORT,Payment for consulting,API Import
TXN000739,32/13/2026,32/13/2026,2026-08,AUS01,5120,CC4000,ACT,Atlassian Pty,INV74108,PO6871,USD,34071.63,GST,Payment for subscription,Manual Entry
TXN000740,2026-13-45,2026-13-45,2025-08,AUS01,5020,CC4000,WA,Regus Australia,INV69893,,GBP,11562.28,GST,Payment for consulting,Manual Entry
TXN000741,INVALID,32/13/2026,2025-12,AUS01,5320,CC3000,OPS,EY Australia,INV40062,PO2383,AUD,19593.28,INPUT,Payment for consulting,Manual Entry
TXN000742,32/13/2026,99/99/9999,2026-08,AUS01,5800,CC3000,SA,Microsoft,INV84000,,USD,38148.92,GST-FREE,Payment for license,Oracle
TXN000743,2026-13-45,INVALID,2026-08,AUS01,5810,CC1000,HR,MSFT,INV58719,PO3580,USD,38998.89,INPUT,Payment for consulting,Oracle
TXN000744,2026-13-45,2026-13-45,2026-08,AUS01,5800,CC1200,QLD,Regus Australia,INV75215,,AUD,35416.4,GST,Payment for consulting,Workday
TXN000745,99/99/9999,99/99/9999,2025-08,AUS01,5000,CC1000,WA,BCG,INV28919,PO1761,AUD,40008.04,GST,Payment for license,Manual Entry
TXN000746,2026-13-45,2026-13-45,2025-08,AUS01,5100,CC1000,OPS,WeWork Australia,INV24733,PO8609,USD,4236.36,GST,Payment for consulting,API Import
TXN000747,INVALID,2026-13-45,2026-01,AUS01,5920,CC4100,VIC,AWS,INV26803,PO9847,NZD,21483.33,INPUT,Payment for subscription,API Import
TXN000748,32/13/2026,INVALID,2026-01,AUS01,5500,CC4100,MKT,SAP,INV28690,,USD,9947.07,GST-FREE,Payment for services,SAP
TXN000749,INVALID,99/99/9999,2026-08,AUS01,5610,CC1100,TAS,Accenture Pty,INV53073,PO8571,USD,11355.11,INPUT,Payment for license,API Import
TXN000750,99/99/9999,2026-13-45,2026-08,AUS01,5310,CC3100,OPS,Regus Australia,INV60466,PO4242,USD,26113.65,GST,Payment for goods,SAP
TXN000751,2026-13-45,32/13/2026,2025-08,AUS01,5910,CC2000,SA,Adobe,INV73418,PO4076,GBP,14581.7,EXPORT,Payment for license,Manual Entry
TXN000752,INVALID,2026-13-45,2026-08,AUS01,5420,CC4100,IT,Deloitte Touche,INV95912,PO6527,GBP,5390.08,INPUT,Payment for subscription,Oracle
TXN000753,99/99/9999,99/99/9999,2026-08,AUS01,5900,CC3200,VIC,LinkedIn Corp,INV78035,,AUD,30093.77,INPUT,Payment for subscription,Manual Entry
TXN000754,32/13/2026,2026-13-45,2025-12,AUS01,5100,CC2000,R&D,LinkedIn Corp,INV26554,PO6030,AUD,5500.47,INPUT,Payment for consulting,Manual Entry
TXN000755,32/13/2026,2026-13-45,2026-08,AUS01,5400,CC4000,OPS,SAP,INV12191,,USD,37816.58,GST-FREE,Payment for subscription,API Import
TXN000756,2026-13-45,32/13/2026,2025-12,AUS01,5900,CC4000,MKT,Regus Australia,INV59082,,USD,31246.89,GST-FREE,Payment for goods,API Import
TXN000757,2026-13-45,2026-13-45,2025-09,AUS01,5520,CC4100,R&D,Telstra Corp,INV48862,PO9548,USD,12601.12,EXPORT,Payment for consulting,Manual Entry
TXN000758,INVALID,99/99/9999,2026-08,AUS01,5110,CC2100,SA,AWS,INV37361,PO2094,AUD,11384.68,INPUT,Payment for services,Manual Entry
TXN000759,2026-13-45,2026-13-45,2026-08,AUS01,5500,CC1200,MKT,Accenture Pty,INV61249,PO5072,GBP,35405.45,EXPORT,Payment for subscription,SAP
TXN000760,2026-13-45,99/99/9999,2025-08,AUS01,5110,CC3100,WA,Atlassian Pty,INV98111,,USD,9341.82,GST-FREE,Payment for subscription,SAP
TXN000761,32/13/2026,99/99/9999,2026-08,AUS01,5510,CC1100,MKT,Seek Limited,INV26366,PO8444,USD,29752.92,INPUT,Payment for goods,SAP
TXN000762,99/99/9999,99/99/9999,2025-12,AUS01,5010,CC3100,NSW,Deloitte Touche,INV86674,,AUD,28247.74,EXPORT,Payment for consulting,Workday
TXN000763,2026-13-45,32/13/2026,2026-08,AUS01,5020,CC4100,SA,Regus Australia,INV66685,PO2723,USD,39134.32,EXPORT,Payment for subscription,Workday
TXN000764,99/99/9999,99/99/9999,2026-08,AUS01,5410,CC2100,OPS,WeWork Australia,INV41816,PO4627,AUD,680.38,EXPORT,Payment for license,Manual Entry
TXN000765,99/99/9999,32/13/2026,2026-08,AUS01,5810,CC3200,WA,Federal Express,INV87377,PO2615,GBP,1990.35,GST,Payment for license,SAP
TXN000766,32/13/2026,2026-13-45,2026-08,AUS01,5320,CC4100,OPS,AusPost,INV55521,PO8212,GBP,32351.18,GST,Payment for consulting,API Import
TXN000767,32/13/2026,INVALID,2025-08,AUS01,5910,CC3100,R&D,Amazon,INV92643,PO2618,USD,25555.16,GST,Payment for subscription,Manual Entry
TXN000768,32/13/2026,INVALID,2026-01,AUS01,5920,CC2100,HR,WeWork Australia,INV46258,PO1783,NZD,15921.79,GST-FREE,Payment for subscription,Manual Entry
TXN000769,99/99/9999,2026-13-45,2026-08,AUS01,5200,CC4000,IT,McKinsey,INV75514,PO6468,GBP,33924.03,GST-FREE,Payment for subscription,API Import
TXN000770,2026-13-45,99/99/9999,2026-01,AUS01,5910,CC2100,HR,GCP,INV91500,PO4050,AUD,28811.38,INPUT,Payment for consulting,Oracle
TXN000771,99/99/9999,INVALID,2026-08,AUS01,5320,CC3000,FIN,Optus Pty,INV52304,,NZD,33989.21,GST-FREE,Payment for goods,API Import
TXN000772,99/99/9999,99/99/9999,2026-08,AUS01,5810,CC4000,,Oracle,INV36033,,GBP,27869.35,GST,Payment for license,Manual Entry
TXN000773,99/99/9999,2026-13-45,2025-08,AUS01,5710,CC3000,HR,WeWork Australia,INV23582,PO5815,GBP,6073.15,EXPORT,Payment for license,API Import
TXN000774,32/13/2026,99/99/9999,2025-08,AUS01,5210,CC3200,CORP,Microsoft,INV13454,PO4587,USD,24704.63,INPUT,Payment for goods,Oracle
TXN000775,INVALID,2026-13-45,2025-08,AUS01,5110,CC1000,QLD,KPMG Australia,INV67534,PO4149,USD,43410.11,EXPORT,Payment for consulting,Oracle
TXN000776,INVALID,INVALID,2026-01,AUS01,5800,CC2100,FIN,Regus Australia,INV40763,PO6850,NZD,19466.03,INPUT,Payment for services,Oracle
TXN000777,11-03-2026,02-03-2026,2026-08,AUS01,5600,CC1200,VIC,GCP,INV80170,PO4732,EUR,44147.4,EXPORT,Payment for subscription,API Import
TXN000778,27-03-2026,19-03-2026,2026-08,AUS01,5220,CC4100,NT,MSFT,INV75160,PO2059,EUR,20764.73,EXPORT,Payment for goods,SAP
TXN000779,18-03-2026,09-03-2026,2026-08,AUS01,5620,CC1000,NSW,WeWork Australia,INV18359,PO2071,EUR,21500.53,GST-FREE,Payment for subscription,API Import
TXN000780,2025-08-09,2025-08-29,2025-08,AUS01,5500,CC3100,HR,Slack,INV96743,PO9821,EUR,44380.68,GST-FREE,Payment for subscription,Workday
TXN000781,08-04-2025,05-04-2025,2025-08,AUS01,5810,CC4000,ACT,McKinsey,INV56969,PO2163,EUR,38836.76,GST,Payment for license,SAP
TXN000782,17-03-2026,14-03-2026,2026-08,AUS01,5800,CC2000,TAS,Accenture Pty,INV33755,,EUR,44092.21,GST-FREE,Payment for consulting,SAP
TXN000783,2025-08-11,2025-08-09,2025-08,AUS01,5400,CC4100,SA,Federal Express,INV72181,,EUR,36240.64,EXPORT,Payment for subscription,Oracle
TXN000784,01/04/2026,12/29/2025,2026-01,AUS01,5120,CC3100,OPS,Deloitte Touche,INV44144,PO4713,EUR,22535.71,GST-FREE,Payment for subscription,SAP
TXN000785,11-01-2026,09-01-2026,2026-01,AUS01,5510,CC2100,MKT,Amazon,INV83023,,EUR,39580.63,GST,Payment for subscription,SAP
TXN000786,2026-01-06,2025-12-28,2026-01,AUS01,5000,CC1000,NSW,McKinsey,INV84459,PO2136,EUR,17375.43,GST,Payment for goods,Oracle
TXN000787,21-03-2026,18-03-2026,2026-08,AUS01,5520,CC2000,MKT,WeWork Australia,INV88606,PO3898,EUR,4453.76,GST-FREE,Payment for consulting,Oracle
TXN000788,17/07/2025,09/07/2025,2025-08,AUS01,5000,CC4100,NSW,Microsoft,INV50850,PO2765,EUR,42094.66,GST,Payment for subscription,Oracle
TXN000789,19-03-2026,17-03-2026,2026-08,AUS01,5500,CC2000,MKT,Zoom,INV69594,PO9978,EUR,44880.65,INPUT,Payment for consulting,Manual Entry
TXN000790,2026-08-04,2026-01-29,2026-08,AUS01,5210,CC3000,CORP,Zoom,INV34686,PO1681,EUR,10851.37,EXPORT,Payment for subscription,SAP
TXN000791,2025-12-16,2025-12-07,2025-12,AUS01,5020,CC3000,WA,DHL Express,INV47035,PO8338,EUR,34085.86,GST-FREE,Payment for goods,Workday
TXN000792,21-07-2025,14-07-2025,2025-08,AUS01,5410,CC3100,WA,Google,INV23673,PO8931,EUR,22121.89,EXPORT,Payment for license,Manual Entry
TXN000793,10-01-2025,05-01-2025,2025-01,AUS01,5810,CC1000,VIC,Microsoft,INV50254,PO9893,EUR,8544.74,GST,Payment for goods,Workday
TXN000794,2026-08-24,2026-08-15,2026-08,AUS01,5000,CC1000,NSW,EY Australia,INV80485,,EUR,17382.07,INPUT,Payment for consulting,API Import
TXN000795,17/01/2026,08/01/2026,2026-01,AUS01,5320,CC1000,OPS,Workday,INV39041,PO2195,EUR,4529.42,GST-FREE,Payment for goods,Manual Entry
TXN000796,2025-12-07,2025-12-06,2025-12,AUS01,5400,CC2000,IT,Atlassian Pty,INV41508,PO6419,EUR,41601.62,GST,Payment for goods,Manual Entry
TXN000797,27/01/2026,21/01/2026,2026-01,AUS01,5910,CC3100,NSW,Microsoft,INV91495,PO7927,EUR,7101.21,GST-FREE,Payment for license,Workday
TXN000798,03/07/2026,01/31/2026,2026-08,AUS01,5710,CC1000,HR,AusPost,INV46449,PO4104,EUR,37077.62,EXPORT,Payment for consulting,Workday
TXN000799,2026-08-20,2026-08-13,2026-08,AUS01,5010,CC3200,NSW,Slack,INV19243,PO2888,EUR,29867.04,GST-FREE,Payment for goods,Manual Entry
TXN000800,03-03-2025,25/01/2025,2025-08,AUS01,5310,CC1200,ACT,Deloitte Touche,INV47330,PO5664,EUR,42993.74,EXPORT,Payment for license,Workday
TXN000801,2025-09-04,2025-08-28,2025-09,AUS01,5910,CC2000,WA,Google,INV36317,,EUR,25008.27,EXPORT,Payment for services,Manual Entry
TXN000802,2025-01-16,2025-01-14,2025-01,AUS01,5210,CC1000,CORP,Federal Express,INV41686,PO7076,EUR,8383.08,GST,Payment for consulting,Oracle
TXN000803,2026-01-15,2026-01-06,2026-01,AUS01,5810,CC2000,VIC,Workday,INV84553,,EUR,32648.47,GST,Payment for goods,Workday
TXN000804,03/28/2026,03/25/2026,2026-08,AUS01,5320,CC3200,IT,SAP,INV61290,PO5780,EUR,40580.17,GST,Payment for license,SAP
TXN000805,08-03-2026,04-03-2026,2026-08,AUS01,5310,CC3200,CORP,Amazon,INV42214,PO5715,EUR,39223.05,GST,Payment for license,Oracle
TXN000806,12/05/2025,12/04/2025,2025-12,AUS01,5100,CC1100,FIN,AusPost,INV91079,PO6270,EUR,23360.32,GST,Payment for subscription,SAP
TXN000807,2026-01-05,2026-01-01,2026-01,AUS01,5000,CC3100,VIC,AWS,INV84311,,EUR,25365.75,EXPORT,Payment for goods,SAP
TXN000808,2025-08-19,2025-08-18,2025-08,AUS01,5620,CC3200,R&D,Federal Express,INV68939,PO4893,EUR,12782.83,EXPORT,Payment for consulting,API Import
TXN000809,03/09/2026,03/01/2026,2026-01,AUS01,5500,CC1200,MKT,LinkedIn Corp,INV93505,PO7364,NZD,10150.41,INPUT,Payment for subscription,Oracle
TXN000810,2026-08-12,2026-08-05,2026-08,AUS01,5900,CC2100,ACT,Zoom,INV62721,,AUD,20750.95,GST-FREE,Payment for subscription,Oracle
TXN000811,13-03-2025,06-03-2025,2025-01,AUS01,5420,CC3200,NSW,Optus Pty,INV52730,PO3180,GBP,20911.92,INPUT,Payment for license,Oracle
TXN000812,08/03/2026,04/03/2026,2026-08,AUS01,5600,CC2000,CORP,Regus Australia,INV59127,PO4498,GBP,24714.43,EXPORT,Payment for consulting,Oracle
TXN000813,2025-08-16,2025-08-07,2025-08,AUS01,5620,CC3200,R&D,EY Australia,INV54260,PO3567,GBP,2384.77,GST-FREE,Payment for consulting,API Import
TXN000814,14/03/2026,08/03/2026,2026-08,AUS01,5000,CC2000,WA,Federal Express,INV94048,PO4240,USD,12372.07,GST-FREE,Payment for goods,Manual Entry
TXN000815,11-03-2026,07-03-2026,2026-08,AUS01,5920,CC1200,MKT,Hays,INV98629,,NZD,27505.08,GST,Payment for services,SAP
TXN000816,2025-09-01,2025-08-31,2025-08,AUS01,5310,CC1100,FIN,McKinsey,INV37919,PO2081,NZD,9215.02,GST-FREE,Payment for subscription,API Import
TXN000817,11-03-2026,03-03-2026,2026-08,AUS01,5310,CC1200,NT,KPMG Australia,INV29925,,NZD,4657.33,GST-FREE,Payment for services,API Import
TXN000818,20-05-2025,17-05-2025,2025-08,AUS01,5520,CC4000,ACT,Seek Limited,INV24858,PO3402,NZD,31079.37,GST-FREE,Payment for consulting,SAP
TXN000819,2026-08-25,2026-08-22,2026-01,AUS01,5400,CC3200,OPS,Federal Express,INV86831,PO6937,GBP,7753.56,GST,Payment for consulting,API Import
TXN000820,19-03-2026,11-03-2026,2026-01,AUS01,5000,CC3200,WA,WeWork Australia,INV19029,,NZD,44452.91,INPUT,Payment for license,Workday
TXN000821,22-08-2025,19-08-2025,2025-08,AUS01,5100,CC2000,TAS,McKinsey,INV56492,PO9105,NZD,32042.23,GST,Payment for services,API Import
TXN000822,19-05-2025,16-05-2025,2025-08,AUS01,5320,CC2100,SA,SAP,INV74174,PO3734,NZD,44193.43,GST,Payment for services,Oracle
TXN000823,03/23/2026,03/18/2026,2026-08,AUS01,5420,CC3100,WA,BCG,INV96430,,AUD,12350.36,EXPORT,Payment for license,SAP
TXN000824,2026-08-05,2026-08-23,2026-08,AUS01,5000,CC2100,WA,Federal Express,INV60907,,USD,40713.61,EXPORT,Payment for subscription,Manual Entry
TXN000825,03/11/2026,02-03-2026,2026-01,AUS01,5920,CC3100,ACT,AusPost,INV44286,PO9008,NZD,6042.07,INPUT,Payment for subscription,Workday
TXN000826,03-03-2026,01-03-2026,2026-01,AUS01,5900,CC3000,MKT,Robert Half International,INV24031,,AUD,1133.03,GST-FREE,Payment for goods,Workday
TXN000827,03-03-2026,24/01/2026,2026-01,AUS01,5900,CC2000,TAS,Google,INV54713,PO2153,AUD,533.07,GST,Payment for goods,API Import
TXN000828,21-03-2026,15-03-2026,2026-01,AUS01,5900,CC1100,VIC,Atlassian Pty,INV20637,,AUD,31716.23,GST-FREE,Payment for services,SAP
TXN000829,14/04/2025,10/04/2025,2025-08,AUS01,5010,CC1100,NSW,Federal Express,INV72396,PO9115,NZD,28182.78,GST-FREE,Payment for license,Oracle
TXN000830,03/16/2025,03/06/2025,2025-08,AUS01,5920,CC1000,WA,Optus Pty,INV33049,PO5313,USD,22890.54,GST,Payment for goods,API Import
TXN000831,19/04/2025,17/04/2025,2025-08,AUS01,5710,CC1100,HR,SAP,INV31289,PO5861,USD,38202.87,GST-FREE,Payment for license,Manual Entry
TXN000832,04/17/2025,04/13/2025,2025-08,AUS01,5410,CC2100,MKT,WeWork Australia,INV46890,PO2059,USD,23921.73,INPUT,Payment for services,SAP
TXN000833,03/16/2026,03/15/2026,2026-08,AUS01,5610,CC3100,HR,Google,INV51733,PO6922,GBP,638.75,GST,Payment for license,SAP
TXN000834,03/19/2026,03/13/2026,2026-08,AUS01,5420,CC3000,WA,Seek Limited,INV51087,PO4117,NZD,22536.3,EXPORT,Payment for goods,API Import
TXN000835,2026-08-06,2026-08-31,2026-08,AUS01,5410,CC3200,ACT,LinkedIn Corp,INV70768,PO8608,NZD,41562.73,EXPORT,Payment for consulting,Oracle
TXN000836,05-03-2026,26-03-2026,2026-08,AUS01,5000,CC1200,VIC,McKinsey,INV62352,PO8116,GBP,44540.32,GST-FREE,Payment for goods,Oracle
TXN000837,19-03-2026,15-03-2026,2026-01,AUS01,5100,CC1000,OPS,DHL Express,INV35920,,GBP,6830.5,INPUT,Payment for consulting,Oracle
TXN000838,03/10/2026,03/06/2026,2026-01,AUS01,5200,CC3200,IT,Hays,INV73876,PO1979,GBP,19636.33,GST-FREE,Payment for subscription,SAP
TXN000839,03/03/2026,01/26/2026,2026-01,AUS01,5610,CC2100,OPS,Zoom,INV38364,PO1212,USD,23392.45,EXPORT,Payment for subscription,Oracle
TXN000840,03/11/2026,03/01/2026,2026-08,AUS01,5410,CC4100,CORP,Atlassian Pty,INV58936,PO3099,USD,23880.69,INPUT,Payment for subscription,API Import
TXN000841,2026-08-16,2026-08-15,2026-08,AUS01,5420,CC3000,OPS,AusPost,INV40597,PO6120,USD,9504.57,INPUT,Payment for consulting,Workday
TXN000842,12/18/2025,12/08/2025,2025-11,AUS01,5900,CC3000,HR,SAP,INV87704,PO5081,USD,43449.78,GST-FREE,Payment for consulting,API Import
TXN000843,2026-08-16,2026-08-10,2026-08,AUS01,5510,CC1100,MKT,Federal Express,INV79367,PO5358,USD,28099.95,GST,Payment for services,Manual Entry
TXN000844,13/06/2025,08/06/2025,2025-08,AUS01,5710,CC1200,HR,Regus Australia,INV92977,,AUD,21371.24,GST-FREE,Payment for subscription,API Import
TXN000845,16-03-2026,11-03-2026,2026-01,AUS01,5310,CC3200,OPS,McKinsey,INV88326,PO5843,USD,37103.73,GST-FREE,Payment for services,Oracle
TXN000846,01/17/2026,01/13/2026,2025-12,AUS01,5900,CC3100,HR,Telstra Corp,INV28882,,AUD,13488.15,GST-FREE,Payment for services,Manual Entry
TXN000847,03/03/2026,01/26/2026,2026-01,AUS01,5810,CC1200,CORP,Optus Pty,INV51168,,GBP,25031.37,EXPORT,Payment for subscription,Manual Entry
TXN000848,09/06/2025,30/05/2025,2025-08,AUS01,5420,CC2100,MKT,Adobe,INV26241,,USD,14593.89,GST,Payment for subscription,API Import
TXN000849,03/16/2026,03/13/2026,2026-01,AUS01,5310,CC3100,FIN,Amazon,INV33330,PO1565,GBP,29120.14,EXPORT,Payment for subscription,Workday
TXN000850,2025-08-19,2025-08-10,2025-08,AUS01,5010,CC1200,SA,Hays,INV29866,,AUD,41720.0,GST-FREE,Payment for goods,Oracle
TXN000851,03/03/2026,03/25/2026,2026-08,AUS01,5310,CC1100,SA,AusPost,INV62502,PO9596,NZD,33813.2,EXPORT,Payment for consulting,Manual Entry
TXN000852,23/11/2025,14/11/2025,2025-10,AUS01,5910,CC1100,SA,Workday,INV39805,,GBP,7241.81,INPUT,Payment for license,SAP
TXN000853,03/03/2026,22-03-2026,2026-08,AUS01,5010,CC1000,NSW,ServiceNow Inc,INV75612,PO7349,USD,42753.47,GST-FREE,Payment for consulting,SAP
TXN000854,11/17/2025,11/09/2025,2025-10,AUS01,5000,CC3100,WA,Salesforce,INV37372,,AUD,9085.59,GST,Payment for consulting,SAP
TXN000855,2026-01-12,2026-01-02,2025-12,AUS01,5320,CC4000,CORP,Adobe,INV92271,PO5610,GBP,9653.75,GST,Payment for subscription,API Import
TXN000856,12-03-2026,09-03-2026,2026-08,AUS01,5910,CC2000,R&D,Deloitte Touche,INV61463,,NZD,8890.18,INPUT,Payment for subscription,Manual Entry
TXN000857,01-03-2026,22-01-2026,2026-08,AUS01,5620,CC4000,MKT,DHL Express,INV60784,PO4368,USD,8398.96,GST,Payment for goods,API Import
TXN000858,03/24/2026,03/20/2026,2026-08,AUS01,5600,CC2100,ACT,Regus Australia,INV84297,PO5134,GBP,2541.1,GST-FREE,Payment for goods,API Import
TXN000859,03/01/2026,01/31/2026,2026-08,AUS01,5200,CC1200,IT,BCG,INV52907,PO7402,USD,22531.71,EXPORT,Payment for license,Oracle
TXN000860,16-03-2026,07-03-2026,2026-08,AUS01,5610,CC2100,OPS,Accenture Pty,INV14089,PO1183,AUD,27775.03,GST,Payment for subscription,SAP
TXN000861,10-01-2026,03-01-2026,2026-01,AUS01,5800,CC4100,WA,Adobe,INV94642,,AUD,2503.85,GST-FREE,Payment for consulting,Workday
TXN000862,03/03/2026,01/27/2026,2026-08,AUS01,5620,CC1000,CORP,EY Australia,INV28591,,AUD,40443.62,INPUT,Payment for goods,SAP
TXN000863,2025-08-21,2025-08-13,2025-08,AUS01,5120,CC1000,NSW,Atlassian Pty,INV85992,PO5475,AUD,32643.93,EXPORT,Payment for subscription,SAP
TXN000864,23-01-2026,21-01-2026,2026-01,AUS01,5800,CC1200,OPS,Workday,INV13918,,AUD,17949.5,EXPORT,Payment for consulting,Manual Entry
TXN000865,14-03-2025,13-03-2025,2025-08,AUS01,5600,CC1000,TAS,Salesforce,INV36568,PO1399,NZD,31974.59,EXPORT,Payment for subscription,Oracle
TXN000866,08-03-2025,07-03-2025,2025-08,AUS01,5620,CC1000,VIC,Telstra Corp,INV47554,PO7017,GBP,35659.17,GST,Payment for consulting,Manual Entry
TXN000867,18/01/2026,12/01/2026,2026-01,AUS01,5700,CC3000,HR,Zoom,INV63346,,NZD,33110.25,INPUT,Payment for consulting,Workday
TXN000868,08/15/2025,08/10/2025,2025-08,AUS01,5110,CC3200,WA,AusPost,INV88925,,NZD,43266.25,GST,Payment for goods,Workday
TXN000869,12-01-2026,04-01-2026,2026-01,AUS01,5810,CC4000,CORP,Adobe,INV88484,PO3612,AUD,15521.07,GST-FREE,Payment for license,Oracle
TXN000870,27/08/2025,20/08/2025,2025-08,AUS01,5020,CC3100,SA,Atlassian Pty,INV43386,PO3698,AUD,23428.64,GST,Payment for goods,Workday
TXN000871,2025-08-16,2025-08-10,2025-08,AUS01,5800,CC3000,TAS,DHL Express,INV63477,PO2743,GBP,9936.31,INPUT,Payment for goods,Manual Entry
TXN000872,05/04/2025,04/04/2025,2025-08,AUS01,5900,CC4000,ACT,GCP,INV50180,,GBP,6581.56,GST,Payment for consulting,Workday
TXN000873,27-03-2026,18-03-2026,2026-08,AUS01,5620,CC1100,TAS,SAP,INV25869,,AUD,828.28,INPUT,Payment for services,SAP
TXN000874,09-01-2026,07-01-2026,2026-01,AUS01,5410,CC3000,NSW,DHL Express,INV54979,PO4415,AUD,31432.05,INPUT,Payment for subscription,Manual Entry
TXN000875,20-03-2026,10-03-2026,2026-08,AUS01,5600,CC1000,HR,Hays,INV14068,,AUD,22549.77,INPUT,Payment for consulting,Manual Entry
TXN000876,2026-01-25,2026-01-18,2026-01,AUS01,5710,CC4100,HR,WeWork Australia,INV15068,PO2422,GBP,44759.26,EXPORT,Payment for consulting,Workday
TXN000877,2026-08-18,2026-08-16,2026-08,AUS01,5210,CC1100,CORP,LinkedIn Corp,INV89116,PO1562,GBP,33732.44,GST-FREE,Payment for subscription,Workday
TXN000878,18-06-2025,14-06-2025,2025-08,AUS01,5610,CC3100,MKT,GCP,INV76361,PO9225,AUD,30803.69,GST,Payment for goods,Manual Entry
TXN000879,09-01-2026,31-12-2025,2026-01,AUS01,5620,CC1000,FIN,Deloitte Touche,INV32795,PO5806,AUD,31449.92,EXPORT,Payment for goods,SAP
TXN000880,01/10/2026,01/03/2026,2026-01,AUS01,5100,CC1200,TAS,Salesforce,INV10746,PO3893,USD,21748.36,GST-FREE,Payment for consulting,SAP
TXN000881,10/01/2026,08/01/2026,2026-01,AUS01,5310,CC4100,VIC,Hays,INV23308,,USD,32150.87,GST,Payment for goods,API Import
TXN000882,2025-08-19,2025-08-11,2025-08,AUS01,5500,CC3000,MKT,Telstra Corp,INV93208,PO7858,AUD,31907.56,INPUT,Payment for consulting,SAP
TXN000883,09-03-2025,28-03-2025,2025-08,AUS01,5710,CC3100,HR,Salesforce,INV72210,PO4985,AUD,4017.21,INPUT,Payment for goods,SAP
TXN000884,01/03/2025,27-03-2025,2025-08,AUS01,5600,CC1200,HR,SAP,INV83055,,GBP,29727.8,INPUT,Payment for services,Oracle
TXN000885,19-05-2025,17-05-2025,2025-08,AUS01,5520,CC1000,MKT,ServiceNow Inc,INV61211,,USD,6717.69,GST-FREE,Payment for services,API Import
TXN000886,2026-08-26,2026-08-24,2026-08,AUS01,5510,CC2100,MKT,AWS,INV51881,PO8870,NZD,39629.27,GST-FREE,Payment for goods,Oracle
TXN000887,22-01-2026,14-01-2026,2026-01,AUS01,5500,CC2000,MKT,GCP,INV29151,PO9353,USD,17514.8,GST,Payment for goods,SAP
TXN000888,2025-08-16,2025-08-06,2025-08,AUS01,5120,CC2000,SA,AusPost,INV63266,,NZD,42198.62,INPUT,Payment for consulting,SAP
TXN000889,03/28/2026,03/21/2026,2026-08,AUS01,5000,CC2000,HR,Regus Australia,INV26688,PO9348,GBP,20297.29,GST-FREE,Payment for consulting,Oracle
TXN000890,08/08/2025,08/30/2025,2025-08,AUS01,5810,CC1100,R&D,Telstra Corp,INV29079,PO1654,AUD,18837.51,GST,Payment for subscription,Workday
TXN000891,03/13/2026,03/05/2026,2026-08,AUS01,5620,CC3000,SA,EY Australia,INV77035,PO3248,NZD,41377.77,EXPORT,Payment for consulting,Workday
TXN000892,03-03-2026,28-01-2026,2026-08,AUS01,5520,CC4000,MKT,Salesforce,INV47872,PO4732,NZD,28347.55,INPUT,Payment for subscription,Workday
TXN000893,08-03-2026,02-03-2026,2026-08,AUS01,5300,CC2000,OPS,BCG,INV97776,PO3281,GBP,12605.64,EXPORT,Payment for subscription,Oracle
TXN000894,03/22/2026,03/13/2026,2026-08,AUS01,5520,CC3000,MKT,Workday,INV25363,PO5775,GBP,26220.53,GST-FREE,Payment for goods,Oracle
TXN000895,03/20/2026,03/17/2026,2026-08,AUS01,5620,CC3200,IT,Regus Australia,INV84473,PO6593,USD,17684.2,INPUT,Payment for goods,Workday
TXN000896,2026-01-20,2026-01-15,2026-01,AUS01,5100,CC3100,IT,DHL Express,INV74887,PO5539,AUD,3087.93,INPUT,Payment for license,API Import
TXN000897,14/01/2026,09/01/2026,2026-01,AUS01,5010,CC3100,QLD,Hays,INV51044,,AUD,21488.93,EXPORT,Payment for goods,SAP
TXN000898,2026-01-12,2026-01-11,2026-01,AUS01,5920,CC1100,WA,PWC,INV26701,PO7934,AUD,24727.23,INPUT,Payment for goods,SAP
TXN000899,2025-08-22,2025-08-21,2025-08,AUS01,5100,CC3000,OPS,PWC,INV38893,PO5370,NZD,19398.14,GST-FREE,Payment for license,Workday
TXN000900,27-03-2026,24-03-2026,2026-08,AUS01,5000,CC4000,VIC,McKinsey,INV36626,PO1285,USD,7815.72,EXPORT,Payment for goods,SAP
TXN000901,01/19/2026,01/11/2026,2026-01,AUS01,5100,CC1100,QLD,Accenture Pty,INV89902,,GBP,10021.71,EXPORT,Payment for goods,Oracle
TXN000902,2026-01-09,2026-01-08,2026-01,AUS01,5210,CC2100,IT,Telstra Corp,INV23155,PO7693,GBP,20132.82,GST-FREE,Payment for consulting,Manual Entry
TXN000903,05-01-2026,26-12-2025,2026-01,AUS01,5810,CC3100,VIC,Amazon,INV67232,PO9584,NZD,9310.28,EXPORT,Payment for subscription,Workday
TXN000904,01-01-2026,23-12-2025,2026-01,AUS01,5610,CC3100,IT,Optus Pty,INV88768,PO7187,USD,16845.95,GST,Payment for goods,Manual Entry
TXN000905,07-03-2026,01-03-2026,2026-08,AUS01,5320,CC3100,OPS,PWC,INV59734,PO8695,USD,32200.53,GST-FREE,Payment for services,API Import
TXN000906,2026-01-08,2025-12-31,2026-01,AUS01,5710,CC1000,OPS,Federal Express,INV74350,PO8296,NZD,16242.47,GST,Payment for consulting,SAP
TXN000907,03/14/2026,03/08/2026,2026-08,AUS01,5210,CC2100,IT,Regus Australia,INV38722,PO9473,NZD,21586.03,GST-FREE,Payment for license,API Import
TXN000908,26/08/2025,25/08/2025,2025-08,AUS01,5400,CC3000,QLD,MSFT,INV22108,PO1820,USD,4139.77,GST-FREE,Payment for subscription,SAP
TXN000909,01/17/2026,01/09/2026,2026-01,AUS01,5110,CC2100,R&D,Zoom,INV40027,PO3730,GBP,12605.25,GST-FREE,Payment for license,SAP
TXN000910,2026-08-08,2026-01-29,2026-08,AUS01,5010,CC4100,SA,Oracle,INV32010,,NZD,24702.44,EXPORT,Payment for goods,API Import
TXN000911,2025-10-23,2025-10-21,2025-10,AUS01,5810,CC1100,QLD,PWC,INV82540,PO3931,USD,24074.5,EXPORT,Payment for goods,API Import
TXN000912,08/01/2026,05/01/2026,2026-01,AUS01,5310,CC1200,CORP,PWC,INV61616,,AUD,22591.0,GST,Payment for services,Manual Entry
TXN000913,05-03-2026,01-03-2026,2026-08,AUS01,5920,CC4100,HR,Regus Australia,INV32956,PO5066,NZD,20861.99,EXPORT,Payment for goods,API Import
TXN000914,2026-08-25,2026-08-23,2026-08,AUS01,5400,CC1200,CORP,AWS,INV98804,PO9871,NZD,20788.69,EXPORT,Payment for consulting,API Import
TXN000915,10/15/2025,10/05/2025,2025-10,AUS01,5600,CC3100,OPS,Deloitte Touche,INV26546,PO4389,GBP,7593.61,EXPORT,Payment for services,API Import
TXN000916,01/12/2026,01/10/2026,2026-01,AUS01,5610,CC3100,CORP,Federal Express,INV51228,PO1262,GBP,13548.36,GST,Payment for goods,Manual Entry
TXN000917,25-03-2026,17-03-2026,2026-08,AUS01,5920,CC4100,WA,Slack,INV12146,PO8193,NZD,17896.6,GST-FREE,Payment for subscription,Manual Entry
TXN000918,13-03-2025,05-03-2025,2025-08,AUS01,5320,CC2000,FIN,LinkedIn Corp,INV42160,PO2659,USD,18769.42,GST,Payment for subscription,Workday
TXN000919,02-03-2026,01/25/2026,2026-08,AUS01,5400,CC3100,WA,Salesforce,INV15311,PO8855,NZD,16029.37,EXPORT,Payment for services,Workday
TXN000920,11-03-2025,06-03-2025,2025-08,AUS01,5510,CC1200,MKT,AWS,INV17849,,AUD,6652.66,INPUT,Payment for goods,API Import
TXN000921,2026-08-12,2026-08-04,2026-08,AUS01,5400,CC3000,CORP,LinkedIn Corp,INV58230,,NZD,28017.59,INPUT,Payment for license,API Import
TXN000922,04-08-2025,27-07-2025,2025-08,AUS01,5410,CC4000,SA,Microsoft,INV59535,PO8206,AUD,44939.14,GST-FREE,Payment for subscription,Oracle
TXN000923,05/01/2026,03/01/2026,2026-01,AUS01,5610,CC3100,IT,PWC,INV49703,,GBP,9988.67,GST,Payment for goods,Oracle
TXN000924,14/01/2026,08/01/2026,2026-01,AUS01,5900,CC1200,QLD,Telstra Corp,INV10074,PO3677,NZD,44570.14,GST-FREE,Payment for services,Workday
TXN000925,24-07-2025,22-07-2025,2025-08,AUS01,5210,CC3200,IT,Adobe,INV54923,PO7096,GBP,5229.24,EXPORT,Payment for consulting,Workday
TXN000926,08/19/2025,08/13/2025,2025-08,AUS01,5510,CC1200,MKT,PWC,INV66868,PO6376,USD,10256.33,GST,Payment for license,Workday
TXN000927,16-01-2026,15-01-2026,2026-01,AUS01,5600,CC2100,ACT,Deloitte Touche,INV38698,PO5075,AUD,37100.7,GST-FREE,Payment for consulting,Oracle
TXN000928,01/04/2026,12/28/2025,2026-01,AUS01,5800,CC3100,TAS,AusPost,INV31292,PO2086,NZD,13528.9,GST-FREE,Payment for subscription,SAP
TXN000929,14-01-2026,07-01-2026,2026-01,AUS01,5110,CC3100,VIC,Seek Limited,INV25496,PO8971,AUD,15086.98,INPUT,Payment for consulting,Manual Entry
TXN000930,19/05/2025,12/05/2025,2025-08,AUS01,5410,CC2000,IT,KPMG Australia,INV54054,,USD,27514.72,GST-FREE,Payment for subscription,API Import
TXN000931,2025-01-13,2025-01-11,2025-01,AUS01,5020,CC1100,QLD,AWS,INV22099,PO3488,USD,24362.63,EXPORT,Payment for services,SAP
TXN000932,16-03-2026,15-03-2026,2026-08,AUS01,5110,CC2100,HR,Regus Australia,INV15299,,NZD,30006.01,GST,Payment for subscription,Workday
TXN000933,2026-01-04,2025-12-25,2026-01,AUS01,5020,CC1000,WA,AWS,INV74272,,USD,35550.47,EXPORT,Payment for license,Workday
TXN000934,2026-01-20,2026-01-10,2026-01,AUS01,5300,CC1200,CORP,Salesforce,INV30629,PO9435,GBP,27316.93,INPUT,Payment for services,Manual Entry
TXN000935,20-03-2026,15-03-2026,2026-08,AUS01,5010,CC3100,NSW,BCG,INV57022,PO6020,USD,31301.4,EXPORT,Payment for subscription,Manual Entry
TXN000936,14-03-2025,09-03-2025,2025-08,AUS01,5700,CC3000,HR,Workday,INV14823,,USD,20811.78,GST-FREE,Payment for license,SAP
TXN000937,2026-01-05,2025-12-28,2026-01,AUS01,5110,CC1200,CORP,Salesforce,INV85926,,NZD,34689.47,INPUT,Payment for consulting,Manual Entry
TXN000938,2026-01-14,2026-01-05,2026-01,AUS01,5800,CC4100,NSW,EY Australia,INV57737,,USD,40311.97,GST,Payment for goods,Workday
TXN000939,2025-08-03,2025-08-02,2025-08,AUS01,5910,CC2100,ACT,Federal Express,INV96288,PO6301,USD,36582.09,EXPORT,Payment for consulting,Oracle
TXN000940,03/27/2026,03/20/2026,2026-08,AUS01,5700,CC3000,HR,Oracle,INV42846,PO8977,AUD,39125.92,GST-FREE,Payment for subscription,Oracle
TXN000941,02-03-2026,29/01/2026,2026-08,AUS01,5510,CC4100,MKT,Hays,INV64771,,NZD,40838.08,GST-FREE,Payment for services,Workday
TXN000942,01/23/2026,01/13/2026,2026-01,AUS01,5320,CC3000,FIN,AWS,INV37664,,AUD,21777.65,GST-FREE,Payment for license,Workday
TXN000943,17-11-2025,08-11-2025,2025-11,AUS01,5600,CC4100,TAS,SAP,INV69631,PO9964,GBP,34660.06,GST,Payment for subscription,API Import
TXN000944,25-03-2026,24-03-2026,2026-08,AUS01,5300,CC3000,OPS,Amazon,INV72195,PO7836,GBP,26560.48,GST,Payment for consulting,API Import
TXN000945,19/01/2026,13/01/2026,2026-01,AUS01,5910,CC4100,OPS,ServiceNow Inc,INV40077,PO5163,GBP,11985.05,GST,Payment for consulting,Workday
TXN000946,01/01/2026,31/12/2025,2026-01,AUS01,5210,CC3200,MKT,Accenture Pty,INV19975,PO5483,GBP,201.04,GST,Payment for license,API Import
TXN000947,2025-08-14,2025-08-05,2025-08,AUS01,5920,CC2100,MKT,MSFT,INV80004,PO5711,GBP,44500.19,GST-FREE,Payment for services,Oracle
TXN000948,03/13/2026,03/10/2026,2026-08,AUS01,5520,CC2000,MKT,AWS,INV72896,,GBP,3677.49,GST-FREE,Payment for goods,Workday
TXN000949,03/06/2026,03/01/2026,2026-08,AUS01,5410,CC1200,R&D,Telstra Corp,INV22793,PO5731,USD,32839.36,INPUT,Payment for subscription,API Import
TXN000950,2026-01-23,2026-01-21,2026-01,AUS01,5110,CC1100,VIC,AWS,INV33458,,USD,3062.6,INPUT,Payment for consulting,Workday
TXN000951,04-08-2025,26-07-2025,2025-08,AUS01,5100,CC3200,CORP,PWC,INV56299,,AUD,16096.03,GST,Payment for goods,API Import
TXN000952,2026-08-09,2026-01-30,2026-08,AUS01,5900,CC1100,VIC,Salesforce,INV78430,PO9762,USD,6647.0,GST-FREE,Payment for goods,Manual Entry
TXN000953,01/25/2026,01/24/2026,2026-01,AUS01,5310,CC3100,,Telstra Corp,INV37834,,AUD,36346.65,EXPORT,Payment for license,Manual Entry
TXN000954,2026-01-25,2026-01-21,2026-01,AUS01,5910,CC3200,QLD,LinkedIn Corp,INV36098,PO1596,GBP,14567.41,INPUT,Payment for consulting,Oracle
TXN000955,01/01/2026,12/31/2025,2026-01,AUS01,5700,CC3000,HR,BCG,INV51309,PO2396,GBP,33763.0,GST,Payment for goods,SAP
TXN000956,2025-11-20,2025-11-10,2025-11,AUS01,5110,CC3200,IT,Hays,INV93634,PO6112,NZD,5476.91,GST,Payment for license,Manual Entry
TXN000957,2026-01-10,2026-01-08,2026-01,AUS01,5010,CC2100,QLD,Slack,INV46787,PO7750,NZD,36724.63,GST-FREE,Payment for services,API Import
TXN000958,2026-08-12,2026-08-04,2026-08,AUS01,5300,CC2100,CORP,AusPost,INV52959,,AUD,1274.04,INPUT,Payment for services,Oracle
TXN000959,2025-08-17,2025-08-11,2025-08,AUS01,5100,CC1100,NT,Deloitte Touche,INV33936,PO2291,NZD,14392.2,GST,Payment for goods,SAP
TXN000960,03/09/2026,01/31/2026,2026-08,AUS01,5810,CC4000,OPS,Google,INV23164,PO1667,NZD,40793.74,INPUT,Payment for subscription,Manual Entry
TXN000961,08/03/2025,08/29/2025,2025-08,AUS01,5800,CC1000,VIC,Slack,INV24002,PO1696,AUD,4334.74,GST,Payment for consulting,Workday
TXN000962,2026-08-13,2026-08-08,2026-08,AUS01,5120,CC4100,CORP,Accenture Pty,INV94998,PO2701,AUD,15099.42,GST-FREE,Payment for services,Manual Entry
TXN000963,08/07/2025,04/07/2025,2025-08,AUS01,5800,CC4000,FIN,Accenture Pty,INV85588,PO4072,GBP,337.36,INPUT,Payment for consulting,API Import
TXN000964,2026-01-08,2026-01-01,2026-01,AUS01,5200,CC4100,IT,Federal Express,INV55123,,USD,37143.64,INPUT,Payment for license,Manual Entry
TXN000965,05/19/2025,05/14/2025,2025-08,AUS01,5210,CC4100,CORP,Atlassian Pty,INV10190,PO7644,GBP,11549.47,EXPORT,Payment for license,Oracle
TXN000966,01/24/2026,01/21/2026,2026-01,AUS01,5600,CC1200,FIN,Atlassian Pty,INV40258,PO1762,USD,6046.94,GST,Payment for services,Manual Entry
TXN000967,05-03-2026,31/01/2026,2026-08,AUS01,5100,CC4100,FIN,AWS,INV64179,,USD,32303.92,GST,Payment for goods,Manual Entry
TXN000968,05-03-2026,03-03-2026,2026-08,AUS01,5920,CC3000,HR,McKinsey,INV68118,PO3390,GBP,17104.74,INPUT,Payment for goods,Manual Entry
TXN000969,12/08/2025,08/08/2025,2025-08,AUS01,5500,CC3200,MKT,PWC,INV66792,PO2006,GBP,2297.11,GST,Payment for services,Manual Entry
TXN000970,12/17/2025,12/13/2025,2025-12,AUS01,5410,CC1100,TAS,KPMG Australia,INV65856,PO8753,USD,12826.73,GST-FREE,Payment for license,SAP
TXN000971,19-03-2026,13-03-2026,2026-08,AUS01,5300,CC2000,,Optus Pty,INV72499,PO5417,USD,31010.55,INPUT,Payment for goods,Manual Entry
TXN000972,08-06-2025,05-06-2025,2025-08,AUS01,5000,CC2000,SA,Hays,INV24394,,GBP,9927.39,GST-FREE,Payment for subscription,API Import
TXN000973,2026-08-09,2026-08-04,2026-08,AUS01,5920,CC4000,IT,EY Australia,INV41617,PO5130,GBP,1011.45,GST,Payment for goods,API Import
TXN000974,28-03-2026,20-03-2026,2026-08,AUS01,5510,CC1000,MKT,Zoom,INV84442,PO8881,AUD,14799.21,EXPORT,Payment for goods,Oracle
TXN000975,03/04/2026,01/28/2026,2026-08,AUS01,5220,CC2100,CORP,SAP,INV22594,PO4215,GBP,30175.65,INPUT,Payment for goods,Workday
TXN000976,02-03-2026,01/27/2026,2026-08,AUS01,5500,CC2000,ACT,BCG,INV19996,,GBP,10318.24,GST,Payment for goods,Oracle
TXN000977,2026-08-14,2026-08-10,2026-08,AUS01,5420,CC3100,TAS,Salesforce,INV27789,,AUD,30675.14,EXPORT,Payment for goods,Oracle
TXN000978,2026-01-12,2026-01-11,2026-01,AUS01,5220,CC1000,IT,AusPost,INV37405,,AUD,44610.07,EXPORT,Payment for goods,API Import
TXN000979,2026-08-04,2026-01-30,2026-08,AUS01,5900,CC4100,VIC,Accenture Pty,INV80919,,AUD,21472.96,INPUT,Payment for services,Manual Entry
TXN000980,27/12/2025,20/12/2025,2025-12,AUS01,5310,CC1100,OPS,Google,INV10012,PO6717,USD,41624.02,INPUT,Payment for subscription,Manual Entry
TXN000981,18/06/2025,17/06/2025,2025-08,AUS01,5800,CC1100,VIC,Amazon,INV40699,PO3939,NZD,8745.25,GST-FREE,Payment for goods,Oracle
TXN000982,07-03-2026,02-03-2026,2026-08,AUS01,5420,CC1000,MKT,Optus Pty,INV25450,PO4345,USD,27877.21,GST,Payment for subscription,Workday
TXN000983,27-03-2025,24-03-2025,2025-08,AUS01,5710,CC1100,HR,Adobe,INV59091,,GBP,17076.07,GST-FREE,Payment for goods,Manual Entry
TXN000984,2026-08-04,2026-08-01,2026-08,AUS01,5200,CC1100,MKT,Zoom,INV31782,,GBP,4968.94,GST-FREE,Payment for license,API Import
TXN000985,01/22/2026,01/14/2026,2026-01,AUS01,5120,CC4100,TAS,Workday,INV46592,PO4508,GBP,19177.4,EXPORT,Payment for services,Oracle
TXN000986,03/13/2026,03/06/2026,2026-08,AUS01,5810,CC4000,QLD,LinkedIn Corp,INV26617,PO4764,AUD,39375.14,GST,Payment for license,SAP
TXN000987,18-01-2025,11-01-2025,2025-01,AUS01,5620,CC4100,HR,Slack,INV26571,,AUD,23356.15,GST-FREE,Payment for services,API Import
TXN000988,2026-01-28,2026-01-24,2026-01,AUS01,5520,CC4000,MKT,Google,INV44033,,NZD,23675.91,GST,Payment for license,Oracle
TXN000989,27/01/2026,26/01/2026,2026-01,AUS01,5410,CC3200,HR,Workday,INV93394,,USD,36148.87,GST-FREE,Payment for goods,API Import
TXN000990,2025-08-15,2025-08-08,2025-08,AUS01,5800,CC4000,QLD,Google,INV54260,,NZD,20794.37,INPUT,Payment for services,SAP
TXN000991,2026-01-25,2026-01-24,2026-01,AUS01,5020,CC3000,NSW,Adobe,INV73016,PO2609,AUD,3810.2,GST-FREE,Payment for consulting,API Import
TXN000992,01/21/2026,01/20/2026,2026-01,AUS01,5900,CC4100,CORP,Amazon,INV59682,PO9257,USD,44479.29,INPUT,Payment for subscription,Workday
TXN000993,09/12/2025,08/12/2025,2025-12,AUS01,5520,CC1200,CORP,Seek Limited,INV29736,,NZD,22152.15,GST,Payment for subscription,API Import
TXN000994,2026-08-20,2026-08-14,2026-08,AUS01,5400,CC3200,OPS,Microsoft,INV88539,,GBP,21082.34,GST,Payment for subscription,Oracle
TXN000995,01/13/2026,01/07/2026,2026-01,AUS01,5020,CC3000,NSW,PWC,INV40907,PO5414,USD,18292.73,GST,Payment for license,Oracle
TXN000996,03/11/2026,03/10/2026,2026-08,AUS01,5320,CC2100,FIN,Adobe,INV91922,PO7663,GBP,32859.03,GST,Payment for goods,Oracle
TXN000997,14-03-2026,04-03-2026,2026-08,AUS01,5320,CC1000,OPS,Oracle,INV16158,PO7417,USD,2996.7,INPUT,Payment for subscription,API Import
TXN000998,2026-08-04,2026-01-30,2026-08,AUS01,5620,CC2100,NSW,Oracle,INV77589,,GBP,22480.28,GST-FREE,Payment for goods,API Import
TXN000999,2026-08-21,2026-08-14,2026-08,AUS01,5220,CC2000,IT,Zoom,INV91143,PO3799,AUD,6453.39,EXPORT,Payment for license,API Import
TXN001000,03/21/2026,03/14/2026,2026-08,AUS01,5300,CC1200,CORP,Amazon,INV58268,PO9656,USD,39587.13,GST-FREE,Payment for consulting,Oracle
TXN001001,03/04/2026,01/30/2026,2026-08,AUS01,5020,CC3200,QLD,Microsoft,INV30535,PO7122,GBP,13193.98,EXPORT,Payment for subscription,SAP
TXN001002,06-01-2025,02-01-2025,2025-01,AUS01,5800,CC3000,OPS,BCG,INV97643,,USD,13293.11,GST,Payment for consulting,Workday
TXN001003,03/14/2025,03/09/2025,2025-08,AUS01,5510,CC4100,MKT,Robert Half International,INV58283,,AUD,34764.46,GST,Payment for license,API Import
TXN001004,03/06/2026,01/31/2026,2026-08,AUS01,5800,CC1200,MKT,LinkedIn Corp,INV14920,,AUD,30348.13,INPUT,Payment for services,Workday
TXN001005,08/05/2025,04/05/2025,2025-08,AUS01,5200,CC3000,CORP,SAP,INV61736,PO3316,NZD,26461.76,GST,Payment for services,SAP
TXN001006,04-03-2026,26-01-2026,2026-08,AUS01,5420,CC1100,QLD,MSFT,INV92689,PO9070,USD,10925.22,GST,Payment for goods,Oracle
TXN001007,03/13/2026,03/09/2026,2026-08,AUS01,5010,CC3100,WA,Microsoft,INV52918,PO2561,AUD,43033.86,EXPORT,Payment for consulting,API Import
TXN001008,28-01-2026,19-01-2026,2026-01,AUS01,5800,CC4000,OPS,AWS,INV13482,PO1481,AUD,41026.84,GST-FREE,Payment for license,SAP
TXN001009,11-12-2025,09-12-2025,2025-12,AUS01,5520,CC1200,MKT,AWS,INV71901,PO9148,USD,31009.01,INPUT,Payment for subscription,Workday
TXN001010,2025-09-27,2025-09-20,2025-09,AUS01,5000,CC4100,HR,Workday,INV27553,PO2249,GBP,16618.93,INPUT,Payment for subscription,API Import
TXN001011,2025-08-03,2025-08-22,2025-08,AUS01,5620,CC4100,ACT,KPMG Australia,INV40323,PO8820,AUD,24311.4,GST-FREE,Payment for subscription,SAP
TXN001012,19/01/2026,12/01/2026,2026-01,AUS01,5200,CC1200,IT,Adobe,INV19633,,USD,27334.92,GST-FREE,Payment for subscription,Workday
TXN001013,11-10-2025,09-10-2025,2025-10,AUS01,5020,CC2100,QLD,Microsoft,INV15616,PO1348,NZD,5939.36,EXPORT,Payment for subscription,Oracle
TXN001014,16-03-2026,09-03-2026,2026-08,AUS01,5410,CC1000,TAS,GCP,INV12355,PO4161,AUD,33610.8,EXPORT,Payment for services,API Import
TXN001015,03/07/2026,01/31/2026,2026-08,AUS01,5400,CC4100,SA,Google,INV19526,PO4487,AUD,17444.16,EXPORT,Payment for services,Oracle
TXN001016,25/05/2025,20/05/2025,2025-08,AUS01,5310,CC3000,OPS,MSFT,INV67178,PO8952,GBP,22957.5,GST-FREE,Payment for consulting,Manual Entry
TXN001017,25/01/2026,15/01/2026,2026-01,AUS01,5200,CC4000,IT,Deloitte Touche,INV25181,,NZD,33759.88,GST,Payment for license,SAP
TXN001018,26-01-2026,22-01-2026,2026-01,AUS01,5310,CC2100,FIN,Accenture Pty,INV63406,,GBP,38841.23,GST-FREE,Payment for goods,Workday
TXN001019,2026-08-20,2026-08-19,2026-08,AUS01,5100,CC3000,MKT,Optus Pty,INV76505,PO2062,AUD,27295.12,GST,Payment for subscription,Workday
TXN001020,19-03-2026,18-03-2026,2026-08,AUS01,5710,CC3200,HR,Deloitte Touche,INV91852,PO7158,USD,18188.19,EXPORT,Payment for subscription,API Import
TXN001021,21-09-2025,19-09-2025,2025-09,AUS01,5510,CC2100,MKT,Zoom,INV29258,PO2686,NZD,26109.65,GST-FREE,Payment for subscription,SAP
TXN001022,01/25/2026,01/15/2026,2026-01,AUS01,5610,CC2000,SA,Oracle,INV48591,PO8043,USD,4965.13,GST-FREE,Payment for consulting,API Import
TXN001023,2026-01-18,2026-01-11,2026-01,AUS01,5610,CC1000,OPS,Seek Limited,INV69923,PO1500,USD,17969.92,GST,Payment for consulting,Oracle
TXN001024,24/01/2026,19/01/2026,2026-01,AUS01,5520,CC2000,MKT,ServiceNow Inc,INV95221,,NZD,30189.58,INPUT,Payment for license,Oracle
TXN001025,2025-08-22,2025-08-17,2025-08,AUS01,5910,CC1000,SA,WeWork Australia,INV28672,PO8113,GBP,39938.99,GST,Payment for subscription,SAP
TXN001026,18-03-2026,11-03-2026,2026-08,AUS01,5600,CC3000,TAS,Zoom,INV82170,PO7198,GBP,29775.25,GST,Payment for subscription,Manual Entry
TXN001027,2025-08-21,2025-08-17,2025-08,AUS01,5000,CC4000,HR,Seek Limited,INV34941,PO6139,GBP,4511.55,GST-FREE,Payment for license,Workday
TXN001028,2025-01-25,2025-01-20,2025-01,AUS01,5910,CC2000,NSW,PWC,INV87019,PO6091,GBP,24411.92,GST-FREE,Payment for license,Workday
TXN001029,2025-08-21,2025-08-20,2025-08,AUS01,5910,CC1200,SA,Seek Limited,INV88694,PO7378,USD,143.92,EXPORT,Payment for services,SAP
TXN001030,04-05-2025,25-04-2025,2025-08,AUS01,5200,CC1100,CORP,Google,INV13340,,USD,36662.69,INPUT,Payment for services,Manual Entry
TXN001031,2026-01-17,2026-01-07,2026-01,AUS01,5620,CC2100,SA,Google,INV52125,,NZD,28380.8,GST,Payment for consulting,Oracle
TXN001032,28/01/2026,18/01/2026,2026-01,AUS01,5420,CC3100,,Zoom,INV93558,,AUD,32875.94,GST-FREE,Payment for services,Manual Entry
TXN001033,15-05-2025,05-05-2025,2025-08,AUS01,5300,CC3100,FIN,Adobe,INV28314,PO7744,AUD,32172.76,EXPORT,Payment for goods,API Import
TXN001034,01/05/2026,01/04/2026,2026-01,AUS01,5520,CC1100,MKT,Hays,INV31098,PO2094,GBP,41535.02,GST,Payment for subscription,SAP
TXN001035,01/13/2026,01/11/2026,2026-01,AUS01,5200,CC2000,IT,SAP,INV51182,PO3805,GBP,10521.88,GST-FREE,Payment for goods,Workday
TXN001036,2026-08-13,2026-08-05,2026-08,AUS01,5520,CC1100,MKT,LinkedIn Corp,INV98871,,AUD,9300.78,GST-FREE,Payment for license,Oracle
TXN001037,01-06-2025,30-05-2025,2025-08,AUS01,5210,CC3100,CORP,Accenture Pty,INV81580,PO6651,NZD,6042.8,EXPORT,Payment for consulting,SAP
TXN001038,08/01/2026,30/12/2025,2026-01,AUS01,5020,CC4000,NSW,KPMG Australia,INV32111,PO6292,NZD,11980.48,GST,Payment for services,Oracle
TXN001039,28-03-2026,23-03-2026,2026-08,AUS01,5510,CC1000,MKT,GCP,INV40999,PO5098,GBP,12465.09,GST,Payment for services,Manual Entry
TXN001040,2025-11-16,2025-11-13,2025-11,AUS01,5420,CC3200,ACT,Robert Half International,INV11836,PO2511,USD,41191.16,GST,Payment for consulting,API Import
TXN001041,18/12/2025,16/12/2025,2025-12,AUS01,5620,CC2000,SA,Deloitte Touche,INV74396,PO8175,GBP,7805.72,INPUT,Payment for goods,Manual Entry
TXN001042,28-03-2026,19-03-2026,2026-08,AUS01,5210,CC1100,IT,Robert Half International,INV63533,,USD,24503.68,INPUT,Payment for goods,API Import
TXN001043,25-03-2026,24-03-2026,2026-08,AUS01,5500,CC4100,VIC,Telstra Corp,INV69450,PO2000,GBP,30665.46,GST,Payment for consulting,Manual Entry
TXN001044,08-03-2025,27-03-2025,2025-08,AUS01,5810,CC1200,IT,AWS,INV80860,,NZD,34427.67,EXPORT,Payment for goods,Oracle
TXN001045,03/08/2026,02-03-2026,2026-08,AUS01,5700,CC1200,HR,Google,INV11944,PO9832,GBP,30575.75,INPUT,Payment for consulting,SAP
TXN001046,04/22/2025,04/15/2025,2025-08,AUS01,5600,CC1200,SA,Salesforce,INV52911,PO8482,USD,3366.62,GST-FREE,Payment for license,SAP
TXN001047,01/18/2026,01/14/2026,2026-01,AUS01,5410,CC4100,MKT,KPMG Australia,INV14952,PO1555,AUD,42893.6,GST-FREE,Payment for license,Oracle
TXN001048,22-03-2026,12-03-2026,2026-08,AUS01,5710,CC2100,HR,Robert Half International,INV89376,PO9391,NZD,29211.84,INPUT,Payment for license,SAP
TXN001049,2026-08-21,2026-08-16,2026-08,AUS01,5320,CC3200,FIN,Robert Half International,INV95830,PO6848,GBP,43313.11,GST,Payment for goods,Oracle
TXN001050,18-03-2025,10-03-2025,2025-08,AUS01,5400,CC3200,CORP,SAP,INV46031,PO2277,USD,1277.18,EXPORT,Payment for license,SAP
TXN001051,24-10-2025,16-10-2025,2025-10,AUS01,5610,CC4000,QLD,Hays,INV76296,PO3521,GBP,24434.76,EXPORT,Payment for goods,Workday
TXN001052,17-03-2026,09-03-2026,2026-08,AUS01,5800,CC1000,CORP,McKinsey,INV99435,PO4890,AUD,17996.86,GST-FREE,Payment for subscription,SAP
TXN001053,12/23/2025,12/22/2025,2025-12,AUS01,5700,CC3000,HR,Federal Express,INV99864,PO1627,GBP,32773.22,INPUT,Payment for services,SAP
TXN001054,03/06/2026,01/28/2026,2026-08,AUS01,5120,CC3000,VIC,Regus Australia,INV70383,PO4213,NZD,11379.14,EXPORT,Payment for goods,Workday
TXN001055,03/27/2026,03/24/2026,2026-08,AUS01,5620,CC2000,R&D,Slack,INV35502,PO2689,NZD,35550.13,GST-FREE,Payment for subscription,Manual Entry
TXN001056,01/06/2026,01/04/2026,2026-01,AUS01,5700,CC3000,HR,Oracle,INV33317,PO6625,NZD,32536.7,EXPORT,Payment for consulting,Oracle
TXN001057,19/01/2026,12/01/2026,2026-01,AUS01,5600,CC2000,MKT,ServiceNow Inc,INV23398,,NZD,23885.37,INPUT,Payment for license,SAP
TXN001058,18-03-2026,12-03-2026,2026-08,AUS01,5320,CC1000,QLD,Hays,INV12048,PO8991,NZD,43036.03,INPUT,Payment for subscription,Workday
TXN001059,2026-08-08,2026-08-04,2026-08,AUS01,5300,CC4100,FIN,Atlassian Pty,INV73074,PO3700,AUD,41691.71,GST,Payment for services,Oracle
TXN001060,09/17/2025,09/07/2025,2025-09,AUS01,5210,CC2100,IT,Microsoft,INV61711,PO6328,AUD,37751.47,GST-FREE,Payment for subscription,Manual Entry
TXN001061,01/04/2026,12/29/2025,2026-01,AUS01,5200,CC1100,IT,Workday,INV64982,PO9593,USD,16538.34,GST-FREE,Payment for services,Oracle
TXN001062,26-01-2026,18-01-2026,2026-01,AUS01,5920,CC3000,SA,Microsoft,INV29619,PO2787,AUD,43195.03,INPUT,Payment for subscription,SAP
TXN001063,02-03-2026,01/30/2026,2026-08,AUS01,5420,CC3100,QLD,Atlassian Pty,INV72654,,GBP,25310.7,GST-FREE,Payment for subscription,Oracle
TXN001064,03/08/2026,03/01/2026,2026-08,AUS01,5120,CC1200,CORP,BCG,INV86489,PO8369,GBP,18782.13,INPUT,Payment for license,Manual Entry
TXN001065,01/09/2025,01/06/2025,2025-01,AUS01,5110,CC3200,,BCG,INV80955,PO7913,NZD,44243.61,INPUT,Payment for subscription,Workday
TXN001066,03/26/2026,03/23/2026,2026-08,AUS01,5510,CC1200,MKT,EY Australia,INV53554,,AUD,43546.78,EXPORT,Payment for services,SAP
TXN001067,03/01/2026,28/12/2025,2026-01,AUS01,5320,CC2000,OPS,ServiceNow Inc,INV94233,PO2896,AUD,43134.91,GST-FREE,Payment for subscription,Workday
TXN001068,03/01/2026,03/01/2026,2026-01,AUS01,5310,CC3000,SA,Seek Limited,INV82816,PO2644,AUD,23528.23,EXPORT,Payment for subscription,Workday
TXN001069,10-03-2026,03-03-2026,2026-08,AUS01,5600,CC4100,VIC,Hays,INV65452,PO8226,USD,22531.34,GST-FREE,Payment for subscription,Manual Entry
TXN001070,2026-01-05,2026-01-02,2026-01,AUS01,5320,CC4000,OPS,Adobe,INV78921,,NZD,13027.31,GST,Payment for goods,API Import
TXN001071,2025-08-26,2025-08-23,2025-08,AUS01,5200,CC1100,CORP,Slack,INV92170,PO2517,USD,27335.41,GST,Payment for services,Manual Entry
TXN001072,2026-01-24,2026-01-22,2026-01,AUS01,5510,CC2000,MKT,AusPost,INV82449,PO1396,NZD,22080.25,GST-FREE,Payment for license,Oracle
TXN001073,25-01-2026,18-01-2026,2026-01,AUS01,5510,CC1100,MKT,LinkedIn Corp,INV72924,PO5265,USD,35432.84,INPUT,Payment for subscription,API Import
TXN001074,03/21/2026,03/13/2026,2026-08,AUS01,5110,CC3100,IT,Zoom,INV76968,PO8431,AUD,14712.0,GST,Payment for consulting,API Import
TXN001075,2025-08-08,2025-08-01,2025-08,AUS01,5010,CC4000,HR,Oracle,INV33009,,GBP,43219.74,EXPORT,Payment for goods,Oracle
TXN001076,15-03-2026,05-03-2026,2026-08,AUS01,5620,CC4100,QLD,Oracle,INV30341,PO4507,AUD,14729.44,GST-FREE,Payment for consulting,Oracle
TXN001077,04-03-2026,29-01-2026,2026-08,AUS01,5700,CC4100,HR,Salesforce,INV40992,PO6326,NZD,10708.62,GST-FREE,Payment for subscription,Oracle
TXN001078,26-03-2026,20-03-2026,2026-08,AUS01,5520,CC2100,MKT,PWC,INV74631,,GBP,5584.83,EXPORT,Payment for consulting,Workday
TXN001079,2026-08-08,2026-01-29,2026-08,AUS01,5310,CC2100,SA,Deloitte Touche,INV33653,PO8189,GBP,27543.46,GST,Payment for services,Oracle
TXN001080,19/01/2026,11/01/2026,2026-01,AUS01,5020,CC1200,SA,MSFT,INV79074,PO2843,NZD,11167.37,EXPORT,Payment for goods,Manual Entry
TXN001081,03/23/2025,03/20/2025,2025-08,AUS01,5600,CC4000,QLD,Accenture Pty,INV27657,PO7506,USD,6800.86,GST,Payment for services,API Import
TXN001082,08/01/2026,08/01/2026,2026-01,AUS01,5010,CC2100,VIC,Hays,INV55785,PO7098,GBP,23386.22,EXPORT,Payment for license,Workday
TXN001083,08/11/2025,28/10/2025,2025-11,AUS01,5400,CC1000,R&D,Microsoft,INV40970,PO2343,USD,878.43,INPUT,Payment for license,API Import
TXN001084,2026-01-11,2026-01-03,2026-01,AUS01,5020,CC3000,VIC,Adobe,INV12993,PO3743,USD,39253.1,GST,Payment for license,Workday
TXN001085,2026-01-22,2026-01-20,2026-01,AUS01,5300,CC2000,,Seek Limited,INV17430,PO4216,NZD,29453.59,GST-FREE,Payment for services,API Import
TXN001086,14-01-2026,12-01-2026,2026-01,AUS01,5200,CC4100,IT,Hays,INV29029,PO3472,AUD,27430.5,GST,Payment for goods,SAP
TXN001087,07-03-2026,05-03-2026,2026-08,AUS01,5920,CC3200,MKT,AusPost,INV17012,,GBP,33894.43,GST-FREE,Payment for services,SAP
TXN001088,04-03-2026,28-01-2026,2026-08,AUS01,5100,CC1200,IT,Oracle,INV68522,,AUD,5530.96,GST,Payment for subscription,API Import
TXN001089,25-06-2025,21-06-2025,2025-08,AUS01,5200,CC4100,IT,Workday,INV66550,PO4414,AUD,13283.19,GST-FREE,Payment for license,SAP
TXN001090,22/04/2025,14/04/2025,2025-08,AUS01,5620,CC2100,HR,GCP,INV33086,,USD,34419.77,INPUT,Payment for subscription,SAP
TXN001091,26-03-2025,17-03-2025,2025-08,AUS01,5110,CC3000,SA,AWS,INV88161,,NZD,44191.07,GST-FREE,Payment for goods,SAP
TXN001092,27/01/2026,21/01/2026,2026-01,AUS01,5320,CC3100,HR,Salesforce,INV97418,PO6656,AUD,36260.76,GST-FREE,Payment for goods,API Import
TXN001093,2026-08-16,2026-08-14,2026-08,AUS01,5210,CC3200,IT,Atlassian Pty,INV57056,PO9841,USD,12468.24,EXPORT,Payment for subscription,Manual Entry
TXN001094,10/01/2026,08/01/2026,2026-01,AUS01,5920,CC1000,QLD,Deloitte Touche,INV13361,,AUD,39975.79,GST-FREE,Payment for consulting,SAP
TXN001095,2026-01-14,2026-01-08,2026-01,AUS01,5610,CC1200,FIN,Seek Limited,INV17904,,USD,25133.03,INPUT,Payment for license,SAP
TXN001096,2026-01-15,2026-01-08,2026-01,AUS01,5410,CC4100,HR,Amazon,INV46883,PO2753,GBP,10346.24,GST-FREE,Payment for subscription,Workday
TXN001097,09/10/2025,08/10/2025,2025-10,AUS01,5210,CC2100,CORP,Microsoft,INV90758,PO7644,USD,2733.29,GST,Payment for consulting,API Import
TXN001098,25-08-2025,19-08-2025,2025-08,AUS01,5410,CC2100,FIN,Salesforce,INV58754,,NZD,19982.27,INPUT,Payment for goods,Oracle
TXN001099,09-03-2026,07-03-2026,2026-08,AUS01,5110,CC2100,HR,LinkedIn Corp,INV82737,,GBP,222.67,GST,Payment for services,API Import
TXN001100,2025-08-04,2025-08-31,2025-08,AUS01,5000,CC3100,NSW,ServiceNow Inc,INV21793,PO7943,AUD,20274.73,INPUT,Payment for license,SAP
TXN001101,2025-08-18,2025-08-09,2025-08,AUS01,5100,CC3000,OPS,Optus Pty,INV24179,PO1996,AUD,6751.13,GST,Payment for consulting,SAP
TXN001102,2025-08-07,2025-08-31,2025-08,AUS01,5420,CC1100,FIN,Accenture Pty,INV53534,,AUD,20841.38,GST-FREE,Payment for services,Workday
TXN001103,09/12/2025,09/04/2025,2025-09,AUS01,5300,CC2000,CORP,DHL Express,INV13249,,USD,5227.84,GST-FREE,Payment for consulting,Oracle
TXN001104,01/12/2025,01/04/2025,2025-01,AUS01,5410,CC3100,ACT,Deloitte Touche,INV83565,,GBP,1432.81,GST,Payment for goods,Oracle
TXN001105,20-03-2025,17-03-2025,2025-08,AUS01,5910,CC3200,NSW,Deloitte Touche,INV29518,,GBP,40044.68,EXPORT,Payment for license,SAP
TXN001106,17-03-2026,14-03-2026,2026-08,AUS01,5710,CC3200,HR,Amazon,INV62819,PO2641,AUD,2685.38,INPUT,Payment for subscription,Workday
TXN001107,2026-08-21,2026-08-19,2026-08,AUS01,5900,CC1100,SA,MSFT,INV26295,PO1611,GBP,26524.29,EXPORT,Payment for services,Workday
TXN001108,19-03-2026,10-03-2026,2026-08,AUS01,5810,CC4000,SA,Salesforce,INV42675,PO2077,NZD,25880.18,INPUT,Payment for subscription,Oracle
TXN001109,01-03-2026,12/23/2025,2026-01,AUS01,5610,CC4000,OPS,Microsoft,INV61773,PO9670,NZD,29131.62,EXPORT,Payment for consulting,Oracle
TXN001110,2025-12-21,2025-12-17,2025-12,AUS01,5420,CC4100,ACT,Optus Pty,INV89034,PO5794,AUD,36633.57,EXPORT,Payment for services,Manual Entry
TXN001111,2026-01-13,2026-01-10,2026-01,AUS01,5200,CC3200,IT,KPMG Australia,INV42537,,AUD,21877.46,INPUT,Payment for goods,Workday
TXN001112,14-03-2026,10-03-2026,2026-08,AUS01,5800,CC4000,QLD,KPMG Australia,INV11921,,AUD,44805.61,EXPORT,Payment for subscription,Oracle
TXN001113,14/01/2026,13/01/2026,2026-01,AUS01,5200,CC3200,CORP,MSFT,INV23853,,GBP,36909.64,GST-FREE,Payment for services,Oracle
TXN001114,2026-01-22,2026-01-17,2026-01,AUS01,5100,CC4000,TAS,Google,INV29215,PO2368,USD,16685.03,EXPORT,Payment for consulting,SAP
TXN001115,12/24/2025,12/15/2025,2025-12,AUS01,5000,CC1100,QLD,DHL Express,INV31065,PO8393,NZD,13754.72,GST-FREE,Payment for subscription,API Import
TXN001116,17-03-2026,07-03-2026,2026-08,AUS01,5420,CC4000,TAS,Regus Australia,INV18089,PO5251,GBP,41969.56,GST-FREE,Payment for license,SAP
TXN001117,14-01-2026,08-01-2026,2026-01,AUS01,5500,CC1100,MKT,Oracle,INV49263,PO2499,USD,17173.22,GST,Payment for services,Oracle
TXN001118,17-03-2026,07-03-2026,2026-08,AUS01,5220,CC1200,CORP,Telstra Corp,INV85837,PO8817,USD,20904.82,EXPORT,Payment for services,Workday
TXN001119,02-03-2026,01/29/2026,2026-08,AUS01,5710,CC1100,CORP,Deloitte Touche,INV24744,PO1721,AUD,35576.24,EXPORT,Payment for consulting,API Import
TXN001120,21-03-2026,18-03-2026,2026-08,AUS01,5500,CC2100,MKT,ServiceNow Inc,INV24025,PO8540,NZD,32556.65,INPUT,Payment for license,Manual Entry
TXN001121,11/06/2025,11/05/2025,2025-11,AUS01,5610,CC3100,TAS,KPMG Australia,INV44711,PO8033,GBP,17329.51,GST-FREE,Payment for services,Workday
TXN001122,01/15/2026,01/12/2026,2026-01,AUS01,5020,CC3200,NSW,AWS,INV60585,,USD,25281.41,GST,Payment for subscription,API Import
TXN001123,25/03/2025,18/03/2025,2025-08,AUS01,5220,CC4000,IT,Slack,INV44854,PO9727,AUD,22663.72,GST-FREE,Payment for license,Oracle
TXN001124,2026-01-20,2026-01-13,2026-01,AUS01,5110,CC2100,NSW,DHL Express,INV88897,PO7961,GBP,6895.11,EXPORT,Payment for services,API Import
TXN001125,2025-08-27,2025-08-25,2025-08,AUS01,5300,CC1100,ACT,Workday,INV56890,PO3674,AUD,26433.76,GST-FREE,Payment for goods,Manual Entry
TXN001126,04/01/2026,31/12/2025,2026-01,AUS01,5500,CC3100,MKT,AWS,INV15739,PO6262,NZD,8477.46,GST-FREE,Payment for license,API Import
TXN001127,04-03-2026,29-01-2026,2026-08,AUS01,5810,CC1000,ACT,Adobe,INV49595,PO5295,NZD,40798.67,INPUT,Payment for services,API Import
TXN001128,04-07-2025,28-06-2025,2025-08,AUS01,5620,CC1000,R&D,SAP,INV62699,PO8701,NZD,12384.64,EXPORT,Payment for consulting,SAP
TXN001129,25/01/2026,20/01/2026,2026-01,AUS01,5610,CC4000,R&D,Microsoft,INV82240,,AUD,38996.81,EXPORT,Payment for subscription,SAP
TXN001130,01/15/2026,01/08/2026,2026-01,AUS01,5510,CC1100,MKT,ServiceNow Inc,INV92128,PO5342,NZD,28052.38,EXPORT,Payment for license,Manual Entry
TXN001131,20/06/2025,10/06/2025,2025-08,AUS01,5400,CC4100,TAS,Optus Pty,INV84346,PO2479,NZD,41870.91,EXPORT,Payment for subscription,Workday
TXN001132,03/19/2026,03/13/2026,2026-08,AUS01,5900,CC1000,QLD,Atlassian Pty,INV17679,PO8827,AUD,27655.0,GST-FREE,Payment for subscription,Oracle
TXN001133,23-03-2025,22-03-2025,2025-08,AUS01,5320,CC1100,OPS,Salesforce,INV39762,PO9811,GBP,3629.42,GST,Payment for license,Manual Entry
TXN001134,07-10-2025,01-10-2025,2025-10,AUS01,5210,CC3100,CORP,Slack,INV52946,PO1914,AUD,23208.58,INPUT,Payment for consulting,Manual Entry
TXN001135,2026-01-01,2025-12-31,2026-01,AUS01,5610,CC4100,VIC,EY Australia,INV33452,,USD,13512.23,INPUT,Payment for consulting,Manual Entry
TXN001136,03/22/2026,03/13/2026,2026-08,AUS01,5610,CC3100,IT,Telstra Corp,INV67121,,GBP,18529.67,INPUT,Payment for services,Workday
TXN001137,11-08-2025,05-08-2025,2025-08,AUS01,5500,CC3200,MKT,BCG,INV51803,PO4150,AUD,25747.34,INPUT,Payment for license,API Import
TXN001138,01-03-2026,29-01-2026,2026-08,AUS01,5210,CC3000,CORP,Deloitte Touche,INV93038,,GBP,39427.27,GST-FREE,Payment for consulting,Workday
TXN001139,09/23/2025,09/22/2025,2025-09,AUS01,5100,CC3100,VIC,BCG,INV11200,PO7971,NZD,10377.71,GST,Payment for goods,Oracle
TXN001140,04/01/2026,01/01/2026,2026-01,AUS01,5300,CC1200,OPS,Optus Pty,INV96067,PO7573,GBP,43398.6,EXPORT,Payment for goods,Workday
TXN001141,2026-01-20,2026-01-13,2026-01,AUS01,5000,CC1100,HR,Google,INV22097,PO9247,USD,12713.78,GST,Payment for subscription,API Import
TXN001142,26-01-2026,25-01-2026,2026-01,AUS01,5000,CC4000,QLD,AWS,INV73071,PO3094,AUD,21408.88,EXPORT,Payment for goods,SAP
TXN001143,01/06/2026,12/29/2025,2026-01,AUS01,5900,CC1000,R&D,PWC,INV44487,PO7963,GBP,6157.46,EXPORT,Payment for services,Oracle
TXN001144,2026-01-24,2026-01-21,2026-01,AUS01,5010,CC2000,MKT,Deloitte Touche,INV54846,,USD,33120.17,EXPORT,Payment for subscription,API Import
TXN001145,24-01-2026,15-01-2026,2026-01,AUS01,5010,CC3200,,WeWork Australia,INV77378,,USD,16645.46,INPUT,Payment for goods,SAP
TXN001146,22-03-2026,13-03-2026,2026-08,AUS01,5310,CC2100,FIN,Regus Australia,INV43353,PO7019,NZD,2216.99,EXPORT,Payment for subscription,Manual Entry
TXN001147,11/04/2025,08/04/2025,2025-08,AUS01,5920,CC1100,TAS,Atlassian Pty,INV68648,,USD,42506.45,GST-FREE,Payment for license,API Import
TXN001148,25-01-2026,15-01-2026,2026-01,AUS01,5800,CC1100,IT,Optus Pty,INV37037,,GBP,40562.55,EXPORT,Payment for subscription,Oracle
TXN001149,16-03-2026,15-03-2026,2026-08,AUS01,5200,CC4000,OPS,Federal Express,INV56351,PO9894,USD,36902.18,EXPORT,Payment for services,SAP
TXN001150,20-01-2026,16-01-2026,2026-01,AUS01,5910,CC1000,TAS,Deloitte Touche,INV14351,PO4760,NZD,32192.64,GST-FREE,Payment for subscription,API Import
TXN001151,17/01/2026,12/01/2026,2026-01,AUS01,5610,CC2000,VIC,BCG,INV14687,PO2701,USD,39661.24,GST,Payment for license,SAP
TXN001152,23-06-2025,15-06-2025,2025-08,AUS01,5500,CC4000,MKT,KPMG Australia,INV32577,,AUD,37930.95,INPUT,Payment for subscription,Workday
TXN001153,01/09/2026,01-03-2026,2026-01,AUS01,5010,CC4000,SA,Workday,INV89005,PO8378,NZD,31010.69,EXPORT,Payment for license,SAP
TXN001154,01/01/2026,12/28/2025,2026-01,AUS01,5620,CC4100,FIN,Atlassian Pty,INV80630,PO7972,USD,24194.73,INPUT,Payment for license,API Import
TXN001155,17/05/2025,08/05/2025,2025-08,AUS01,5010,CC2100,NSW,McKinsey,INV72828,,GBP,26087.01,GST-FREE,Payment for consulting,Oracle
TXN001156,09-01-2026,05-01-2026,2026-01,AUS01,5010,CC1100,FIN,Federal Express,INV36703,PO4709,NZD,7958.83,GST-FREE,Payment for license,Manual Entry
TXN001157,06-03-2026,02-03-2026,2026-08,AUS01,5600,CC1100,QLD,Zoom,INV13943,PO3574,AUD,44341.34,EXPORT,Payment for license,Oracle
TXN001158,2026-08-06,2026-01-27,2026-08,AUS01,5520,CC2000,MKT,Adobe,INV11953,,USD,5538.58,GST,Payment for goods,SAP
TXN001159,2026-01-01,2025-12-23,2026-01,AUS01,5400,CC3200,IT,Telstra Corp,INV76574,PO8878,GBP,5246.18,GST,Payment for consulting,SAP
TXN001160,2025-08-01,2025-08-24,2025-08,AUS01,5200,CC3000,IT,Federal Express,INV82487,,AUD,13065.5,GST-FREE,Payment for subscription,Oracle
TXN001161,2026-08-21,2026-08-11,2026-08,AUS01,5510,CC1000,MKT,Seek Limited,INV35557,PO7695,NZD,19009.19,GST-FREE,Payment for license,Workday
TXN001162,2025-08-27,2025-08-26,2025-08,AUS01,5000,CC2000,SA,Amazon,INV33904,,GBP,37605.02,EXPORT,Payment for subscription,Workday
TXN001163,24-01-2026,16-01-2026,2026-01,AUS01,5910,CC1100,VIC,BCG,INV67135,PO7388,AUD,40641.98,GST,Payment for consulting,Workday
TXN001164,2026-08-03,2026-08-02,2026-08,AUS01,5620,CC3100,IT,Regus Australia,INV39464,PO1025,NZD,39050.92,GST,Payment for consulting,API Import
TXN001165,2025-08-11,2025-08-04,2025-08,AUS01,5610,CC4100,OPS,PWC,INV58140,PO4189,GBP,1983.9,GST,Payment for consulting,Manual Entry
TXN001166,18/12/2025,13/12/2025,2025-12,AUS01,5520,CC1200,MKT,Federal Express,INV12021,PO9846,GBP,7252.82,EXPORT,Payment for consulting,API Import
TXN001167,2026-01-18,2026-01-10,2026-01,AUS01,5510,CC3200,MKT,Salesforce,INV33672,PO2270,NZD,1475.51,EXPORT,Payment for license,Manual Entry
TXN001168,2026-08-13,2026-08-03,2026-08,AUS01,5210,CC1200,IT,Amazon,INV69579,PO9552,AUD,6058.28,INPUT,Payment for license,API Import
TXN001169,27/01/2026,20/01/2026,2026-01,AUS01,5000,CC2100,SA,Google,INV28245,PO8552,AUD,34271.25,INPUT,Payment for subscription,Workday
TXN001170,04/17/2025,04/15/2025,2025-08,AUS01,5420,CC3200,ACT,LinkedIn Corp,INV73999,,NZD,31802.38,GST-FREE,Payment for license,Oracle
TXN001171,2026-08-26,2026-08-24,2026-08,AUS01,5520,CC4000,MKT,Zoom,INV28057,PO3900,NZD,4226.4,EXPORT,Payment for goods,Oracle
TXN001172,20-01-2026,14-01-2026,2026-01,AUS01,5510,CC4100,MKT,Salesforce,INV58030,,GBP,2497.42,INPUT,Payment for goods,SAP
TXN001173,03/27/2025,03/22/2025,2025-08,AUS01,5320,CC3200,FIN,Microsoft,INV10378,PO3318,NZD,19636.78,GST-FREE,Payment for goods,Workday
TXN001174,2026-01-16,2026-01-06,2026-01,AUS01,5000,CC1000,SA,Salesforce,INV63740,,GBP,9958.12,INPUT,Payment for services,Manual Entry
TXN001175,06-03-2026,03-03-2026,2026-08,AUS01,5220,CC3200,CORP,Oracle,INV46699,,USD,41387.45,INPUT,Payment for services,Manual Entry
TXN001176,17-03-2026,14-03-2026,2026-08,AUS01,5710,CC2100,HR,Optus Pty,INV19501,PO9884,USD,4145.02,EXPORT,Payment for subscription,SAP
TXN001177,2025-08-16,2025-08-15,2025-08,AUS01,5900,CC3000,TAS,MSFT,INV10134,PO8599,AUD,5315.97,INPUT,Payment for services,SAP
TXN001178,11-03-2026,04-03-2026,2026-08,AUS01,5020,CC1000,NSW,Regus Australia,INV16978,PO3230,USD,42620.49,EXPORT,Payment for goods,SAP
TXN001179,02-01-2025,31-12-2024,2025-01,AUS01,5900,CC3100,FIN,McKinsey,INV43610,PO2419,AUD,306.7,EXPORT,Payment for license,API Import
TXN001180,10/26/2025,10/17/2025,2025-10,AUS01,5710,CC3000,HR,KPMG Australia,INV84381,PO7769,USD,36501.69,GST-FREE,Payment for license,API Import
TXN001181,19/01/2026,12/01/2026,2026-01,AUS01,5320,CC1200,OPS,Deloitte Touche,INV64187,PO2443,NZD,43049.09,GST,Payment for license,API Import
TXN001182,05-01-2026,01-01-2026,2026-01,AUS01,5900,CC2100,FIN,Google,INV14655,,USD,40586.17,GST,Payment for services,Oracle
TXN001183,12-08-2025,08-08-2025,2025-08,AUS01,5700,CC1200,HR,Salesforce,INV57178,PO9585,GBP,40168.84,GST-FREE,Payment for goods,Workday
TXN001184,28/08/2025,21/08/2025,2025-08,AUS01,5510,CC1000,MKT,DHL Express,INV15101,PO8336,NZD,44057.71,EXPORT,Payment for goods,API Import
TXN001185,18-03-2026,13-03-2026,2026-08,AUS01,5300,CC4000,OPS,Robert Half International,INV51670,PO7268,USD,24667.59,GST-FREE,Payment for subscription,Manual Entry
TXN001186,2025-08-05,2025-08-29,2025-08,AUS01,5310,CC1000,OPS,Optus Pty,INV61573,PO6497,GBP,41722.84,GST,Payment for subscription,SAP
TXN001187,12-08-2025,09-08-2025,2025-08,AUS01,5200,CC4100,OPS,Oracle,INV52539,,AUD,26773.59,INPUT,Payment for consulting,Workday
TXN001188,2025-01-24,2025-01-14,2025-01,AUS01,5100,CC2000,IT,GCP,INV76520,PO2552,AUD,44855.48,EXPORT,Payment for license,SAP
TXN001189,04/05/2025,03/31/2025,2025-08,AUS01,5710,CC3200,HR,Federal Express,INV32045,PO7653,AUD,30934.52,GST-FREE,Payment for license,Workday
TXN001190,03/08/2025,03/03/2025,2025-08,AUS01,5710,CC1100,HR,Oracle,INV33886,PO6140,AUD,40194.3,GST-FREE,Payment for license,Workday
TXN001191,2026-01-28,2026-01-27,2026-01,AUS01,5120,CC3100,QLD,MSFT,INV38127,PO3999,AUD,14445.89,INPUT,Payment for subscription,API Import
TXN001192,09-03-2026,30-01-2026,2026-08,AUS01,5310,CC1000,CORP,Optus Pty,INV23093,PO4133,NZD,2067.78,EXPORT,Payment for goods,Manual Entry
TXN001193,2026-08-20,2026-08-14,2026-08,AUS01,5710,CC4100,HR,Regus Australia,INV16310,,AUD,41114.14,GST,Payment for consulting,Workday
TXN001194,22/01/2026,17/01/2026,2026-01,AUS01,5810,CC1000,VIC,Workday,INV26522,PO4514,AUD,234.89,INPUT,Payment for consulting,SAP
TXN001195,05/17/2025,05/15/2025,2025-08,AUS01,5020,CC4000,WA,EY Australia,INV90658,PO3855,AUD,42997.99,INPUT,Payment for license,Workday
TXN001196,12/01/2026,08/01/2026,2026-01,AUS01,5700,CC4100,HR,BCG,INV19261,,USD,2152.14,EXPORT,Payment for consulting,Manual Entry
TXN001197,2026-01-19,2026-01-18,2026-01,AUS01,5400,CC4100,MKT,Telstra Corp,INV67571,PO1722,AUD,3408.58,EXPORT,Payment for goods,Manual Entry
TXN001198,03/17/2026,03/14/2026,2026-08,AUS01,5710,CC2000,HR,SAP,INV39494,,NZD,13873.38,INPUT,Payment for consulting,Manual Entry
TXN001199,15-01-2026,12-01-2026,2026-01,AUS01,5310,CC3000,OPS,AWS,INV11448,,USD,7314.54,INPUT,Payment for goods,Manual Entry
TXN001200,03/11/2026,03/08/2026,2026-08,AUS01,5400,CC1200,R&D,KPMG Australia,INV34087,PO4060,AUD,20726.09,INPUT,Payment for license,Oracle
TXN001201,08-03-2026,03-03-2026,2026-08,AUS01,5310,CC1100,OPS,Salesforce,INV84883,,AUD,33201.57,GST,Payment for consulting,SAP
TXN001202,12/03/2025,11/03/2025,2025-08,AUS01,5620,CC4000,ACT,AusPost,INV25289,,NZD,11009.61,GST-FREE,Payment for consulting,Manual Entry
TXN001203,08-03-2026,29/01/2026,2026-08,AUS01,5000,CC2100,VIC,BCG,INV52372,PO4048,GBP,15100.33,EXPORT,Payment for services,Oracle
TXN001204,19-11-2025,14-11-2025,2025-11,AUS01,5120,CC3100,TAS,Microsoft,INV64929,PO3935,USD,42900.98,GST-FREE,Payment for services,Oracle
TXN001205,05/15/2025,05/09/2025,2025-08,AUS01,5510,CC1200,MKT,Salesforce,INV13232,PO3065,NZD,20841.27,EXPORT,Payment for services,Manual Entry
TXN001206,2026-01-04,2025-12-29,2026-01,AUS01,5910,CC1200,ACT,ServiceNow Inc,INV32052,,AUD,8223.87,EXPORT,Payment for license,Oracle
TXN001207,01/03/2026,12/25/2025,2026-01,AUS01,5900,CC1100,QLD,Hays,INV66850,,AUD,30919.16,GST,Payment for services,API Import
TXN001208,14/01/2025,05/01/2025,2025-01,AUS01,5320,CC3000,OPS,Google,INV71662,,NZD,25646.98,EXPORT,Payment for services,Manual Entry
TXN001209,2026-01-18,2026-01-17,2026-01,AUS01,5810,CC3000,TAS,Accenture Pty,INV18803,PO7151,GBP,24120.51,GST-FREE,Payment for license,Oracle
TXN001210,17-01-2026,14-01-2026,2026-01,AUS01,5900,CC4000,R&D,PWC,INV17001,PO9419,NZD,43268.88,INPUT,Payment for goods,Oracle
TXN001211,24-03-2026,21-03-2026,2026-08,AUS01,5000,CC1000,HR,Oracle,INV91955,PO4746,USD,27715.38,GST-FREE,Payment for goods,Oracle
TXN001212,11-03-2025,10/31/2025,2025-11,AUS01,5220,CC2100,CORP,Hays,INV78799,PO2081,NZD,29502.03,GST-FREE,Payment for consulting,Workday
TXN001213,19/01/2026,18/01/2026,2026-01,AUS01,5700,CC1200,HR,AWS,INV16646,,USD,1721.59,GST-FREE,Payment for goods,Oracle
TXN001214,28/01/2026,25/01/2026,2026-01,AUS01,5710,CC3200,HR,Hays,INV23531,,NZD,38286.84,GST-FREE,Payment for goods,SAP
TXN001215,25-03-2026,16-03-2026,2026-08,AUS01,5020,CC3100,SA,BCG,INV35826,,AUD,18381.39,EXPORT,Payment for services,Workday
TXN001216,23/01/2026,15/01/2026,2026-01,AUS01,5420,CC3200,SA,WeWork Australia,INV90098,PO3163,GBP,40648.89,GST,Payment for services,SAP
TXN001217,21/01/2026,11/01/2026,2026-01,AUS01,5020,CC3100,HR,Salesforce,INV30856,PO9698,GBP,13504.35,GST,Payment for goods,SAP
TXN001218,2025-11-26,2025-11-21,2025-11,AUS01,5210,CC4000,CORP,PWC,INV31260,,AUD,27941.98,EXPORT,Payment for services,Oracle
TXN001219,04-01-2026,27-12-2025,2026-01,AUS01,5000,CC4000,QLD,MSFT,INV64746,PO7443,NZD,18323.24,INPUT,Payment for consulting,SAP
TXN001220,13-03-2026,06-03-2026,2026-08,AUS01,5110,CC1100,OPS,Robert Half International,INV49740,PO5173,GBP,16356.08,GST,Payment for subscription,SAP
TXN001221,15-03-2026,08-03-2026,2026-08,AUS01,5200,CC2100,CORP,SAP,INV11118,PO7175,USD,25583.12,INPUT,Payment for goods,Manual Entry
TXN001222,07-03-2026,04-03-2026,2026-08,AUS01,5400,CC1200,CORP,Telstra Corp,INV43518,,AUD,4071.84,GST-FREE,Payment for consulting,Oracle
TXN001223,01/27/2026,01/18/2026,2026-01,AUS01,5710,CC3000,HR,PWC,INV79966,PO2607,USD,4653.39,GST,Payment for license,Manual Entry
TXN001224,05/01/2026,31/12/2025,2026-01,AUS01,5910,CC1100,ACT,Federal Express,INV41381,PO5615,NZD,10005.08,INPUT,Payment for consulting,Oracle
TXN001225,2026-08-12,2026-08-06,2026-08,AUS01,5520,CC2000,MKT,ServiceNow Inc,INV14552,PO4946,USD,11807.32,GST-FREE,Payment for services,SAP
TXN001226,11/23/2025,11/14/2025,2025-11,AUS01,5500,CC3100,MKT,Amazon,INV58469,PO7396,NZD,44108.19,INPUT,Payment for license,Workday
TXN001227,03/16/2026,03/08/2026,2026-08,AUS01,5400,CC4100,SA,PWC,INV41447,PO8736,NZD,42619.83,INPUT,Payment for subscription,Manual Entry
TXN001228,13-01-2026,11-01-2026,2026-01,AUS01,5410,CC2000,TAS,PWC,INV47427,PO9773,USD,3650.63,INPUT,Payment for services,API Import
TXN001229,01/11/2026,01-03-2026,2026-01,AUS01,5020,CC3000,NSW,Oracle,INV58655,PO7505,GBP,26857.91,INPUT,Payment for subscription,Manual Entry
TXN001230,2025-08-06,2025-08-02,2025-08,AUS01,5000,CC3200,WA,PWC,INV44825,,USD,10857.92,GST,Payment for services,Workday
TXN001231,01-03-2026,12/24/2025,2026-01,AUS01,5600,CC2000,MKT,Accenture Pty,INV49452,PO6061,USD,42349.04,GST,Payment for goods,SAP
TXN001232,15-01-2026,11-01-2026,2026-01,AUS01,5700,CC3200,HR,ServiceNow Inc,INV13930,PO2998,AUD,43251.17,GST,Payment for consulting,API Import
TXN001233,01/27/2026,01/24/2026,2026-01,AUS01,5110,CC1100,IT,Google,INV22108,PO5601,NZD,32872.04,EXPORT,Payment for subscription,Oracle
TXN001234,01/07/2026,01-03-2026,2026-01,AUS01,5800,CC1200,IT,Telstra Corp,INV16371,,GBP,11763.3,EXPORT,Payment for goods,Oracle
TXN001235,2025-12-28,2025-12-19,2025-12,AUS01,5410,CC3000,QLD,Zoom,INV69371,,USD,40731.68,EXPORT,Payment for consulting,Manual Entry
TXN001236,03/22/2026,03/15/2026,2026-08,AUS01,5200,CC2000,VIC,LinkedIn Corp,INV94633,PO6850,AUD,5105.23,GST,Payment for goods,Manual Entry
TXN001237,2026-01-18,2026-01-17,2026-01,AUS01,5320,CC3000,CORP,Microsoft,INV73418,PO3919,AUD,1236.74,GST-FREE,Payment for goods,SAP
TXN001238,10/01/2025,04/01/2025,2025-01,AUS01,5420,CC2000,HR,Atlassian Pty,INV39715,PO3022,GBP,1288.49,INPUT,Payment for goods,Manual Entry
TXN001239,2026-01-17,2026-01-09,2026-01,AUS01,5120,CC1000,WA,SAP,INV56014,PO9488,AUD,8995.39,INPUT,Payment for consulting,Oracle
TXN001240,2026-08-24,2026-08-14,2026-08,AUS01,5620,CC1200,NSW,Hays,INV90657,PO4493,USD,15544.23,INPUT,Payment for goods,Oracle
TXN001241,08/01/2026,29/12/2025,2026-01,AUS01,5210,CC4100,CORP,SAP,INV72086,PO4638,USD,163.95,INPUT,Payment for subscription,Oracle
TXN001242,05/01/2026,29/12/2025,2026-01,AUS01,5410,CC1100,CORP,Robert Half International,INV62048,,NZD,43742.48,EXPORT,Payment for services,API Import
TXN001243,2026-08-15,2026-08-06,2026-08,AUS01,5120,CC3100,CORP,Hays,INV36201,PO2616,AUD,34425.66,GST-FREE,Payment for services,Manual Entry
TXN001244,04-03-2026,28/01/2026,2026-08,AUS01,5100,CC3000,NSW,ServiceNow Inc,INV97322,PO8122,USD,31803.31,EXPORT,Payment for subscription,API Import
TXN001245,01/28/2026,01/21/2026,2026-01,AUS01,5500,CC2000,MKT,McKinsey,INV29024,,GBP,33943.45,GST-FREE,Payment for goods,Oracle
TXN001246,05/06/2025,27/05/2025,2025-08,AUS01,5000,CC1100,VIC,KPMG Australia,INV83428,PO3527,NZD,44871.51,INPUT,Payment for goods,Oracle
TXN001247,01/24/2025,01/17/2025,2025-01,AUS01,5010,CC3100,WA,Oracle,INV61067,,NZD,9576.75,GST,Payment for consulting,Oracle
TXN001248,2026-01-03,2025-12-25,2026-01,AUS01,5010,CC2100,VIC,DHL Express,INV10827,PO6165,GBP,12482.51,GST-FREE,Payment for goods,API Import
TXN001249,2026-01-10,2026-01-01,2026-01,AUS01,5310,CC1200,FIN,AWS,INV32874,PO1939,AUD,9966.84,EXPORT,Payment for license,Workday
TXN001250,22-03-2026,18-03-2026,2026-08,AUS01,5600,CC3200,HR,Regus Australia,INV72409,,GBP,2940.26,INPUT,Payment for subscription,Workday
TXN001251,2026-08-19,2026-08-16,2026-08,AUS01,5620,CC1100,QLD,Regus Australia,INV19439,,AUD,19322.55,INPUT,Payment for subscription,Workday
TXN001252,03/14/2026,03/13/2026,2026-08,AUS01,5600,CC1100,HR,Federal Express,INV81712,PO4028,USD,26632.96,EXPORT,Payment for services,Manual Entry
TXN001253,2026-01-26,2026-01-23,2026-01,AUS01,5000,CC2100,SA,Adobe,INV19321,PO9128,GBP,43940.11,GST,Payment for services,Oracle
TXN001254,2026-01-24,2026-01-21,2026-01,AUS01,5300,CC1100,CORP,SAP,INV91304,PO9715,USD,33860.21,EXPORT,Payment for license,Manual Entry
TXN001255,2026-08-13,2026-08-03,2026-08,AUS01,5510,CC3200,MKT,Workday,INV73422,,AUD,7507.32,EXPORT,Payment for license,Oracle
TXN001256,05-03-2026,29-01-2026,2026-08,AUS01,5700,CC1000,HR,LinkedIn Corp,INV95032,PO6773,NZD,31325.83,EXPORT,Payment for goods,Oracle
TXN001257,01/21/2026,01/17/2026,2026-01,AUS01,5100,CC4100,QLD,Google,INV14047,PO6486,GBP,14863.82,GST-FREE,Payment for goods,Oracle
TXN001258,04/11/2025,03/11/2025,2025-11,AUS01,5120,CC1100,NSW,Salesforce,INV73738,PO5461,NZD,37913.2,INPUT,Payment for subscription,API Import
TXN001259,21-03-2026,16-03-2026,2026-08,AUS01,5500,CC1000,MKT,MSFT,INV61857,PO9925,AUD,6398.59,EXPORT,Payment for consulting,Manual Entry
TXN001260,09/13/2025,09/03/2025,2025-09,AUS01,5420,CC4100,CORP,Optus Pty,INV65022,PO7318,NZD,39828.13,GST,Payment for subscription,Manual Entry
TXN001261,2026-08-23,2026-08-18,2026-08,AUS01,5920,CC3000,MKT,Microsoft,INV51252,PO8704,AUD,18361.1,INPUT,Payment for goods,SAP
TXN001262,19-05-2025,14-05-2025,2025-08,AUS01,5600,CC3100,SA,Oracle,INV93229,PO6867,GBP,19917.94,GST,Payment for goods,API Import
TXN001263,23-10-2025,19-10-2025,2025-10,AUS01,5310,CC2000,CORP,MSFT,INV33494,PO2804,NZD,26751.04,GST,Payment for goods,API Import
TXN001264,06-03-2026,30-01-2026,2026-08,AUS01,5700,CC2000,HR,Telstra Corp,INV51158,PO9593,NZD,10641.21,GST,Payment for license,API Import
TXN001265,09/27/2025,09/17/2025,2025-09,AUS01,5400,CC3000,TAS,KPMG Australia,INV49129,PO5288,GBP,29619.91,GST-FREE,Payment for subscription,Oracle
TXN001266,03/10/2026,03/08/2026,2026-08,AUS01,5900,CC2100,HR,Atlassian Pty,INV89621,,GBP,25665.41,GST-FREE,Payment for subscription,Workday
TXN001267,19-11-2025,14-11-2025,2025-11,AUS01,5210,CC4100,CORP,PWC,INV29150,,GBP,11944.37,GST-FREE,Payment for license,Workday
TXN001268,17-03-2026,14-03-2026,2026-08,AUS01,5610,CC3200,QLD,Workday,INV23580,PO8299,NZD,4579.18,GST-FREE,Payment for goods,SAP
TXN001269,23/01/2026,21/01/2026,2026-01,AUS01,5920,CC3200,CORP,Microsoft,INV35259,,GBP,14774.37,INPUT,Payment for consulting,Workday
TXN001270,11-01-2026,01-01-2026,2026-01,AUS01,5110,CC1200,OPS,Microsoft,INV46456,PO5987,USD,556.21,INPUT,Payment for consulting,SAP
TXN001271,05/01/2026,26/12/2025,2026-01,AUS01,5010,CC1000,NT,Zoom,INV36743,PO8560,NZD,4887.96,GST,Payment for subscription,Manual Entry
TXN001272,03/28/2026,03/19/2026,2026-08,AUS01,5710,CC4100,HR,DHL Express,INV92313,PO8722,USD,14951.45,INPUT,Payment for services,API Import
TXN001273,2025-11-14,2025-11-04,2025-11,AUS01,5610,CC2000,SA,Salesforce,INV34792,,NZD,31791.15,INPUT,Payment for subscription,Manual Entry
TXN001274,13/01/2026,11/01/2026,2026-01,AUS01,5020,CC2000,NSW,Regus Australia,INV34060,,AUD,39837.31,INPUT,Payment for consulting,Oracle
TXN001275,22-03-2026,21-03-2026,2026-08,AUS01,5920,CC2000,OPS,SAP,INV44750,PO2765,NZD,20642.62,GST-FREE,Payment for services,Workday
TXN001276,08-03-2026,29-01-2026,2026-08,AUS01,5410,CC4000,HR,DHL Express,INV28463,PO5597,AUD,1566.86,INPUT,Payment for consulting,API Import
TXN001277,02-03-2026,31/01/2026,2026-08,AUS01,5620,CC3200,QLD,Optus Pty,INV34683,PO5949,NZD,2992.07,INPUT,Payment for goods,Workday
TXN001278,03/01/2026,29/12/2025,2026-01,AUS01,5520,CC3000,MKT,MSFT,INV65328,PO3968,USD,7373.22,INPUT,Payment for consulting,Workday
TXN001279,24/01/2026,20/01/2026,2026-01,AUS01,5200,CC1200,CORP,Zoom,INV27621,PO2766,USD,518.44,GST,Payment for goods,Oracle
TXN001280,01/08/2025,31/07/2025,2025-08,AUS01,5210,CC2000,CORP,Deloitte Touche,INV26102,PO8008,GBP,21133.23,GST,Payment for consulting,Workday
TXN001281,2025-08-27,2025-08-19,2025-08,AUS01,5920,CC3100,VIC,Zoom,INV51312,,GBP,27474.3,INPUT,Payment for services,Oracle
TXN001282,03/09/2026,03/05/2026,2026-08,AUS01,5010,CC1100,VIC,Oracle,INV73915,,USD,33088.75,INPUT,Payment for services,Oracle
TXN001283,09-03-2026,08-03-2026,2026-08,AUS01,5110,CC4000,CORP,KPMG Australia,INV21910,PO3671,GBP,3157.75,GST,Payment for goods,Oracle
TXN001284,2026-01-10,2026-01-04,2026-01,AUS01,5010,CC3200,VIC,AusPost,INV23315,PO8803,NZD,29758.87,EXPORT,Payment for consulting,Workday
TXN001285,01/27/2026,01/20/2026,2026-01,AUS01,5100,CC4100,VIC,Oracle,INV93862,PO9795,NZD,2347.09,INPUT,Payment for consulting,Oracle
TXN001286,26-06-2025,23-06-2025,2025-08,AUS01,5310,CC4000,FIN,Salesforce,INV86668,PO6623,USD,7084.28,GST,Payment for consulting,Manual Entry
TXN001287,03/25/2026,03/20/2026,2026-08,AUS01,5510,CC1200,MKT,Accenture Pty,INV69161,PO2250,GBP,11284.76,GST-FREE,Payment for goods,SAP
TXN001288,2026-01-05,2026-01-03,2026-01,AUS01,5010,CC1100,QLD,LinkedIn Corp,INV82456,PO1819,AUD,10683.21,INPUT,Payment for services,Manual Entry
TXN001289,2026-01-28,2026-01-20,2026-01,AUS01,5300,CC1000,OPS,ServiceNow Inc,INV56525,,USD,15928.23,INPUT,Payment for subscription,SAP
TXN001290,2026-01-16,2026-01-13,2026-01,AUS01,5120,CC1200,TAS,Hays,INV38876,PO3978,GBP,33704.88,GST-FREE,Payment for goods,SAP
TXN001291,03/12/2026,03/09/2026,2026-08,AUS01,5110,CC1100,MKT,Federal Express,INV99797,PO7266,USD,17022.1,INPUT,Payment for goods,Oracle
TXN001292,2026-08-24,2026-08-15,2026-08,AUS01,5910,CC2000,HR,SAP,INV12427,PO9496,NZD,13319.8,EXPORT,Payment for consulting,API Import
TXN001293,03/20/2026,03/19/2026,2026-08,AUS01,5220,CC3200,WA,Amazon,INV90458,PO9314,USD,563.57,INPUT,Payment for subscription,SAP
TXN001294,01/20/2026,01/16/2026,2026-01,AUS01,5900,CC3200,ACT,Hays,INV62069,PO4427,NZD,28113.74,GST-FREE,Payment for goods,API Import
TXN001295,03/24/2026,03/17/2026,2026-08,AUS01,5210,CC2100,CORP,Oracle,INV51799,PO3621,GBP,41465.56,EXPORT,Payment for subscription,API Import
TXN001296,2026-01-05,2025-12-29,2026-01,AUS01,5020,CC3100,HR,WeWork Australia,INV13640,PO3583,AUD,6465.02,GST-FREE,Payment for goods,API Import
TXN001297,2026-01-10,2026-01-08,2026-01,AUS01,5310,CC3100,FIN,Workday,INV51393,PO7590,AUD,6908.4,INPUT,Payment for goods,Manual Entry
TXN001298,08-03-2026,05-03-2026,2026-08,AUS01,5620,CC3100,WA,Oracle,INV15602,PO2245,NZD,29917.21,GST-FREE,Payment for subscription,Workday
TXN001299,2025-01-20,2025-01-11,2025-01,AUS01,5310,CC1100,CORP,SAP,INV95813,PO1662,USD,32600.93,GST-FREE,Payment for services,Workday
TXN001300,19/01/2026,16/01/2026,2026-01,AUS01,5020,CC1100,WA,Oracle,INV19996,PO5850,USD,4336.82,GST-FREE,Payment for license,SAP
TXN001301,01/23/2026,01/14/2026,2026-01,AUS01,5110,CC3100,FIN,AusPost,INV11105,,GBP,44615.38,INPUT,Payment for license,SAP
TXN001302,03/17/2026,03/12/2026,2026-08,AUS01,5520,CC4000,MKT,MSFT,INV27506,PO1015,GBP,13987.74,INPUT,Payment for services,Manual Entry
TXN001303,06-01-2026,29-12-2025,2026-01,AUS01,5620,CC4000,CORP,Seek Limited,INV60818,PO5616,USD,37452.68,INPUT,Payment for consulting,Workday
TXN001304,2025-08-25,2025-08-15,2025-08,AUS01,5410,CC1200,OPS,Workday,INV90021,,NZD,29666.83,GST,Payment for consulting,Oracle
TXN001305,2025-12-06,2025-12-02,2025-12,AUS01,5120,CC1000,WA,EY Australia,INV90181,,AUD,2141.7,GST-FREE,Payment for goods,SAP
TXN001306,10-12-2025,01-12-2025,2025-12,AUS01,5600,CC1100,HR,Google,INV30109,PO7656,GBP,38835.27,EXPORT,Payment for license,API Import
TXN001307,03/20/2026,03/10/2026,2026-08,AUS01,5710,CC4000,HR,GCP,INV24535,PO1326,USD,23164.56,GST-FREE,Payment for services,Oracle
TXN001308,14-03-2026,07-03-2026,2026-08,AUS01,5000,CC1200,NSW,AWS,INV31141,PO4168,AUD,341.68,GST-FREE,Payment for license,Manual Entry
TXN001309,2025-12-07,2025-12-06,2025-12,AUS01,5310,CC1000,OPS,McKinsey,INV82067,PO6820,USD,12229.86,GST-FREE,Payment for license,Oracle
TXN001310,14-03-2026,04-03-2026,2026-08,AUS01,5810,CC4100,VIC,MSFT,INV31497,PO8145,AUD,20354.47,EXPORT,Payment for goods,Oracle
TXN001311,08/11/2025,28/10/2025,2025-11,AUS01,5610,CC3100,VIC,Workday,INV20918,PO2868,USD,36673.63,EXPORT,Payment for license,Manual Entry
TXN001312,06-01-2026,29-12-2025,2026-01,AUS01,5100,CC2000,MKT,Telstra Corp,INV10107,PO4110,NZD,43434.44,GST,Payment for goods,API Import
TXN001313,26/01/2026,22/01/2026,2026-01,AUS01,5210,CC4100,IT,Zoom,INV55787,PO8554,AUD,30318.91,GST-FREE,Payment for license,SAP
TXN001314,17-03-2026,11-03-2026,2026-08,AUS01,5710,CC1000,HR,DHL Express,INV95281,,GBP,22236.07,GST,Payment for subscription,API Import
TXN001315,2026-08-06,2026-01-28,2026-08,AUS01,5510,CC1100,NT,PWC,INV71222,PO7713,USD,34687.57,GST-FREE,Payment for services,Manual Entry
TXN001316,2025-11-17,2025-11-11,2025-11,AUS01,5600,CC3100,IT,Accenture Pty,INV33356,PO1272,NZD,15812.46,EXPORT,Payment for goods,Manual Entry
TXN001317,10/13/2025,10/06/2025,2025-10,AUS01,5520,CC3100,MKT,Adobe,INV28135,PO4344,NZD,25906.1,GST,Payment for subscription,API Import
TXN001318,17/01/2025,11/01/2025,2025-01,AUS01,5310,CC2000,OPS,PWC,INV68240,PO3236,GBP,28309.53,GST,Payment for license,API Import
TXN001319,01-01-2026,27-12-2025,2026-01,AUS01,5620,CC3200,VIC,Zoom,INV18248,PO7493,GBP,19095.01,INPUT,Payment for consulting,SAP
TXN001320,2026-08-18,2026-08-09,2026-08,AUS01,5900,CC4100,CORP,LinkedIn Corp,INV43411,PO5656,NZD,30901.47,EXPORT,Payment for consulting,Workday
TXN001321,03/01/2026,24/12/2025,2026-01,AUS01,5900,CC4000,CORP,EY Australia,INV47876,PO9503,AUD,18551.81,GST-FREE,Payment for subscription,Oracle
TXN001322,2026-08-13,2026-08-06,2026-08,AUS01,5300,CC4100,WA,Amazon,INV89289,,NZD,13121.71,GST,Payment for license,Manual Entry
TXN001323,08/01/2025,08/29/2025,2025-08,AUS01,5100,CC1000,FIN,Adobe,INV15122,PO5749,GBP,6365.39,EXPORT,Payment for license,API Import
TXN001324,2025-10-02,2025-09-23,2025-10,AUS01,5120,CC2100,NSW,Deloitte Touche,INV10071,PO9841,NZD,23451.75,GST-FREE,Payment for license,API Import
TXN001325,2026-08-07,2026-08-01,2026-08,AUS01,5500,CC2100,MKT,Accenture Pty,INV82526,PO4875,GBP,11859.83,GST,Payment for services,Oracle
TXN001326,08/15/2025,08/14/2025,2025-08,AUS01,5010,CC1000,HR,Workday,INV98974,PO6830,AUD,30616.6,EXPORT,Payment for goods,SAP
TXN001327,12-08-2025,07-08-2025,2025-08,AUS01,5100,CC4000,TAS,Deloitte Touche,INV66622,PO1848,USD,37163.51,INPUT,Payment for license,Manual Entry
TXN001328,2025-08-24,2025-08-22,2025-08,AUS01,5510,CC3200,MKT,Adobe,INV14093,,GBP,39530.59,GST,Payment for goods,Manual Entry
TXN001329,2026-08-12,2026-08-11,2026-08,AUS01,5210,CC2100,QLD,KPMG Australia,INV27239,PO1708,NZD,42741.26,INPUT,Payment for consulting,Manual Entry
TXN001330,01/09/2026,01-03-2026,2026-01,AUS01,5520,CC3100,MKT,Regus Australia,INV59522,,USD,13609.67,GST,Payment for goods,SAP
TXN001331,03/11/2026,03/01/2026,2026-08,AUS01,5610,CC3100,ACT,Seek Limited,INV33364,,USD,14262.64,EXPORT,Payment for goods,SAP
TXN001332,2025-08-20,2025-08-14,2025-08,AUS01,5210,CC2000,IT,KPMG Australia,INV75392,PO7370,GBP,35711.46,INPUT,Payment for subscription,API Import
TXN001333,08/10/2025,08/04/2025,2025-08,AUS01,5610,CC2000,NSW,Telstra Corp,INV80041,,NZD,7765.44,GST-FREE,Payment for services,Manual Entry
TXN001334,2026-08-27,2026-08-24,2026-08,AUS01,5300,CC3000,CORP,WeWork Australia,INV10435,PO7461,USD,4663.07,GST,Payment for goods,Oracle
TXN001335,2026-01-03,2025-12-26,2026-01,AUS01,5210,CC1200,CORP,LinkedIn Corp,INV80263,PO5036,GBP,7151.68,INPUT,Payment for license,Workday
TXN001336,03/18/2026,03/12/2026,2026-08,AUS01,5520,CC3000,SA,Adobe,INV32323,PO6673,USD,26342.07,INPUT,Payment for goods,Workday
TXN001337,04-03-2026,02-03-2026,2026-08,AUS01,5510,CC3000,MKT,Hays,INV18724,,NZD,27711.16,EXPORT,Payment for services,API Import
TXN001338,2026-08-31,2026-08-22,2026-08,AUS01,5300,CC4100,OPS,Google,INV45290,PO6998,NZD,20225.83,INPUT,Payment for goods,Workday
TXN001339,25/01/2026,20/01/2026,2026-01,AUS01,5420,CC4000,HR,KPMG Australia,INV25608,PO5919,AUD,37513.68,EXPORT,Payment for license,Manual Entry
TXN001340,03/07/2026,02-03-2026,2026-08,AUS01,5920,CC4100,TAS,Workday,INV76918,PO4641,AUD,15068.31,EXPORT,Payment for goods,SAP
TXN001341,17/07/2025,10/07/2025,2025-08,AUS01,5020,CC1100,WA,SAP,INV65983,PO9404,USD,37164.87,GST-FREE,Payment for consulting,API Import
TXN001342,18/11/2025,09/11/2025,2025-11,AUS01,5020,CC3000,WA,Oracle,INV11263,,GBP,24494.4,GST-FREE,Payment for license,Manual Entry
TXN001343,03/06/2026,03/04/2026,2026-08,AUS01,5310,CC1200,OPS,Atlassian Pty,INV52823,PO4484,GBP,31148.78,EXPORT,Payment for subscription,Oracle
TXN001344,2026-08-16,2026-08-14,2026-08,AUS01,5510,CC4100,MKT,GCP,INV34640,,NZD,19176.02,EXPORT,Payment for consulting,Manual Entry
TXN001345,03-03-2026,26-01-2026,2026-08,AUS01,5800,CC3100,QLD,Adobe,INV50683,,GBP,26539.38,GST,Payment for consulting,Oracle
TXN001346,03/19/2026,03/12/2026,2026-08,AUS01,5620,CC3100,TAS,Deloitte Touche,INV14840,,NZD,2464.36,GST,Payment for license,API Import
TXN001347,09/18/2025,09/10/2025,2025-09,AUS01,5210,CC4100,SA,Amazon,INV31459,,USD,37486.45,INPUT,Payment for services,API Import
TXN001348,20-03-2025,11-03-2025,2025-08,AUS01,5300,CC2100,FIN,Adobe,INV91166,PO8500,NZD,17604.82,INPUT,Payment for license,Workday
TXN001349,15-03-2026,06-03-2026,2026-08,AUS01,5320,CC3200,OPS,BCG,INV77936,PO1841,NZD,33965.09,GST-FREE,Payment for goods,Oracle
TXN001350,03-03-2026,24-01-2026,2026-08,AUS01,5420,CC4000,R&D,Salesforce,INV93794,PO8403,USD,13535.86,GST-FREE,Payment for services,Manual Entry
TXN001351,08/01/2025,05/22/2025,2025-08,AUS01,5510,CC2100,SA,Deloitte Touche,INV37015,PO3619,NZD,36508.74,INPUT,Payment for license,Manual Entry
TXN001352,2025-10-17,2025-10-15,2025-10,AUS01,5120,CC2000,VIC,Amazon,INV66939,PO2869,USD,23814.52,INPUT,Payment for services,API Import
TXN001353,08-01-2026,30-12-2025,2026-01,AUS01,5020,CC2100,HR,BCG,INV90897,PO3734,AUD,39949.11,GST,Payment for services,Manual Entry
TXN001354,2025-08-15,2025-08-09,2025-08,AUS01,5310,CC1200,FIN,Telstra Corp,INV58977,,GBP,26375.53,GST-FREE,Payment for subscription,API Import
TXN001355,2026-08-18,2026-08-10,2026-08,AUS01,5800,CC1000,R&D,McKinsey,INV12618,PO2991,USD,5781.49,EXPORT,Payment for services,API Import
TXN001356,2025-08-08,2025-08-07,2025-08,AUS01,5210,CC4000,CORP,Slack,INV55817,,GBP,13901.08,INPUT,Payment for consulting,SAP
TXN001357,2026-01-19,2026-01-10,2026-01,AUS01,5310,CC4000,FIN,GCP,INV17994,PO5904,AUD,2017.97,INPUT,Payment for goods,Manual Entry
TXN001358,07-03-2026,05-03-2026,2026-08,AUS01,5310,CC4000,OPS,Hays,INV28331,PO2292,USD,17122.25,EXPORT,Payment for goods,Workday
TXN001359,17-01-2026,07-01-2026,2026-01,AUS01,5210,CC2000,IT,WeWork Australia,INV10932,PO9921,USD,35951.71,GST,Payment for subscription,Manual Entry
TXN001360,11/03/2025,10/29/2025,2025-11,AUS01,5420,CC2000,ACT,Google,INV41379,PO4046,NZD,38748.76,EXPORT,Payment for subscription,Workday
TXN001361,2026-08-26,2026-08-24,2026-08,AUS01,5400,CC2100,NSW,Accenture Pty,INV96510,,GBP,43047.69,GST,Payment for license,Oracle
TXN001362,16-03-2026,13-03-2026,2026-08,AUS01,5420,CC1000,VIC,Adobe,INV63721,,GBP,44854.9,EXPORT,Payment for goods,Workday
TXN001363,2026-01-06,2025-12-30,2026-01,AUS01,5900,CC2100,TAS,Deloitte Touche,INV20032,,AUD,36783.31,EXPORT,Payment for services,API Import
TXN001364,23-01-2026,17-01-2026,2026-01,AUS01,5620,CC2000,,BCG,INV15616,PO3038,NZD,18490.8,INPUT,Payment for services,Oracle
TXN001365,2026-08-22,2026-08-19,2026-08,AUS01,5500,CC2000,MKT,AWS,INV37332,PO9341,NZD,6507.68,EXPORT,Payment for services,Workday
TXN001366,03/21/2026,03/16/2026,2026-08,AUS01,5420,CC1100,NSW,ServiceNow Inc,INV85411,PO1735,NZD,35761.69,GST,Payment for consulting,Manual Entry
TXN001367,03/13/2025,03/03/2025,2025-08,AUS01,5620,CC1000,NSW,Oracle,INV90434,PO5417,USD,22803.97,INPUT,Payment for subscription,Workday
TXN001368,04/12/2025,28/11/2025,2025-12,AUS01,5520,CC3200,MKT,Slack,INV35761,,GBP,5635.54,INPUT,Payment for consulting,API Import
TXN001369,2025-12-18,2025-12-16,2025-12,AUS01,5810,CC3100,WA,PWC,INV87417,PO9564,AUD,9218.97,GST-FREE,Payment for services,API Import
TXN001370,16/06/2025,08/06/2025,2025-08,AUS01,5500,CC3200,MKT,WeWork Australia,INV63045,,USD,32980.18,GST-FREE,Payment for consulting,Manual Entry
TXN001371,03/01/2026,01/30/2026,2026-08,AUS01,5210,CC1000,IT,AWS,INV35297,PO7867,AUD,42399.37,INPUT,Payment for services,Oracle
TXN001372,18/01/2026,11/01/2026,2026-01,AUS01,5110,CC3000,SA,Deloitte Touche,INV18889,PO3791,USD,43647.99,INPUT,Payment for goods,SAP
TXN001373,2025-08-20,2025-08-14,2025-08,AUS01,5420,CC3200,MKT,Slack,INV18688,,AUD,12157.04,INPUT,Payment for consulting,API Import
TXN001374,01/27/2026,01/25/2026,2026-01,AUS01,5600,CC2000,FIN,Adobe,INV82199,PO1974,NZD,16768.29,GST-FREE,Payment for license,Manual Entry
TXN001375,09/23/2025,09/21/2025,2025-09,AUS01,5620,CC1200,HR,Zoom,INV13691,PO8776,NZD,24524.98,EXPORT,Payment for goods,Manual Entry
TXN001376,09-05-2025,05-05-2025,2025-08,AUS01,5120,CC1200,WA,Regus Australia,INV28894,,AUD,44634.32,INPUT,Payment for services,Workday
TXN001377,27-03-2026,24-03-2026,2026-08,AUS01,5410,CC1100,QLD,GCP,INV60144,PO2625,AUD,1691.53,INPUT,Payment for consulting,Oracle
TXN001378,02-01-2026,01-01-2026,2026-01,AUS01,5110,CC4000,IT,DHL Express,INV17351,PO3481,GBP,31281.19,GST-FREE,Payment for services,SAP
TXN001379,01/20/2026,01/16/2026,2026-01,AUS01,5400,CC3100,SA,Slack,INV63643,PO1510,AUD,25748.73,GST-FREE,Payment for services,Workday
TXN001380,15-03-2026,05-03-2026,2026-08,AUS01,5310,CC1000,OPS,MSFT,INV53717,PO1201,AUD,22322.48,GST-FREE,Payment for services,Manual Entry
TXN001381,07-03-2026,05-03-2026,2026-08,AUS01,5200,CC1000,IT,Optus Pty,INV36764,PO7236,USD,7295.12,GST,Payment for license,SAP
TXN001382,24-01-2026,22-01-2026,2026-01,AUS01,5620,CC3100,ACT,Hays,INV43277,PO5576,USD,8435.14,GST,Payment for consulting,SAP
TXN001383,2025-10-16,2025-10-06,2025-10,AUS01,5120,CC4000,NSW,Salesforce,INV43663,PO7669,GBP,37557.13,EXPORT,Payment for services,Oracle
TXN001384,27-03-2026,22-03-2026,2026-08,AUS01,5300,CC1200,OPS,Oracle,INV12018,,NZD,6575.69,EXPORT,Payment for goods,Oracle
TXN001385,04/19/2025,04/17/2025,2025-08,AUS01,5110,CC1000,OPS,PWC,INV72188,PO7157,NZD,33411.66,EXPORT,Payment for license,SAP
TXN001386,08/01/2026,31/12/2025,2026-01,AUS01,5620,CC3000,MKT,McKinsey,INV71646,PO8628,AUD,10186.75,GST-FREE,Payment for license,Workday
TXN001387,2025-08-24,2025-08-21,2025-08,AUS01,5220,CC3000,IT,WeWork Australia,INV27224,,NZD,5126.41,GST,Payment for license,SAP
TXN001388,2025-08-11,2025-08-08,2025-08,AUS01,5900,CC3100,QLD,DHL Express,INV43462,PO8011,NZD,32989.56,EXPORT,Payment for license,Manual Entry
TXN001389,05-03-2026,28/01/2026,2026-08,AUS01,5400,CC1000,CORP,AWS,INV13097,PO4780,NZD,14107.07,INPUT,Payment for consulting,API Import
TXN001390,2026-08-03,2026-01-24,2026-08,AUS01,5010,CC3200,VIC,KPMG Australia,INV15716,,USD,3950.36,INPUT,Payment for license,API Import
TXN001391,27/05/2025,20/05/2025,2025-08,AUS01,5610,CC1200,MKT,SAP,INV80822,,NZD,44086.17,INPUT,Payment for consulting,Workday
TXN001392,2026-01-15,2026-01-06,2026-01,AUS01,5120,CC1100,ACT,ServiceNow Inc,INV34574,,GBP,14403.39,EXPORT,Payment for services,Oracle
TXN001393,03-03-2026,30/01/2026,2026-08,AUS01,5800,CC3200,NSW,Zoom,INV10195,PO4568,AUD,16231.65,INPUT,Payment for services,SAP
TXN001394,2026-08-01,2026-01-23,2026-08,AUS01,5510,CC3100,MKT,Accenture Pty,INV69432,,NZD,33495.58,EXPORT,Payment for services,API Import
TXN001395,2026-08-01,2026-01-23,2026-08,AUS01,5510,CC4100,MKT,Google,INV10347,,AUD,11420.3,EXPORT,Payment for services,Manual Entry
TXN001396,19/01/2026,15/01/2026,2026-01,AUS01,5110,CC3200,QLD,SAP,INV90973,,GBP,33423.19,EXPORT,Payment for services,API Import
TXN001397,01/26/2026,01/21/2026,2026-01,AUS01,5520,CC1100,MKT,Telstra Corp,INV42105,,GBP,44998.87,EXPORT,Payment for services,API Import
TXN001398,01/27/2026,01/23/2026,2026-01,AUS01,5210,CC3100,CORP,Atlassian Pty,INV68414,,AUD,32563.26,GST-FREE,Payment for services,API Import
TXN001399,03/03/2026,03/01/2026,2026-08,AUS01,5700,CC4100,HR,Regus Australia,INV85147,PO6063,NZD,14904.7,GST-FREE,Payment for goods,SAP
TXN001400,08/07/2025,08/06/2025,2025-08,AUS01,5020,CC3000,QLD,Workday,INV64116,PO8315,NZD,34342.5,INPUT,Payment for subscription,Manual Entry
TXN001401,10/19/2025,10/14/2025,2025-10,AUS01,5600,CC2100,OPS,DHL Express,INV22516,,GBP,19928.59,GST,Payment for goods,Workday
TXN001402,2026-08-21,2026-08-18,2026-08,AUS01,5710,CC4000,HR,Google,INV77284,PO5734,USD,41437.21,GST-FREE,Payment for services,Oracle
TXN001403,13/04/2025,12/04/2025,2025-08,AUS01,5510,CC3000,MKT,Robert Half International,INV27818,PO6873,AUD,22409.94,INPUT,Payment for goods,Manual Entry
TXN001404,10/01/2026,08/01/2026,2026-01,AUS01,5320,CC3200,OPS,Amazon,INV91232,,AUD,13330.2,GST-FREE,Payment for license,Oracle
TXN001405,01/18/2026,01/16/2026,2026-01,AUS01,5520,CC1100,MKT,AusPost,INV55344,PO5699,AUD,28312.55,INPUT,Payment for consulting,SAP
TXN001406,2025-12-02,2025-11-24,2025-12,AUS01,5610,CC1200,NT,ServiceNow Inc,INV13084,,AUD,11976.15,EXPORT,Payment for goods,API Import
TXN001407,08/01/2026,31/12/2025,2026-01,AUS01,5020,CC1000,CORP,Google,INV84422,PO7999,USD,9102.62,GST-FREE,Payment for services,Workday
TXN001408,03/01/2026,03/01/2026,2026-01,AUS01,5620,CC2100,FIN,Regus Australia,INV67045,PO4676,AUD,22449.36,EXPORT,Payment for subscription,Workday
TXN001409,2025-08-13,2025-08-08,2025-08,AUS01,5620,CC1200,IT,Zoom,INV93101,,GBP,18911.39,GST-FREE,Payment for services,SAP
TXN001410,2025-01-20,2025-01-14,2025-01,AUS01,5210,CC1000,IT,Regus Australia,INV50517,PO3439,GBP,32391.11,GST-FREE,Payment for subscription,Oracle
TXN001411,12-03-2025,10-03-2025,2025-08,AUS01,5500,CC3100,MKT,Adobe,INV99048,,USD,42315.04,GST,Payment for consulting,Oracle
TXN001412,13-10-2025,12-10-2025,2025-10,AUS01,5510,CC3100,MKT,AusPost,INV30007,PO5522,GBP,42079.14,EXPORT,Payment for services,API Import
TXN001413,15-11-2025,06-11-2025,2025-11,AUS01,5420,CC4000,NSW,PWC,INV96820,,NZD,21351.39,GST,Payment for services,Oracle
TXN001414,2026-08-12,2026-08-11,2026-08,AUS01,5410,CC1100,WA,Robert Half International,INV49496,PO3057,NZD,22576.87,EXPORT,Payment for goods,Workday
TXN001415,01/28/2025,01/24/2025,2025-01,AUS01,5300,CC1000,CORP,EY Australia,INV81786,,GBP,39553.86,EXPORT,Payment for services,Oracle
TXN001416,03/03/2026,01/27/2026,2026-08,AUS01,5910,CC2100,OPS,WeWork Australia,INV12253,PO5528,USD,16125.58,GST-FREE,Payment for subscription,SAP
TXN001417,2026-01-25,2026-01-23,2026-01,AUS01,5700,CC4100,HR,Hays,INV79624,,USD,24646.92,GST,Payment for goods,SAP
TXN001418,28-01-2026,24-01-2026,2026-01,AUS01,5300,CC2000,OPS,BCG,INV18489,PO5542,NZD,22569.88,GST-FREE,Payment for license,Manual Entry
TXN001419,2026-01-18,2026-01-11,2026-01,AUS01,5400,CC2100,ACT,Amazon,INV15733,,NZD,38118.73,GST,Payment for goods,Workday
TXN001420,10/08/2025,05/08/2025,2025-08,AUS01,5020,CC1200,SA,Accenture Pty,INV16679,PO9648,AUD,5419.03,EXPORT,Payment for consulting,SAP
TXN001421,27-03-2026,19-03-2026,2026-08,AUS01,5110,CC1100,SA,Robert Half International,INV36559,,GBP,2473.93,GST,Payment for goods,SAP
TXN001422,20-03-2025,11-03-2025,2025-08,AUS01,5910,CC4100,IT,MSFT,INV14251,PO4438,AUD,4117.0,INPUT,Payment for subscription,Manual Entry
TXN001423,2026-08-27,2026-08-23,2026-08,AUS01,5100,CC3200,SA,GCP,INV15975,PO2719,GBP,34310.55,EXPORT,Payment for consulting,Oracle
TXN001424,03/25/2026,03/15/2026,2026-08,AUS01,5810,CC1000,IT,Robert Half International,INV93379,PO9583,NZD,4523.65,INPUT,Payment for subscription,Workday
TXN001425,2025-08-01,2025-08-30,2025-08,AUS01,5200,CC3200,CORP,BCG,INV25647,,USD,15262.6,GST-FREE,Payment for goods,API Import
TXN001426,17-01-2026,08-01-2026,2026-01,AUS01,5800,CC1000,HR,Seek Limited,INV39713,PO7807,USD,35094.59,GST,Payment for services,Manual Entry
TXN001427,2026-01-01,2025-12-22,2026-01,AUS01,5500,CC1200,MKT,Slack,INV42940,PO2976,USD,30490.39,EXPORT,Payment for license,Oracle
TXN001428,08/16/2025,08/12/2025,2025-08,AUS01,5010,CC3200,QLD,AusPost,INV33863,PO9962,AUD,40495.2,GST,Payment for services,API Import
TXN001429,03/12/2026,03/04/2026,2026-08,AUS01,5920,CC4000,TAS,Microsoft,INV97704,PO4181,AUD,7720.27,INPUT,Payment for goods,Oracle
TXN001430,13/01/2026,10/01/2026,2026-01,AUS01,5910,CC1100,NSW,DHL Express,INV88966,PO7265,AUD,35541.46,EXPORT,Payment for license,Workday
TXN001431,28-03-2026,23-03-2026,2026-08,AUS01,5400,CC3200,WA,Amazon,INV18689,PO2939,GBP,36058.03,INPUT,Payment for goods,API Import
TXN001432,01/28/2026,01/25/2026,2026-01,AUS01,5020,CC3000,NSW,MSFT,INV29030,PO1072,AUD,37758.96,INPUT,Payment for consulting,SAP
TXN001433,07-03-2026,01-03-2026,2026-08,AUS01,5010,CC4000,SA,Deloitte Touche,INV24746,PO4639,USD,12764.91,GST-FREE,Payment for license,Oracle
TXN001434,01/10/2026,01/01/2026,2026-01,AUS01,5020,CC2000,WA,Amazon,INV65716,PO2222,AUD,13634.11,GST,Payment for services,Workday
TXN001435,28/11/2025,27/11/2025,2025-11,AUS01,5110,CC1100,WA,Regus Australia,INV82096,PO5764,AUD,17029.86,INPUT,Payment for consulting,Oracle
TXN001436,08/08/2025,08/04/2025,2025-08,AUS01,5300,CC4000,FIN,Google,INV25530,PO5524,AUD,241.0,GST,Payment for consulting,Manual Entry
TXN001437,09-03-2026,01-03-2026,2026-08,AUS01,5510,CC4100,MKT,Telstra Corp,INV82326,PO2821,AUD,14470.57,GST-FREE,Payment for goods,API Import
TXN001438,2025-08-25,2025-08-17,2025-08,AUS01,5500,CC3000,MKT,GCP,INV83765,PO2613,USD,10616.04,INPUT,Payment for subscription,Workday
TXN001439,09/01/2026,03/01/2026,2026-01,AUS01,5920,CC1000,HR,LinkedIn Corp,INV12472,,USD,10296.02,EXPORT,Payment for subscription,Manual Entry
TXN001440,01/25/2026,01/20/2026,2026-01,AUS01,5410,CC3200,OPS,LinkedIn Corp,INV67873,,USD,1746.86,GST,Payment for consulting,Oracle
TXN001441,02-03-2026,31-01-2026,2026-08,AUS01,5320,CC3100,OPS,Deloitte Touche,INV73065,PO2002,GBP,23966.98,GST-FREE,Payment for goods,SAP
TXN001442,03/16/2026,03/11/2026,2026-08,AUS01,5210,CC4000,CORP,Amazon,INV19554,PO9245,USD,40001.16,INPUT,Payment for subscription,Manual Entry
TXN001443,22/01/2026,15/01/2026,2026-01,AUS01,5010,CC1200,HR,Oracle,INV99817,PO3416,NZD,11754.25,EXPORT,Payment for consulting,Oracle
TXN001444,01/18/2026,01/17/2026,2026-01,AUS01,5420,CC3100,QLD,Telstra Corp,INV95551,PO4389,NZD,6211.19,EXPORT,Payment for goods,Manual Entry
TXN001445,03/01/2026,28/12/2025,2026-01,AUS01,5200,CC4000,WA,DHL Express,INV56941,PO4569,GBP,18848.85,GST-FREE,Payment for license,Manual Entry
TXN001446,24-03-2026,14-03-2026,2026-08,AUS01,5010,CC3100,VIC,Amazon,INV87505,PO3889,NZD,23313.86,EXPORT,Payment for services,Workday
TXN001447,03/25/2026,03/21/2026,2026-08,AUS01,5220,CC1000,IT,WeWork Australia,INV72162,,AUD,30959.96,GST-FREE,Payment for consulting,SAP
TXN001448,11-03-2025,04-03-2025,2025-08,AUS01,5220,CC1000,IT,McKinsey,INV63935,PO8760,USD,30713.33,INPUT,Payment for license,API Import
TXN001449,15-10-2025,09-10-2025,2025-10,AUS01,5320,CC2100,OPS,Adobe,INV41619,PO9633,GBP,38289.17,GST,Payment for subscription,Oracle
TXN001450,28-03-2026,20-03-2026,2026-08,AUS01,5200,CC3100,WA,Slack,INV17816,PO3874,GBP,32816.06,GST-FREE,Payment for goods,Manual Entry
TXN001451,2026-08-04,2026-08-02,2026-08,AUS01,5910,CC3200,WA,Regus Australia,INV74463,,GBP,19224.09,GST,Payment for goods,SAP
TXN001452,01/25/2026,01/22/2026,2026-01,AUS01,5610,CC4000,NSW,Regus Australia,INV85644,PO1530,AUD,13073.86,EXPORT,Payment for subscription,Oracle
TXN001453,04-03-2026,25-01-2026,2026-08,AUS01,5000,CC2000,NSW,Oracle,INV64160,PO1227,USD,1428.5,GST-FREE,Payment for services,Workday
TXN001454,06-03-2026,01-03-2026,2026-08,AUS01,5500,CC1100,MKT,MSFT,INV69058,PO1316,GBP,24631.89,GST,Payment for goods,SAP
TXN001455,13-03-2026,05-03-2026,2026-08,AUS01,5810,CC1000,TAS,BCG,INV86454,,AUD,42367.17,INPUT,Payment for goods,Manual Entry
TXN001456,27-01-2026,24-01-2026,2026-01,AUS01,5220,CC2100,CORP,Federal Express,INV30959,PO8267,USD,38391.24,EXPORT,Payment for consulting,Oracle
TXN001457,2026-08-18,2026-08-09,2026-08,AUS01,5210,CC4100,NSW,Microsoft,INV44093,,GBP,34054.82,INPUT,Payment for subscription,API Import
TXN001458,09/24/2025,09/22/2025,2025-09,AUS01,5710,CC4100,HR,ServiceNow Inc,INV74652,,USD,5812.2,GST-FREE,Payment for services,Oracle
TXN001459,2026-08-19,2026-08-12,2026-08,AUS01,5210,CC3000,CORP,MSFT,INV17798,,NZD,43874.82,EXPORT,Payment for consulting,Manual Entry
TXN001460,15-10-2025,09-10-2025,2025-10,AUS01,5910,CC1200,NSW,LinkedIn Corp,INV56648,PO9015,USD,24928.12,INPUT,Payment for subscription,API Import
TXN001461,03/24/2026,03/23/2026,2026-08,AUS01,5420,CC1000,MKT,Robert Half International,INV64879,PO6953,GBP,13630.73,GST,Payment for consulting,SAP
TXN001462,2025-12-06,2025-11-27,2025-12,AUS01,5000,CC1100,NSW,Adobe,INV58680,PO5903,AUD,7549.09,GST,Payment for goods,API Import
TXN001463,11-03-2025,10/28/2025,2025-11,AUS01,5520,CC4100,ACT,Microsoft,INV55678,PO5051,USD,7883.54,GST-FREE,Payment for goods,Oracle
TXN001464,01-03-2026,28/01/2026,2026-08,AUS01,5320,CC1100,OPS,Microsoft,INV55095,PO1972,USD,36450.48,INPUT,Payment for services,API Import
TXN001465,24/06/2025,18/06/2025,2025-08,AUS01,5300,CC3000,CORP,Microsoft,INV37282,PO5023,USD,38503.7,INPUT,Payment for goods,Oracle
TXN001466,10-03-2026,03-03-2026,2026-08,AUS01,5120,CC4100,MKT,Telstra Corp,INV55458,PO9820,USD,425.19,GST,Payment for goods,SAP
TXN001467,03/05/2026,01/31/2026,2026-08,AUS01,5020,CC1200,VIC,MSFT,INV51032,PO3193,GBP,35125.4,EXPORT,Payment for services,SAP
TXN001468,05-03-2026,28/01/2026,2026-08,AUS01,5400,CC2000,WA,Salesforce,INV46419,,GBP,20744.38,INPUT,Payment for services,Manual Entry
TXN001469,03/06/2026,03/04/2026,2026-08,AUS01,5600,CC2000,CORP,Optus Pty,INV86802,,NZD,28033.82,GST,Payment for consulting,Manual Entry
TXN001470,03/10/2025,01/10/2025,2025-10,AUS01,5500,CC3000,WA,ServiceNow Inc,INV45922,PO3476,GBP,5852.09,EXPORT,Payment for license,Manual Entry
TXN001471,09-03-2026,07-03-2026,2026-08,AUS01,5110,CC1000,IT,Telstra Corp,INV13466,,AUD,20240.74,GST-FREE,Payment for license,Oracle
TXN001472,03/22/2026,03/16/2026,2026-08,AUS01,5920,CC1200,TAS,PWC,INV18230,PO4772,AUD,8678.23,GST,Payment for subscription,Workday
TXN001473,03/01/2026,01/30/2026,2026-08,AUS01,5220,CC2000,CORP,Slack,INV49257,,AUD,26226.71,GST,Payment for services,API Import
TXN001474,28-11-2025,20-11-2025,2025-11,AUS01,5600,CC3200,IT,Slack,INV59068,PO5117,NZD,21029.59,GST-FREE,Payment for goods,Oracle
TXN001475,03/01/2026,29/12/2025,2026-01,AUS01,5620,CC3000,CORP,Atlassian Pty,INV49650,PO8915,USD,33144.32,GST,Payment for consulting,SAP
TXN001476,14-03-2025,07-03-2025,2025-08,AUS01,5910,CC4100,MKT,SAP,INV87189,PO8045,USD,39640.18,GST-FREE,Payment for subscription,SAP
TXN001477,2026-08-12,2026-08-09,2026-08,AUS01,5310,CC3200,OPS,KPMG Australia,INV93432,PO6886,GBP,12444.68,INPUT,Payment for license,API Import
TXN001478,08/01/2026,01/01/2026,2026-01,AUS01,5710,CC3100,HR,Seek Limited,INV12357,PO5360,USD,18263.43,GST-FREE,Payment for consulting,Manual Entry
TXN001479,05-03-2026,30/01/2026,2026-08,AUS01,5300,CC2000,QLD,McKinsey,INV32121,PO3828,NZD,3698.87,EXPORT,Payment for goods,Workday
TXN001480,2026-01-01,2025-12-23,2026-01,AUS01,5120,CC3000,HR,DHL Express,INV68618,,USD,34086.29,INPUT,Payment for consulting,Oracle
TXN001481,01/19/2026,01/16/2026,2026-01,AUS01,5620,CC1000,VIC,Google,INV45851,,USD,35702.06,GST-FREE,Payment for license,API Import
TXN001482,2026-08-06,2026-08-05,2026-08,AUS01,5610,CC3100,ACT,DHL Express,INV15211,,USD,37433.24,EXPORT,Payment for consulting,SAP
TXN001483,08/09/2025,08/08/2025,2025-08,AUS01,5600,CC3000,NSW,Telstra Corp,INV47360,PO1307,USD,8411.51,EXPORT,Payment for goods,API Import
TXN001484,2025-10-03,2025-10-01,2025-10,AUS01,5600,CC2000,MKT,Accenture Pty,INV27625,,NZD,34359.4,GST-FREE,Payment for consulting,SAP
TXN001485,03-03-2026,27/01/2026,2026-08,AUS01,5920,CC1000,CORP,Microsoft,INV70477,PO1610,GBP,43432.57,GST-FREE,Payment for subscription,Manual Entry
TXN001486,09-01-2026,07-01-2026,2026-01,AUS01,5700,CC3100,HR,MSFT,INV61238,,GBP,43905.18,GST-FREE,Payment for license,Workday
TXN001487,2026-08-01,2026-01-22,2026-08,AUS01,5310,CC2000,FIN,LinkedIn Corp,INV21813,PO7973,USD,9074.85,EXPORT,Payment for goods,Oracle
TXN001488,2026-01-22,2026-01-18,2026-01,AUS01,5920,CC2000,R&D,AusPost,INV47108,PO8131,AUD,658.14,INPUT,Payment for subscription,Oracle
TXN001489,2026-01-07,2025-12-31,2026-01,AUS01,5320,CC2100,OPS,KPMG Australia,INV70262,,AUD,41201.15,GST-FREE,Payment for consulting,Manual Entry
TXN001490,08/17/2025,08/09/2025,2025-08,AUS01,5410,CC1000,WA,Telstra Corp,INV33600,PO1737,USD,35572.76,INPUT,Payment for subscription,Manual Entry
TXN001491,2025-12-26,2025-12-18,2025-12,AUS01,5310,CC3000,OPS,GCP,INV74803,PO4093,GBP,987.8,GST,Payment for goods,Workday
TXN001492,23-03-2026,22-03-2026,2026-08,AUS01,5120,CC2100,CORP,ServiceNow Inc,INV20193,PO3756,GBP,13913.6,INPUT,Payment for goods,Workday
TXN001493,12-03-2026,06-03-2026,2026-08,AUS01,5900,CC2000,VIC,Robert Half International,INV84746,PO1176,GBP,25809.72,EXPORT,Payment for goods,Workday
TXN001494,05/28/2025,05/19/2025,2025-08,AUS01,5320,CC2000,FIN,Federal Express,INV46814,PO3833,USD,18869.17,GST,Payment for goods,API Import
TXN001495,08/14/2025,08/12/2025,2025-08,AUS01,5620,CC1000,FIN,AWS,INV92027,PO8892,NZD,10298.43,INPUT,Payment for subscription,Oracle
TXN001496,03-01-2026,29-12-2025,2026-01,AUS01,5210,CC3000,IT,Amazon,INV72515,PO5290,AUD,26211.64,GST-FREE,Payment for consulting,SAP
TXN001497,10-01-2026,03-01-2026,2026-01,AUS01,5800,CC1100,TAS,KPMG Australia,INV46150,,USD,20556.92,INPUT,Payment for services,Manual Entry
TXN001498,24-01-2026,22-01-2026,2026-01,AUS01,5520,CC3200,ACT,WeWork Australia,INV71257,,GBP,11612.68,EXPORT,Payment for consulting,Oracle
TXN001499,2026-01-13,2026-01-07,2026-01,AUS01,5700,CC2100,HR,Google,INV17839,,NZD,36759.79,GST,Payment for consulting,Oracle
TXN001500,2025-08-19,2025-08-18,2025-08,AUS01,5810,CC4000,SA,EY Australia,INV95172,PO7308,NZD,1941.34,EXPORT,Payment for services,Workday
TXN001501,01/08/2026,01/01/2026,2026-01,AUS01,5810,CC3100,R&D,Microsoft,INV42503,PO7960,NZD,40484.19,GST-FREE,Payment for license,API Import
TXN001502,08-03-2025,07-03-2025,2025-08,AUS01,5400,CC3200,VIC,Optus Pty,INV71735,PO2970,USD,1099.17,EXPORT,Payment for license,Oracle
TXN001503,06-03-2026,30/01/2026,2026-08,AUS01,5410,CC3200,FIN,PWC,INV76595,PO8059,AUD,27682.45,EXPORT,Payment for subscription,Oracle
TXN001504,03/17/2026,03/07/2026,2026-08,AUS01,5900,CC1000,R&D,Federal Express,INV36784,PO3771,GBP,33839.2,EXPORT,Payment for license,API Import
TXN001505,28-07-2025,21-07-2025,2025-08,AUS01,5000,CC3000,HR,McKinsey,INV84842,,AUD,37988.53,INPUT,Payment for services,Manual Entry
TXN001506,12-03-2025,11/23/2025,2025-12,AUS01,5410,CC1100,TAS,DHL Express,INV36992,,GBP,1435.31,EXPORT,Payment for services,SAP
TXN001507,13/06/2025,03/06/2025,2025-08,AUS01,5700,CC1000,HR,Seek Limited,INV76711,PO2312,USD,42463.39,GST-FREE,Payment for license,API Import
TXN001508,06-01-2026,04-01-2026,2026-01,AUS01,5520,CC1200,MKT,AusPost,INV40589,PO8496,NZD,43463.32,GST-FREE,Payment for services,API Import
TXN001509,03/14/2025,03/04/2025,2025-08,AUS01,5220,CC1200,IT,DHL Express,INV87510,PO4840,NZD,7182.3,GST-FREE,Payment for services,Oracle
TXN001510,03/11/2026,03/01/2026,2026-08,AUS01,5710,CC1000,HR,Atlassian Pty,INV68935,,NZD,16209.78,EXPORT,Payment for consulting,API Import
TXN001511,2025-08-06,2025-08-27,2025-08,AUS01,5310,CC4000,CORP,Optus Pty,INV89594,PO5449,USD,189.43,INPUT,Payment for goods,API Import
TXN001512,03/17/2025,03/13/2025,2025-08,AUS01,5900,CC1000,MKT,Zoom,INV64301,PO1091,AUD,21019.29,GST,Payment for consulting,Manual Entry
TXN001513,03/21/2026,03/17/2026,2026-08,AUS01,5700,CC1100,HR,BCG,INV86142,PO3325,AUD,4722.73,INPUT,Payment for license,SAP
TXN001514,2026-01-11,2026-01-07,2026-01,AUS01,5420,CC1000,IT,Atlassian Pty,INV64036,PO1696,GBP,2542.52,GST-FREE,Payment for consulting,SAP
TXN001515,2026-01-07,2025-12-29,2026-01,AUS01,5620,CC4000,FIN,Microsoft,INV29689,PO7793,AUD,20496.35,EXPORT,Payment for license,Oracle
TXN001516,03/21/2026,03/16/2026,2026-08,AUS01,5910,CC4000,ACT,McKinsey,INV69984,,AUD,29757.05,GST,Payment for license,API Import
TXN001517,11-03-2025,03-03-2025,2025-08,AUS01,5620,CC2100,TAS,Google,INV65441,PO2840,AUD,18910.78,GST,Payment for license,Manual Entry
TXN001518,2026-01-28,2026-01-25,2026-01,AUS01,5900,CC3200,R&D,DHL Express,INV79518,,GBP,6046.18,GST,Payment for services,Oracle
TXN001519,2026-01-20,2026-01-12,2026-01,AUS01,5010,CC1200,WA,AusPost,INV46780,,USD,30296.05,INPUT,Payment for subscription,API Import
TXN001520,13/01/2026,08/01/2026,2026-01,AUS01,5310,CC4000,FIN,Hays,INV48697,PO3336,AUD,3746.91,GST,Payment for subscription,Oracle
TXN001521,01/22/2026,01/18/2026,2026-01,AUS01,5410,CC4100,ACT,Amazon,INV39206,PO5073,AUD,42251.58,GST-FREE,Payment for services,Oracle
TXN001522,01/18/2026,01/08/2026,2026-01,AUS01,5420,CC3100,HR,MSFT,INV10100,,USD,27491.01,EXPORT,Payment for subscription,Oracle
TXN001523,01/13/2026,01/10/2026,2026-01,AUS01,5920,CC2100,ACT,Microsoft,INV43533,PO2296,NZD,16033.21,EXPORT,Payment for license,Manual Entry
TXN001524,01/26/2026,01/21/2026,2026-01,AUS01,5700,CC1000,OPS,Accenture Pty,INV76849,PO2947,GBP,37235.4,INPUT,Payment for subscription,API Import
TXN001525,15-03-2026,11-03-2026,2026-08,AUS01,5510,CC3000,MKT,PWC,INV26668,,GBP,18559.01,GST-FREE,Payment for services,Manual Entry
TXN001526,13-03-2026,03-03-2026,2026-08,AUS01,5810,CC4100,MKT,AusPost,INV58867,PO8939,NZD,26380.29,GST-FREE,Payment for goods,Oracle
TXN001527,2026-01-24,2026-01-19,2026-01,AUS01,5120,CC4100,FIN,Federal Express,INV83882,PO1181,USD,7543.77,EXPORT,Payment for consulting,Manual Entry
TXN001528,2025-08-13,2025-08-05,2025-08,AUS01,5600,CC4100,ACT,AusPost,INV59408,PO3528,USD,8592.56,INPUT,Payment for license,API Import
TXN001529,26/08/2025,22/08/2025,2025-08,AUS01,5310,CC4000,OPS,Seek Limited,INV74937,PO4068,GBP,25063.41,EXPORT,Payment for subscription,Manual Entry
TXN001530,01/01/2026,12/30/2025,2026-01,AUS01,5210,CC2100,CORP,Oracle,INV89692,PO2567,AUD,23594.25,INPUT,Payment for subscription,Oracle
TXN001531,20/01/2026,10/01/2026,2026-01,AUS01,5020,CC1200,NSW,Slack,INV18716,,GBP,541.97,GST,Payment for services,Manual Entry
TXN001532,13-03-2026,03-03-2026,2026-08,AUS01,5800,CC1100,NT,EY Australia,INV83927,,USD,38395.53,INPUT,Payment for subscription,SAP
TXN001533,01-03-2026,23/01/2026,2026-08,AUS01,5900,CC4100,CORP,Hays,INV27353,,NZD,6938.53,EXPORT,Payment for license,API Import
TXN001534,01/14/2026,01/07/2026,2026-01,AUS01,5300,CC1200,FIN,Slack,INV91406,PO3479,NZD,40895.72,INPUT,Payment for services,API Import
TXN001535,08/09/2025,31/08/2025,2025-09,AUS01,5910,CC2000,FIN,Amazon,INV89774,PO2676,GBP,44700.35,EXPORT,Payment for license,Workday
TXN001536,18-03-2026,15-03-2026,2026-08,AUS01,5600,CC4000,OPS,Microsoft,INV10565,,NZD,18163.19,GST-FREE,Payment for subscription,Oracle
TXN001537,2026-01-21,2026-01-13,2026-01,AUS01,5610,CC3100,IT,AusPost,INV84956,PO8869,AUD,42146.48,EXPORT,Payment for goods,Workday
TXN001538,2026-01-28,2026-01-23,2026-01,AUS01,5210,CC2100,CORP,Hays,INV51679,,NZD,5511.17,GST-FREE,Payment for services,Oracle
TXN001539,03/16/2026,03/09/2026,2026-08,AUS01,5100,CC1000,IT,MSFT,INV94195,,GBP,22109.62,GST-FREE,Payment for consulting,Workday
TXN001540,03/01/2026,26/12/2025,2026-01,AUS01,5020,CC4100,CORP,Oracle,INV91528,PO2162,AUD,6682.91,INPUT,Payment for license,Oracle
TXN001541,17-12-2025,13-12-2025,2025-12,AUS01,5200,CC3200,CORP,Microsoft,INV48525,PO6087,USD,13492.32,GST-FREE,Payment for subscription,Manual Entry
TXN001542,2025-08-10,2025-08-05,2025-08,AUS01,5500,CC3100,MKT,Amazon,INV26865,PO6164,GBP,33765.68,EXPORT,Payment for services,SAP
TXN001543,23-03-2026,16-03-2026,2026-08,AUS01,5310,CC1100,NSW,Salesforce,INV21773,PO4914,GBP,28381.38,INPUT,Payment for goods,API Import
TXN001544,03/19/2026,03/17/2026,2026-08,AUS01,5220,CC3000,IT,Federal Express,INV89300,PO6800,USD,43724.86,GST,Payment for license,SAP
TXN001545,01/12/2026,01/03/2026,2026-01,AUS01,5800,CC1100,IT,GCP,INV44153,,NZD,40294.37,EXPORT,Payment for license,Manual Entry
TXN001546,08/22/2025,08/18/2025,2025-08,AUS01,5610,CC1100,WA,DHL Express,INV10352,,AUD,29132.9,EXPORT,Payment for services,API Import
TXN001547,2026-01-08,2026-01-03,2026-01,AUS01,5310,CC2100,CORP,Atlassian Pty,INV89194,PO9944,NZD,44313.57,GST-FREE,Payment for goods,Oracle
TXN001548,2026-08-03,2026-01-30,2026-08,AUS01,5600,CC3100,QLD,DHL Express,INV41266,PO9912,USD,34546.39,GST,Payment for license,Manual Entry
TXN001549,01/22/2026,01/21/2026,2026-01,AUS01,5700,CC3200,WA,AWS,INV89702,PO2483,USD,17689.22,GST-FREE,Payment for consulting,Workday
TXN001550,23-03-2025,13-03-2025,2025-08,AUS01,5200,CC2000,CORP,Accenture Pty,INV36225,,NZD,32465.4,GST-FREE,Payment for goods,API Import
TXN001551,01/15/2026,01/10/2026,2026-01,AUS01,5920,CC1000,NSW,Robert Half International,INV73882,,AUD,34317.71,EXPORT,Payment for license,API Import
TXN001552,2026-08-16,2026-08-06,2026-08,AUS01,5120,CC1000,SA,Atlassian Pty,INV39144,,AUD,24384.23,INPUT,Payment for goods,Oracle
TXN001553,26-03-2025,19-03-2025,2025-08,AUS01,5100,CC1100,CORP,BCG,INV54945,,NZD,24954.16,GST,Payment for consulting,Oracle
TXN001554,2025-09-06,2025-09-04,2025-09,AUS01,5610,CC3100,TAS,Microsoft,INV29233,,NZD,44739.36,GST-FREE,Payment for goods,API Import
TXN001555,2026-01-16,2026-01-08,2026-01,AUS01,5500,CC2100,MKT,Regus Australia,INV79707,PO3254,NZD,13402.34,GST,Payment for goods,SAP
TXN001556,2025-08-15,2025-08-10,2025-08,AUS01,5400,CC1100,HR,BCG,INV73690,PO7687,USD,25988.4,EXPORT,Payment for goods,Manual Entry
TXN001557,06-03-2026,31/01/2026,2026-08,AUS01,5710,CC4100,HR,Federal Express,INV28070,PO2207,AUD,16412.26,GST,Payment for license,Workday
TXN001558,01-03-2026,26/01/2026,2026-08,AUS01,5500,CC4000,MKT,Optus Pty,INV77755,PO6417,AUD,9802.07,EXPORT,Payment for services,Manual Entry
TXN001559,2025-12-08,2025-12-01,2025-12,AUS01,5400,CC2000,QLD,Telstra Corp,INV79586,PO2437,AUD,16756.31,GST-FREE,Payment for consulting,Workday
TXN001560,2025-10-27,2025-10-17,2025-10,AUS01,5520,CC4100,MKT,Atlassian Pty,INV87642,,AUD,38695.19,GST,Payment for goods,SAP
TXN001561,26-03-2026,25-03-2026,2026-08,AUS01,5110,CC3000,TAS,Slack,INV30719,PO8537,AUD,27413.12,INPUT,Payment for subscription,API Import
TXN001562,03/15/2026,03/11/2026,2026-08,AUS01,5920,CC1100,ACT,Oracle,INV15635,,GBP,1970.54,EXPORT,Payment for consulting,Workday
TXN001563,27-11-2025,22-11-2025,2025-11,AUS01,5700,CC3000,HR,Deloitte Touche,INV15746,PO5612,NZD,44168.56,GST-FREE,Payment for subscription,Workday
TXN001564,2026-08-08,2026-08-06,2026-08,AUS01,5520,CC1000,MKT,Atlassian Pty,INV79388,,GBP,15718.95,INPUT,Payment for subscription,Workday
TXN001565,13-01-2026,10-01-2026,2026-01,AUS01,5920,CC1200,R&D,Regus Australia,INV16859,PO7674,USD,5638.32,EXPORT,Payment for consulting,SAP
TXN001566,08-01-2026,06-01-2026,2026-01,AUS01,5900,CC3100,HR,Slack,INV68673,,NZD,24425.06,GST,Payment for consulting,Oracle
TXN001567,25-01-2026,18-01-2026,2026-01,AUS01,5000,CC1200,VIC,SAP,INV57968,PO1445,NZD,36009.99,GST,Payment for services,Workday
TXN001568,2026-08-07,2026-08-05,2026-08,AUS01,5420,CC2000,FIN,Google,INV51423,PO6682,GBP,22417.56,GST,Payment for license,Manual Entry
TXN001569,2026-08-19,2026-08-13,2026-08,AUS01,5110,CC1200,WA,Deloitte Touche,INV87428,PO8247,NZD,3469.89,GST-FREE,Payment for license,Workday
TXN001570,02-01-2026,28-12-2025,2026-01,AUS01,5800,CC3000,QLD,Workday,INV71281,PO6231,AUD,30632.42,INPUT,Payment for consulting,SAP
TXN001571,2026-08-19,2026-08-10,2026-08,AUS01,5620,CC4100,TAS,DHL Express,INV63033,PO8039,GBP,43402.63,INPUT,Payment for subscription,Manual Entry
TXN001572,04-03-2026,31/01/2026,2026-08,AUS01,5310,CC4100,OPS,Hays,INV61902,PO1113,NZD,28261.34,EXPORT,Payment for subscription,Manual Entry
TXN001573,02-03-2026,29/01/2026,2026-08,AUS01,5800,CC3200,FIN,Seek Limited,INV10783,PO2642,AUD,24438.53,GST-FREE,Payment for license,Oracle
TXN001574,2026-01-06,2025-12-27,2026-01,AUS01,5320,CC3100,FIN,Hays,INV89128,PO4484,USD,9843.92,GST-FREE,Payment for goods,Oracle
TXN001575,19-03-2026,14-03-2026,2026-08,AUS01,5220,CC1000,CORP,Oracle,INV61745,PO8539,USD,14564.98,GST-FREE,Payment for consulting,API Import
TXN001576,28/01/2026,23/01/2026,2026-01,AUS01,5120,CC3200,FIN,Seek Limited,INV39338,PO6540,USD,28025.53,GST-FREE,Payment for goods,SAP
TXN001577,05-03-2026,02-03-2026,2026-08,AUS01,5000,CC4100,SA,GCP,INV18553,PO4094,NZD,31024.42,GST,Payment for goods,Oracle
TXN001578,03/17/2026,03/12/2026,2026-08,AUS01,5110,CC2000,OPS,EY Australia,INV89705,,GBP,29726.95,GST-FREE,Payment for consulting,Workday
TXN001579,01/27/2026,01/25/2026,2026-01,AUS01,5310,CC2100,OPS,BCG,INV68007,PO2137,USD,40361.79,GST,Payment for goods,API Import
TXN001580,2026-08-08,2026-08-07,2026-08,AUS01,5000,CC3100,HR,KPMG Australia,INV34157,PO8086,USD,9683.64,GST-FREE,Payment for goods,Oracle
TXN001581,16-06-2025,08-06-2025,2025-08,AUS01,5420,CC2000,OPS,Workday,INV62222,PO5894,AUD,18696.12,GST,Payment for consulting,SAP
TXN001582,26-03-2026,25-03-2026,2026-08,AUS01,5200,CC4000,IT,Regus Australia,INV53916,PO3776,AUD,10788.01,GST,Payment for license,API Import
TXN001583,01/26/2026,01/23/2026,2026-01,AUS01,5620,CC2100,OPS,Google,INV17031,,AUD,28850.06,INPUT,Payment for consulting,Workday
TXN001584,01-05-2025,23-04-2025,2025-08,AUS01,5900,CC3000,HR,Robert Half International,INV28051,PO1039,USD,19318.44,EXPORT,Payment for consulting,Oracle
TXN001585,2025-12-01,2025-11-27,2025-12,AUS01,5710,CC3100,HR,SAP,INV44389,PO2162,NZD,28579.74,EXPORT,Payment for subscription,API Import
TXN001586,01/15/2026,01/09/2026,2026-01,AUS01,5610,CC3200,WA,Workday,INV86949,PO8936,AUD,23570.07,GST-FREE,Payment for license,API Import
TXN001587,04/23/2025,04/13/2025,2025-08,AUS01,5900,CC1100,QLD,Deloitte Touche,INV51101,,GBP,1643.74,INPUT,Payment for subscription,API Import
TXN001588,23-03-2026,20-03-2026,2026-08,AUS01,5910,CC3100,OPS,Telstra Corp,INV39154,PO5214,NZD,9819.87,GST-FREE,Payment for consulting,SAP
TXN001589,2025-08-05,2025-08-02,2025-08,AUS01,5710,CC4000,HR,Salesforce,INV83712,PO4735,AUD,14896.54,INPUT,Payment for subscription,SAP
TXN001590,2025-12-01,2025-11-28,2025-12,AUS01,5700,CC3200,HR,Telstra Corp,INV87539,PO5983,USD,6272.43,GST-FREE,Payment for consulting,Workday
TXN001591,06-03-2026,31/01/2026,2026-08,AUS01,5400,CC3200,FIN,Robert Half International,INV26877,,GBP,2983.21,GST-FREE,Payment for license,API Import
TXN001592,21-03-2026,20-03-2026,2026-08,AUS01,5310,CC4000,OPS,KPMG Australia,INV60386,PO4275,AUD,17518.18,GST,Payment for subscription,API Import
TXN001593,01/21/2026,01/14/2026,2026-01,AUS01,5300,CC3200,OPS,PWC,INV77543,PO8271,GBP,1200.11,INPUT,Payment for license,Workday
TXN001594,19-01-2026,15-01-2026,2026-01,AUS01,5700,CC4000,HR,Accenture Pty,INV30206,,AUD,38548.59,EXPORT,Payment for services,SAP
TXN001595,2026-08-27,2026-08-17,2026-08,AUS01,5110,CC3100,MKT,Google,INV22970,PO6838,GBP,18094.85,GST,Payment for subscription,Manual Entry
TXN001596,22-01-2026,17-01-2026,2026-01,AUS01,5310,CC3200,OPS,DHL Express,INV74688,PO3820,NZD,14817.24,INPUT,Payment for subscription,Manual Entry
TXN001597,08/14/2025,08/13/2025,2025-08,AUS01,5000,CC1000,SA,Federal Express,INV79593,PO5770,GBP,15257.27,EXPORT,Payment for services,Workday
TXN001598,03-03-2026,27-01-2026,2026-08,AUS01,5320,CC2100,CORP,McKinsey,INV49654,,AUD,7010.39,INPUT,Payment for license,API Import
TXN001599,20-01-2026,15-01-2026,2026-01,AUS01,5000,CC1200,HR,SAP,INV12226,PO4823,USD,23864.84,EXPORT,Payment for subscription,Manual Entry
TXN001600,2025-08-28,2025-08-26,2025-08,AUS01,5420,CC1000,HR,Accenture Pty,INV45098,,GBP,8809.97,INPUT,Payment for goods,API Import
TXN001601,21-03-2025,20-03-2025,2025-08,AUS01,5120,CC1000,HR,BCG,INV13984,PO5554,AUD,24371.02,GST-FREE,Payment for services,Oracle
TXN001602,2026-01-09,2025-12-30,2026-01,AUS01,5810,CC3100,FIN,Salesforce,INV27685,PO6515,GBP,26877.31,EXPORT,Payment for goods,API Import
TXN001603,2025-09-09,2025-09-05,2025-09,AUS01,5320,CC3100,OPS,PWC,INV70822,,AUD,13517.2,GST,Payment for consulting,Manual Entry
TXN001604,2026-01-10,2025-12-31,2026-01,AUS01,5310,CC3200,FIN,ServiceNow Inc,INV86608,PO9986,NZD,30489.69,INPUT,Payment for services,Oracle
TXN001605,22-01-2026,21-01-2026,2026-01,AUS01,5120,CC4100,ACT,Deloitte Touche,INV40574,PO6796,NZD,6706.54,GST,Payment for license,API Import
TXN001606,25-03-2026,19-03-2026,2026-08,AUS01,5510,CC2100,IT,Amazon,INV30128,,GBP,8685.32,INPUT,Payment for services,API Import
TXN001607,24-03-2026,16-03-2026,2026-08,AUS01,5500,CC2100,R&D,Telstra Corp,INV24900,PO2092,GBP,16379.58,INPUT,Payment for license,Manual Entry
TXN001608,03/24/2026,03/15/2026,2026-08,AUS01,5800,CC1200,MKT,SAP,INV89478,PO9519,AUD,22588.63,GST-FREE,Payment for consulting,API Import
TXN001609,03/26/2026,03/24/2026,2026-08,AUS01,5600,CC3100,FIN,Adobe,INV32061,PO8034,USD,29136.96,GST-FREE,Payment for services,Workday
TXN001610,24-01-2026,14-01-2026,2026-01,AUS01,5810,CC2100,WA,Adobe,INV48343,PO4437,GBP,18957.55,EXPORT,Payment for services,Manual Entry
TXN001611,2026-08-07,2026-01-31,2026-08,AUS01,5400,CC1200,ACT,Workday,INV71438,PO3450,AUD,16781.72,GST,Payment for subscription,Oracle
TXN001612,01/13/2026,01/07/2026,2026-01,AUS01,5600,CC2100,HR,AusPost,INV40876,,AUD,42017.03,GST-FREE,Payment for goods,Oracle
TXN001613,21-03-2026,19-03-2026,2026-08,AUS01,5420,CC4100,IT,Robert Half International,INV39884,PO1927,AUD,44133.25,GST-FREE,Payment for services,Manual Entry
TXN001614,08/11/2025,07-03-2025,2025-08,AUS01,5620,CC3200,NSW,MSFT,INV86142,PO5251,NZD,36465.4,EXPORT,Payment for services,Manual Entry
TXN001615,14-03-2026,08-03-2026,2026-08,AUS01,5310,CC2000,FIN,Salesforce,INV70656,PO6779,AUD,37950.38,GST-FREE,Payment for license,SAP
TXN001616,11-03-2026,01-03-2026,2026-08,AUS01,5010,CC4000,NSW,EY Australia,INV31973,PO4442,NZD,22995.76,EXPORT,Payment for license,Workday
TXN001617,18-03-2026,11-03-2026,2026-08,AUS01,5200,CC4000,ACT,Amazon,INV62244,,USD,43180.87,EXPORT,Payment for goods,API Import
TXN001618,2026-08-13,2026-08-10,2026-08,AUS01,5100,CC4100,QLD,Amazon,INV30275,PO9847,NZD,33246.43,GST,Payment for license,Manual Entry
TXN001619,2025-10-28,2025-10-19,2025-10,AUS01,5810,CC1200,TAS,Amazon,INV60859,PO1600,GBP,416.22,EXPORT,Payment for services,SAP
TXN001620,15/06/2025,11/06/2025,2025-08,AUS01,5500,CC1200,MKT,Zoom,INV39347,,GBP,24942.24,GST-FREE,Payment for license,Manual Entry
TXN001621,08/22/2025,08/12/2025,2025-08,AUS01,5420,CC1000,CORP,Accenture Pty,INV52978,PO7779,NZD,2086.32,EXPORT,Payment for license,Oracle
TXN001622,01/07/2026,01/01/2026,2026-01,AUS01,5710,CC3200,HR,AWS,INV32388,PO4572,GBP,19957.44,GST,Payment for services,Workday
TXN001623,01/11/2026,01/10/2026,2026-01,AUS01,5700,CC3000,,Optus Pty,INV78786,PO4647,AUD,16150.69,GST,Payment for license,Workday
TXN001624,09/23/2025,09/18/2025,2025-09,AUS01,5010,CC2100,WA,Regus Australia,INV50811,,USD,4799.71,GST,Payment for consulting,SAP
TXN001625,2026-01-21,2026-01-18,2026-01,AUS01,5210,CC3000,CORP,MSFT,INV24920,PO7447,USD,18086.78,EXPORT,Payment for license,API Import
TXN001626,2025-08-03,2025-08-24,2025-08,AUS01,5620,CC3200,MKT,Optus Pty,INV40424,PO5957,GBP,24243.94,GST-FREE,Payment for subscription,Workday
TXN001627,03/14/2026,03/09/2026,2026-08,AUS01,5410,CC3200,NSW,KPMG Australia,INV65477,PO8000,AUD,41182.58,GST-FREE,Payment for subscription,SAP
TXN001628,03-01-2025,30-12-2024,2025-01,AUS01,5110,CC4100,HR,McKinsey,INV76326,PO2950,GBP,9916.48,EXPORT,Payment for subscription,API Import
TXN001629,01/16/2025,01/08/2025,2025-01,AUS01,5710,CC1200,FIN,Zoom,INV83342,PO4414,GBP,10585.11,EXPORT,Payment for services,Oracle
TXN001630,2025-08-19,2025-08-13,2025-08,AUS01,5520,CC3000,MKT,EY Australia,INV39706,,USD,44817.25,GST-FREE,Payment for services,Manual Entry
TXN001631,03/28/2026,03/26/2026,2026-08,AUS01,5520,CC3000,MKT,Deloitte Touche,INV13141,PO4396,USD,26280.2,EXPORT,Payment for subscription,Workday
TXN001632,26-11-2025,18-11-2025,2025-11,AUS01,5710,CC2100,HR,Federal Express,INV92862,PO9925,USD,32749.28,INPUT,Payment for subscription,SAP
TXN001633,21-03-2026,16-03-2026,2026-08,AUS01,5800,CC4100,IT,Atlassian Pty,INV54128,,GBP,2957.53,GST,Payment for goods,Oracle
TXN001634,2025-10-03,2025-09-26,2025-10,AUS01,5600,CC4000,IT,Salesforce,INV39874,PO5912,NZD,40116.69,GST,Payment for subscription,Manual Entry
TXN001635,2026-01-13,2026-01-03,2026-01,AUS01,5220,CC4000,CORP,Workday,INV13385,PO3104,GBP,36507.67,INPUT,Payment for license,Oracle
TXN001636,18-03-2026,13-03-2026,2026-08,AUS01,5700,CC2000,HR,SAP,INV93154,PO1484,AUD,36554.66,EXPORT,Payment for license,API Import
TXN001637,13-03-2026,11-03-2026,2026-08,AUS01,5520,CC2000,MKT,AusPost,INV88614,PO7807,GBP,20413.65,GST,Payment for consulting,Manual Entry
TXN001638,2026-08-03,2026-01-31,2026-08,AUS01,5310,CC3100,OPS,Accenture Pty,INV27619,PO3097,NZD,7907.93,GST,Payment for goods,Oracle
TXN001639,2026-01-09,2026-01-07,2026-01,AUS01,5200,CC3200,CORP,Telstra Corp,INV56934,PO1264,USD,40110.54,EXPORT,Payment for services,Manual Entry
TXN001640,28-03-2026,18-03-2026,2026-08,AUS01,5020,CC3000,CORP,Zoom,INV25767,,NZD,12495.91,EXPORT,Payment for services,API Import
TXN001641,08/04/2025,03/04/2025,2025-08,AUS01,5810,CC3000,WA,Salesforce,INV57250,PO6032,GBP,13751.64,EXPORT,Payment for goods,Manual Entry
TXN001642,2026-01-27,2026-01-25,2026-01,AUS01,5520,CC3100,MKT,Accenture Pty,INV38597,,GBP,33847.19,EXPORT,Payment for license,Workday
TXN001643,24-12-2025,14-12-2025,2025-12,AUS01,5620,CC3000,NSW,WeWork Australia,INV99824,PO5304,USD,28807.21,EXPORT,Payment for services,Workday
TXN001644,2025-08-20,2025-08-19,2025-08,AUS01,5200,CC4000,IT,McKinsey,INV54993,,AUD,43778.84,INPUT,Payment for goods,Workday
TXN001645,03/25/2026,03/20/2026,2026-08,AUS01,5520,CC3100,MKT,Seek Limited,INV85060,,USD,8207.5,GST-FREE,Payment for consulting,Oracle
TXN001646,2026-01-08,2026-01-03,2026-01,AUS01,5320,CC2100,CORP,Federal Express,INV48326,PO4243,AUD,16883.23,EXPORT,Payment for goods,Workday
TXN001647,2026-08-03,2026-01-29,2026-08,AUS01,5710,CC4100,HR,LinkedIn Corp,INV38004,,GBP,26575.08,INPUT,Payment for services,Workday
TXN001648,01/01/2026,12/27/2025,2026-01,AUS01,5210,CC3200,IT,Hays,INV16785,PO7127,GBP,19179.17,GST-FREE,Payment for license,SAP
TXN001649,2026-01-02,2025-12-24,2026-01,AUS01,5500,CC2000,MKT,Google,INV52542,,NZD,9355.26,GST,Payment for services,Workday
TXN001650,08-01-2026,31-12-2025,2026-01,AUS01,5520,CC3100,MKT,Adobe,INV73685,PO2271,AUD,42543.46,GST,Payment for license,Manual Entry
TXN001651,2025-08-04,2025-08-25,2025-08,AUS01,5700,CC3100,IT,McKinsey,INV69525,PO7660,GBP,13623.53,INPUT,Payment for license,SAP
TXN001652,05-03-2026,26-01-2026,2026-08,AUS01,5700,CC2000,HR,Accenture Pty,INV33488,PO4214,AUD,16815.72,INPUT,Payment for services,Manual Entry
TXN001653,2025-08-02,2025-08-29,2025-08,AUS01,5200,CC1000,CORP,Oracle,INV12472,PO3262,GBP,39355.11,INPUT,Payment for goods,Workday
TXN001654,2025-08-24,2025-08-22,2025-08,AUS01,5300,CC1200,OPS,Amazon,INV23513,PO5195,GBP,18457.71,GST,Payment for subscription,API Import
TXN001655,19/05/2025,18/05/2025,2025-08,AUS01,5100,CC3100,VIC,Telstra Corp,INV26872,,USD,9340.72,GST-FREE,Payment for goods,Workday
TXN001656,2025-01-02,2024-12-27,2025-01,AUS01,5210,CC4100,CORP,Slack,INV58816,PO1451,USD,29951.28,GST,Payment for services,API Import
TXN001657,2025-08-25,2025-08-23,2025-08,AUS01,5100,CC2000,R&D,Deloitte Touche,INV35223,,NZD,9487.51,GST,Payment for goods,Workday
TXN001658,06-03-2026,04-03-2026,2026-08,AUS01,5900,CC2000,OPS,Adobe,INV53979,PO7745,USD,33008.89,INPUT,Payment for subscription,Workday
TXN001659,05/01/2026,31/12/2025,2026-01,AUS01,5120,CC4000,FIN,DHL Express,INV89876,PO1081,NZD,34785.93,INPUT,Payment for goods,Workday
TXN001660,19-01-2026,12-01-2026,2026-01,AUS01,5200,CC2100,IT,Oracle,INV42442,PO8435,AUD,32862.74,INPUT,Payment for consulting,Oracle
TXN001661,08/09/2025,08/06/2025,2025-08,AUS01,5610,CC3200,WA,ServiceNow Inc,INV53857,PO7285,NZD,18273.99,GST,Payment for consulting,Workday
TXN001662,01/27/2026,01/17/2026,2026-01,AUS01,5920,CC1100,QLD,PWC,INV30670,PO5035,GBP,34404.97,EXPORT,Payment for license,SAP
TXN001663,20-04-2025,13-04-2025,2025-08,AUS01,5300,CC1100,CORP,PWC,INV38727,,GBP,35245.76,INPUT,Payment for license,Workday
TXN001664,03/06/2026,01/29/2026,2026-08,AUS01,5810,CC2100,ACT,DHL Express,INV54310,,GBP,32413.6,GST-FREE,Payment for license,Manual Entry
TXN001665,01/05/2026,01/01/2026,2026-01,AUS01,5110,CC2100,FIN,SAP,INV49034,,GBP,22274.05,GST-FREE,Payment for consulting,SAP
TXN001666,06-03-2026,30-01-2026,2026-08,AUS01,5200,CC4000,IT,ServiceNow Inc,INV63847,PO9195,NZD,12288.26,INPUT,Payment for consulting,Oracle
TXN001667,2026-01-22,2026-01-15,2026-01,AUS01,5900,CC1100,IT,DHL Express,INV87363,PO9951,USD,13391.98,EXPORT,Payment for services,Manual Entry
TXN001668,03/04/2026,01/31/2026,2026-08,AUS01,5700,CC4000,HR,Google,INV70542,,AUD,17774.95,GST-FREE,Payment for goods,SAP
TXN001669,16/01/2026,08/01/2026,2026-01,AUS01,5110,CC3100,QLD,MSFT,INV22506,,GBP,31131.89,GST,Payment for license,Manual Entry
TXN001670,27-03-2026,18-03-2026,2026-08,AUS01,5710,CC1000,HR,Slack,INV25443,,GBP,32963.01,GST-FREE,Payment for services,Workday
TXN001671,13/01/2026,03/01/2026,2026-01,AUS01,5810,CC2100,QLD,Optus Pty,INV28894,PO3694,GBP,8359.06,INPUT,Payment for consulting,Workday
TXN001672,12-01-2026,08-01-2026,2026-01,AUS01,5910,CC2000,R&D,GCP,INV11487,,GBP,6327.39,INPUT,Payment for license,Workday
TXN001673,2026-08-17,2026-08-15,2026-08,AUS01,5120,CC3100,NSW,Federal Express,INV91319,PO1419,NZD,25565.35,GST,Payment for consulting,API Import
TXN001674,08/06/2025,03/06/2025,2025-08,AUS01,5210,CC4100,IT,Atlassian Pty,INV24081,,AUD,4809.08,EXPORT,Payment for license,SAP
TXN001675,04-01-2025,31-12-2024,2025-01,AUS01,5600,CC4100,WA,PWC,INV35518,,AUD,34287.7,GST,Payment for subscription,Workday
TXN001676,07-03-2025,28-03-2025,2025-08,AUS01,5910,CC3200,IT,Workday,INV46889,,NZD,24053.21,GST,Payment for license,API Import
TXN001677,01/26/2026,01/24/2026,2026-01,AUS01,5800,CC1000,CORP,Salesforce,INV14941,,GBP,22263.71,GST-FREE,Payment for subscription,API Import
TXN001678,2026-01-03,2025-12-27,2026-01,AUS01,5000,CC2100,WA,Google,INV96003,PO3646,AUD,2235.47,INPUT,Payment for services,Oracle
TXN001679,17-09-2025,10-09-2025,2025-09,AUS01,5100,CC3100,R&D,Microsoft,INV42302,,AUD,39440.08,GST,Payment for services,Oracle
TXN001680,03/09/2026,03/04/2026,2026-08,AUS01,5520,CC2100,MKT,Zoom,INV19789,PO8832,AUD,9507.89,GST-FREE,Payment for license,SAP
TXN001681,2025-09-16,2025-09-12,2025-09,AUS01,5520,CC3100,MKT,MSFT,INV22960,PO2415,AUD,14644.25,EXPORT,Payment for consulting,SAP
TXN001682,07-03-2026,05-03-2026,2026-08,AUS01,5600,CC2100,OPS,Amazon,INV97688,PO3647,USD,13725.13,EXPORT,Payment for license,API Import
TXN001683,2025-08-26,2025-08-21,2025-08,AUS01,5020,CC1100,QLD,Slack,INV51564,,GBP,38313.69,INPUT,Payment for consulting,SAP
TXN001684,25/04/2025,18/04/2025,2025-08,AUS01,5500,CC4000,ACT,Regus Australia,INV34578,PO4913,GBP,17187.34,EXPORT,Payment for license,SAP
TXN001685,02-01-2026,28-12-2025,2026-01,AUS01,5610,CC1100,SA,Federal Express,INV32193,,AUD,35232.34,INPUT,Payment for goods,SAP
TXN001686,01/12/2026,01/11/2026,2026-01,AUS01,5020,CC2000,WA,Google,INV63865,PO8099,NZD,9878.99,GST,Payment for goods,Manual Entry
TXN001687,03-01-2026,25-12-2025,2026-01,AUS01,5220,CC3000,CORP,BCG,INV95981,PO6109,USD,44925.48,GST-FREE,Payment for services,SAP
TXN001688,01/05/2026,12/31/2025,2026-01,AUS01,5500,CC1100,MKT,LinkedIn Corp,INV65826,PO5625,NZD,23474.78,INPUT,Payment for license,API Import
TXN001689,20/07/2025,19/07/2025,2025-08,AUS01,5000,CC3000,ACT,GCP,INV96954,PO4411,NZD,19527.6,INPUT,Payment for subscription,Workday
TXN001690,01/25/2026,01/22/2026,2026-01,AUS01,5920,CC1200,NSW,Optus Pty,INV62980,,AUD,20560.24,EXPORT,Payment for subscription,Manual Entry
TXN001691,2026-01-12,2026-01-07,2026-01,AUS01,5400,CC1000,R&D,Seek Limited,INV48543,PO5496,AUD,29883.82,GST,Payment for services,Oracle
TXN001692,01-03-2026,23-01-2026,2026-08,AUS01,5620,CC3100,IT,Oracle,INV23448,PO1056,NZD,1919.58,EXPORT,Payment for consulting,Manual Entry
TXN001693,2025-12-18,2025-12-13,2025-12,AUS01,5900,CC1100,NSW,Hays,INV71828,PO4148,USD,24179.81,GST,Payment for license,SAP
TXN001694,11/04/2025,11/01/2025,2025-11,AUS01,5110,CC2000,CORP,Zoom,INV47212,,USD,8226.06,GST-FREE,Payment for subscription,Manual Entry
TXN001695,11/01/2026,03/01/2026,2026-01,AUS01,5200,CC3000,CORP,EY Australia,INV15113,PO5390,AUD,157.87,GST,Payment for consulting,API Import
TXN001696,2026-01-26,2026-01-22,2026-01,AUS01,5320,CC1100,CORP,Atlassian Pty,INV51211,,USD,15681.61,GST,Payment for consulting,Oracle
TXN001697,06-03-2026,05-03-2026,2026-08,AUS01,5900,CC3100,OPS,KPMG Australia,INV74143,PO1670,AUD,28816.09,INPUT,Payment for license,Manual Entry
TXN001698,17/01/2026,16/01/2026,2026-01,AUS01,5110,CC4000,R&D,Amazon,INV23412,PO6397,AUD,1165.46,INPUT,Payment for goods,Workday
TXN001699,03/03/2026,01/31/2026,2026-08,AUS01,5900,CC4000,CORP,GCP,INV69524,,NZD,13027.21,EXPORT,Payment for goods,API Import
TXN001700,03/01/2026,31/12/2025,2026-01,AUS01,5620,CC4000,R&D,ServiceNow Inc,INV75237,PO1408,AUD,17410.11,INPUT,Payment for goods,Manual Entry
TXN001701,2025-11-18,2025-11-15,2025-11,AUS01,5100,CC2000,CORP,Optus Pty,INV62756,PO1225,NZD,41909.22,GST-FREE,Payment for subscription,Workday
TXN001702,01/18/2026,01/12/2026,2026-01,AUS01,5500,CC3000,MKT,EY Australia,INV34454,PO1010,AUD,24558.43,INPUT,Payment for consulting,API Import
TXN001703,2026-08-14,2026-08-09,2026-08,AUS01,5320,CC1200,IT,Telstra Corp,INV60922,PO8531,AUD,17039.07,GST,Payment for goods,Oracle
TXN001704,03/15/2026,03/09/2026,2026-08,AUS01,5420,CC1000,WA,Google,INV64312,,GBP,14393.8,EXPORT,Payment for goods,Manual Entry
TXN001705,2026-01-22,2026-01-17,2026-01,AUS01,5600,CC4000,FIN,MSFT,INV77112,,USD,16161.37,GST,Payment for consulting,Manual Entry
TXN001706,20/01/2026,10/01/2026,2026-01,AUS01,5920,CC3100,R&D,KPMG Australia,INV33638,PO1149,NZD,13628.1,EXPORT,Payment for license,Workday
TXN001707,22/01/2026,18/01/2026,2026-01,AUS01,5800,CC1200,HR,Deloitte Touche,INV14182,,USD,9645.37,GST,Payment for consulting,Oracle
TXN001708,2025-12-10,2025-12-04,2025-12,AUS01,5310,CC2000,OPS,DHL Express,INV51330,PO1471,AUD,14810.5,INPUT,Payment for consulting,Oracle
TXN001709,27-03-2025,17-03-2025,2025-08,AUS01,5900,CC3100,OPS,AWS,INV69267,,USD,12562.01,INPUT,Payment for goods,Oracle
TXN001710,22/01/2026,12/01/2026,2026-01,AUS01,5900,CC3000,WA,KPMG Australia,INV20822,PO9811,NZD,8239.61,GST-FREE,Payment for goods,API Import
TXN001711,13-03-2026,12-03-2026,2026-08,AUS01,5220,CC1000,CORP,Slack,INV68015,,GBP,17714.72,GST,Payment for consulting,Workday
TXN001712,06-03-2026,03-03-2026,2026-08,AUS01,5000,CC2100,SA,Google,INV25626,PO4944,GBP,20934.08,GST-FREE,Payment for license,Oracle
TXN001713,13-01-2025,03-01-2025,2025-01,AUS01,5200,CC3200,CORP,AWS,INV56524,PO4529,GBP,10035.96,GST-FREE,Payment for services,Oracle
TXN001714,19/12/2025,10/12/2025,2025-12,AUS01,5010,CC2100,QLD,WeWork Australia,INV64786,,AUD,8404.1,GST,Payment for license,SAP
TXN001715,04/01/2026,31/12/2025,2026-01,AUS01,5200,CC3000,CORP,ServiceNow Inc,INV89128,,GBP,27228.37,GST,Payment for services,SAP
TXN001716,01/06/2026,12/30/2025,2026-01,AUS01,5100,CC3100,IT,Zoom,INV98737,,USD,37891.72,EXPORT,Payment for consulting,SAP
TXN001717,10/17/2025,10/11/2025,2025-10,AUS01,5610,CC2100,HR,AWS,INV39740,,GBP,26113.58,GST-FREE,Payment for subscription,Oracle
TXN001718,05-03-2026,03-03-2026,2026-08,AUS01,5400,CC3200,QLD,LinkedIn Corp,INV47961,PO5717,AUD,12890.39,EXPORT,Payment for goods,Manual Entry
TXN001719,2026-08-01,2026-01-22,2026-08,AUS01,5300,CC3000,FIN,SAP,INV75398,PO7893,AUD,41407.85,EXPORT,Payment for consulting,Workday
TXN001720,02-03-2026,01/30/2026,2026-08,AUS01,5700,CC3200,HR,AusPost,INV82584,,AUD,5713.47,GST-FREE,Payment for subscription,Manual Entry
TXN001721,2026-08-18,2026-08-11,2026-08,AUS01,5700,CC1100,HR,MSFT,INV98496,,USD,6028.84,GST,Payment for consulting,API Import
TXN001722,22-12-2025,21-12-2025,2025-12,AUS01,5400,CC3200,QLD,Telstra Corp,INV29813,,USD,15154.95,GST-FREE,Payment for consulting,SAP
TXN001723,01/18/2026,01/08/2026,2026-01,AUS01,5110,CC1100,QLD,Slack,INV94819,PO7784,GBP,36861.22,INPUT,Payment for goods,Manual Entry
TXN001724,2025-09-03,2025-08-29,2025-09,AUS01,5920,CC1200,MKT,EY Australia,INV42091,PO6515,USD,1068.65,GST,Payment for goods,API Import
TXN001725,25/01/2026,21/01/2026,2026-01,AUS01,5710,CC1100,HR,Workday,INV88569,PO9228,USD,11758.42,INPUT,Payment for consulting,Manual Entry
TXN001726,20/01/2026,17/01/2026,2026-01,AUS01,5500,CC4000,MKT,Deloitte Touche,INV99523,PO6611,AUD,22140.91,GST-FREE,Payment for license,SAP
TXN001727,11/06/2025,03/06/2025,2025-08,AUS01,5110,CC1000,ACT,GCP,INV60834,PO3681,AUD,35074.55,GST,Payment for consulting,Manual Entry
TXN001728,10/01/2026,03/01/2026,2026-01,AUS01,5420,CC2000,FIN,Regus Australia,INV33996,PO6176,AUD,36266.15,EXPORT,Payment for subscription,Oracle
TXN001729,26-03-2026,18-03-2026,2026-08,AUS01,5910,CC3000,HR,DHL Express,INV90425,PO7729,NZD,41872.82,EXPORT,Payment for subscription,API Import
TXN001730,01/15/2026,01/05/2026,2026-01,AUS01,5410,CC1200,CORP,Adobe,INV58183,PO1355,NZD,36655.15,INPUT,Payment for subscription,Manual Entry
TXN001731,21/09/2025,15/09/2025,2025-09,AUS01,5000,CC3100,HR,Slack,INV24399,,GBP,14781.9,INPUT,Payment for services,Manual Entry
TXN001732,25-03-2026,17-03-2026,2026-08,AUS01,5410,CC3200,OPS,Oracle,INV90463,PO4530,USD,33312.31,GST,Payment for subscription,Workday
TXN001733,28-03-2026,26-03-2026,2026-08,AUS01,5110,CC4100,VIC,Atlassian Pty,INV10572,,NZD,19725.17,INPUT,Payment for goods,Workday
TXN001734,16-07-2025,07-07-2025,2025-08,AUS01,5920,CC1000,SA,KPMG Australia,INV27949,PO9515,NZD,43763.71,EXPORT,Payment for subscription,SAP
TXN001735,2025-08-15,2025-08-11,2025-08,AUS01,5210,CC4100,CORP,Slack,INV41852,,AUD,13237.96,GST-FREE,Payment for goods,SAP
TXN001736,01/19/2025,01/13/2025,2025-01,AUS01,5020,CC3100,WA,Hays,INV11540,PO7668,GBP,34490.58,EXPORT,Payment for goods,Oracle
TXN001737,28-03-2026,24-03-2026,2026-08,AUS01,5000,CC1100,NSW,Salesforce,INV13547,PO1802,USD,39759.31,GST-FREE,Payment for license,Workday
TXN001738,01/17/2026,01/14/2026,2026-01,AUS01,5400,CC2100,R&D,Workday,INV65425,PO7242,USD,44679.02,GST-FREE,Payment for services,API Import
TXN001739,06-03-2026,29-01-2026,2026-08,AUS01,5800,CC1100,MKT,Workday,INV93901,PO5686,GBP,491.85,INPUT,Payment for consulting,API Import
TXN001740,2026-01-05,2025-12-27,2026-01,AUS01,5320,CC3100,OPS,PWC,INV29080,,AUD,5206.24,GST-FREE,Payment for subscription,SAP
TXN001741,19-03-2026,13-03-2026,2026-08,AUS01,5010,CC1000,QLD,Salesforce,INV61315,,AUD,40461.6,INPUT,Payment for subscription,API Import
TXN001742,2026-01-23,2026-01-14,2026-01,AUS01,5010,CC2000,SA,Robert Half International,INV18028,,AUD,12934.27,GST,Payment for subscription,Oracle
TXN001743,08/03/2025,05/27/2025,2025-08,AUS01,5400,CC4000,ACT,BCG,INV35025,PO2688,AUD,30950.95,INPUT,Payment for subscription,API Import
TXN001744,21-03-2026,13-03-2026,2026-08,AUS01,5300,CC3200,FIN,McKinsey,INV15513,PO1196,NZD,22805.29,GST-FREE,Payment for services,Manual Entry
TXN001745,01/17/2026,01/10/2026,2026-01,AUS01,5300,CC3200,FIN,Atlassian Pty,INV81947,,GBP,37851.69,EXPORT,Payment for services,API Import
TXN001746,03/01/2026,25/12/2025,2026-01,AUS01,5900,CC1100,FIN,DHL Express,INV67138,,USD,21819.6,GST,Payment for subscription,API Import
TXN001747,13-01-2026,04-01-2026,2026-01,AUS01,5410,CC1100,NSW,Google,INV67480,PO9541,GBP,37214.42,EXPORT,Payment for goods,Oracle
TXN001748,06-07-2025,04-07-2025,2025-08,AUS01,5500,CC1000,MKT,McKinsey,INV59142,,AUD,15044.49,GST-FREE,Payment for subscription,API Import
TXN001749,01/03/2026,12/27/2025,2026-01,AUS01,5310,CC3200,OPS,Zoom,INV42435,PO9342,NZD,11186.43,GST-FREE,Payment for goods,Workday
TXN001750,06-08-2025,30-07-2025,2025-08,AUS01,5700,CC1200,HR,GCP,INV53928,PO2090,GBP,40753.43,EXPORT,Payment for subscription,API Import
TXN001751,01/27/2026,01/20/2026,2026-01,AUS01,5410,CC4000,MKT,Hays,INV10846,,USD,293.09,GST-FREE,Payment for license,Workday
TXN001752,08/10/2025,29/09/2025,2025-10,AUS01,5120,CC3200,R&D,Federal Express,INV43429,PO7078,GBP,26704.46,GST-FREE,Payment for services,Oracle
TXN001753,11-03-2026,02-03-2026,2026-08,AUS01,5320,CC2100,CORP,Telstra Corp,INV81351,PO4120,AUD,43575.81,GST,Payment for services,API Import
TXN001754,19-01-2026,16-01-2026,2026-01,AUS01,5800,CC1000,QLD,LinkedIn Corp,INV73410,PO8686,USD,25045.09,GST-FREE,Payment for consulting,SAP
TXN001755,03/04/2025,03/01/2025,2025-08,AUS01,5310,CC1200,CORP,Seek Limited,INV11129,PO2358,GBP,9009.04,GST,Payment for goods,SAP
TXN001756,03/01/2026,28/12/2025,2026-01,AUS01,5110,CC2000,ACT,KPMG Australia,INV55717,PO8920,NZD,22049.81,GST,Payment for consulting,Manual Entry
TXN001757,04-03-2026,02-03-2026,2026-08,AUS01,5700,CC4100,HR,Seek Limited,INV55857,PO7596,AUD,16991.3,EXPORT,Payment for consulting,Manual Entry
TXN001758,2025-12-10,2025-11-30,2025-12,AUS01,5610,CC3100,QLD,Accenture Pty,INV12107,,USD,13011.99,INPUT,Payment for subscription,Oracle
TXN001759,01/06/2026,01/03/2026,2026-01,AUS01,5700,CC3100,HR,Regus Australia,INV33894,,USD,35136.88,GST-FREE,Payment for services,API Import
TXN001760,08/03/2025,08/30/2025,2025-08,AUS01,5610,CC1000,R&D,LinkedIn Corp,INV72683,PO7903,AUD,16346.88,INPUT,Payment for services,SAP
TXN001761,11-01-2026,01-01-2026,2026-01,AUS01,5100,CC1100,SA,BCG,INV15748,,AUD,33560.45,GST,Payment for goods,Manual Entry
TXN001762,2026-01-01,2025-12-23,2026-01,AUS01,5010,CC1200,R&D,DHL Express,INV97742,,NZD,25267.57,GST-FREE,Payment for consulting,Workday
TXN001763,20-01-2026,11-01-2026,2026-01,AUS01,5920,CC2000,VIC,ServiceNow Inc,INV56944,PO2462,NZD,13077.1,GST-FREE,Payment for license,Oracle
TXN001764,08/04/2025,08/25/2025,2025-08,AUS01,5400,CC3200,HR,Google,INV93043,PO5647,NZD,17359.74,EXPORT,Payment for goods,Oracle
TXN001765,01-03-2026,30/01/2026,2026-08,AUS01,5500,CC1200,MKT,AusPost,INV50681,PO6457,GBP,16482.54,GST-FREE,Payment for subscription,API Import
TXN001766,06-10-2025,03-10-2025,2025-10,AUS01,5300,CC1000,FIN,Microsoft,INV12725,PO1813,AUD,31045.35,GST-FREE,Payment for services,Workday
TXN001767,22-01-2026,21-01-2026,2026-01,AUS01,5310,CC1100,CORP,Amazon,INV74947,PO7564,NZD,12663.17,GST-FREE,Payment for goods,SAP
TXN001768,21-03-2026,17-03-2026,2026-08,AUS01,5310,CC3100,CORP,Workday,INV11686,,GBP,26962.44,GST-FREE,Payment for services,SAP
TXN001769,2026-01-24,2026-01-14,2026-01,AUS01,5010,CC4000,NSW,Accenture Pty,INV10465,PO6074,AUD,24931.69,GST,Payment for license,SAP
TXN001770,06-03-2026,31/01/2026,2026-08,AUS01,5710,CC2100,HR,Salesforce,INV91919,PO4770,NZD,24514.61,GST-FREE,Payment for services,Workday
TXN001771,23-03-2026,15-03-2026,2026-08,AUS01,5410,CC3100,WA,Google,INV32333,PO1405,USD,34687.12,EXPORT,Payment for license,SAP
TXN001772,05/01/2026,29/12/2025,2026-01,AUS01,5510,CC1100,MKT,WeWork Australia,INV70030,PO6693,NZD,35113.46,INPUT,Payment for goods,SAP
TXN001773,2025-08-27,2025-08-26,2025-08,AUS01,5320,CC4000,FIN,Workday,INV75168,PO8337,USD,475.68,EXPORT,Payment for license,API Import
TXN001774,10/07/2025,08/07/2025,2025-08,AUS01,5520,CC4100,CORP,Atlassian Pty,INV89482,,NZD,6382.89,EXPORT,Payment for consulting,Workday
TXN001775,2025-08-21,2025-08-19,2025-08,AUS01,5400,CC3200,R&D,Telstra Corp,INV76727,PO7522,GBP,31084.55,GST,Payment for goods,API Import
TXN001776,18/01/2025,11/01/2025,2025-01,AUS01,5210,CC3100,NT,WeWork Australia,INV93870,,AUD,4041.39,EXPORT,Payment for consulting,Oracle
TXN001777,19-03-2026,16-03-2026,2026-08,AUS01,5410,CC3100,MKT,Telstra Corp,INV84694,PO4190,GBP,23211.07,GST,Payment for consulting,Manual Entry
TXN001778,03-03-2025,25-03-2025,2025-08,AUS01,5120,CC1200,R&D,AWS,INV51679,PO2739,GBP,13185.38,GST-FREE,Payment for goods,Workday
TXN001779,11-01-2026,03-01-2026,2026-01,AUS01,5420,CC1200,,Telstra Corp,INV59831,,NZD,43856.46,EXPORT,Payment for license,Oracle
TXN001780,01/18/2026,01/09/2026,2026-01,AUS01,5000,CC3000,HR,Amazon,INV26357,PO2791,AUD,41338.68,INPUT,Payment for consulting,Workday
TXN001781,16/01/2026,08/01/2026,2026-01,AUS01,5020,CC1200,NSW,WeWork Australia,INV80042,PO2315,GBP,15856.26,GST,Payment for services,Workday
TXN001782,17-01-2026,16-01-2026,2026-01,AUS01,5010,CC3000,QLD,Microsoft,INV44326,,AUD,32356.13,GST-FREE,Payment for goods,API Import
TXN001783,15-01-2026,09-01-2026,2026-01,AUS01,5620,CC3200,NSW,MSFT,INV87286,,USD,28950.96,GST-FREE,Payment for services,SAP
TXN001784,24/04/2025,18/04/2025,2025-08,AUS01,5620,CC1000,OPS,Salesforce,INV74671,,GBP,37619.03,GST,Payment for license,SAP
TXN001785,03/13/2026,03/10/2026,2026-08,AUS01,5120,CC1200,HR,ServiceNow Inc,INV25606,PO1256,USD,18422.54,GST-FREE,Payment for consulting,Oracle
TXN001786,2026-08-02,2026-01-25,2026-08,AUS01,5620,CC2000,QLD,Amazon,INV60448,PO7938,USD,36576.14,GST-FREE,Payment for goods,Workday
TXN001787,23-11-2025,17-11-2025,2025-11,AUS01,5210,CC3200,IT,KPMG Australia,INV74856,PO2507,AUD,31408.15,INPUT,Payment for subscription,Workday
TXN001788,01/13/2026,01/06/2026,2026-01,AUS01,5700,CC3200,HR,Deloitte Touche,INV37299,PO5979,AUD,32444.21,EXPORT,Payment for subscription,Workday
TXN001789,03/08/2026,02-03-2026,2026-08,AUS01,5800,CC1100,QLD,PWC,INV56391,PO9423,GBP,29523.71,EXPORT,Payment for goods,Workday
TXN001790,17/04/2025,12/04/2025,2025-08,AUS01,5520,CC2000,MKT,WeWork Australia,INV74818,,GBP,28386.15,EXPORT,Payment for consulting,Workday
TXN001791,12/17/2025,12/13/2025,2025-12,AUS01,5110,CC1000,HR,LinkedIn Corp,INV10599,PO5763,GBP,16484.84,EXPORT,Payment for goods,Oracle
TXN001792,25-03-2026,15-03-2026,2026-08,AUS01,5520,CC2000,MKT,Deloitte Touche,INV88258,PO9774,NZD,11049.09,EXPORT,Payment for services,Workday
TXN001793,01/01/2026,12/26/2025,2026-01,AUS01,5900,CC1000,FIN,Regus Australia,INV62545,PO1134,AUD,26855.04,INPUT,Payment for services,Manual Entry
TXN001794,01/07/2026,01/04/2026,2026-01,AUS01,5810,CC4100,R&D,SAP,INV39789,PO9028,AUD,31392.74,EXPORT,Payment for goods,API Import
TXN001795,08/11/2025,08/05/2025,2025-08,AUS01,5700,CC1000,HR,Accenture Pty,INV53919,PO6753,AUD,2948.26,GST-FREE,Payment for services,Workday
TXN001796,03/01/2026,01/01/2026,2026-01,AUS01,5300,CC3000,CORP,Amazon,INV50848,,USD,43178.02,GST,Payment for goods,SAP
TXN001797,05-09-2025,26-08-2025,2025-09,AUS01,5220,CC2000,CORP,ServiceNow Inc,INV34653,,GBP,27957.78,INPUT,Payment for services,SAP
TXN001798,05/01/2026,30/12/2025,2026-01,AUS01,5600,CC1000,ACT,PWC,INV70387,PO3441,USD,18109.61,GST-FREE,Payment for license,Manual Entry
TXN001799,27-01-2025,24-01-2025,2025-01,AUS01,5900,CC3000,QLD,Atlassian Pty,INV39287,PO6735,AUD,23608.41,EXPORT,Payment for subscription,Workday
TXN001800,2026-01-11,2026-01-06,2026-01,AUS01,5620,CC3100,HR,Microsoft,INV22290,,AUD,26348.55,INPUT,Payment for subscription,Workday
TXN001801,01/27/2025,01/21/2025,2025-01,AUS01,5810,CC2000,HR,LinkedIn Corp,INV27788,PO9909,AUD,41578.9,EXPORT,Payment for services,Manual Entry
TXN001802,15-03-2026,11-03-2026,2026-08,AUS01,5420,CC2100,FIN,Federal Express,INV21386,PO8792,AUD,44896.17,GST-FREE,Payment for subscription,Manual Entry
TXN001803,24-03-2026,17-03-2026,2026-08,AUS01,5220,CC1100,CORP,Oracle,INV78907,,GBP,1390.76,INPUT,Payment for consulting,Manual Entry
TXN001804,2026-08-06,2026-01-27,2026-08,AUS01,5610,CC1000,MKT,Telstra Corp,INV41522,,USD,3864.25,EXPORT,Payment for goods,API Import
TXN001805,03/20/2026,03/18/2026,2026-08,AUS01,5410,CC3200,FIN,MSFT,INV90680,PO9844,NZD,15167.85,INPUT,Payment for goods,Oracle
TXN001806,22-11-2025,14-11-2025,2025-11,AUS01,5210,CC1100,CORP,Oracle,INV79601,PO9693,USD,12689.83,GST-FREE,Payment for services,Workday
TXN001807,03/17/2026,03/15/2026,2026-08,AUS01,5700,CC2100,HR,Zoom,INV62525,,AUD,6621.71,GST-FREE,Payment for services,Oracle
TXN001808,18/01/2026,14/01/2026,2026-01,AUS01,5100,CC2000,WA,Deloitte Touche,INV67876,PO4027,USD,21264.99,INPUT,Payment for license,API Import
TXN001809,2026-01-03,2025-12-28,2026-01,AUS01,5300,CC4100,FIN,Amazon,INV21151,PO4327,NZD,28329.11,GST-FREE,Payment for subscription,Oracle
TXN001810,01/14/2026,01/10/2026,2026-01,AUS01,5900,CC1100,OPS,Microsoft,INV73392,,USD,29934.81,EXPORT,Payment for services,Workday
TXN001811,01-07-2025,28-06-2025,2025-08,AUS01,5700,CC4100,HR,Atlassian Pty,INV54529,PO8404,GBP,27262.55,EXPORT,Payment for goods,Oracle
TXN001812,2026-08-17,2026-08-10,2026-08,AUS01,5110,CC4100,CORP,Google,INV39961,PO3549,AUD,32928.83,EXPORT,Payment for goods,SAP
TXN001813,19/06/2025,12/06/2025,2025-08,AUS01,5600,CC1100,WA,McKinsey,INV67035,PO2866,GBP,9880.62,EXPORT,Payment for services,Workday
TXN001814,05-03-2026,28-01-2026,2026-08,AUS01,5000,CC3200,SA,KPMG Australia,INV58910,PO1925,NZD,38284.88,GST,Payment for subscription,Workday
TXN001815,2025-08-11,2025-08-10,2025-08,AUS01,5900,CC1200,VIC,AWS,INV78254,,USD,34947.51,EXPORT,Payment for consulting,API Import
TXN001816,2026-08-20,2026-08-16,2026-08,AUS01,5800,CC2100,NSW,WeWork Australia,INV75929,PO7497,AUD,7737.54,INPUT,Payment for services,Oracle
TXN001817,2025-08-21,2025-08-16,2025-08,AUS01,5000,CC4100,QLD,Workday,INV99052,PO2127,NZD,18423.1,EXPORT,Payment for license,Oracle
TXN001818,08-01-2025,30-12-2024,2025-01,AUS01,5510,CC1100,,Microsoft,INV68511,,AUD,40001.1,GST-FREE,Payment for services,Workday
TXN001819,04/01/2026,31/12/2025,2026-01,AUS01,5220,CC3100,CORP,MSFT,INV29516,,AUD,24592.59,GST-FREE,Payment for goods,API Import
TXN001820,22/01/2026,16/01/2026,2026-01,AUS01,5900,CC2000,HR,Oracle,INV99802,PO7336,AUD,34715.58,GST-FREE,Payment for license,SAP
TXN001821,24-01-2026,20-01-2026,2026-01,AUS01,5410,CC1000,CORP,Accenture Pty,INV42182,PO1206,AUD,29218.23,EXPORT,Payment for consulting,API Import
TXN001822,03/19/2026,03/11/2026,2026-08,AUS01,5410,CC3200,OPS,Oracle,INV26960,,AUD,2019.1,INPUT,Payment for services,SAP
TXN001823,2026-01-16,2026-01-08,2026-01,AUS01,5100,CC3100,MKT,Accenture Pty,INV95748,PO6253,NZD,25272.22,GST,Payment for services,Oracle
TXN001824,07-01-2025,06-01-2025,2025-01,AUS01,5510,CC3000,MKT,Google,INV91555,,AUD,39708.65,GST,Payment for subscription,Workday
TXN001825,10/09/2025,10-03-2025,2025-10,AUS01,5610,CC3200,ACT,Zoom,INV25058,PO8430,GBP,15550.86,EXPORT,Payment for consulting,Manual Entry
TXN001826,03/01/2026,26/12/2025,2026-01,AUS01,5420,CC1100,NSW,Robert Half International,INV41525,PO7566,GBP,33778.75,EXPORT,Payment for services,Oracle
TXN001827,24-01-2026,17-01-2026,2026-01,AUS01,5810,CC3200,ACT,ServiceNow Inc,INV37193,PO4204,AUD,16814.26,EXPORT,Payment for license,API Import
TXN001828,03/16/2026,03/15/2026,2026-08,AUS01,5120,CC1200,HR,Workday,INV49574,,NZD,30058.04,GST,Payment for consulting,Manual Entry
TXN001829,06-03-2026,30-01-2026,2026-08,AUS01,5200,CC2000,CORP,AWS,INV19387,PO7817,NZD,42819.12,GST,Payment for services,Workday
TXN001830,2025-01-06,2024-12-31,2025-01,AUS01,5120,CC2100,ACT,Robert Half International,INV79712,PO4394,USD,5159.99,EXPORT,Payment for consulting,Workday
TXN001831,2025-01-16,2025-01-11,2025-01,AUS01,5400,CC3000,ACT,Federal Express,INV12863,,GBP,26732.67,EXPORT,Payment for license,API Import
TXN001832,25-03-2026,24-03-2026,2026-08,AUS01,5000,CC2100,SA,ServiceNow Inc,INV62633,PO2290,GBP,30762.72,GST-FREE,Payment for subscription,API Import
TXN001833,06-03-2026,27/01/2026,2026-08,AUS01,5100,CC1200,VIC,Seek Limited,INV46721,,AUD,17310.25,GST-FREE,Payment for subscription,SAP
TXN001834,13/01/2026,03/01/2026,2026-01,AUS01,5100,CC1100,IT,Optus Pty,INV46800,PO9496,USD,5859.88,GST-FREE,Payment for goods,SAP
TXN001835,2026-08-03,2026-01-26,2026-08,AUS01,5710,CC4100,HR,DHL Express,INV53865,PO9615,AUD,38174.41,EXPORT,Payment for license,API Import
TXN001836,01/21/2025,01/11/2025,2025-01,AUS01,5500,CC2100,MKT,Optus Pty,INV23953,PO2808,AUD,14276.0,GST-FREE,Payment for subscription,API Import
TXN001837,28-01-2026,22-01-2026,2026-01,AUS01,5410,CC3000,TAS,GCP,INV66710,,AUD,44771.05,GST,Payment for goods,Workday
TXN001838,14-03-2026,12-03-2026,2026-08,AUS01,5410,CC2000,HR,GCP,INV56189,PO3916,USD,26877.36,INPUT,Payment for consulting,SAP
TXN001839,01/14/2026,01/04/2026,2026-01,AUS01,5410,CC2000,HR,Hays,INV78885,PO1877,AUD,4081.73,GST-FREE,Payment for consulting,API Import
TXN001840,2025-11-06,2025-11-04,2025-11,AUS01,5810,CC2000,VIC,AWS,INV55620,,GBP,3551.0,EXPORT,Payment for goods,SAP
TXN001841,13/10/2025,09/10/2025,2025-10,AUS01,5410,CC1100,ACT,Accenture Pty,INV45095,PO1743,AUD,21212.27,INPUT,Payment for subscription,API Import
TXN001842,2026-01-27,2026-01-23,2026-01,AUS01,5500,CC1200,MKT,WeWork Australia,INV75997,,NZD,16783.56,INPUT,Payment for consulting,Oracle
TXN001843,2025-09-22,2025-09-19,2025-09,AUS01,5500,CC2100,MKT,Workday,INV54829,,USD,6632.95,INPUT,Payment for subscription,SAP
TXN001844,27/03/2025,21/03/2025,2025-08,AUS01,5520,CC1100,IT,Deloitte Touche,INV23932,PO3985,GBP,39057.32,GST-FREE,Payment for goods,Manual Entry
TXN001845,2026-08-26,2026-08-24,2026-08,AUS01,5710,CC4000,ACT,DHL Express,INV56924,,USD,25758.03,INPUT,Payment for goods,API Import
TXN001846,01/09/2026,01/05/2026,2026-01,AUS01,5100,CC3000,CORP,Federal Express,INV11137,PO8705,USD,34941.54,GST-FREE,Payment for license,Manual Entry
TXN001847,01/17/2026,01/07/2026,2026-01,AUS01,5010,CC4100,NSW,Telstra Corp,INV27774,PO1526,NZD,16370.07,EXPORT,Payment for license,API Import
TXN001848,20/03/2025,18/03/2025,2025-08,AUS01,5420,CC3200,MKT,SAP,INV64858,PO2054,NZD,29323.19,GST,Payment for services,Oracle
TXN001849,07-01-2025,03-01-2025,2025-01,AUS01,5410,CC3200,QLD,Amazon,INV72760,PO5812,GBP,31189.24,GST,Payment for services,Oracle
TXN001850,10/06/2025,08/06/2025,2025-08,AUS01,5620,CC1200,IT,PWC,INV18038,PO5024,AUD,31006.71,GST-FREE,Payment for goods,Oracle
TXN001851,01/14/2026,01/09/2026,2026-01,AUS01,5000,CC1100,HR,GCP,INV48866,PO5435,NZD,13129.5,GST-FREE,Payment for goods,SAP
TXN001852,03/06/2025,03-03-2025,2025-08,AUS01,5900,CC3000,WA,AWS,INV21909,,NZD,19820.9,INPUT,Payment for license,Manual Entry
TXN001853,2025-09-22,2025-09-16,2025-09,AUS01,5410,CC2100,TAS,AWS,INV56078,,NZD,4726.95,EXPORT,Payment for license,API Import
TXN001854,2026-01-23,2026-01-19,2026-01,AUS01,5420,CC1000,OPS,McKinsey,INV49332,PO2529,NZD,37403.73,GST-FREE,Payment for license,SAP
TXN001855,17-03-2026,10-03-2026,2026-08,AUS01,5920,CC1100,SA,Salesforce,INV60243,PO5377,AUD,28970.89,INPUT,Payment for goods,API Import
TXN001856,19/01/2026,18/01/2026,2026-01,AUS01,5620,CC1200,QLD,Accenture Pty,INV66725,PO7937,GBP,17262.17,EXPORT,Payment for license,Oracle
TXN001857,25-03-2026,15-03-2026,2026-08,AUS01,5320,CC2000,FIN,ServiceNow Inc,INV22172,PO9876,GBP,4287.85,INPUT,Payment for goods,API Import
TXN001858,2026-08-22,2026-08-12,2026-08,AUS01,5900,CC2000,VIC,EY Australia,INV48542,,USD,12691.88,GST-FREE,Payment for consulting,Oracle
TXN001859,17-03-2026,12-03-2026,2026-08,AUS01,5410,CC2000,NSW,SAP,INV41212,,NZD,30387.11,GST-FREE,Payment for consulting,Workday
TXN001860,04-03-2025,28-01-2025,2025-08,AUS01,5610,CC2100,ACT,Microsoft,INV47744,,GBP,34944.47,INPUT,Payment for goods,API Import
TXN001861,06-01-2026,27-12-2025,2026-01,AUS01,5110,CC4000,VIC,BCG,INV36765,PO1355,NZD,1034.98,INPUT,Payment for license,Workday
TXN001862,03/06/2026,01/27/2026,2026-08,AUS01,5220,CC3200,IT,AWS,INV47143,PO6287,USD,25662.39,EXPORT,Payment for license,SAP
TXN001863,27-03-2026,20-03-2026,2026-08,AUS01,5310,CC1000,OPS,Deloitte Touche,INV10593,,GBP,5694.58,GST-FREE,Payment for license,API Import
TXN001864,03/11/2026,03/08/2026,2026-08,AUS01,5520,CC4000,MKT,LinkedIn Corp,INV90022,PO7181,USD,42061.81,INPUT,Payment for license,Manual Entry
TXN001865,14-03-2026,04-03-2026,2026-08,AUS01,5520,CC4100,MKT,Deloitte Touche,INV69975,PO1364,GBP,836.41,GST,Payment for consulting,API Import
TXN001866,2025-08-02,2025-01-28,2025-08,AUS01,5610,CC3200,TAS,Google,INV78629,,AUD,1281.63,GST-FREE,Payment for consulting,SAP
TXN001867,11-01-2026,03-01-2026,2026-01,AUS01,5910,CC3000,OPS,AusPost,INV95540,PO9893,GBP,32782.51,GST,Payment for license,Manual Entry
TXN001868,2026-08-01,2026-01-25,2026-08,AUS01,5500,CC2100,MKT,Deloitte Touche,INV58226,PO8126,USD,9278.02,GST-FREE,Payment for license,API Import
TXN001869,2025-11-11,2025-11-06,2025-11,AUS01,5310,CC1000,OPS,BCG,INV73500,PO1746,GBP,18442.93,GST-FREE,Payment for goods,Workday
TXN001870,06-03-2026,04-03-2026,2026-08,AUS01,5500,CC4000,CORP,Adobe,INV49408,PO3130,NZD,36089.02,GST,Payment for subscription,SAP
TXN001871,28/01/2026,19/01/2026,2026-01,AUS01,5310,CC3200,CORP,Telstra Corp,INV77392,PO2168,USD,34025.09,INPUT,Payment for consulting,Oracle
TXN001872,03/17/2026,03/07/2026,2026-08,AUS01,5210,CC3100,WA,MSFT,INV38932,,GBP,8894.22,INPUT,Payment for services,SAP
TXN001873,2026-01-25,2026-01-22,2026-01,AUS01,5420,CC4000,WA,Federal Express,INV10201,PO9252,NZD,3874.26,GST-FREE,Payment for subscription,Oracle
TXN001874,28-06-2025,20-06-2025,2025-08,AUS01,5320,CC4000,TAS,Federal Express,INV60763,PO3403,GBP,2289.89,GST-FREE,Payment for services,Oracle
TXN001875,24-01-2026,20-01-2026,2026-01,AUS01,5220,CC2100,IT,KPMG Australia,INV62817,PO7185,USD,28336.17,INPUT,Payment for goods,Oracle
TXN001876,2025-08-04,2025-08-01,2025-08,AUS01,5200,CC2000,IT,Regus Australia,INV72492,PO1783,GBP,30615.28,GST,Payment for consulting,Oracle
TXN001877,2025-08-27,2025-08-19,2025-08,AUS01,5300,CC2100,OPS,WeWork Australia,INV32683,PO3226,GBP,20823.63,EXPORT,Payment for consulting,Oracle
TXN001878,13-12-2025,04-12-2025,2025-12,AUS01,5310,CC1000,FIN,Robert Half International,INV74984,PO7133,GBP,36635.91,INPUT,Payment for license,Workday
TXN001879,01/22/2026,01/18/2026,2026-01,AUS01,5300,CC4000,CORP,BCG,INV68474,PO5157,USD,26475.75,GST-FREE,Payment for services,Oracle
TXN001880,16-05-2025,08-05-2025,2025-08,AUS01,5410,CC4000,MKT,Seek Limited,INV12952,PO8864,NZD,1223.5,GST-FREE,Payment for consulting,Manual Entry
TXN001881,2025-08-12,2025-08-07,2025-08,AUS01,5610,CC3200,R&D,WeWork Australia,INV51561,PO4402,USD,13482.34,GST,Payment for goods,SAP
TXN001882,2026-01-20,2026-01-19,2026-01,AUS01,5620,CC1000,NT,PWC,INV62222,PO9294,AUD,35854.26,INPUT,Payment for goods,Oracle
TXN001883,01/24/2026,01/19/2026,2026-01,AUS01,5310,CC2000,OPS,BCG,INV33631,PO3132,GBP,16509.02,INPUT,Payment for consulting,Manual Entry
TXN001884,2026-01-02,2026-01-01,2026-01,AUS01,5220,CC3200,IT,Amazon,INV50326,PO6925,AUD,3249.27,GST-FREE,Payment for consulting,SAP
TXN001885,03-01-2026,28-12-2025,2026-01,AUS01,5020,CC1100,SA,GCP,INV46265,PO2253,NZD,22656.97,EXPORT,Payment for subscription,Workday
TXN001886,16-03-2026,09-03-2026,2026-08,AUS01,5020,CC4000,WA,AusPost,INV70497,PO7743,GBP,30134.94,INPUT,Payment for consulting,Manual Entry
TXN001887,18/01/2026,08/01/2026,2026-01,AUS01,5000,CC3000,CORP,Slack,INV12198,PO2110,NZD,18244.81,INPUT,Payment for subscription,Oracle
TXN001888,23/01/2026,19/01/2026,2026-01,AUS01,5000,CC1200,QLD,Oracle,INV12273,PO8883,GBP,19084.31,INPUT,Payment for goods,API Import
TXN001889,18-03-2026,15-03-2026,2026-08,AUS01,5110,CC1100,SA,Deloitte Touche,INV21565,PO7161,AUD,16019.44,GST-FREE,Payment for services,Workday
TXN001890,10/16/2025,10/08/2025,2025-10,AUS01,5920,CC2000,IT,Workday,INV31975,,AUD,11474.54,INPUT,Payment for subscription,Workday
TXN001891,27/12/2025,26/12/2025,2025-12,AUS01,5200,CC3000,CORP,Deloitte Touche,INV39613,PO8878,NZD,4729.71,GST-FREE,Payment for goods,Workday
TXN001892,03-03-2026,27-01-2026,2026-08,AUS01,5300,CC3200,OPS,Seek Limited,INV36680,PO2250,NZD,4388.49,GST,Payment for license,Oracle
TXN001893,01/01/2026,26/12/2025,2026-01,AUS01,5510,CC3000,MKT,SAP,INV51717,PO2286,NZD,40541.52,EXPORT,Payment for subscription,Oracle
TXN001894,01/20/2026,01/17/2026,2026-01,AUS01,5710,CC1100,HR,Hays,INV85672,PO2244,NZD,15533.35,GST,Payment for goods,API Import
TXN001895,03/13/2026,03/07/2026,2026-08,AUS01,5900,CC4000,TAS,Atlassian Pty,INV38197,PO2590,GBP,20786.13,GST-FREE,Payment for license,Oracle
TXN001896,2025-09-10,2025-09-01,2025-09,AUS01,5710,CC1000,HR,MSFT,INV43842,PO4097,USD,43227.23,GST,Payment for subscription,Oracle
TXN001897,23/01/2026,18/01/2026,2026-01,AUS01,5120,CC1100,OPS,Regus Australia,INV16818,PO2664,GBP,33530.87,GST-FREE,Payment for goods,SAP
TXN001898,01/17/2026,01/14/2026,2026-01,AUS01,5500,CC2000,MKT,KPMG Australia,INV62635,,AUD,44557.57,INPUT,Payment for goods,SAP
TXN001899,03/11/2025,03/05/2025,2025-08,AUS01,5200,CC1000,IT,Salesforce,INV17718,PO5863,NZD,10133.22,GST-FREE,Payment for services,Manual Entry
TXN001900,2026-01-15,2026-01-13,2026-01,AUS01,5010,CC4100,WA,AusPost,INV96985,PO6239,NZD,27664.62,INPUT,Payment for consulting,Manual Entry
TXN001901,24-11-2025,20-11-2025,2025-11,AUS01,5800,CC2100,VIC,McKinsey,INV88333,PO3316,NZD,5473.6,GST-FREE,Payment for consulting,API Import
TXN001902,08/28/2025,08/22/2025,2025-08,AUS01,5110,CC1000,HR,AusPost,INV13002,PO2714,NZD,30831.17,GST,Payment for consulting,Manual Entry
TXN001903,2025-11-23,2025-11-22,2025-11,AUS01,5010,CC4000,NSW,Slack,INV26187,PO3316,USD,29920.51,GST-FREE,Payment for consulting,API Import
TXN001904,05/11/2025,03/11/2025,2025-11,AUS01,5620,CC3200,NSW,WeWork Australia,INV91039,PO7249,GBP,7755.41,EXPORT,Payment for goods,SAP
TXN001905,17/01/2026,12/01/2026,2026-01,AUS01,5500,CC4100,MKT,Google,INV28238,PO6762,AUD,599.4,GST-FREE,Payment for consulting,Oracle
TXN001906,25/01/2026,16/01/2026,2026-01,AUS01,5620,CC3200,MKT,MSFT,INV16111,PO8590,USD,7189.74,GST,Payment for subscription,API Import
TXN001907,11-03-2025,08-03-2025,2025-08,AUS01,5220,CC2000,IT,LinkedIn Corp,INV21583,,AUD,6599.19,INPUT,Payment for goods,SAP
TXN001908,2026-08-11,2026-08-08,2026-08,AUS01,5620,CC4000,WA,DHL Express,INV47753,PO3842,AUD,36290.01,GST,Payment for goods,Workday
TXN001909,01-03-2026,26-01-2026,2026-08,AUS01,5920,CC2100,NSW,Seek Limited,INV89559,PO1682,NZD,20356.87,EXPORT,Payment for license,SAP
TXN001910,2025-09-09,2025-08-31,2025-09,AUS01,5800,CC4100,QLD,Robert Half International,INV36769,,NZD,19660.76,INPUT,Payment for consulting,Workday
TXN001911,01/21/2026,01/14/2026,2026-01,AUS01,5900,CC1200,VIC,ServiceNow Inc,INV59927,PO4893,GBP,23934.86,EXPORT,Payment for services,Oracle
TXN001912,2025-08-13,2025-08-06,2025-08,AUS01,5620,CC1200,,Slack,INV35366,PO1149,AUD,39823.97,GST,Payment for subscription,Manual Entry
TXN001913,03/27/2026,03/19/2026,2026-08,AUS01,5020,CC4100,SA,AWS,INV53158,,USD,22951.39,GST-FREE,Payment for subscription,API Import
TXN001914,08/19/2025,08/15/2025,2025-08,AUS01,5520,CC1200,MKT,KPMG Australia,INV44028,PO1782,NZD,3396.46,GST,Payment for subscription,Oracle
TXN001915,10-01-2026,07-01-2026,2026-01,AUS01,5520,CC2000,MKT,WeWork Australia,INV72158,,AUD,43083.34,EXPORT,Payment for services,API Import
TXN001916,11/01/2026,08/01/2026,2026-01,AUS01,5700,CC3100,HR,Hays,INV76916,PO7619,AUD,36371.49,INPUT,Payment for license,Manual Entry
TXN001917,03/27/2026,03/20/2026,2026-08,AUS01,5710,CC1200,HR,Adobe,INV30820,PO3699,NZD,34866.0,GST-FREE,Payment for license,SAP
TXN001918,2026-01-25,2026-01-16,2026-01,AUS01,5200,CC1200,IT,Accenture Pty,INV76840,PO7997,NZD,9514.12,EXPORT,Payment for license,Workday
TXN001919,22-11-2025,14-11-2025,2025-11,AUS01,5410,CC3200,ACT,Robert Half International,INV46509,PO4584,AUD,27525.45,EXPORT,Payment for consulting,Workday
TXN001920,01/24/2026,01/14/2026,2026-01,AUS01,5310,CC4100,HR,Seek Limited,INV56846,PO2329,NZD,6680.51,GST-FREE,Payment for consulting,Workday
TXN001921,03/12/2026,02-03-2026,2026-08,AUS01,5620,CC1200,ACT,Robert Half International,INV46232,,GBP,12426.76,EXPORT,Payment for services,Workday
TXN001922,17-03-2026,14-03-2026,2026-08,AUS01,5410,CC3200,QLD,McKinsey,INV90884,PO7953,AUD,37772.47,GST,Payment for subscription,Workday
TXN001923,05/08/2025,04/28/2025,2025-08,AUS01,5410,CC3000,SA,McKinsey,INV50721,PO7607,AUD,34560.89,EXPORT,Payment for consulting,API Import
TXN001924,20-09-2025,16-09-2025,2025-09,AUS01,5800,CC1000,OPS,MSFT,INV17998,PO7488,USD,15858.21,GST-FREE,Payment for goods,SAP
TXN001925,01/03/2026,12/24/2025,2026-01,AUS01,5500,CC1200,MKT,Oracle,INV80968,PO4522,NZD,6591.8,INPUT,Payment for subscription,API Import
TXN001926,06-01-2026,30-12-2025,2026-01,AUS01,5410,CC4000,TAS,MSFT,INV20854,PO9292,NZD,19671.64,GST,Payment for services,Workday
TXN001927,01/01/2026,28/12/2025,2026-01,AUS01,5300,CC4000,FIN,AWS,INV38727,PO4965,AUD,37748.89,INPUT,Payment for subscription,API Import
TXN001928,13-01-2026,05-01-2026,2026-01,AUS01,5100,CC3000,WA,McKinsey,INV55226,,NZD,12338.2,GST,Payment for goods,Manual Entry
TXN001929,02-04-2025,25-03-2025,2025-08,AUS01,5920,CC2100,MKT,DHL Express,INV92460,PO4378,USD,22360.19,GST,Payment for consulting,Workday
TXN001930,2025-10-20,2025-10-18,2025-10,AUS01,5610,CC1200,VIC,WeWork Australia,INV75707,PO1697,GBP,20055.69,GST-FREE,Payment for goods,SAP
TXN001931,01/12/2026,01/08/2026,2026-01,AUS01,5520,CC2000,MKT,Amazon,INV81961,,GBP,20484.09,INPUT,Payment for goods,Manual Entry
TXN001932,06-03-2026,01-03-2026,2026-08,AUS01,5200,CC4100,CORP,Regus Australia,INV47823,PO1041,GBP,21548.39,INPUT,Payment for consulting,API Import
TXN001933,2025-10-20,2025-10-12,2025-10,AUS01,5910,CC3000,VIC,Google,INV69779,PO7067,AUD,27361.03,GST,Payment for services,Oracle
TXN001934,12/19/2025,12/14/2025,2025-12,AUS01,5100,CC2100,OPS,Adobe,INV66288,PO9871,NZD,9349.79,GST,Payment for goods,API Import
TXN001935,25/10/2025,16/10/2025,2025-10,AUS01,5810,CC3000,SA,Seek Limited,INV55941,PO6230,NZD,19854.87,EXPORT,Payment for license,SAP
TXN001936,2026-08-16,2026-08-10,2026-08,AUS01,5310,CC2100,CORP,Deloitte Touche,INV39183,PO8076,USD,28775.25,INPUT,Payment for license,Manual Entry
TXN001937,22-12-2025,20-12-2025,2025-12,AUS01,5310,CC3100,,Oracle,INV90280,PO1880,USD,32693.99,INPUT,Payment for consulting,Manual Entry
TXN001938,23-03-2026,18-03-2026,2026-08,AUS01,5920,CC1100,SA,WeWork Australia,INV71160,,USD,16261.4,EXPORT,Payment for services,SAP
TXN001939,2026-01-04,2025-12-29,2026-01,AUS01,5620,CC2100,MKT,LinkedIn Corp,INV90551,PO4938,GBP,38660.49,INPUT,Payment for services,Workday
TXN001940,23-03-2026,20-03-2026,2026-08,AUS01,5120,CC3000,WA,Regus Australia,INV62597,,GBP,43290.4,INPUT,Payment for goods,Workday
TXN001941,09-01-2026,04-01-2026,2026-01,AUS01,5100,CC3100,TAS,BCG,INV29876,,NZD,21094.93,INPUT,Payment for goods,API Import
TXN001942,09/12/2025,09/06/2025,2025-09,AUS01,5520,CC1000,,WeWork Australia,INV73936,PO9217,GBP,33633.0,INPUT,Payment for services,Manual Entry
TXN001943,2026-08-13,2026-08-10,2026-08,AUS01,5900,CC4000,TAS,Deloitte Touche,INV31973,,AUD,34973.59,EXPORT,Payment for subscription,Manual Entry
TXN001944,01/01/2026,12/31/2025,2026-01,AUS01,5420,CC1100,NSW,Deloitte Touche,INV93047,PO5169,GBP,36328.18,EXPORT,Payment for consulting,API Import
TXN001945,16/01/2026,11/01/2026,2026-01,AUS01,5100,CC4000,SA,WeWork Australia,INV77921,PO9180,NZD,25778.56,GST,Payment for subscription,Workday
TXN001946,23-09-2025,22-09-2025,2025-09,AUS01,5100,CC3200,QLD,Amazon,INV23208,,USD,27420.89,EXPORT,Payment for consulting,Workday
TXN001947,2026-01-20,2026-01-19,2026-01,AUS01,5810,CC1100,NSW,Optus Pty,INV85075,PO5418,AUD,42311.26,EXPORT,Payment for license,SAP
TXN001948,16-01-2026,06-01-2026,2026-01,AUS01,5120,CC4000,CORP,McKinsey,INV30459,,NZD,30627.69,EXPORT,Payment for subscription,API Import
TXN001949,26/08/2025,17/08/2025,2025-08,AUS01,5810,CC4100,IT,Telstra Corp,INV56260,PO8019,GBP,18141.01,GST-FREE,Payment for consulting,Oracle
TXN001950,10/12/2025,10/03/2025,2025-10,AUS01,5610,CC3100,CORP,Microsoft,INV27411,PO4512,GBP,2694.9,GST-FREE,Payment for subscription,SAP
TXN001951,08/05/2025,01/05/2025,2025-08,AUS01,5910,CC1100,VIC,SAP,INV16177,PO6077,AUD,3441.04,GST-FREE,Payment for goods,Manual Entry
TXN001952,03/21/2026,03/11/2026,2026-08,AUS01,5210,CC3100,IT,DHL Express,INV67885,PO2024,USD,14182.81,EXPORT,Payment for subscription,API Import
TXN001953,01-03-2026,31/01/2026,2026-08,AUS01,5700,CC1000,NSW,LinkedIn Corp,INV57809,PO3512,USD,36226.21,EXPORT,Payment for consulting,SAP
TXN001954,17-03-2025,11-03-2025,2025-08,AUS01,5120,CC3100,WA,Accenture Pty,INV18953,,GBP,36459.04,INPUT,Payment for license,API Import
TXN001955,13-01-2026,03-01-2026,2026-01,AUS01,5100,CC1100,MKT,Slack,INV19903,,USD,43065.44,GST-FREE,Payment for goods,Workday
TXN001956,28/01/2026,21/01/2026,2026-01,AUS01,5020,CC1100,QLD,Hays,INV61683,PO6217,USD,37946.29,INPUT,Payment for consulting,Workday
TXN001957,03/21/2026,03/14/2026,2026-08,AUS01,5320,CC2000,OPS,Oracle,INV46721,,NZD,30921.19,INPUT,Payment for services,SAP
TXN001958,2025-08-17,2025-08-08,2025-08,AUS01,5700,CC3000,IT,Google,INV34586,PO1299,USD,17253.89,EXPORT,Payment for subscription,Oracle
TXN001959,03/01/2026,24/12/2025,2026-01,AUS01,5910,CC4000,R&D,GCP,INV77238,PO2633,USD,20060.71,EXPORT,Payment for license,Workday
TXN001960,28-01-2026,26-01-2026,2026-01,AUS01,5220,CC3100,NSW,Slack,INV44214,PO4994,USD,1352.77,GST,Payment for goods,Oracle
TXN001961,01/11/2026,01/10/2026,2026-01,AUS01,5100,CC1100,WA,Oracle,INV61008,,GBP,7687.38,GST-FREE,Payment for services,API Import
TXN001962,16-11-2025,11-11-2025,2025-11,AUS01,5420,CC3200,CORP,Microsoft,INV67080,,AUD,44613.17,EXPORT,Payment for license,Oracle
TXN001963,25-12-2025,18-12-2025,2025-12,AUS01,5110,CC4100,VIC,Regus Australia,INV18608,PO4039,AUD,21794.91,EXPORT,Payment for services,Manual Entry
TXN001964,2026-01-05,2025-12-31,2026-01,AUS01,5520,CC4000,MKT,DHL Express,INV75667,PO4643,AUD,29589.0,GST,Payment for services,Oracle
TXN001965,27/04/2025,20/04/2025,2025-08,AUS01,5920,CC2100,TAS,BCG,INV71245,,GBP,11625.95,EXPORT,Payment for license,API Import
TXN001966,03-03-2026,02-03-2026,2026-08,AUS01,5310,CC2000,NT,Amazon,INV84596,,GBP,35329.77,INPUT,Payment for license,Manual Entry
TXN001967,2026-08-21,2026-08-17,2026-08,AUS01,5300,CC1200,CORP,BCG,INV99479,,AUD,31762.02,EXPORT,Payment for license,SAP
TXN001968,03/24/2026,03/15/2026,2026-08,AUS01,5600,CC1100,FIN,SAP,INV85966,PO1176,GBP,44706.81,GST-FREE,Payment for consulting,Workday
TXN001969,2026-08-06,2026-01-31,2026-08,AUS01,5210,CC1100,CORP,Accenture Pty,INV32527,PO1056,GBP,32815.28,INPUT,Payment for goods,Oracle
TXN001970,04-08-2025,25-07-2025,2025-08,AUS01,5800,CC1000,ACT,Robert Half International,INV77423,,GBP,16571.04,INPUT,Payment for license,Oracle
TXN001971,01/07/2026,12/29/2025,2026-01,AUS01,5210,CC4000,IT,EY Australia,INV10558,PO8350,USD,30741.69,GST,Payment for goods,Workday
TXN001972,2025-08-28,2025-08-20,2025-08,AUS01,5300,CC3000,CORP,Deloitte Touche,INV26006,,GBP,25868.57,INPUT,Payment for goods,SAP
TXN001973,2026-01-10,2026-01-08,2026-01,AUS01,5110,CC4000,CORP,Accenture Pty,INV58187,PO8900,USD,3996.45,INPUT,Payment for license,API Import
TXN001974,01/01/2026,26/12/2025,2026-01,AUS01,5900,CC4100,NSW,LinkedIn Corp,INV20675,PO1439,AUD,22225.91,EXPORT,Payment for goods,SAP
TXN001975,12-03-2026,03-03-2026,2026-08,AUS01,5420,CC1000,FIN,EY Australia,INV10630,PO7425,AUD,5917.67,EXPORT,Payment for subscription,API Import
TXN001976,26-03-2026,17-03-2026,2026-08,AUS01,5600,CC3000,SA,Workday,INV25113,PO8430,USD,20224.99,INPUT,Payment for consulting,Manual Entry
TXN001977,15-03-2026,14-03-2026,2026-08,AUS01,5000,CC3100,SA,PWC,INV98646,PO4820,USD,14026.36,EXPORT,Payment for services,Manual Entry
TXN001978,25/01/2026,24/01/2026,2026-01,AUS01,5210,CC2000,IT,Oracle,INV69138,PO9189,NZD,26148.47,EXPORT,Payment for subscription,Workday
TXN001979,2026-08-04,2026-01-30,2026-08,AUS01,5520,CC2100,MKT,Microsoft,INV38471,PO9870,NZD,31570.84,EXPORT,Payment for services,Workday
TXN001980,2025-08-13,2025-08-07,2025-08,AUS01,5920,CC2100,NT,Adobe,INV85985,PO5897,GBP,2410.75,INPUT,Payment for consulting,Manual Entry
TXN001981,2025-08-27,2025-08-25,2025-08,AUS01,5100,CC1000,OPS,Seek Limited,INV57455,,GBP,17709.99,EXPORT,Payment for subscription,Manual Entry
TXN001982,11-03-2025,08-03-2025,2025-08,AUS01,5510,CC4100,MKT,LinkedIn Corp,INV48802,PO5396,USD,7572.23,GST-FREE,Payment for services,Oracle
TXN001983,2025-12-19,2025-12-09,2025-12,AUS01,5510,CC2100,MKT,Federal Express,INV66868,PO3981,NZD,33399.77,GST,Payment for consulting,SAP
TXN001984,07-03-2026,31/01/2026,2026-08,AUS01,5900,CC4000,OPS,Seek Limited,INV67764,PO8193,AUD,28153.33,EXPORT,Payment for license,Workday
TXN001985,2025-09-15,2025-09-11,2025-09,AUS01,5600,CC4100,CORP,AusPost,INV71398,PO8275,USD,16993.56,EXPORT,Payment for services,SAP
TXN001986,02-01-2026,29-12-2025,2026-01,AUS01,5320,CC1100,OPS,Slack,INV63328,PO3751,GBP,7840.37,GST,Payment for subscription,Oracle
TXN001987,06-03-2026,02-03-2026,2026-08,AUS01,5700,CC2000,HR,MSFT,INV43060,,USD,9783.81,GST-FREE,Payment for services,Manual Entry
TXN001988,2026-01-27,2026-01-20,2026-01,AUS01,5600,CC2100,CORP,ServiceNow Inc,INV95769,,AUD,18007.32,INPUT,Payment for subscription,Manual Entry
TXN001989,18-03-2026,12-03-2026,2026-08,AUS01,5810,CC1200,FIN,EY Australia,INV41777,PO1795,AUD,6230.65,INPUT,Payment for services,Manual Entry
TXN001990,03/28/2026,03/23/2026,2026-08,AUS01,5510,CC4000,MKT,BCG,INV42166,,NZD,23973.69,INPUT,Payment for license,API Import
TXN001991,2026-01-26,2026-01-21,2026-01,AUS01,5120,CC3000,QLD,WeWork Australia,INV52465,,NZD,40712.69,GST,Payment for consulting,Manual Entry
TXN001992,01/25/2026,01/22/2026,2026-01,AUS01,5320,CC3000,TAS,Amazon,INV82174,PO8317,GBP,25115.17,EXPORT,Payment for license,Manual Entry
TXN001993,01/04/2025,31/03/2025,2025-08,AUS01,5210,CC4100,IT,Slack,INV72984,,USD,5593.21,GST,Payment for services,API Import
TXN001994,03/23/2026,03/14/2026,2026-08,AUS01,5400,CC3100,OPS,Workday,INV84168,PO8930,USD,24343.56,EXPORT,Payment for goods,API Import
TXN001995,16-03-2026,14-03-2026,2026-08,AUS01,5220,CC1200,CORP,EY Australia,INV85533,PO8764,NZD,35894.44,GST-FREE,Payment for license,Manual Entry
TXN001996,12/10/2025,12/08/2025,2025-12,AUS01,5410,CC1000,OPS,Accenture Pty,INV71735,,USD,34234.85,GST,Payment for subscription,SAP
TXN001997,2026-08-23,2026-08-20,2026-08,AUS01,5510,CC3200,MKT,EY Australia,INV12779,,NZD,30846.39,GST-FREE,Payment for goods,SAP
TXN001998,03-01-2026,28-12-2025,2026-01,AUS01,5300,CC3000,CORP,PWC,INV91200,,AUD,17985.86,EXPORT,Payment for services,SAP
TXN001999,01/28/2026,01/21/2026,2026-01,AUS01,5410,CC1200,MKT,LinkedIn Corp,INV22802,PO7647,NZD,29295.5,GST,Payment for license,Manual Entry
TXN002000,11/09/2025,11/06/2025,2025-11,AUS01,5910,CC1000,SA,ServiceNow Inc,INV48319,PO4090,GBP,2587.56,INPUT,Payment for goods,SAP
TXN002001,03/19/2026,03/10/2026,2026-08,AUS01,5500,CC1200,MKT,Accenture Pty,INV65868,,USD,17965.55,GST,Payment for services,Workday
TXN002002,11-09-2025,01-09-2025,2025-09,AUS01,5110,CC2000,MKT,Slack,INV96987,PO9194,GBP,21895.65,INPUT,Payment for services,API Import
TXN002003,21-04-2025,20-04-2025,2025-08,AUS01,5100,CC3000,OPS,Microsoft,INV89862,PO8919,AUD,25490.78,EXPORT,Payment for goods,SAP
TXN002004,20-03-2026,14-03-2026,2026-08,AUS01,5020,CC4100,VIC,Slack,INV82051,PO6780,AUD,5450.2,GST-FREE,Payment for goods,Oracle
TXN002005,08/01/2026,29/12/2025,2026-01,AUS01,5420,CC1000,OPS,PWC,INV76259,,USD,33952.39,INPUT,Payment for services,Workday
TXN002006,01/18/2026,01/12/2026,2026-01,AUS01,5900,CC1100,R&D,Salesforce,INV20915,,GBP,37920.07,EXPORT,Payment for goods,SAP
TXN002007,26-11-2025,20-11-2025,2025-11,AUS01,5910,CC3200,QLD,EY Australia,INV34054,,AUD,44771.86,INPUT,Payment for consulting,Oracle
TXN002008,19-01-2026,16-01-2026,2026-01,AUS01,5400,CC1200,FIN,WeWork Australia,INV19186,,AUD,23319.2,GST-FREE,Payment for license,Manual Entry
TXN002009,24-03-2026,20-03-2026,2026-08,AUS01,5810,CC3100,MKT,LinkedIn Corp,INV48937,,GBP,7816.11,INPUT,Payment for subscription,Oracle
TXN002010,01/21/2026,01/16/2026,2026-01,AUS01,5610,CC3200,FIN,Hays,INV57435,PO6530,USD,27201.7,EXPORT,Payment for consulting,Workday
TXN002011,2026-01-08,2026-01-05,2026-01,AUS01,5610,CC4100,SA,MSFT,INV93978,,USD,12232.46,GST,Payment for subscription,Manual Entry
TXN002012,19-03-2026,18-03-2026,2026-08,AUS01,5620,CC1000,FIN,MSFT,INV64912,PO8912,NZD,525.82,GST,Payment for goods,Manual Entry
TXN002013,14-03-2026,09-03-2026,2026-08,AUS01,5120,CC3100,FIN,Federal Express,INV87843,,USD,5752.49,INPUT,Payment for services,Oracle
TXN002014,14/01/2026,13/01/2026,2026-01,AUS01,5610,CC1100,R&D,PWC,INV29439,PO2781,AUD,41065.45,INPUT,Payment for services,Manual Entry
TXN002015,06-03-2026,30/01/2026,2026-08,AUS01,5300,CC1100,FIN,Deloitte Touche,INV65194,PO1208,GBP,43204.07,INPUT,Payment for services,SAP
TXN002016,01/17/2026,01/14/2026,2026-01,AUS01,5610,CC2000,QLD,Workday,INV68769,PO3680,NZD,27525.79,INPUT,Payment for goods,API Import
TXN002017,18/01/2026,12/01/2026,2026-01,AUS01,5610,CC3100,VIC,AusPost,INV56256,,GBP,35459.5,GST,Payment for license,SAP
TXN002018,26-03-2026,23-03-2026,2026-08,AUS01,5410,CC1200,VIC,EY Australia,INV62780,PO1699,GBP,32813.87,GST-FREE,Payment for goods,Oracle
TXN002019,2025-10-20,2025-10-10,2025-10,AUS01,5010,CC1000,NSW,Telstra Corp,INV18854,PO6107,NZD,37924.97,EXPORT,Payment for subscription,Oracle
TXN002020,15-03-2026,11-03-2026,2026-08,AUS01,5910,CC3000,NSW,McKinsey,INV47242,,NZD,29673.78,GST,Payment for goods,SAP
TXN002021,13-03-2026,03-03-2026,2026-08,AUS01,5110,CC1000,FIN,Telstra Corp,INV84829,,GBP,42771.37,INPUT,Payment for goods,Workday
TXN002022,08-09-2025,29-08-2025,2025-09,AUS01,5000,CC2100,VIC,McKinsey,INV55450,,USD,33296.44,GST-FREE,Payment for consulting,API Import
TXN002023,23/01/2026,17/01/2026,2026-01,AUS01,5420,CC2000,QLD,Accenture Pty,INV12581,PO4808,AUD,40147.96,GST-FREE,Payment for subscription,Workday
TXN002024,08/01/2026,08/01/2026,2026-01,AUS01,5120,CC2000,R&D,Telstra Corp,INV29992,,NZD,4656.04,GST-FREE,Payment for consulting,Workday
TXN002025,01/01/2026,12/28/2025,2026-01,AUS01,5710,CC3200,HR,Adobe,INV15874,PO2189,AUD,10953.57,INPUT,Payment for consulting,SAP
TXN002026,05/07/2025,03/07/2025,2025-08,AUS01,5310,CC1100,CORP,Amazon,INV56726,PO9169,GBP,31920.71,INPUT,Payment for services,API Import
TXN002027,2026-01-09,2026-01-04,2026-01,AUS01,5110,CC1200,,EY Australia,INV20314,PO3560,NZD,17757.83,GST,Payment for subscription,Workday
TXN002028,2025-11-28,2025-11-25,2025-11,AUS01,5310,CC2000,CORP,Robert Half International,INV86858,,AUD,42367.98,GST,Payment for goods,Workday
TXN002029,08/01/2025,05/28/2025,2025-08,AUS01,5800,CC2100,R&D,Deloitte Touche,INV24427,PO9146,AUD,27779.52,EXPORT,Payment for subscription,Workday
TXN002030,2026-01-16,2026-01-09,2026-01,AUS01,5410,CC2000,TAS,Oracle,INV42247,,USD,44131.7,EXPORT,Payment for consulting,SAP
TXN002031,24-01-2026,21-01-2026,2026-01,AUS01,5920,CC1100,TAS,Regus Australia,INV11213,PO1012,GBP,10761.35,GST-FREE,Payment for consulting,Manual Entry
TXN002032,01/03/2026,01-03-2026,2026-01,AUS01,5300,CC1200,OPS,MSFT,INV75663,PO7881,NZD,27359.39,EXPORT,Payment for license,Manual Entry
TXN002033,2025-08-15,2025-08-10,2025-08,AUS01,5200,CC2000,IT,Telstra Corp,INV87707,,AUD,41089.39,GST,Payment for services,SAP
TXN002034,10-01-2026,08-01-2026,2026-01,AUS01,5920,CC1000,TAS,Workday,INV80509,PO1626,USD,21903.09,GST,Payment for subscription,Manual Entry
TXN002035,2026-08-22,2026-08-15,2026-08,AUS01,5210,CC4000,IT,Atlassian Pty,INV80209,PO2451,GBP,43513.15,EXPORT,Payment for license,Workday
TXN002036,2026-01-14,2026-01-08,2026-01,AUS01,5620,CC1000,ACT,Federal Express,INV59832,PO9585,NZD,44697.42,GST-FREE,Payment for services,SAP
TXN002037,16-03-2026,08-03-2026,2026-08,AUS01,5120,CC1000,CORP,Atlassian Pty,INV70044,,NZD,20189.54,GST-FREE,Payment for consulting,Workday
TXN002038,01-01-2026,23-12-2025,2026-01,AUS01,5210,CC1000,IT,ServiceNow Inc,INV78213,PO7082,AUD,34612.23,EXPORT,Payment for services,Workday
TXN002039,08/12/2025,07-03-2025,2025-08,AUS01,5520,CC2000,MKT,AusPost,INV60794,PO1578,GBP,40137.27,INPUT,Payment for consulting,Manual Entry
TXN002040,17-12-2025,09-12-2025,2025-12,AUS01,5320,CC1100,OPS,BCG,INV65703,PO8063,GBP,40205.37,GST,Payment for services,Workday
TXN002041,09/22/2025,09/15/2025,2025-09,AUS01,5200,CC2100,IT,Accenture Pty,INV37460,PO3401,AUD,22719.75,EXPORT,Payment for services,SAP
TXN002042,03/05/2025,01/27/2025,2025-08,AUS01,5910,CC3000,R&D,Telstra Corp,INV41486,PO8812,NZD,34153.14,GST-FREE,Payment for consulting,Oracle
TXN002043,01/09/2025,30/08/2025,2025-09,AUS01,5400,CC3200,SA,Seek Limited,INV64484,,AUD,26676.43,GST-FREE,Payment for subscription,API Import
TXN002044,16/01/2026,15/01/2026,2026-01,AUS01,5920,CC1100,SA,Zoom,INV59145,PO5752,NZD,29948.91,GST-FREE,Payment for subscription,Workday
TXN002045,2026-01-01,2025-12-26,2026-01,AUS01,5300,CC4100,HR,Microsoft,INV84452,PO7577,AUD,29994.78,GST-FREE,Payment for consulting,Oracle
TXN002046,17-11-2025,14-11-2025,2025-11,AUS01,5300,CC3100,OPS,GCP,INV46975,,GBP,9733.52,GST-FREE,Payment for goods,SAP
TXN002047,2026-01-01,2025-12-22,2026-01,AUS01,5020,CC2100,WA,ServiceNow Inc,INV91062,PO1290,NZD,7166.74,INPUT,Payment for consulting,Workday
TXN002048,04-01-2026,25-12-2025,2026-01,AUS01,5600,CC3100,OPS,McKinsey,INV30002,PO9135,NZD,18657.72,EXPORT,Payment for goods,Workday
TXN002049,04-01-2026,01-01-2026,2026-01,AUS01,5110,CC3000,NSW,Zoom,INV17298,,GBP,35031.71,EXPORT,Payment for goods,Oracle
TXN002050,03/01/2026,29/12/2025,2026-01,AUS01,5300,CC1000,FIN,Regus Australia,INV23380,,GBP,33485.76,EXPORT,Payment for services,Workday
TXN002051,2026-01-17,2026-01-12,2026-01,AUS01,5100,CC4000,FIN,Adobe,INV62762,PO9884,AUD,15222.96,EXPORT,Payment for services,Oracle
TXN002052,07-03-2026,30/01/2026,2026-08,AUS01,5510,CC4000,MKT,KPMG Australia,INV86507,PO4173,NZD,21917.55,GST,Payment for consulting,SAP
TXN002053,11/01/2026,03/01/2026,2026-01,AUS01,5400,CC4100,CORP,McKinsey,INV11941,,NZD,13693.3,GST-FREE,Payment for subscription,API Import
TXN002054,01/05/2026,12/27/2025,2026-01,AUS01,5520,CC3100,R&D,SAP,INV40763,PO5918,AUD,11069.8,EXPORT,Payment for subscription,SAP
TXN002055,2026-08-08,2026-08-06,2026-08,AUS01,5520,CC1000,MKT,Zoom,INV44546,PO5072,GBP,30588.89,GST,Payment for license,Manual Entry
TXN002056,01-01-2026,30-12-2025,2026-01,AUS01,5000,CC2100,QLD,LinkedIn Corp,INV23360,PO3051,AUD,39313.75,GST,Payment for subscription,Manual Entry
TXN002057,22/01/2026,17/01/2026,2026-01,AUS01,5800,CC3200,VIC,AusPost,INV38894,,USD,13097.02,GST,Payment for subscription,SAP
TXN002058,2026-01-07,2025-12-29,2026-01,AUS01,5100,CC1100,HR,GCP,INV21262,PO4792,NZD,535.87,INPUT,Payment for goods,Workday
TXN002059,2026-01-21,2026-01-13,2026-01,AUS01,5920,CC4100,TAS,AWS,INV75841,PO1022,NZD,14100.68,GST,Payment for license,Workday
TXN002060,2026-01-26,2026-01-19,2026-01,AUS01,5420,CC1100,SA,KPMG Australia,INV12854,,GBP,23742.86,GST,Payment for subscription,Workday
TXN002061,25-03-2026,20-03-2026,2026-08,AUS01,5310,CC3200,OPS,Slack,INV88596,,USD,20651.84,EXPORT,Payment for services,Manual Entry
TXN002062,05/24/2025,05/23/2025,2025-08,AUS01,5210,CC2000,TAS,Optus Pty,INV10486,PO4762,NZD,11696.38,EXPORT,Payment for goods,API Import
TXN002063,04/01/2026,28/12/2025,2026-01,AUS01,5800,CC4100,VIC,KPMG Australia,INV49381,,AUD,8443.41,EXPORT,Payment for consulting,SAP
TXN002064,08/01/2026,01/01/2026,2026-01,AUS01,5810,CC3200,NSW,WeWork Australia,INV55571,PO7497,USD,42319.61,GST,Payment for goods,SAP
TXN002065,2026-08-22,2026-08-20,2026-08,AUS01,5000,CC4000,HR,DHL Express,INV31724,PO7490,NZD,13359.99,GST,Payment for services,Manual Entry
TXN002066,2026-08-10,2026-08-09,2026-08,AUS01,5220,CC3200,IT,KPMG Australia,INV83587,PO9500,GBP,20928.17,INPUT,Payment for license,Workday
TXN002067,01/17/2026,01/08/2026,2026-01,AUS01,5020,CC3200,WA,AWS,INV13323,PO8471,USD,18297.41,GST,Payment for consulting,SAP
TXN002068,2026-01-25,2026-01-17,2026-01,AUS01,5500,CC2000,MKT,Seek Limited,INV88055,,NZD,25878.08,INPUT,Payment for goods,SAP
TXN002069,2025-01-15,2025-01-13,2025-01,AUS01,5020,CC3200,WA,GCP,INV46442,PO3788,GBP,37463.42,GST,Payment for services,Workday
TXN002070,03/10/2026,03/08/2026,2026-08,AUS01,5900,CC3000,HR,BCG,INV40456,,GBP,20203.48,GST-FREE,Payment for license,Workday
TXN002071,22-03-2025,16-03-2025,2025-08,AUS01,5320,CC1200,OPS,ServiceNow Inc,INV37671,PO6901,AUD,21654.02,GST,Payment for goods,SAP
TXN002072,2025-08-25,2025-08-20,2025-08,AUS01,5610,CC4100,HR,Oracle,INV38107,PO2829,GBP,28230.2,INPUT,Payment for license,Manual Entry
TXN002073,21-05-2025,17-05-2025,2025-08,AUS01,5100,CC3200,CORP,Workday,INV45788,PO3494,NZD,34374.36,GST-FREE,Payment for goods,API Import
TXN002074,01/27/2026,01/18/2026,2026-01,AUS01,5400,CC3000,ACT,Accenture Pty,INV82536,PO2515,USD,38972.48,EXPORT,Payment for subscription,SAP
TXN002075,08/08/2025,08/28/2025,2025-08,AUS01,5200,CC1100,CORP,Seek Limited,INV66416,,GBP,19870.3,GST,Payment for subscription,API Import
TXN002076,2026-01-21,2026-01-13,2026-01,AUS01,5920,CC2000,MKT,McKinsey,INV25916,PO6554,GBP,27377.87,GST,Payment for services,Manual Entry
TXN002077,23-03-2026,17-03-2026,2026-08,AUS01,5810,CC2100,VIC,DHL Express,INV12041,,NZD,18088.92,EXPORT,Payment for subscription,Workday
TXN002078,12-03-2025,11-03-2025,2025-08,AUS01,5920,CC2000,TAS,Accenture Pty,INV22983,PO7473,NZD,29797.4,EXPORT,Payment for consulting,API Import
TXN002079,08/05/2025,08/30/2025,2025-08,AUS01,5110,CC4100,ACT,MSFT,INV61043,PO1116,NZD,1171.03,GST-FREE,Payment for services,SAP
TXN002080,2026-01-26,2026-01-25,2026-01,AUS01,5020,CC3000,NSW,Telstra Corp,INV35234,PO5134,AUD,18745.99,EXPORT,Payment for license,API Import
TXN002081,03/01/2026,01/01/2026,2026-01,AUS01,5920,CC2000,VIC,AWS,INV95871,PO9697,AUD,30299.11,GST-FREE,Payment for subscription,Manual Entry
TXN002082,2025-11-27,2025-11-18,2025-11,AUS01,5920,CC3100,FIN,Seek Limited,INV19643,,USD,8929.23,GST-FREE,Payment for subscription,API Import
TXN002083,04-03-2025,24-03-2025,2025-08,AUS01,5620,CC2000,MKT,AusPost,INV19202,PO3071,NZD,43627.28,EXPORT,Payment for services,API Import
TXN002084,18-03-2026,15-03-2026,2026-08,AUS01,5000,CC3100,WA,Workday,INV47673,,AUD,23729.49,EXPORT,Payment for consulting,SAP
TXN002085,21-03-2026,20-03-2026,2026-08,AUS01,5110,CC2000,QLD,AusPost,INV89632,,NZD,34429.51,EXPORT,Payment for license,Oracle
TXN002086,2026-01-11,2026-01-04,2026-01,AUS01,5920,CC3200,ACT,Telstra Corp,INV29312,,NZD,771.28,GST-FREE,Payment for license,SAP
TXN002087,23/01/2026,20/01/2026,2026-01,AUS01,5310,CC1200,CORP,Zoom,INV32912,PO4938,GBP,36246.44,GST,Payment for consulting,API Import
TXN002088,01/09/2026,01/06/2026,2026-01,AUS01,5120,CC3000,WA,Oracle,INV49489,PO5561,GBP,34296.3,INPUT,Payment for goods,Manual Entry
TXN002089,25-03-2026,16-03-2026,2026-08,AUS01,5100,CC1100,IT,Salesforce,INV38938,,NZD,35263.6,GST-FREE,Payment for subscription,SAP
TXN002090,2026-01-20,2026-01-14,2026-01,AUS01,5520,CC3200,MKT,Seek Limited,INV55576,PO1914,AUD,37856.91,INPUT,Payment for consulting,Oracle
TXN002091,25-03-2025,16-03-2025,2025-08,AUS01,5500,CC4100,MKT,MSFT,INV29915,,USD,41511.02,GST,Payment for subscription,Manual Entry
TXN002092,08-01-2025,05-01-2025,2025-01,AUS01,5100,CC3100,SA,Oracle,INV38359,,GBP,17847.61,GST,Payment for subscription,API Import
TXN002093,2026-08-10,2026-08-01,2026-08,AUS01,5900,CC1000,VIC,Oracle,INV71395,PO8460,NZD,15577.05,EXPORT,Payment for license,Oracle
TXN002094,09/20/2025,09/12/2025,2025-09,AUS01,5920,CC4100,IT,McKinsey,INV43404,PO5414,NZD,3128.42,GST-FREE,Payment for services,SAP
TXN002095,03-01-2026,30-12-2025,2026-01,AUS01,5400,CC3200,R&D,AWS,INV29453,PO7438,USD,32000.73,EXPORT,Payment for consulting,Manual Entry
TXN002096,2025-12-04,2025-12-01,2025-12,AUS01,5320,CC4000,CORP,KPMG Australia,INV11889,PO6922,USD,9317.35,GST,Payment for consulting,Oracle
TXN002097,02-03-2026,23/01/2026,2026-08,AUS01,5120,CC2100,ACT,Slack,INV24500,,GBP,10120.41,GST-FREE,Payment for consulting,API Import
TXN002098,17/01/2026,15/01/2026,2026-01,AUS01,5120,CC3200,WA,ServiceNow Inc,INV81403,PO4012,GBP,44173.39,INPUT,Payment for services,Manual Entry
TXN002099,2025-10-05,2025-10-03,2025-10,AUS01,5610,CC3200,HR,Amazon,INV43211,PO2136,NZD,6283.93,EXPORT,Payment for consulting,Oracle
TXN002100,16-03-2026,12-03-2026,2026-08,AUS01,5620,CC3100,WA,McKinsey,INV56331,PO1319,AUD,7149.76,INPUT,Payment for services,Workday
TXN002101,2026-01-03,2025-12-25,2026-01,AUS01,5100,CC4100,MKT,EY Australia,INV66265,PO4407,NZD,31979.24,GST-FREE,Payment for services,SAP
TXN002102,07-01-2026,06-01-2026,2026-01,AUS01,5420,CC1200,HR,Slack,INV95746,PO1046,USD,14568.52,GST-FREE,Payment for goods,Workday
TXN002103,22/08/2025,17/08/2025,2025-08,AUS01,5200,CC3200,IT,BCG,INV85120,,USD,25886.77,EXPORT,Payment for license,SAP
TXN002104,2026-01-28,2026-01-21,2026-01,AUS01,5710,CC3100,HR,ServiceNow Inc,INV90244,PO8720,AUD,19049.01,EXPORT,Payment for subscription,SAP
TXN002105,08/01/2026,08/01/2026,2026-01,AUS01,5220,CC3000,MKT,PWC,INV61057,,NZD,2986.06,GST,Payment for consulting,Workday
TXN002106,19-03-2026,18-03-2026,2026-08,AUS01,5000,CC4000,WA,KPMG Australia,INV82393,,NZD,35516.17,INPUT,Payment for subscription,SAP
TXN002107,16-10-2025,11-10-2025,2025-10,AUS01,5110,CC4100,HR,AusPost,INV48760,,USD,23256.02,GST-FREE,Payment for subscription,SAP
TXN002108,2026-08-11,2026-08-01,2026-08,AUS01,5900,CC3100,HR,AusPost,INV26012,PO3661,AUD,32913.27,GST-FREE,Payment for subscription,Workday
TXN002109,08/01/2026,03/01/2026,2026-01,AUS01,5110,CC4000,QLD,MSFT,INV69772,PO5983,NZD,22694.32,GST-FREE,Payment for goods,Workday
TXN002110,2026-08-09,2026-08-04,2026-08,AUS01,5500,CC3100,MKT,Oracle,INV88094,PO2745,NZD,33602.23,GST-FREE,Payment for services,SAP
TXN002111,11/01/2026,05/01/2026,2026-01,AUS01,5310,CC4000,CORP,Telstra Corp,INV62673,,USD,20889.01,GST-FREE,Payment for services,Manual Entry
TXN002112,2026-08-09,2026-08-05,2026-08,AUS01,5000,CC2100,QLD,WeWork Australia,INV25431,PO8074,AUD,31830.77,EXPORT,Payment for services,Workday
TXN002113,27/06/2025,24/06/2025,2025-08,AUS01,5610,CC2000,SA,Regus Australia,INV96605,PO3966,NZD,43187.13,INPUT,Payment for services,Workday
TXN002114,03/24/2026,03/14/2026,2026-08,AUS01,5410,CC3200,SA,McKinsey,INV24021,PO8359,GBP,22367.05,GST,Payment for license,API Import
TXN002115,2025-08-08,2025-08-03,2025-08,AUS01,5810,CC3000,QLD,LinkedIn Corp,INV42782,PO2705,GBP,43723.31,EXPORT,Payment for services,Manual Entry
TXN002116,10/01/2025,09/22/2025,2025-10,AUS01,5600,CC3200,HR,Microsoft,INV33794,,AUD,39530.93,GST-FREE,Payment for goods,Oracle
TXN002117,13-03-2026,12-03-2026,2026-08,AUS01,5000,CC4000,HR,SAP,INV27026,PO9457,NZD,20686.94,GST,Payment for license,API Import
TXN002118,24/01/2025,23/01/2025,2025-01,AUS01,5700,CC3200,HR,PWC,INV42298,PO8850,GBP,40622.42,GST,Payment for license,API Import
TXN002119,05-06-2025,03-06-2025,2025-08,AUS01,5620,CC3000,ACT,DHL Express,INV37688,PO8958,AUD,41065.2,GST-FREE,Payment for license,API Import
TXN002120,01/22/2026,01/19/2026,2026-01,AUS01,5510,CC3000,MKT,Robert Half International,INV81578,PO5230,GBP,23112.58,GST,Payment for goods,API Import
TXN002121,15-01-2025,11-01-2025,2025-01,AUS01,5010,CC4100,SA,AWS,INV86989,,AUD,21214.85,EXPORT,Payment for license,API Import
TXN002122,03/28/2026,03/23/2026,2026-08,AUS01,5310,CC3200,QLD,Deloitte Touche,INV69231,PO3791,NZD,12541.96,GST,Payment for consulting,Oracle
TXN002123,11/13/2025,11/08/2025,2025-11,AUS01,5620,CC2000,IT,EY Australia,INV61249,,GBP,37382.47,GST,Payment for subscription,Oracle
TXN002124,11/01/2026,01/01/2026,2026-01,AUS01,5510,CC3000,MKT,MSFT,INV57693,PO6148,GBP,36575.64,EXPORT,Payment for consulting,API Import
TXN002125,25/01/2026,17/01/2026,2026-01,AUS01,5310,CC3100,FIN,Salesforce,INV38584,PO1638,GBP,21515.12,INPUT,Payment for consulting,Oracle
TXN002126,02-03-2026,31-01-2026,2026-08,AUS01,5900,CC3200,WA,LinkedIn Corp,INV51458,PO1042,GBP,4316.98,GST-FREE,Payment for consulting,API Import
TXN002127,18/05/2025,11/05/2025,2025-08,AUS01,5600,CC1200,VIC,Zoom,INV47030,,USD,8961.97,INPUT,Payment for goods,Manual Entry
TXN002128,12/19/2025,12/16/2025,2025-12,AUS01,5520,CC3000,MKT,Microsoft,INV99571,PO6161,USD,10166.95,GST-FREE,Payment for goods,Oracle
TXN002129,15/01/2026,09/01/2026,2026-01,AUS01,5710,CC3000,HR,Atlassian Pty,INV44404,PO1878,NZD,28075.8,GST-FREE,Payment for goods,Oracle
TXN002130,05-03-2026,31/01/2026,2026-08,AUS01,5500,CC3200,ACT,Salesforce,INV14375,PO6848,NZD,19132.25,INPUT,Payment for subscription,Workday
TXN002131,12-10-2025,11-10-2025,2025-10,AUS01,5110,CC1000,IT,Microsoft,INV19652,,GBP,5198.22,INPUT,Payment for subscription,Workday
TXN002132,03/26/2025,03/16/2025,2025-08,AUS01,5220,CC3200,IT,DHL Express,INV82222,PO2527,AUD,34492.11,GST,Payment for goods,Manual Entry
TXN002133,2025-08-22,2025-08-15,2025-08,AUS01,5310,CC1000,IT,Optus Pty,INV32132,PO9864,GBP,4741.22,GST-FREE,Payment for goods,SAP
TXN002134,12-03-2026,07-03-2026,2026-08,AUS01,5300,CC3100,CORP,WeWork Australia,INV58624,PO6572,USD,30236.73,INPUT,Payment for license,Workday
TXN002135,03/11/2025,26/10/2025,2025-11,AUS01,5200,CC3000,IT,Telstra Corp,INV80639,PO6105,AUD,22537.54,EXPORT,Payment for goods,Oracle
TXN002136,21/07/2025,13/07/2025,2025-08,AUS01,5410,CC2000,OPS,MSFT,INV14635,,NZD,30559.0,EXPORT,Payment for goods,Oracle
TXN002137,13-01-2025,10-01-2025,2025-01,AUS01,5410,CC4100,NSW,Amazon,INV29617,,USD,42617.88,GST-FREE,Payment for consulting,Workday
TXN002138,2026-01-11,2026-01-04,2026-01,AUS01,5100,CC3200,HR,Microsoft,INV13113,PO2099,GBP,28984.84,EXPORT,Payment for subscription,SAP
TXN002139,2025-09-06,2025-09-05,2025-09,AUS01,5200,CC4100,IT,Workday,INV69912,PO8792,NZD,13989.31,GST,Payment for goods,SAP
TXN002140,13/01/2026,11/01/2026,2026-01,AUS01,5520,CC2000,MKT,Accenture Pty,INV88154,,USD,26508.66,GST,Payment for consulting,API Import
TXN002141,2026-08-05,2026-08-04,2026-08,AUS01,5920,CC3000,MKT,ServiceNow Inc,INV32719,PO1690,AUD,21669.24,GST-FREE,Payment for services,API Import
TXN002142,05-03-2026,27/01/2026,2026-08,AUS01,5210,CC3200,IT,Optus Pty,INV51360,,NZD,8264.22,GST,Payment for license,Workday
TXN002143,16-03-2026,13-03-2026,2026-08,AUS01,5520,CC1200,ACT,MSFT,INV96538,PO1422,GBP,8788.85,GST-FREE,Payment for services,Oracle
TXN002144,2025-11-14,2025-11-09,2025-11,AUS01,5220,CC3100,CORP,AusPost,INV28003,PO5435,NZD,22696.8,INPUT,Payment for consulting,Manual Entry
TXN002145,01-01-2026,31-12-2025,2026-01,AUS01,5620,CC3100,IT,Deloitte Touche,INV54910,,GBP,7087.85,INPUT,Payment for consulting,Oracle
TXN002146,15-03-2026,10-03-2026,2026-08,AUS01,5500,CC3200,MKT,Deloitte Touche,INV64601,PO8669,AUD,19924.2,INPUT,Payment for consulting,SAP
TXN002147,2025-08-14,2025-08-11,2025-08,AUS01,5610,CC4000,OPS,Robert Half International,INV81533,PO7535,GBP,42911.96,GST-FREE,Payment for license,SAP
TXN002148,26/08/2025,17/08/2025,2025-08,AUS01,5900,CC1200,FIN,DHL Express,INV43706,,AUD,31864.22,EXPORT,Payment for services,SAP
TXN002149,11/06/2025,03/06/2025,2025-08,AUS01,5020,CC4000,WA,Telstra Corp,INV81139,PO4297,AUD,15127.53,EXPORT,Payment for services,Manual Entry
TXN002150,01/13/2026,01/05/2026,2026-01,AUS01,5920,CC4100,SA,Regus Australia,INV26149,PO5300,AUD,6581.1,GST-FREE,Payment for goods,API Import
TXN002151,12/22/2025,12/18/2025,2025-12,AUS01,5320,CC2100,ACT,Google,INV85602,PO5287,GBP,35651.97,GST,Payment for license,SAP
TXN002152,17-06-2025,16-06-2025,2025-08,AUS01,5710,CC1100,HR,Seek Limited,INV73687,PO2683,AUD,31177.05,EXPORT,Payment for subscription,Oracle
TXN002153,02-01-2026,25-12-2025,2026-01,AUS01,5620,CC1100,VIC,MSFT,INV47353,,GBP,37232.76,GST,Payment for consulting,API Import
TXN002154,01/19/2026,01/11/2026,2026-01,AUS01,5610,CC3100,FIN,Optus Pty,INV64038,,USD,29200.44,INPUT,Payment for services,Workday
TXN002155,2026-08-03,2026-08-02,2026-08,AUS01,5910,CC4100,OPS,AWS,INV23911,PO6932,AUD,30465.22,GST,Payment for services,Oracle
TXN002156,01/01/2026,12/31/2025,2026-01,AUS01,5110,CC3000,IT,KPMG Australia,INV99479,PO1536,GBP,7439.91,GST-FREE,Payment for services,SAP
TXN002157,22/01/2026,12/01/2026,2026-01,AUS01,5500,CC3000,MKT,Seek Limited,INV93886,,NZD,29214.16,INPUT,Payment for license,Manual Entry
TXN002158,11-03-2026,06-03-2026,2026-08,AUS01,5220,CC1200,CORP,WeWork Australia,INV97680,PO1920,USD,17322.65,INPUT,Payment for subscription,SAP
TXN002159,11/13/2025,11/11/2025,2025-11,AUS01,5320,CC2000,FIN,Optus Pty,INV22178,PO4074,NZD,1866.79,INPUT,Payment for goods,Manual Entry
TXN002160,25-03-2026,17-03-2026,2026-08,AUS01,5900,CC3100,CORP,DHL Express,INV98612,PO1078,GBP,17131.49,GST,Payment for license,Workday
TXN002161,11-10-2025,09-10-2025,2025-10,AUS01,5900,CC3200,QLD,EY Australia,INV90658,PO9457,AUD,36017.24,INPUT,Payment for license,SAP
TXN002162,01/09/2026,12/30/2025,2026-01,AUS01,5610,CC1000,QLD,Robert Half International,INV75970,PO5640,AUD,9593.61,INPUT,Payment for services,Workday
TXN002163,01/15/2026,01/10/2026,2026-01,AUS01,5310,CC1000,OPS,Telstra Corp,INV41914,PO8231,USD,8301.31,INPUT,Payment for license,SAP
TXN002164,2026-01-04,2026-01-02,2026-01,AUS01,5710,CC1000,HR,Regus Australia,INV63786,PO9383,AUD,43300.98,INPUT,Payment for license,API Import
TXN002165,03/22/2026,03/12/2026,2026-08,AUS01,5210,CC1200,HR,Salesforce,INV25438,PO4434,USD,16127.77,EXPORT,Payment for services,Manual Entry
TXN002166,24-03-2026,19-03-2026,2026-08,AUS01,5710,CC4000,HR,AWS,INV96067,PO5336,AUD,39825.26,GST-FREE,Payment for goods,Workday
TXN002167,20-03-2026,17-03-2026,2026-08,AUS01,5000,CC3000,VIC,BCG,INV85293,PO8934,NZD,24644.54,GST-FREE,Payment for license,SAP
TXN002168,23/03/2025,21/03/2025,2025-08,AUS01,5920,CC2100,,Seek Limited,INV68570,PO1080,NZD,27437.38,INPUT,Payment for subscription,Oracle
TXN002169,19/01/2026,11/01/2026,2026-01,AUS01,5100,CC3200,SA,Deloitte Touche,INV20564,,GBP,44401.33,GST-FREE,Payment for services,Manual Entry
TXN002170,06-01-2026,31-12-2025,2026-01,AUS01,5520,CC1000,MKT,PWC,INV65551,PO8010,NZD,36047.38,GST-FREE,Payment for license,API Import
TXN002171,17-01-2026,07-01-2026,2026-01,AUS01,5520,CC4000,R&D,LinkedIn Corp,INV53173,PO8404,GBP,14945.87,INPUT,Payment for subscription,SAP
TXN002172,03/08/2026,03/07/2026,2026-08,AUS01,5100,CC4100,SA,Slack,INV53030,PO8126,USD,18776.1,GST,Payment for goods,Manual Entry
TXN002173,2025-09-11,2025-09-01,2025-09,AUS01,5200,CC2100,CORP,Federal Express,INV24533,,USD,23265.37,GST,Payment for subscription,API Import
TXN002174,03/10/2026,02-03-2026,2026-08,AUS01,5610,CC2000,HR,Telstra Corp,INV57204,PO7587,NZD,18379.85,GST,Payment for goods,Oracle
TXN002175,23/11/2025,22/11/2025,2025-11,AUS01,5900,CC3200,SA,Amazon,INV77955,,GBP,15154.43,INPUT,Payment for subscription,Oracle
TXN002176,04-01-2026,03-01-2026,2026-01,AUS01,5110,CC1200,QLD,Optus Pty,INV37941,PO3887,NZD,10933.13,GST,Payment for consulting,SAP
TXN002177,18-03-2026,15-03-2026,2026-08,AUS01,5300,CC2100,OPS,LinkedIn Corp,INV23780,,NZD,18884.8,GST,Payment for services,Oracle
TXN002178,2025-01-18,2025-01-10,2025-01,AUS01,5520,CC1200,MKT,Hays,INV20167,PO5895,AUD,40787.06,EXPORT,Payment for subscription,API Import
TXN002179,01/28/2026,01/19/2026,2026-01,AUS01,5400,CC3100,SA,ServiceNow Inc,INV20473,PO1470,NZD,19542.08,INPUT,Payment for goods,API Import
TXN002180,22/10/2025,16/10/2025,2025-10,AUS01,5110,CC1100,FIN,Adobe,INV51431,PO5464,GBP,19532.33,GST,Payment for consulting,API Import
TXN002181,01/23/2026,01/20/2026,2026-01,AUS01,5520,CC4000,MKT,Adobe,INV53035,,NZD,20260.44,GST,Payment for goods,SAP
TXN002182,22-03-2026,19-03-2026,2026-08,AUS01,5910,CC4100,WA,LinkedIn Corp,INV37473,PO1274,AUD,35690.86,GST-FREE,Payment for goods,Manual Entry
TXN002183,13-01-2026,08-01-2026,2026-01,AUS01,5110,CC3200,ACT,Seek Limited,INV34399,PO9670,GBP,6214.66,INPUT,Payment for consulting,Manual Entry
TXN002184,01-03-2026,29/01/2026,2026-08,AUS01,5000,CC4000,SA,Seek Limited,INV67361,PO1118,GBP,25290.61,INPUT,Payment for consulting,Oracle
TXN002185,22/01/2026,18/01/2026,2026-01,AUS01,5220,CC3000,IT,Regus Australia,INV32738,,GBP,10998.03,EXPORT,Payment for goods,Manual Entry
TXN002186,2025-01-16,2025-01-15,2025-01,AUS01,5220,CC3000,IT,Workday,INV38616,,NZD,23930.25,EXPORT,Payment for goods,Manual Entry
TXN002187,08-03-2026,05-03-2026,2026-08,AUS01,5520,CC3000,,Optus Pty,INV43367,,AUD,14116.54,GST-FREE,Payment for goods,Workday
TXN002188,01/11/2026,01/06/2026,2026-01,AUS01,5410,CC4000,ACT,ServiceNow Inc,INV95097,,GBP,40167.55,EXPORT,Payment for services,SAP
TXN002189,14-03-2026,05-03-2026,2026-08,AUS01,5520,CC1100,MKT,Regus Australia,INV62393,PO8540,GBP,28729.67,INPUT,Payment for goods,API Import
TXN002190,10/13/2025,10/06/2025,2025-10,AUS01,5610,CC1000,FIN,EY Australia,INV97966,PO4739,NZD,23218.98,INPUT,Payment for goods,Oracle
TXN002191,23-03-2026,13-03-2026,2026-08,AUS01,5920,CC1100,FIN,Adobe,INV56170,PO8171,NZD,24541.9,INPUT,Payment for services,SAP
TXN002192,22-07-2025,19-07-2025,2025-08,AUS01,5210,CC4100,IT,Deloitte Touche,INV30926,PO1520,NZD,26262.5,INPUT,Payment for consulting,Manual Entry
TXN002193,01/01/2026,12/28/2025,2026-01,AUS01,5010,CC1100,VIC,Slack,INV85487,PO2922,AUD,10219.96,GST-FREE,Payment for goods,API Import
TXN002194,2026-08-16,2026-08-09,2026-08,AUS01,5110,CC4000,OPS,ServiceNow Inc,INV52004,PO9980,USD,16077.83,GST,Payment for services,SAP
TXN002195,2025-08-18,2025-08-16,2025-08,AUS01,5320,CC2000,HR,Workday,INV52739,PO1346,GBP,12681.14,GST-FREE,Payment for goods,Manual Entry
TXN002196,16/07/2025,08/07/2025,2025-08,AUS01,5810,CC3200,WA,Salesforce,INV89711,PO7030,NZD,41677.5,INPUT,Payment for consulting,API Import
TXN002197,03/22/2026,03/16/2026,2026-08,AUS01,5500,CC3000,MKT,BCG,INV54905,PO4932,NZD,43934.19,GST,Payment for consulting,Oracle
TXN002198,2026-08-19,2026-08-11,2026-08,AUS01,5100,CC2100,IT,Robert Half International,INV19739,PO6652,NZD,39402.39,INPUT,Payment for goods,Workday
TXN002199,12/05/2025,12-03-2025,2025-12,AUS01,5900,CC1000,VIC,LinkedIn Corp,INV61689,PO2577,USD,34890.41,GST,Payment for services,API Import
TXN002200,21/01/2026,19/01/2026,2026-01,AUS01,5300,CC3000,CORP,Hays,INV29521,,NZD,32002.91,INPUT,Payment for goods,SAP
TXN002201,26/01/2026,18/01/2026,2026-01,AUS01,5620,CC3100,FIN,Deloitte Touche,INV49345,PO4089,GBP,9191.41,GST-FREE,Payment for subscription,Oracle
TXN002202,2026-01-06,2026-01-03,2026-01,AUS01,5800,CC2100,R&D,KPMG Australia,INV86382,,AUD,33181.63,GST-FREE,Payment for consulting,Oracle
TXN002203,2026-01-10,2025-12-31,2026-01,AUS01,5220,CC1100,CORP,Oracle,INV57408,PO3699,AUD,37041.06,GST,Payment for subscription,Manual Entry
TXN002204,05/19/2025,05/09/2025,2025-08,AUS01,5600,CC1000,R&D,Amazon,INV89663,PO2450,NZD,41635.78,EXPORT,Payment for goods,Oracle
TXN002205,01/05/2026,12/31/2025,2026-01,AUS01,5410,CC1000,MKT,Google,INV36731,PO4821,AUD,42971.05,GST,Payment for subscription,API Import
TXN002206,03/23/2026,03/15/2026,2026-08,AUS01,5020,CC2000,NSW,Workday,INV66035,PO2428,GBP,31166.51,EXPORT,Payment for goods,Manual Entry
TXN002207,03/08/2026,03/05/2026,2026-08,AUS01,5100,CC1100,ACT,Zoom,INV36714,PO4666,AUD,34819.92,GST,Payment for services,SAP
TXN002208,03/10/2026,03/01/2026,2026-08,AUS01,5010,CC1200,,MSFT,INV49586,PO3585,AUD,26069.97,EXPORT,Payment for goods,SAP
TXN002209,2025-08-27,2025-08-17,2025-08,AUS01,5920,CC4100,OPS,Microsoft,INV35191,PO4389,USD,3247.65,GST-FREE,Payment for services,Manual Entry
TXN002210,05/01/2026,29/12/2025,2026-01,AUS01,5920,CC3100,R&D,Hays,INV73472,,AUD,44627.38,GST,Payment for goods,API Import
TXN002211,2025-08-19,2025-08-09,2025-08,AUS01,5100,CC4000,WA,Seek Limited,INV24681,,NZD,1705.84,GST,Payment for goods,Oracle
TXN002212,01-03-2026,27/01/2026,2026-08,AUS01,5900,CC2100,SA,Regus Australia,INV20041,,GBP,1348.94,EXPORT,Payment for license,Manual Entry
TXN002213,25-03-2026,19-03-2026,2026-08,AUS01,5010,CC3200,SA,LinkedIn Corp,INV56937,PO8524,NZD,33825.7,GST-FREE,Payment for goods,Oracle
TXN002214,03-10-2025,29-09-2025,2025-10,AUS01,5100,CC3100,NT,Amazon,INV22166,PO1898,USD,29829.95,GST,Payment for subscription,Manual Entry
TXN002215,2025-08-28,2025-08-24,2025-08,AUS01,5810,CC4100,OPS,Federal Express,INV70510,,USD,2813.17,EXPORT,Payment for subscription,API Import
TXN002216,03/20/2026,03/13/2026,2026-08,AUS01,5610,CC3100,CORP,DHL Express,INV42482,,USD,38772.23,GST-FREE,Payment for consulting,SAP
TXN002217,01-03-2026,30-01-2026,2026-08,AUS01,5800,CC3000,HR,AWS,INV45959,PO7895,AUD,26141.9,GST,Payment for goods,Oracle
TXN002218,08/01/2026,01/01/2026,2026-01,AUS01,5200,CC1000,IT,DHL Express,INV48424,,NZD,40040.9,EXPORT,Payment for license,API Import
TXN002219,18/01/2026,08/01/2026,2026-01,AUS01,5620,CC1200,FIN,Accenture Pty,INV85729,PO3328,GBP,15143.91,GST,Payment for license,Workday
TXN002220,18/08/2025,12/08/2025,2025-08,AUS01,5520,CC3000,MKT,PWC,INV37731,PO2873,NZD,14304.79,GST,Payment for license,Manual Entry
TXN002221,2026-01-26,2026-01-22,2026-01,AUS01,5300,CC4000,OPS,Adobe,INV81801,PO4202,USD,19333.61,GST-FREE,Payment for consulting,API Import
TXN002222,27/01/2025,24/01/2025,2025-01,AUS01,5210,CC4000,CORP,Amazon,INV63896,,AUD,11688.58,GST-FREE,Payment for subscription,API Import
TXN002223,10-03-2025,03-03-2025,2025-08,AUS01,5900,CC2100,R&D,Telstra Corp,INV22879,PO9046,GBP,42473.48,INPUT,Payment for services,Oracle
TXN002224,02-12-2025,28-11-2025,2025-12,AUS01,5100,CC3200,SA,BCG,INV73017,PO2996,NZD,40072.74,EXPORT,Payment for subscription,Workday
TXN002225,01/17/2026,01/16/2026,2026-01,AUS01,5510,CC1100,MKT,Atlassian Pty,INV58479,PO9913,NZD,11462.45,GST,Payment for services,Workday
TXN002226,23/01/2026,16/01/2026,2026-01,AUS01,5020,CC1100,SA,AusPost,INV60686,PO4248,GBP,5410.0,INPUT,Payment for consulting,SAP
TXN002227,03/01/2026,27/12/2025,2026-01,AUS01,5800,CC1000,ACT,BCG,INV59687,PO5230,NZD,15356.35,INPUT,Payment for goods,Manual Entry
TXN002228,17/03/2025,10/03/2025,2025-08,AUS01,5510,CC2100,MKT,ServiceNow Inc,INV13578,,GBP,20398.26,INPUT,Payment for subscription,Workday
TXN002229,12/09/2025,11/29/2025,2025-12,AUS01,5320,CC3100,HR,Telstra Corp,INV21302,,AUD,498.12,GST,Payment for consulting,Oracle
TXN002230,05-03-2026,02-03-2026,2026-08,AUS01,5210,CC4000,CORP,Federal Express,INV22974,PO8291,GBP,40828.66,GST-FREE,Payment for goods,Manual Entry
TXN002231,26/06/2025,17/06/2025,2025-08,AUS01,5320,CC1000,OPS,McKinsey,INV43900,,GBP,1064.28,GST-FREE,Payment for license,API Import
TXN002232,03-01-2026,28-12-2025,2026-01,AUS01,5010,CC4000,QLD,Atlassian Pty,INV12524,,AUD,8585.02,INPUT,Payment for license,Workday
TXN002233,03/18/2026,03/14/2026,2026-08,AUS01,5920,CC3200,CORP,LinkedIn Corp,INV32638,PO6418,AUD,800.25,EXPORT,Payment for license,Workday
TXN002234,2026-01-23,2026-01-18,2026-01,AUS01,5900,CC1200,OPS,WeWork Australia,INV66065,PO5811,NZD,12900.26,EXPORT,Payment for goods,SAP
TXN002235,24-07-2025,18-07-2025,2025-08,AUS01,5920,CC3100,HR,Slack,INV11570,,GBP,15491.49,GST,Payment for services,Manual Entry
TXN002236,05/07/2025,05-03-2025,2025-08,AUS01,5420,CC4100,SA,KPMG Australia,INV51031,PO7705,NZD,26369.89,GST-FREE,Payment for goods,API Import
TXN002237,08-03-2026,01-03-2026,2026-08,AUS01,5220,CC4000,CORP,Hays,INV16949,,AUD,30939.64,GST,Payment for services,Manual Entry
TXN002238,2025-08-18,2025-08-15,2025-08,AUS01,5700,CC4100,HR,KPMG Australia,INV41379,,NZD,20236.37,GST,Payment for subscription,API Import
TXN002239,01/10/2026,01/08/2026,2026-01,AUS01,5710,CC2100,HR,Oracle,INV29628,PO9877,USD,14170.73,INPUT,Payment for goods,Oracle
TXN002240,16/01/2026,08/01/2026,2026-01,AUS01,5900,CC3200,NSW,WeWork Australia,INV96447,,GBP,29663.73,GST,Payment for goods,Manual Entry
TXN002241,11-03-2026,06-03-2026,2026-08,AUS01,5620,CC3200,OPS,Seek Limited,INV77849,PO2060,AUD,37274.45,INPUT,Payment for license,Manual Entry
TXN002242,10-03-2025,09/30/2025,2025-10,AUS01,5800,CC1000,ACT,Hays,INV25631,,AUD,5308.11,EXPORT,Payment for consulting,Workday
TXN002243,09-03-2026,07-03-2026,2026-08,AUS01,5100,CC4100,HR,Robert Half International,INV57610,PO3825,USD,2809.74,EXPORT,Payment for subscription,Manual Entry
TXN002244,11/07/2025,11/04/2025,2025-11,AUS01,5210,CC3200,FIN,Seek Limited,INV70095,,NZD,25224.6,EXPORT,Payment for consulting,API Import
TXN002245,2025-08-18,2025-08-15,2025-08,AUS01,5310,CC2000,MKT,Oracle,INV21343,PO1504,NZD,41920.82,GST-FREE,Payment for license,Oracle
TXN002246,25-03-2026,18-03-2026,2026-08,AUS01,5500,CC4100,MKT,MSFT,INV12559,,GBP,29996.41,EXPORT,Payment for consulting,Workday
TXN002247,24/01/2026,15/01/2026,2026-01,AUS01,5200,CC4100,CORP,Regus Australia,INV62757,PO9677,GBP,2936.66,INPUT,Payment for goods,SAP
TXN002248,2026-08-25,2026-08-24,2026-08,AUS01,5200,CC3200,IT,AWS,INV73886,PO1995,AUD,20171.11,GST-FREE,Payment for license,API Import
TXN002249,25-03-2026,18-03-2026,2026-08,AUS01,5810,CC4100,FIN,ServiceNow Inc,INV84794,PO9435,USD,1742.64,GST,Payment for goods,Workday
TXN002250,01/17/2026,01/07/2026,2026-01,AUS01,5110,CC3100,TAS,Hays,INV99668,,NZD,24383.04,EXPORT,Payment for consulting,Workday
TXN002251,02-03-2026,28-01-2026,2026-08,AUS01,5700,CC2100,HR,BCG,INV65976,PO6905,GBP,14318.13,GST-FREE,Payment for subscription,SAP
TXN002252,25/12/2025,16/12/2025,2025-12,AUS01,5100,CC3200,IT,PWC,INV10457,PO1661,GBP,21500.64,INPUT,Payment for goods,Workday
TXN002253,11/01/2026,08/01/2026,2026-01,AUS01,5010,CC1200,WA,Telstra Corp,INV17647,,USD,17934.37,GST-FREE,Payment for consulting,Workday
TXN002254,12/01/2026,08/01/2026,2026-01,AUS01,5420,CC2000,HR,Accenture Pty,INV70482,PO5225,AUD,27569.26,GST,Payment for services,Manual Entry
TXN002255,01/08/2026,01/06/2026,2026-01,AUS01,5410,CC4000,SA,BCG,INV70946,PO8841,USD,29163.6,INPUT,Payment for subscription,SAP
TXN002256,03/05/2025,03/24/2025,2025-08,AUS01,5200,CC3200,IT,Amazon,INV37517,PO7687,AUD,32433.47,INPUT,Payment for license,Oracle
TXN002257,08/01/2026,30/12/2025,2026-01,AUS01,5410,CC2000,CORP,Workday,INV62461,,NZD,5915.38,INPUT,Payment for license,Oracle
TXN002258,15/01/2026,11/01/2026,2026-01,AUS01,5500,CC1200,NT,Oracle,INV23370,,NZD,33816.09,GST-FREE,Payment for goods,Manual Entry
TXN002259,2025-08-27,2025-08-26,2025-08,AUS01,5520,CC4100,MKT,EY Australia,INV14460,,USD,29508.6,INPUT,Payment for consulting,SAP
TXN002260,09/12/2025,05/12/2025,2025-12,AUS01,5210,CC2000,IT,Atlassian Pty,INV62248,PO2351,USD,24048.54,INPUT,Payment for goods,Workday
TXN002261,21-01-2026,12-01-2026,2026-01,AUS01,5620,CC1000,TAS,PWC,INV87652,PO7089,GBP,9938.51,GST,Payment for services,Manual Entry
TXN002262,14-01-2026,05-01-2026,2026-01,AUS01,5000,CC3100,VIC,KPMG Australia,INV50260,PO3360,NZD,38002.36,INPUT,Payment for services,Workday
TXN002263,16/01/2026,08/01/2026,2026-01,AUS01,5610,CC1200,MKT,Telstra Corp,INV29066,PO8377,NZD,1452.27,GST-FREE,Payment for goods,API Import
TXN002264,03/14/2026,03/04/2026,2026-08,AUS01,5200,CC2100,CORP,Slack,INV38960,PO8679,USD,28641.1,GST,Payment for license,Oracle
TXN002265,22-03-2026,20-03-2026,2026-08,AUS01,5710,CC3000,HR,Amazon,INV86238,PO7891,USD,7507.64,INPUT,Payment for subscription,Workday
TXN002266,2026-08-25,2026-08-24,2026-08,AUS01,5110,CC3000,SA,AWS,INV93610,PO1603,GBP,19672.44,EXPORT,Payment for consulting,Manual Entry
TXN002267,01/08/2026,12/31/2025,2026-01,AUS01,5410,CC3200,CORP,Google,INV42324,,NZD,37314.83,EXPORT,Payment for license,Workday
TXN002268,2025-11-24,2025-11-23,2025-11,AUS01,5210,CC4000,CORP,BCG,INV59955,,USD,14037.84,EXPORT,Payment for services,Workday
TXN002269,12-01-2026,08-01-2026,2026-01,AUS01,5700,CC3200,NSW,KPMG Australia,INV39865,PO5213,USD,25816.97,EXPORT,Payment for license,Workday
TXN002270,03/20/2025,03/19/2025,2025-08,AUS01,5200,CC4000,IT,WeWork Australia,INV64363,PO7029,NZD,35475.6,INPUT,Payment for goods,SAP
TXN002271,2026-08-16,2026-08-07,2026-08,AUS01,5500,CC2000,MKT,Microsoft,INV12057,PO8663,AUD,6817.8,GST,Payment for goods,Manual Entry
TXN002272,22-03-2026,18-03-2026,2026-08,AUS01,5700,CC1200,HR,WeWork Australia,INV36855,PO4045,GBP,29590.85,EXPORT,Payment for goods,Oracle
TXN002273,10-04-2025,05-04-2025,2025-08,AUS01,5600,CC2000,NSW,Salesforce,INV22587,PO1546,GBP,30072.18,GST,Payment for license,SAP
TXN002274,10-11-2025,03-11-2025,2025-11,AUS01,5800,CC1000,IT,Optus Pty,INV64178,PO8328,USD,43929.7,GST-FREE,Payment for license,API Import
TXN002275,21/12/2025,13/12/2025,2025-12,AUS01,5510,CC3000,MKT,Regus Australia,INV17638,PO1380,NZD,4202.32,EXPORT,Payment for license,Oracle
TXN002276,2026-08-16,2026-08-09,2026-08,AUS01,5300,CC3000,IT,GCP,INV42364,PO7856,AUD,12921.83,EXPORT,Payment for consulting,API Import
TXN002277,03/27/2026,03/22/2026,2026-08,AUS01,5500,CC2000,MKT,ServiceNow Inc,INV52674,,GBP,34588.3,GST,Payment for license,SAP
TXN002278,01/22/2026,01/15/2026,2026-01,AUS01,5410,CC3000,OPS,Google,INV68898,PO9661,USD,19968.34,INPUT,Payment for license,API Import
TXN002279,08-07-2025,03-07-2025,2025-08,AUS01,5210,CC2100,CORP,WeWork Australia,INV76599,PO4511,AUD,27319.73,EXPORT,Payment for license,SAP
TXN002280,13/01/2026,08/01/2026,2026-01,AUS01,5010,CC1200,WA,Accenture Pty,INV46755,PO3709,AUD,23066.53,EXPORT,Payment for subscription,Oracle
TXN002281,10/01/2026,04/01/2026,2026-01,AUS01,5220,CC4000,VIC,DHL Express,INV34466,PO6827,NZD,8038.5,GST,Payment for consulting,SAP
TXN002282,27/01/2026,18/01/2026,2026-01,AUS01,5420,CC1100,QLD,AWS,INV64998,PO7254,AUD,9510.01,INPUT,Payment for consulting,SAP
TXN002283,2026-08-10,2026-08-06,2026-08,AUS01,5500,CC3100,MKT,Deloitte Touche,INV86393,,GBP,12501.59,EXPORT,Payment for services,Manual Entry
TXN002284,03/04/2025,31/03/2025,2025-08,AUS01,5100,CC3000,HR,Microsoft,INV51026,PO7697,USD,32743.4,EXPORT,Payment for license,SAP
TXN002285,2026-08-21,2026-08-20,2026-08,AUS01,5900,CC2100,TAS,Atlassian Pty,INV38161,,NZD,23498.91,GST-FREE,Payment for goods,API Import
TXN002286,14-03-2025,13-03-2025,2025-08,AUS01,5100,CC2000,NSW,Robert Half International,INV13396,,NZD,14272.84,GST,Payment for subscription,Manual Entry
TXN002287,2026-01-07,2026-01-05,2026-01,AUS01,5000,CC1100,VIC,Oracle,INV22409,PO2517,NZD,36498.04,EXPORT,Payment for subscription,API Import
TXN002288,02-01-2026,31-12-2025,2026-01,AUS01,5610,CC2100,QLD,Atlassian Pty,INV14742,PO6505,USD,41109.29,INPUT,Payment for services,API Import
TXN002289,04/01/2026,25/12/2025,2026-01,AUS01,5410,CC4000,QLD,Optus Pty,INV20066,PO9786,AUD,22624.82,EXPORT,Payment for services,Workday
TXN002290,20/01/2026,10/01/2026,2026-01,AUS01,5920,CC2000,OPS,Adobe,INV88664,PO3518,NZD,875.54,GST,Payment for license,Oracle
TXN002291,08/12/2025,05/12/2025,2025-12,AUS01,5810,CC2000,QLD,PWC,INV15516,PO5344,NZD,7427.38,GST-FREE,Payment for services,SAP
TXN002292,27/01/2026,19/01/2026,2026-01,AUS01,5920,CC1100,HR,Seek Limited,INV60509,,GBP,16408.37,INPUT,Payment for consulting,Workday
TXN002293,2026-01-18,2026-01-11,2026-01,AUS01,5400,CC1100,ACT,Salesforce,INV14302,PO1975,USD,40739.68,GST-FREE,Payment for consulting,API Import
TXN002294,01/27/2026,01/25/2026,2026-01,AUS01,5410,CC3000,ACT,Hays,INV82662,PO2039,AUD,7644.02,GST,Payment for license,SAP
TXN002295,04-03-2026,31/01/2026,2026-08,AUS01,5920,CC4100,ACT,ServiceNow Inc,INV56815,PO9322,USD,2762.0,INPUT,Payment for consulting,API Import
TXN002296,24/01/2026,23/01/2026,2026-01,AUS01,5410,CC1200,MKT,ServiceNow Inc,INV88647,PO9272,AUD,35603.01,INPUT,Payment for license,SAP
TXN002297,2026-01-28,2026-01-18,2026-01,AUS01,5710,CC3100,HR,GCP,INV47775,PO6632,GBP,38721.99,GST,Payment for goods,SAP
TXN002298,03-03-2026,02-03-2026,2026-08,AUS01,5910,CC2000,SA,Telstra Corp,INV45924,PO1218,AUD,23397.12,EXPORT,Payment for subscription,Workday
TXN002299,24-01-2026,23-01-2026,2026-01,AUS01,5520,CC1100,MKT,Hays,INV45805,PO6335,AUD,11623.78,GST-FREE,Payment for subscription,Workday
TXN002300,03/19/2026,03/18/2026,2026-08,AUS01,5910,CC3100,WA,AWS,INV64259,PO8483,NZD,37305.68,GST,Payment for subscription,Workday
TXN002301,13-01-2026,03-01-2026,2026-01,AUS01,5520,CC2000,NT,WeWork Australia,INV89742,PO2280,AUD,21971.31,GST-FREE,Payment for subscription,Oracle
TXN002302,2026-08-22,2026-08-17,2026-08,AUS01,5610,CC3000,NT,LinkedIn Corp,INV51444,PO9743,GBP,40855.78,GST-FREE,Payment for subscription,Manual Entry
TXN002303,13-01-2026,03-01-2026,2026-01,AUS01,5020,CC4100,VIC,WeWork Australia,INV47446,PO9592,USD,2115.84,EXPORT,Payment for consulting,SAP
TXN002304,09/16/2025,09/09/2025,2025-09,AUS01,5510,CC3000,MKT,AWS,INV26970,PO8307,USD,43477.31,EXPORT,Payment for consulting,SAP
TXN002305,04-03-2026,28-01-2026,2026-08,AUS01,5110,CC4000,QLD,DHL Express,INV50428,PO3088,GBP,453.72,GST-FREE,Payment for subscription,Manual Entry
TXN002306,18-03-2026,10-03-2026,2026-08,AUS01,5620,CC1000,IT,Atlassian Pty,INV75226,PO5839,GBP,16694.04,GST-FREE,Payment for services,Oracle
TXN002307,01/03/2026,12/26/2025,2026-01,AUS01,5110,CC2000,SA,Google,INV33502,PO6573,USD,14570.79,INPUT,Payment for goods,Workday
TXN002308,27-01-2026,26-01-2026,2026-01,AUS01,5000,CC4000,NSW,McKinsey,INV69325,,NZD,27049.13,GST,Payment for subscription,SAP
TXN002309,11/01/2026,10/01/2026,2026-01,AUS01,5620,CC3000,SA,ServiceNow Inc,INV34696,PO9438,NZD,9044.89,GST,Payment for subscription,Workday
TXN002310,2026-08-14,2026-08-08,2026-08,AUS01,5610,CC4100,IT,ServiceNow Inc,INV29585,,NZD,29908.29,GST-FREE,Payment for services,SAP
TXN002311,2025-10-20,2025-10-17,2025-10,AUS01,5600,CC2100,TAS,Deloitte Touche,INV93974,PO5604,USD,32676.63,INPUT,Payment for services,API Import
TXN002312,26-05-2025,17-05-2025,2025-08,AUS01,5210,CC2100,IT,SAP,INV87560,PO3476,GBP,39430.19,EXPORT,Payment for subscription,SAP
TXN002313,25/01/2026,23/01/2026,2026-01,AUS01,5100,CC3100,CORP,Zoom,INV91619,PO9471,USD,4263.56,EXPORT,Payment for services,API Import
TXN002314,2026-01-04,2026-01-03,2026-01,AUS01,5900,CC4100,WA,Federal Express,INV63529,PO8588,USD,38782.04,GST-FREE,Payment for license,API Import
TXN002315,25-03-2026,21-03-2026,2026-08,AUS01,5700,CC3000,HR,Regus Australia,INV55459,PO7832,GBP,20379.47,INPUT,Payment for goods,Workday
TXN002316,17-03-2026,13-03-2026,2026-08,AUS01,5800,CC3200,OPS,Zoom,INV26811,PO4319,NZD,14055.66,GST-FREE,Payment for subscription,SAP
TXN002317,03-03-2026,25-01-2026,2026-08,AUS01,5700,CC4000,HR,Oracle,INV42999,PO4774,AUD,14967.23,GST-FREE,Payment for license,API Import
TXN002318,06-11-2025,03-11-2025,2025-11,AUS01,5000,CC2100,HR,Optus Pty,INV59658,PO9720,GBP,21329.4,EXPORT,Payment for goods,API Import
TXN002319,18-03-2026,13-03-2026,2026-08,AUS01,5310,CC4000,CORP,Optus Pty,INV17289,PO6134,AUD,32560.86,GST-FREE,Payment for goods,SAP
TXN002320,22/01/2026,15/01/2026,2026-01,AUS01,5520,CC3000,MKT,SAP,INV61921,,AUD,16776.66,GST-FREE,Payment for services,Manual Entry
TXN002321,03/27/2026,03/25/2026,2026-08,AUS01,5220,CC2100,IT,ServiceNow Inc,INV11995,PO2337,AUD,28637.11,GST,Payment for subscription,Workday
TXN002322,12/01/2026,03/01/2026,2026-01,AUS01,5900,CC4100,TAS,Federal Express,INV50879,,NZD,15928.47,EXPORT,Payment for goods,Oracle
TXN002323,03-01-2026,01-01-2026,2026-01,AUS01,5900,CC1100,OPS,Regus Australia,INV46258,PO8387,USD,10295.96,GST-FREE,Payment for goods,API Import
TXN002324,14-03-2026,13-03-2026,2026-08,AUS01,5020,CC1000,NSW,Microsoft,INV39659,,USD,35652.87,INPUT,Payment for license,API Import
TXN002325,03/16/2025,03/07/2025,2025-08,AUS01,5710,CC3000,HR,AusPost,INV72411,PO1879,AUD,33041.41,GST,Payment for goods,SAP
TXN002326,12/01/2026,04/01/2026,2026-01,AUS01,5610,CC2100,IT,Workday,INV77498,,GBP,19726.01,GST-FREE,Payment for subscription,API Import
TXN002327,2025-10-28,2025-10-24,2025-10,AUS01,5200,CC1100,IT,Adobe,INV44608,PO8192,USD,8461.13,INPUT,Payment for services,Workday
TXN002328,15/12/2025,13/12/2025,2025-12,AUS01,5300,CC4000,OPS,Workday,INV70271,PO9132,GBP,25045.34,INPUT,Payment for subscription,SAP
TXN002329,2026-08-15,2026-08-11,2026-08,AUS01,5400,CC3100,NSW,AusPost,INV98107,PO7187,NZD,18159.53,GST,Payment for goods,Oracle
TXN002330,28/12/2025,26/12/2025,2025-12,AUS01,5920,CC1200,ACT,Slack,INV75987,PO9801,AUD,26188.18,GST-FREE,Payment for goods,Manual Entry
TXN002331,03/18/2026,03/10/2026,2026-08,AUS01,5110,CC3100,VIC,Deloitte Touche,INV11454,PO6900,USD,26981.48,GST-FREE,Payment for license,Manual Entry
TXN002332,19-03-2026,18-03-2026,2026-08,AUS01,5400,CC3100,CORP,DHL Express,INV40357,,AUD,39946.25,INPUT,Payment for goods,Workday
TXN002333,01/21/2026,01/17/2026,2026-01,AUS01,5310,CC4000,CORP,PWC,INV66753,PO3523,AUD,5149.68,INPUT,Payment for subscription,Oracle
TXN002334,2026-01-04,2025-12-28,2026-01,AUS01,5800,CC2000,HR,LinkedIn Corp,INV50229,PO4694,AUD,21375.4,GST,Payment for consulting,Workday
TXN002335,2026-08-21,2026-08-19,2026-08,AUS01,5710,CC3100,ACT,BCG,INV85067,PO3734,NZD,41664.66,INPUT,Payment for services,API Import
TXN002336,08-01-2026,29-12-2025,2026-01,AUS01,5810,CC2000,VIC,GCP,INV35352,PO7453,USD,34361.5,EXPORT,Payment for subscription,API Import
TXN002337,16/01/2026,08/01/2026,2026-01,AUS01,5400,CC3200,SA,Telstra Corp,INV84443,,GBP,21483.22,INPUT,Payment for license,Manual Entry
TXN002338,03/03/2025,26-03-2025,2025-08,AUS01,5020,CC3200,HR,Deloitte Touche,INV82797,,AUD,26358.61,GST-FREE,Payment for license,API Import
TXN002339,08/26/2025,08/23/2025,2025-08,AUS01,5410,CC3200,HR,Slack,INV99073,PO7652,USD,9101.73,GST,Payment for services,Workday
TXN002340,2026-01-28,2026-01-27,2026-01,AUS01,5100,CC1100,VIC,Google,INV50363,PO1003,USD,27479.55,INPUT,Payment for subscription,Workday
TXN002341,08/01/2026,30/12/2025,2026-01,AUS01,5220,CC3200,IT,Adobe,INV21407,,AUD,11843.53,GST,Payment for license,Manual Entry
TXN002342,04-03-2025,30-01-2025,2025-08,AUS01,5910,CC3200,OPS,Amazon,INV54908,PO8884,NZD,37782.13,GST,Payment for goods,API Import
TXN002343,2026-08-22,2026-08-15,2026-08,AUS01,5420,CC4100,NT,Federal Express,INV69256,,GBP,30017.17,EXPORT,Payment for services,API Import
TXN002344,22-01-2026,20-01-2026,2026-01,AUS01,5010,CC1200,VIC,SAP,INV39323,PO1936,GBP,8236.07,INPUT,Payment for subscription,API Import
TXN002345,26-03-2026,16-03-2026,2026-08,AUS01,5600,CC3200,R&D,Adobe,INV23573,PO6964,NZD,41011.6,EXPORT,Payment for subscription,Manual Entry
TXN002346,20-03-2026,17-03-2026,2026-08,AUS01,5810,CC3200,WA,LinkedIn Corp,INV50403,PO2570,AUD,5422.67,INPUT,Payment for consulting,Manual Entry
TXN002347,07-03-2026,31/01/2026,2026-08,AUS01,5000,CC4100,WA,Telstra Corp,INV18236,,NZD,18342.91,EXPORT,Payment for license,Workday
TXN002348,22-03-2026,18-03-2026,2026-08,AUS01,5320,CC4000,CORP,Federal Express,INV37857,PO4187,GBP,38803.46,INPUT,Payment for consulting,Workday
TXN002349,09-03-2026,08-03-2026,2026-08,AUS01,5120,CC3100,WA,SAP,INV96226,PO6745,USD,22101.1,EXPORT,Payment for license,Manual Entry
TXN002350,01/26/2026,01/20/2026,2026-01,AUS01,5510,CC3200,MKT,Federal Express,INV68014,PO6715,GBP,27894.02,INPUT,Payment for subscription,Oracle
TXN002351,09-01-2026,04-01-2026,2026-01,AUS01,5920,CC3000,WA,Microsoft,INV41632,PO3779,USD,11468.13,INPUT,Payment for license,SAP
TXN002352,03/18/2026,03/09/2026,2026-08,AUS01,5610,CC3100,WA,McKinsey,INV53616,PO4883,USD,28911.56,INPUT,Payment for consulting,Workday
TXN002353,2025-11-09,2025-11-01,2025-11,AUS01,5510,CC1000,MKT,Regus Australia,INV79950,PO7601,USD,23991.1,GST-FREE,Payment for license,Oracle
TXN002354,2026-08-06,2026-08-02,2026-08,AUS01,5410,CC4100,R&D,Federal Express,INV46267,PO1478,NZD,43923.2,GST,Payment for consulting,Oracle
TXN002355,15-03-2026,14-03-2026,2026-08,AUS01,5900,CC2100,CORP,Google,INV38629,,NZD,158.73,EXPORT,Payment for subscription,SAP
TXN002356,2026-01-11,2026-01-10,2026-01,AUS01,5900,CC1200,WA,AusPost,INV92790,PO4374,NZD,23291.99,EXPORT,Payment for goods,Workday
TXN002357,13-03-2026,08-03-2026,2026-08,AUS01,5620,CC3100,NSW,PWC,INV42458,,GBP,38883.23,GST,Payment for goods,Manual Entry
TXN002358,07-01-2026,02-01-2026,2026-01,AUS01,5100,CC3000,MKT,Zoom,INV19150,,AUD,31921.18,INPUT,Payment for services,SAP
TXN002359,06-01-2026,30-12-2025,2026-01,AUS01,5010,CC3200,QLD,Atlassian Pty,INV77862,,NZD,5262.81,INPUT,Payment for consulting,Manual Entry
TXN002360,19-03-2026,15-03-2026,2026-08,AUS01,5510,CC2000,MKT,Accenture Pty,INV42979,,AUD,19277.52,INPUT,Payment for subscription,Manual Entry
TXN002361,03/28/2026,03/23/2026,2026-08,AUS01,5710,CC3200,HR,Workday,INV97645,PO4005,NZD,1129.42,INPUT,Payment for consulting,SAP
TXN002362,06-11-2025,05-11-2025,2025-11,AUS01,5800,CC3100,SA,Seek Limited,INV17924,PO9876,NZD,19528.82,EXPORT,Payment for services,Oracle
TXN002363,20-03-2026,16-03-2026,2026-08,AUS01,5800,CC3100,VIC,GCP,INV34589,PO5154,USD,25692.34,GST-FREE,Payment for subscription,API Import
TXN002364,03/21/2026,03/19/2026,2026-08,AUS01,5710,CC2000,HR,Accenture Pty,INV11177,PO9274,GBP,18564.04,EXPORT,Payment for services,Manual Entry
TXN002365,2025-01-19,2025-01-18,2025-01,AUS01,5620,CC3100,R&D,Regus Australia,INV45039,,AUD,39901.5,EXPORT,Payment for services,Manual Entry
TXN002366,17/01/2026,08/01/2026,2026-01,AUS01,5700,CC2100,HR,Optus Pty,INV11393,,NZD,23101.84,GST-FREE,Payment for license,Workday
TXN002367,15-03-2026,08-03-2026,2026-08,AUS01,5920,CC3000,TAS,KPMG Australia,INV91289,,AUD,39072.15,INPUT,Payment for goods,API Import
TXN002368,2026-08-02,2026-01-29,2026-08,AUS01,5100,CC3200,VIC,Robert Half International,INV43597,,USD,35654.54,EXPORT,Payment for services,Manual Entry
TXN002369,03/16/2026,03/06/2026,2026-08,AUS01,5510,CC2100,,Deloitte Touche,INV87021,,NZD,40005.21,INPUT,Payment for goods,Oracle
TXN002370,2026-01-21,2026-01-13,2026-01,AUS01,5620,CC3000,NSW,Telstra Corp,INV30252,PO1886,AUD,38028.9,INPUT,Payment for services,Workday
TXN002371,08/01/2026,05/01/2026,2026-01,AUS01,5110,CC4100,FIN,DHL Express,INV88695,PO3705,GBP,8892.93,GST,Payment for goods,Workday
TXN002372,28-01-2026,22-01-2026,2026-01,AUS01,5220,CC1000,SA,Accenture Pty,INV56297,,AUD,19863.49,GST,Payment for services,Oracle
TXN002373,22-03-2026,18-03-2026,2026-08,AUS01,5120,CC1000,TAS,Atlassian Pty,INV38180,,USD,39000.54,INPUT,Payment for subscription,SAP
TXN002374,01/01/2026,12/29/2025,2026-01,AUS01,5200,CC1100,CORP,Slack,INV77787,,AUD,34137.05,EXPORT,Payment for services,Workday
TXN002375,2026-01-17,2026-01-16,2026-01,AUS01,5600,CC2000,SA,MSFT,INV68757,,NZD,13449.75,INPUT,Payment for license,Workday
TXN002376,15-03-2026,05-03-2026,2026-08,AUS01,5420,CC2000,VIC,Zoom,INV93635,PO4878,NZD,37413.14,INPUT,Payment for license,SAP
TXN002377,2025-08-12,2025-08-03,2025-08,AUS01,5120,CC3200,TAS,Zoom,INV67224,PO3154,USD,34434.53,GST-FREE,Payment for license,Workday
TXN002378,2025-09-28,2025-09-19,2025-09,AUS01,5310,CC1200,FIN,Regus Australia,INV79188,PO2298,NZD,29128.81,EXPORT,Payment for subscription,Workday
TXN002379,2025-09-19,2025-09-15,2025-09,AUS01,5010,CC4000,WA,Atlassian Pty,INV49758,,GBP,32784.09,INPUT,Payment for license,Manual Entry
TXN002380,2026-01-13,2026-01-07,2026-01,AUS01,5000,CC2100,WA,Robert Half International,INV52642,PO9362,NZD,26375.64,GST,Payment for license,Oracle
TXN002381,01/21/2026,01/16/2026,2026-01,AUS01,5410,CC2100,CORP,Microsoft,INV68146,PO7766,USD,41293.51,GST,Payment for license,Workday
TXN002382,03/12/2026,02-03-2026,2026-08,AUS01,5710,CC2000,HR,Regus Australia,INV18126,PO3197,NZD,22922.83,GST,Payment for goods,Manual Entry
TXN002383,03/15/2026,03/10/2026,2026-08,AUS01,5420,CC3200,OPS,Hays,INV58488,,GBP,12290.77,GST-FREE,Payment for services,Oracle
TXN002384,07-03-2026,04-03-2026,2026-08,AUS01,5920,CC2100,QLD,Accenture Pty,INV12231,PO5669,GBP,26866.47,GST,Payment for subscription,Workday
TXN002385,01/20/2026,01/11/2026,2026-01,AUS01,5910,CC2100,NSW,AusPost,INV67196,PO4235,GBP,40347.83,GST,Payment for license,Workday
TXN002386,26-01-2026,18-01-2026,2026-01,AUS01,5100,CC1200,R&D,BCG,INV13915,PO8379,NZD,26416.94,INPUT,Payment for consulting,Manual Entry
TXN002387,2026-08-09,2026-08-02,2026-08,AUS01,5300,CC1100,FIN,Zoom,INV62075,PO2028,USD,22137.78,EXPORT,Payment for subscription,Workday
TXN002388,04/01/2026,30/12/2025,2026-01,AUS01,5100,CC3200,CORP,MSFT,INV54091,PO5747,AUD,15320.42,INPUT,Payment for subscription,Workday
TXN002389,01/20/2026,01/14/2026,2026-01,AUS01,5410,CC1200,HR,Atlassian Pty,INV36678,PO8924,GBP,44645.41,GST-FREE,Payment for consulting,Manual Entry
TXN002390,2026-08-17,2026-08-08,2026-08,AUS01,5910,CC4100,FIN,WeWork Australia,INV13928,PO1832,AUD,13638.35,GST,Payment for subscription,Oracle
TXN002391,03-03-2026,01-03-2026,2026-08,AUS01,5320,CC3000,FIN,Seek Limited,INV92017,PO8484,NZD,34491.55,GST,Payment for license,Oracle
TXN002392,08-04-2025,30-03-2025,2025-08,AUS01,5400,CC1000,R&D,Accenture Pty,INV14724,PO9481,AUD,30103.51,EXPORT,Payment for license,API Import
TXN002393,2026-08-12,2026-08-10,2026-08,AUS01,5010,CC3000,HR,Regus Australia,INV24159,PO4352,USD,26915.06,GST,Payment for goods,SAP
TXN002394,06-03-2026,01-03-2026,2026-08,AUS01,5010,CC1000,VIC,SAP,INV41849,PO1697,USD,31871.91,EXPORT,Payment for goods,SAP
TXN002395,22/01/2025,13/01/2025,2025-01,AUS01,5520,CC3200,MKT,Adobe,INV79233,,AUD,25225.94,GST-FREE,Payment for consulting,API Import
TXN002396,04-03-2026,27-01-2026,2026-08,AUS01,5410,CC3100,ACT,Accenture Pty,INV11035,PO5898,NZD,39642.45,GST-FREE,Payment for license,SAP
TXN002397,01/06/2026,01/03/2026,2026-01,AUS01,5800,CC3100,VIC,Telstra Corp,INV64136,PO1491,NZD,21684.99,GST-FREE,Payment for subscription,Manual Entry
TXN002398,21/01/2026,18/01/2026,2026-01,AUS01,5810,CC3200,TAS,Telstra Corp,INV77932,,GBP,10858.84,INPUT,Payment for license,Manual Entry
TXN002399,10/15/2025,10/10/2025,2025-10,AUS01,5610,CC4100,IT,Adobe,INV96999,,NZD,17528.85,EXPORT,Payment for subscription,Manual Entry
TXN002400,27-03-2026,17-03-2026,2026-08,AUS01,5610,CC3000,IT,Accenture Pty,INV67299,PO3362,AUD,36485.78,INPUT,Payment for goods,API Import
TXN002401,2025-08-09,2025-08-06,2025-08,AUS01,5620,CC3100,FIN,AWS,INV61180,PO9509,GBP,12145.28,EXPORT,Payment for services,SAP
TXN002402,22/01/2026,19/01/2026,2026-01,AUS01,5600,CC1200,WA,Accenture Pty,INV28005,,USD,12056.41,EXPORT,Payment for services,Oracle
TXN002403,15-03-2026,11-03-2026,2026-08,AUS01,5500,CC4000,MKT,PWC,INV36706,PO9059,AUD,44158.06,GST,Payment for subscription,API Import
TXN002404,11-03-2026,02-03-2026,2026-08,AUS01,5210,CC1000,CORP,Deloitte Touche,INV99979,PO6333,NZD,14820.82,EXPORT,Payment for consulting,Manual Entry
TXN002405,01/21/2026,01/13/2026,2026-01,AUS01,5510,CC3100,MKT,AWS,INV18795,PO3158,AUD,39912.49,INPUT,Payment for consulting,Manual Entry
TXN002406,21-03-2026,16-03-2026,2026-08,AUS01,5620,CC2100,FIN,Deloitte Touche,INV31706,PO7023,USD,43568.37,GST-FREE,Payment for consulting,SAP
TXN002407,09-01-2026,03-01-2026,2026-01,AUS01,5200,CC2100,OPS,Deloitte Touche,INV29782,,USD,1999.76,INPUT,Payment for license,Manual Entry
TXN002408,03/15/2025,03/07/2025,2025-08,AUS01,5710,CC1100,HR,Regus Australia,INV20855,PO2518,USD,2376.84,INPUT,Payment for license,API Import
TXN002409,2025-08-12,2025-08-06,2025-08,AUS01,5410,CC3000,TAS,GCP,INV16509,PO5310,USD,10148.53,INPUT,Payment for goods,Oracle
TXN002410,27/07/2025,17/07/2025,2025-08,AUS01,5510,CC3200,MKT,Telstra Corp,INV34401,PO1780,GBP,31988.77,GST-FREE,Payment for subscription,Oracle
TXN002411,08/01/2025,29/12/2024,2025-01,AUS01,5100,CC1000,QLD,DHL Express,INV74364,,AUD,41412.17,GST,Payment for subscription,Oracle
TXN002412,2026-01-05,2025-12-27,2026-01,AUS01,5220,CC3000,IT,LinkedIn Corp,INV57428,PO1342,NZD,26159.01,EXPORT,Payment for subscription,Oracle
TXN002413,2026-01-16,2026-01-13,2026-01,AUS01,5320,CC4100,IT,Telstra Corp,INV38255,PO9254,AUD,43090.78,INPUT,Payment for goods,SAP
TXN002414,2025-08-10,2025-08-02,2025-08,AUS01,5500,CC3000,MKT,Atlassian Pty,INV11420,PO3509,USD,1902.67,GST,Payment for goods,SAP
TXN002415,13-03-2026,08-03-2026,2026-08,AUS01,5310,CC2000,FIN,LinkedIn Corp,INV41353,PO3539,AUD,12784.98,EXPORT,Payment for services,Workday
TXN002416,2026-08-08,2026-01-29,2026-08,AUS01,5110,CC3200,R&D,KPMG Australia,INV64233,PO6757,USD,36013.26,GST-FREE,Payment for consulting,SAP
TXN002417,08/07/2025,03/07/2025,2025-08,AUS01,5400,CC1100,OPS,AusPost,INV64856,PO5104,NZD,15354.89,GST,Payment for consulting,Workday
TXN002418,03/11/2026,03/08/2026,2026-08,AUS01,5410,CC3200,WA,Slack,INV92451,PO1941,AUD,30382.9,EXPORT,Payment for goods,Manual Entry
TXN002419,08/24/2025,08/22/2025,2025-08,AUS01,5000,CC1000,QLD,WeWork Australia,INV65871,PO6229,GBP,24788.68,GST,Payment for consulting,SAP
TXN002420,2025-12-25,2025-12-22,2025-12,AUS01,5020,CC4000,R&D,Google,INV33622,PO6979,GBP,20468.44,GST-FREE,Payment for goods,API Import
TXN002421,26-03-2026,22-03-2026,2026-08,AUS01,5000,CC3000,HR,PWC,INV20734,PO7858,NZD,33060.01,INPUT,Payment for subscription,Manual Entry
TXN002422,2026-08-27,2026-08-19,2026-08,AUS01,5600,CC2100,R&D,SAP,INV14203,,USD,38744.81,GST-FREE,Payment for goods,Manual Entry
TXN002423,03/22/2026,03/15/2026,2026-08,AUS01,5800,CC4000,CORP,BCG,INV28701,PO5990,NZD,33290.78,GST,Payment for services,SAP
TXN002424,03/11/2026,02-03-2026,2026-08,AUS01,5510,CC1000,MKT,McKinsey,INV34951,,AUD,2340.67,GST-FREE,Payment for subscription,Oracle
TXN002425,08-11-2025,04-11-2025,2025-11,AUS01,5810,CC2000,VIC,AWS,INV49669,,NZD,21741.53,INPUT,Payment for services,SAP
TXN002426,01/19/2026,01/17/2026,2026-01,AUS01,5400,CC2100,CORP,ServiceNow Inc,INV93858,PO2571,GBP,41815.52,GST,Payment for consulting,SAP
TXN002427,03/27/2026,03/19/2026,2026-08,AUS01,5010,CC1100,WA,Oracle,INV82325,PO4669,NZD,31698.99,GST-FREE,Payment for goods,API Import
TXN002428,24-01-2025,22-01-2025,2025-01,AUS01,5420,CC4000,NSW,Regus Australia,INV59622,PO7143,GBP,23860.46,EXPORT,Payment for services,Workday
TXN002429,2026-08-20,2026-08-12,2026-08,AUS01,5800,CC2000,,Accenture Pty,INV17498,PO6948,AUD,34379.97,GST,Payment for license,SAP
TXN002430,25-11-2025,15-11-2025,2025-11,AUS01,5810,CC4000,IT,SAP,INV73979,PO7156,USD,32314.6,GST,Payment for subscription,Manual Entry
TXN002431,03/01/2026,01/27/2026,2026-08,AUS01,5010,CC3100,NSW,WeWork Australia,INV29561,PO6473,NZD,41770.63,INPUT,Payment for license,Oracle
TXN002432,03/27/2026,03/19/2026,2026-08,AUS01,5000,CC3200,SA,Federal Express,INV61374,,NZD,401.12,INPUT,Payment for services,Manual Entry
TXN002433,03/18/2026,03/11/2026,2026-08,AUS01,5110,CC1200,IT,Optus Pty,INV63827,,AUD,26185.41,GST-FREE,Payment for goods,Manual Entry
TXN002434,2026-01-26,2026-01-24,2026-01,AUS01,5520,CC3100,MKT,Robert Half International,INV89477,PO4609,AUD,33303.72,GST,Payment for consulting,SAP
TXN002435,2026-01-19,2026-01-09,2026-01,AUS01,5220,CC4100,CORP,AWS,INV16421,PO3227,AUD,29450.25,GST,Payment for consulting,Manual Entry
TXN002436,22/07/2025,13/07/2025,2025-08,AUS01,5000,CC3000,QLD,LinkedIn Corp,INV16521,,GBP,37065.3,EXPORT,Payment for license,Manual Entry
TXN002437,05-10-2025,26-09-2025,2025-10,AUS01,5110,CC1100,R&D,GCP,INV50096,PO9042,NZD,19263.43,EXPORT,Payment for consulting,Oracle
TXN002438,01/21/2026,01/11/2026,2026-01,AUS01,5320,CC3100,FIN,Atlassian Pty,INV25745,PO7035,USD,6803.41,INPUT,Payment for consulting,Oracle
TXN002439,28-03-2026,23-03-2026,2026-08,AUS01,5800,CC4000,OPS,Oracle,INV56782,,NZD,2115.28,EXPORT,Payment for consulting,Workday
TXN002440,26-01-2026,18-01-2026,2026-01,AUS01,5200,CC3000,CORP,Atlassian Pty,INV75095,,USD,32913.95,EXPORT,Payment for consulting,Workday
TXN002441,16-09-2025,06-09-2025,2025-09,AUS01,5210,CC3000,CORP,BCG,INV58869,PO8695,NZD,9805.59,GST-FREE,Payment for services,Oracle
TXN002442,12-03-2026,11-03-2026,2026-08,AUS01,5910,CC1100,VIC,SAP,INV65808,PO3016,AUD,31396.57,INPUT,Payment for goods,Manual Entry
TXN002443,26-07-2025,24-07-2025,2025-08,AUS01,5600,CC1100,HR,AusPost,INV98898,,USD,9565.77,GST-FREE,Payment for services,Oracle
TXN002444,25-03-2025,16-03-2025,2025-08,AUS01,5200,CC1000,IT,McKinsey,INV59009,,GBP,23913.59,EXPORT,Payment for subscription,Workday
TXN002445,06-08-2025,03-08-2025,2025-08,AUS01,5010,CC1200,HR,PWC,INV24907,,GBP,11485.79,GST,Payment for goods,Manual Entry
TXN002446,19-03-2026,14-03-2026,2026-08,AUS01,5800,CC3000,SA,Atlassian Pty,INV26716,,GBP,10461.05,GST-FREE,Payment for goods,SAP
TXN002447,15-03-2026,06-03-2026,2026-08,AUS01,5410,CC3000,TAS,AWS,INV99870,PO8198,USD,25587.85,INPUT,Payment for subscription,SAP
TXN002448,01/11/2026,01/03/2026,2026-01,AUS01,5710,CC3200,HR,Seek Limited,INV19720,PO5935,AUD,20694.74,GST-FREE,Payment for goods,Workday
TXN002449,10/21/2025,10/17/2025,2025-10,AUS01,5320,CC2000,NSW,Robert Half International,INV74874,PO3305,AUD,3185.06,INPUT,Payment for consulting,Oracle
TXN002450,01-03-2026,12/24/2025,2026-01,AUS01,5010,CC2000,VIC,Federal Express,INV64749,,NZD,20336.76,INPUT,Payment for license,Workday
TXN002451,08/01/2026,28/12/2025,2026-01,AUS01,5100,CC3100,MKT,Federal Express,INV52534,,GBP,43943.98,INPUT,Payment for license,Workday
TXN002452,03/08/2026,03/03/2026,2026-08,AUS01,5900,CC1100,VIC,MSFT,INV73803,PO8765,AUD,802.3,GST-FREE,Payment for subscription,API Import
TXN002453,01/07/2026,01-03-2026,2026-01,AUS01,5910,CC4100,WA,Zoom,INV23999,PO2163,AUD,41444.93,GST,Payment for license,API Import
TXN002454,21-12-2025,11-12-2025,2025-12,AUS01,5610,CC1100,R&D,Workday,INV58458,PO6258,USD,34343.47,GST-FREE,Payment for goods,API Import
TXN002455,2026-01-10,2026-01-08,2026-01,AUS01,5020,CC3000,WA,Hays,INV70038,PO1871,AUD,38493.59,INPUT,Payment for services,Manual Entry
TXN002456,10/01/2026,03/01/2026,2026-01,AUS01,5120,CC2100,WA,BCG,INV10425,PO3022,NZD,12844.07,GST-FREE,Payment for goods,Workday
TXN002457,03/23/2026,03/16/2026,2026-08,AUS01,5610,CC1200,VIC,Zoom,INV74250,PO2365,USD,25675.76,GST,Payment for consulting,Oracle
TXN002458,01/22/2026,01/18/2026,2026-01,AUS01,5220,CC3100,IT,Federal Express,INV43972,PO1812,AUD,41332.86,INPUT,Payment for services,Manual Entry
TXN002459,02-03-2026,23/01/2026,2026-08,AUS01,5510,CC1100,MKT,MSFT,INV24202,PO6526,GBP,26056.23,INPUT,Payment for goods,SAP
TXN002460,2026-08-09,2026-08-06,2026-08,AUS01,5000,CC1200,SA,Adobe,INV54296,PO7274,NZD,28526.55,EXPORT,Payment for license,SAP
TXN002461,01/20/2026,01/13/2026,2026-01,AUS01,5220,CC1100,OPS,BCG,INV98357,,NZD,5570.9,GST-FREE,Payment for consulting,Workday
TXN002462,2026-01-24,2026-01-21,2026-01,AUS01,5510,CC3000,MKT,Salesforce,INV82341,,NZD,40725.11,INPUT,Payment for license,SAP
TXN002463,08/22/2025,08/14/2025,2025-08,AUS01,5520,CC1200,MKT,MSFT,INV87679,,NZD,8077.79,INPUT,Payment for services,API Import
TXN002464,2026-01-28,2026-01-26,2026-01,AUS01,5620,CC2100,IT,Adobe,INV24438,,NZD,22719.59,INPUT,Payment for services,Oracle
TXN002465,01/27/2026,01/20/2026,2026-01,AUS01,5600,CC4100,,SAP,INV64026,PO1093,AUD,12874.49,GST-FREE,Payment for services,Oracle
TXN002466,2025-08-27,2025-08-25,2025-08,AUS01,5420,CC2100,IT,Microsoft,INV50268,PO9244,USD,2418.69,INPUT,Payment for license,API Import
TXN002467,13-01-2026,07-01-2026,2026-01,AUS01,5610,CC2100,IT,Salesforce,INV42413,PO8488,USD,20904.47,GST,Payment for subscription,API Import
TXN002468,04-03-2026,30-01-2026,2026-08,AUS01,5220,CC4100,CORP,Atlassian Pty,INV24900,PO1416,NZD,8693.36,GST-FREE,Payment for services,SAP
TXN002469,2026-01-07,2025-12-29,2026-01,AUS01,5310,CC1200,CORP,Workday,INV40909,,AUD,16232.75,GST-FREE,Payment for license,Workday
TXN002470,2026-01-23,2026-01-20,2026-01,AUS01,5110,CC2100,QLD,DHL Express,INV20705,PO3590,USD,42425.86,EXPORT,Payment for services,Oracle
TXN002471,11/10/2025,08/10/2025,2025-10,AUS01,5120,CC2000,QLD,Telstra Corp,INV72139,PO6094,GBP,36012.89,EXPORT,Payment for goods,API Import
TXN002472,24-03-2026,14-03-2026,2026-08,AUS01,5810,CC4000,NSW,Hays,INV49634,,GBP,31903.94,EXPORT,Payment for license,Manual Entry
TXN002473,16/03/2025,14/03/2025,2025-08,AUS01,5010,CC3200,SA,BCG,INV12682,,USD,35727.78,GST,Payment for goods,SAP
TXN002474,01/26/2026,01/24/2026,2026-01,AUS01,5000,CC4100,SA,Hays,INV28031,PO3995,USD,12836.21,EXPORT,Payment for consulting,Workday
TXN002475,2026-08-10,2026-08-03,2026-08,AUS01,5800,CC4000,ACT,Workday,INV40662,PO6227,USD,21894.28,EXPORT,Payment for goods,Oracle
TXN002476,2026-01-18,2026-01-09,2026-01,AUS01,5120,CC4000,MKT,SAP,INV70217,PO7987,GBP,29199.88,GST-FREE,Payment for license,SAP
TXN002477,2026-01-16,2026-01-11,2026-01,AUS01,5120,CC2000,SA,WeWork Australia,INV20364,PO7016,GBP,34819.96,GST-FREE,Payment for license,Oracle
TXN002478,2025-01-03,2024-12-27,2025-01,AUS01,5700,CC4100,HR,Oracle,INV42695,PO8660,AUD,29320.95,INPUT,Payment for services,Workday
TXN002479,01-12-2025,30-11-2025,2025-12,AUS01,5500,CC3200,MKT,Regus Australia,INV84231,,AUD,32572.32,INPUT,Payment for license,API Import
TXN002480,20-01-2026,16-01-2026,2026-01,AUS01,5900,CC3000,OPS,LinkedIn Corp,INV26416,PO4894,GBP,22755.14,EXPORT,Payment for license,SAP
TXN002481,03/26/2025,03/16/2025,2025-08,AUS01,5320,CC1100,HR,Deloitte Touche,INV32454,,NZD,33319.18,INPUT,Payment for subscription,API Import
TXN002482,03/11/2026,03/09/2026,2026-08,AUS01,5200,CC2000,CORP,Microsoft,INV48554,,NZD,27593.78,INPUT,Payment for consulting,Oracle
TXN002483,03/22/2026,03/20/2026,2026-08,AUS01,5800,CC1100,IT,Amazon,INV24058,PO8026,GBP,22455.0,INPUT,Payment for goods,Manual Entry
TXN002484,01/25/2026,01/15/2026,2026-01,AUS01,5000,CC3000,HR,Amazon,INV75093,PO3332,NZD,3013.36,GST-FREE,Payment for goods,Oracle
TXN002485,09-03-2026,02-03-2026,2026-08,AUS01,5920,CC3200,IT,Robert Half International,INV36046,PO3826,GBP,39090.05,GST,Payment for goods,API Import
TXN002486,04-03-2026,26/01/2026,2026-08,AUS01,5020,CC3200,VIC,Salesforce,INV98440,PO6245,USD,15963.38,INPUT,Payment for goods,SAP
TXN002487,03/09/2025,26/08/2025,2025-09,AUS01,5800,CC3000,MKT,Telstra Corp,INV38502,,USD,34108.16,EXPORT,Payment for subscription,API Import
TXN002488,27/01/2025,23/01/2025,2025-01,AUS01,5100,CC1000,TAS,Robert Half International,INV17056,PO6477,GBP,7372.63,GST-FREE,Payment for license,Workday
TXN002489,2025-08-22,2025-08-21,2025-08,AUS01,5210,CC4000,IT,GCP,INV49038,PO7098,AUD,11031.09,EXPORT,Payment for services,SAP
TXN002490,03/12/2025,30/11/2025,2025-12,AUS01,5510,CC1200,MKT,EY Australia,INV81299,,AUD,31818.34,GST,Payment for services,Oracle
TXN002491,03/17/2026,03/10/2026,2026-08,AUS01,5020,CC3100,VIC,Seek Limited,INV34080,PO5612,GBP,28904.67,GST-FREE,Payment for license,API Import
TXN002492,19-09-2025,18-09-2025,2025-09,AUS01,5200,CC1200,CORP,Amazon,INV97070,PO4490,NZD,8528.09,INPUT,Payment for goods,Workday
TXN002493,10/01/2026,08/01/2026,2026-01,AUS01,5010,CC3100,QLD,Regus Australia,INV48565,PO1031,AUD,39198.41,GST,Payment for services,SAP
TXN002494,01/21/2026,01/19/2026,2026-01,AUS01,5200,CC1100,CORP,Accenture Pty,INV84871,PO1775,NZD,16550.77,EXPORT,Payment for consulting,Oracle
TXN002495,22/09/2025,18/09/2025,2025-09,AUS01,5610,CC3000,R&D,Telstra Corp,INV74110,PO2257,GBP,5958.41,GST,Payment for license,API Import
TXN002496,25-05-2025,16-05-2025,2025-08,AUS01,5920,CC3200,R&D,Hays,INV58636,PO4567,GBP,21477.83,EXPORT,Payment for license,Manual Entry
TXN002497,2026-01-15,2026-01-12,2026-01,AUS01,5900,CC2000,NSW,Google,INV15468,,USD,27701.11,GST-FREE,Payment for consulting,Oracle
TXN002498,01-03-2026,12/27/2025,2026-01,AUS01,5100,CC4100,NSW,Deloitte Touche,INV76821,PO2384,NZD,15437.06,EXPORT,Payment for consulting,Oracle
TXN002499,2026-01-09,2025-12-31,2026-01,AUS01,5520,CC1000,MKT,Hays,INV42502,PO2752,GBP,35070.8,GST,Payment for subscription,Manual Entry
TXN002500,08/26/2025,08/17/2025,2025-08,AUS01,5310,CC4100,SA,SAP,INV41250,PO3297,AUD,34548.69,INPUT,Payment for services,Workday
TXN002501,10/09/2025,09/29/2025,2025-10,AUS01,5200,CC2000,SA,Oracle,INV42985,,GBP,3743.64,INPUT,Payment for consulting,Oracle
TXN002502,01/17/2026,01/10/2026,2026-01,AUS01,5420,CC1000,OPS,Slack,INV56545,,AUD,33275.78,GST,Payment for license,Workday
TXN002503,2026-01-06,2025-12-31,2026-01,AUS01,5320,CC3000,FIN,BCG,INV47016,PO1590,USD,30352.26,INPUT,Payment for consulting,API Import
TXN002504,23-01-2026,15-01-2026,2026-01,AUS01,5420,CC4000,QLD,Adobe,INV14100,PO8463,USD,43875.46,GST,Payment for goods,SAP
TXN002505,2026-01-09,2025-12-30,2026-01,AUS01,5300,CC3200,OPS,Salesforce,INV62760,,AUD,35224.87,INPUT,Payment for consulting,Workday
TXN002506,22-01-2026,13-01-2026,2026-01,AUS01,5710,CC1000,HR,PWC,INV50714,PO7698,AUD,42423.22,GST,Payment for consulting,SAP
TXN002507,17-11-2025,12-11-2025,2025-11,AUS01,5220,CC1200,IT,Telstra Corp,INV75216,,USD,34654.63,INPUT,Payment for subscription,API Import
TXN002508,18-01-2026,10-01-2026,2026-01,AUS01,5020,CC1100,WA,Amazon,INV11806,,AUD,22643.42,EXPORT,Payment for goods,Workday
TXN002509,2025-11-15,2025-11-10,2025-11,AUS01,5700,CC2100,MKT,ServiceNow Inc,INV50364,PO7932,AUD,20914.78,GST-FREE,Payment for license,API Import
TXN002510,20-03-2026,15-03-2026,2026-08,AUS01,5610,CC1000,MKT,Workday,INV77295,PO8602,AUD,11809.11,GST-FREE,Payment for consulting,API Import
TXN002511,20/09/2025,15/09/2025,2025-09,AUS01,5400,CC4100,WA,Adobe,INV79126,,NZD,21073.51,INPUT,Payment for goods,SAP
TXN002512,03-03-2026,29-01-2026,2026-08,AUS01,5210,CC1200,CORP,Accenture Pty,INV59670,PO2587,AUD,36651.81,INPUT,Payment for license,SAP
TXN002513,06-08-2025,31-07-2025,2025-08,AUS01,5610,CC1100,OPS,Seek Limited,INV41723,PO8541,AUD,1068.67,INPUT,Payment for subscription,Oracle
TXN002514,24-03-2026,18-03-2026,2026-08,AUS01,5400,CC3200,MKT,KPMG Australia,INV37523,PO6164,AUD,43765.47,INPUT,Payment for services,Oracle
TXN002515,2025-09-07,2025-09-05,2025-09,AUS01,5910,CC3000,HR,Deloitte Touche,INV87577,PO1442,AUD,28700.74,GST,Payment for goods,SAP
TXN002516,2025-12-13,2025-12-05,2025-12,AUS01,5100,CC2000,IT,DHL Express,INV57248,PO3892,USD,2468.84,GST,Payment for services,Workday
TXN002517,09/01/2025,03/01/2025,2025-01,AUS01,5900,CC3200,ACT,Accenture Pty,INV97788,,NZD,36751.97,INPUT,Payment for consulting,SAP
TXN002518,04-01-2026,02-01-2026,2026-01,AUS01,5700,CC3000,HR,EY Australia,INV21176,PO6397,NZD,33081.67,EXPORT,Payment for subscription,Oracle
TXN002519,09/15/2025,09/06/2025,2025-09,AUS01,5110,CC3100,TAS,Slack,INV45351,PO6094,NZD,2795.18,GST,Payment for services,Oracle
TXN002520,26/01/2026,23/01/2026,2026-01,AUS01,5200,CC3000,IT,Regus Australia,INV37034,PO6460,USD,37163.92,GST,Payment for goods,API Import
TXN002521,2026-08-17,2026-08-11,2026-08,AUS01,5000,CC3200,NSW,McKinsey,INV86796,PO8390,AUD,39291.34,GST,Payment for goods,Workday
TXN002522,03/09/2026,03/06/2026,2026-08,AUS01,5320,CC1200,OPS,PWC,INV43175,,GBP,22206.1,EXPORT,Payment for subscription,API Import
TXN002523,03/13/2026,03/03/2026,2026-08,AUS01,5210,CC1000,CORP,EY Australia,INV16397,PO7332,GBP,12775.79,GST,Payment for license,API Import
TXN002524,28/04/2025,21/04/2025,2025-08,AUS01,5300,CC4000,OPS,Telstra Corp,INV57730,PO4406,USD,43216.66,EXPORT,Payment for consulting,Manual Entry
TXN002525,19/01/2026,10/01/2026,2026-01,AUS01,5320,CC2100,OPS,Federal Express,INV25896,,AUD,26268.15,GST-FREE,Payment for subscription,SAP
TXN002526,15/09/2025,09/09/2025,2025-09,AUS01,5220,CC3000,IT,SAP,INV17922,PO4646,GBP,2054.2,EXPORT,Payment for goods,Workday
TXN002527,2026-01-15,2026-01-07,2026-01,AUS01,5600,CC1200,WA,DHL Express,INV72511,,USD,16289.55,GST,Payment for services,Manual Entry
TXN002528,2026-08-25,2026-08-21,2026-08,AUS01,5110,CC3000,QLD,MSFT,INV42312,PO9331,USD,33753.42,INPUT,Payment for license,Workday
TXN002529,09-03-2026,01-03-2026,2026-08,AUS01,5520,CC4100,MKT,WeWork Australia,INV66017,,USD,30886.99,GST-FREE,Payment for consulting,API Import
TXN002530,09-03-2026,04-03-2026,2026-08,AUS01,5310,CC2100,ACT,WeWork Australia,INV32714,PO4162,NZD,37938.28,GST,Payment for services,Manual Entry
TXN002531,03/23/2026,03/20/2026,2026-08,AUS01,5420,CC1100,MKT,ServiceNow Inc,INV13102,,USD,38265.29,INPUT,Payment for license,Oracle
TXN002532,13/06/2025,05/06/2025,2025-08,AUS01,5400,CC1100,ACT,LinkedIn Corp,INV13984,PO5534,GBP,41323.68,INPUT,Payment for services,Workday
TXN002533,24-12-2025,18-12-2025,2025-12,AUS01,5700,CC3000,OPS,GCP,INV40330,PO3011,AUD,7435.34,EXPORT,Payment for services,Workday
TXN002534,01-03-2026,29/01/2026,2026-08,AUS01,5520,CC4100,MKT,Adobe,INV99020,PO6841,AUD,21509.57,INPUT,Payment for goods,API Import
TXN002535,23/10/2025,15/10/2025,2025-10,AUS01,5810,CC3100,QLD,Hays,INV37037,PO6215,GBP,35777.07,GST-FREE,Payment for subscription,Oracle
TXN002536,25/07/2025,17/07/2025,2025-08,AUS01,5200,CC1200,CORP,Optus Pty,INV20461,PO6647,USD,27395.21,GST-FREE,Payment for services,SAP
TXN002537,01/11/2025,25/10/2025,2025-11,AUS01,5000,CC3200,SA,Optus Pty,INV92317,PO9551,USD,3140.28,GST-FREE,Payment for consulting,API Import
TXN002538,22-09-2025,16-09-2025,2025-09,AUS01,5200,CC3200,IT,Salesforce,INV42587,,NZD,40626.92,EXPORT,Payment for services,Workday
TXN002539,2026-08-06,2026-01-28,2026-08,AUS01,5600,CC4000,,SAP,INV13974,PO6920,AUD,25069.51,GST-FREE,Payment for services,Manual Entry
TXN002540,20-03-2026,16-03-2026,2026-08,AUS01,5420,CC3200,FIN,ServiceNow Inc,INV35266,PO5508,AUD,44210.0,EXPORT,Payment for services,Workday
TXN002541,03/17/2026,03/16/2026,2026-08,AUS01,5810,CC1200,VIC,LinkedIn Corp,INV78876,,NZD,27333.52,GST,Payment for license,SAP
TXN002542,2026-08-01,2026-01-24,2026-08,AUS01,5110,CC1200,FIN,Amazon,INV25890,PO5575,GBP,3934.08,GST-FREE,Payment for subscription,Oracle
TXN002543,01/08/2026,12/29/2025,2026-01,AUS01,5410,CC1000,SA,Slack,INV91353,PO9455,USD,9515.75,INPUT,Payment for consulting,Workday
TXN002544,04-03-2026,29-01-2026,2026-08,AUS01,5420,CC4100,FIN,Amazon,INV82194,PO1928,USD,7614.01,GST,Payment for consulting,SAP
TXN002545,01/20/2026,01/18/2026,2026-01,AUS01,5420,CC3000,VIC,AWS,INV25959,PO1393,USD,42967.99,INPUT,Payment for services,Manual Entry
TXN002546,17-11-2025,09-11-2025,2025-11,AUS01,5620,CC3000,TAS,Hays,INV10640,PO2588,NZD,15396.31,INPUT,Payment for subscription,Workday
TXN002547,01-03-2026,12/23/2025,2026-01,AUS01,5910,CC3200,QLD,Oracle,INV98756,PO8296,USD,17648.11,INPUT,Payment for goods,API Import
TXN002548,08/14/2025,08/12/2025,2025-08,AUS01,5520,CC1100,MKT,KPMG Australia,INV95367,PO6307,USD,1867.27,GST-FREE,Payment for services,Workday
TXN002549,13/01/2026,11/01/2026,2026-01,AUS01,5500,CC3100,MKT,Deloitte Touche,INV85234,PO2746,USD,41815.1,GST-FREE,Payment for consulting,Manual Entry
TXN002550,01/15/2026,01/14/2026,2026-01,AUS01,5420,CC4000,IT,AusPost,INV45485,PO2409,NZD,24027.14,EXPORT,Payment for services,Manual Entry
TXN002551,21-01-2026,13-01-2026,2026-01,AUS01,5620,CC1200,VIC,Telstra Corp,INV91895,,NZD,42737.83,EXPORT,Payment for license,Manual Entry
TXN002552,03/18/2026,03/14/2026,2026-08,AUS01,5420,CC3200,WA,MSFT,INV85365,,AUD,43518.99,INPUT,Payment for services,Manual Entry
TXN002553,01/24/2026,01/18/2026,2026-01,AUS01,5700,CC4100,HR,Zoom,INV81641,,NZD,44199.73,EXPORT,Payment for consulting,SAP
TXN002554,2026-01-10,2026-01-02,2026-01,AUS01,5620,CC4100,SA,SAP,INV58925,PO3923,GBP,15570.77,EXPORT,Payment for consulting,API Import
TXN002555,2026-08-05,2026-08-01,2026-08,AUS01,5700,CC1200,HR,Seek Limited,INV25441,,USD,43379.11,EXPORT,Payment for consulting,Manual Entry
TXN002556,2026-01-06,2026-01-03,2026-01,AUS01,5920,CC2000,IT,AWS,INV70009,PO6716,AUD,24910.24,INPUT,Payment for license,SAP
TXN002557,12/01/2026,09/01/2026,2026-01,AUS01,5710,CC2100,HR,Oracle,INV12584,,NZD,34924.13,EXPORT,Payment for license,SAP
TXN002558,03/28/2026,03/20/2026,2026-08,AUS01,5900,CC4000,OPS,Workday,INV36940,,GBP,29436.02,GST,Payment for subscription,SAP
TXN002559,27-03-2026,20-03-2026,2026-08,AUS01,5310,CC2000,CORP,Slack,INV90810,PO8271,NZD,19572.37,INPUT,Payment for consulting,SAP
TXN002560,24-05-2025,23-05-2025,2025-08,AUS01,5410,CC1000,WA,Amazon,INV23017,PO4925,GBP,12328.77,EXPORT,Payment for goods,Manual Entry
TXN002561,2026-01-02,2025-12-28,2026-01,AUS01,5800,CC4100,WA,Google,INV35817,PO8170,GBP,44633.3,INPUT,Payment for services,Manual Entry
TXN002562,08-01-2026,01-01-2026,2026-01,AUS01,5120,CC1100,FIN,WeWork Australia,INV10814,PO5177,GBP,31883.49,INPUT,Payment for subscription,API Import
TXN002563,14-07-2025,12-07-2025,2025-08,AUS01,5510,CC1200,MKT,KPMG Australia,INV32326,PO6923,GBP,13911.52,INPUT,Payment for goods,SAP
TXN002564,2026-08-09,2026-01-30,2026-08,AUS01,5510,CC4000,MKT,Seek Limited,INV99921,PO2346,USD,18880.09,INPUT,Payment for goods,Oracle
TXN002565,08/12/2025,27/11/2025,2025-12,AUS01,5920,CC4100,QLD,Adobe,INV11874,PO3013,AUD,14200.54,GST,Payment for goods,Oracle
TXN002566,2025-10-22,2025-10-17,2025-10,AUS01,5710,CC2100,HR,Robert Half International,INV65038,PO8913,NZD,41542.5,INPUT,Payment for services,Workday
TXN002567,03/27/2026,03/25/2026,2026-08,AUS01,5800,CC3200,OPS,Federal Express,INV64747,PO4779,GBP,417.28,INPUT,Payment for license,SAP
TXN002568,04-01-2026,30-12-2025,2026-01,AUS01,5320,CC3200,FIN,DHL Express,INV62363,PO8763,GBP,41436.07,EXPORT,Payment for consulting,Manual Entry
TXN002569,09/13/2025,09/05/2025,2025-09,AUS01,5400,CC1000,MKT,WeWork Australia,INV93985,,USD,478.09,INPUT,Payment for consulting,Workday
TXN002570,03/11/2026,03/08/2026,2026-08,AUS01,5020,CC3200,SA,Regus Australia,INV79365,,AUD,13009.56,EXPORT,Payment for license,API Import
TXN002571,16-03-2026,08-03-2026,2026-08,AUS01,5320,CC2100,FIN,PWC,INV20093,PO6927,USD,7580.85,EXPORT,Payment for services,Manual Entry
TXN002572,20/01/2026,10/01/2026,2026-01,AUS01,5910,CC4000,IT,LinkedIn Corp,INV99859,,USD,29076.43,EXPORT,Payment for services,Manual Entry
TXN002573,26-03-2025,23-03-2025,2025-08,AUS01,5300,CC3100,CORP,Telstra Corp,INV31263,PO2437,USD,26328.62,GST-FREE,Payment for subscription,Oracle
TXN002574,03/01/2026,31/12/2025,2026-01,AUS01,5520,CC2000,MKT,Accenture Pty,INV24220,PO9328,USD,36953.8,GST,Payment for subscription,SAP
TXN002575,03/13/2026,03/08/2026,2026-08,AUS01,5510,CC4000,MKT,McKinsey,INV58697,,NZD,23585.85,INPUT,Payment for subscription,Workday
TXN002576,05-01-2026,03-01-2026,2026-01,AUS01,5310,CC1100,CORP,PWC,INV43154,PO9573,USD,18601.86,EXPORT,Payment for goods,Workday
TXN002577,03-03-2026,24-01-2026,2026-08,AUS01,5520,CC2000,MKT,Robert Half International,INV96079,,GBP,32096.6,GST,Payment for subscription,Manual Entry
TXN002578,14-03-2026,10-03-2026,2026-08,AUS01,5700,CC2000,HR,WeWork Australia,INV70814,PO3307,GBP,29926.82,GST,Payment for subscription,Manual Entry
TXN002579,2026-01-02,2025-12-23,2026-01,AUS01,5610,CC4100,IT,Atlassian Pty,INV89004,PO8709,GBP,5888.02,EXPORT,Payment for consulting,Oracle
TXN002580,19-03-2026,12-03-2026,2026-08,AUS01,5900,CC4000,HR,KPMG Australia,INV25325,PO8496,USD,19479.48,INPUT,Payment for goods,Manual Entry
TXN002581,2026-08-16,2026-08-14,2026-08,AUS01,5910,CC1000,CORP,Slack,INV99086,PO6125,GBP,36612.24,GST,Payment for goods,SAP
TXN002582,07-03-2026,04-03-2026,2026-08,AUS01,5100,CC1200,OPS,Atlassian Pty,INV93088,,NZD,28698.68,GST,Payment for subscription,Manual Entry
TXN002583,01/06/2026,01/01/2026,2026-01,AUS01,5410,CC1200,HR,Zoom,INV65708,PO4863,AUD,4313.89,INPUT,Payment for license,Oracle
TXN002584,03/22/2025,03/21/2025,2025-08,AUS01,5510,CC1200,MKT,KPMG Australia,INV26806,PO9822,USD,32957.51,EXPORT,Payment for services,Workday
TXN002585,01/01/2026,31/12/2025,2026-01,AUS01,5620,CC3200,TAS,McKinsey,INV18591,PO3615,NZD,42503.55,INPUT,Payment for services,Oracle
TXN002586,03/10/2026,03/06/2026,2026-08,AUS01,5810,CC3000,MKT,MSFT,INV88675,,GBP,12672.89,GST,Payment for goods,Oracle
TXN002587,2026-01-17,2026-01-07,2026-01,AUS01,5620,CC4100,MKT,LinkedIn Corp,INV10512,PO4313,AUD,6373.15,INPUT,Payment for services,SAP
TXN002588,2026-01-20,2026-01-12,2026-01,AUS01,5500,CC1100,MKT,Oracle,INV26936,PO9011,USD,30527.76,GST-FREE,Payment for consulting,Oracle
TXN002589,16-01-2026,10-01-2026,2026-01,AUS01,5310,CC2100,CORP,Optus Pty,INV68171,PO4690,GBP,3012.73,GST-FREE,Payment for subscription,Workday
TXN002590,2026-08-10,2026-08-05,2026-08,AUS01,5420,CC1100,QLD,Oracle,INV54510,PO5047,GBP,18342.27,GST,Payment for license,Oracle
TXN002591,26-03-2026,16-03-2026,2026-08,AUS01,5220,CC1200,TAS,LinkedIn Corp,INV55317,,AUD,37468.87,GST,Payment for services,Oracle
TXN002592,09/08/2025,05/08/2025,2025-08,AUS01,5600,CC1000,NSW,Telstra Corp,INV76092,,USD,21317.48,INPUT,Payment for subscription,Manual Entry
TXN002593,16-03-2026,12-03-2026,2026-08,AUS01,5710,CC4100,ACT,Salesforce,INV38973,PO2833,USD,27175.65,GST,Payment for license,SAP
TXN002594,05-01-2026,30-12-2025,2026-01,AUS01,5610,CC2000,QLD,Regus Australia,INV47725,PO2380,NZD,20841.98,GST,Payment for services,Manual Entry
TXN002595,22/01/2026,19/01/2026,2026-01,AUS01,5010,CC3100,SA,McKinsey,INV42955,,AUD,2159.03,INPUT,Payment for subscription,Oracle
TXN002596,01/13/2026,01/08/2026,2026-01,AUS01,5220,CC2000,ACT,Adobe,INV29314,,GBP,26511.95,INPUT,Payment for services,SAP
TXN002597,15/01/2026,12/01/2026,2026-01,AUS01,5420,CC3100,SA,Robert Half International,INV76664,,USD,14429.39,EXPORT,Payment for license,Manual Entry
TXN002598,10/18/2025,10/10/2025,2025-10,AUS01,5100,CC1000,CORP,Workday,INV38579,,USD,24364.28,INPUT,Payment for services,API Import
TXN002599,2025-11-02,2025-10-26,2025-11,AUS01,5200,CC1200,CORP,BCG,INV68450,PO5647,GBP,29077.95,EXPORT,Payment for consulting,Workday
TXN002600,18-01-2026,16-01-2026,2026-01,AUS01,5500,CC1200,MKT,EY Australia,INV47918,,GBP,29474.59,GST-FREE,Payment for consulting,Oracle
TXN002601,08/03/2025,03/03/2025,2025-08,AUS01,5910,CC3100,VIC,WeWork Australia,INV18527,PO7730,GBP,38519.61,INPUT,Payment for goods,Workday
TXN002602,04-03-2026,29-01-2026,2026-08,AUS01,5500,CC2000,MKT,McKinsey,INV24185,PO9187,AUD,36811.4,INPUT,Payment for consulting,API Import
TXN002603,22-01-2026,16-01-2026,2026-01,AUS01,5710,CC4100,HR,Regus Australia,INV11652,,GBP,14791.68,EXPORT,Payment for goods,Oracle
TXN002604,01/15/2026,01/12/2026,2026-01,AUS01,5120,CC4100,OPS,DHL Express,INV21570,,NZD,23261.09,GST-FREE,Payment for goods,Oracle
TXN002605,01/05/2026,01/03/2026,2026-01,AUS01,5800,CC2100,NSW,BCG,INV35947,PO3137,NZD,21650.08,INPUT,Payment for goods,Manual Entry
TXN002606,13-01-2026,12-01-2026,2026-01,AUS01,5220,CC1100,IT,KPMG Australia,INV38049,,USD,42113.55,INPUT,Payment for license,Manual Entry
TXN002607,2025-08-02,2025-08-29,2025-08,AUS01,5900,CC3200,IT,Zoom,INV25972,,USD,26606.15,GST-FREE,Payment for goods,Workday
TXN002608,21/01/2026,16/01/2026,2026-01,AUS01,5700,CC2000,FIN,Zoom,INV14317,,USD,27370.26,INPUT,Payment for subscription,API Import
TXN002609,13/03/2025,04/03/2025,2025-08,AUS01,5220,CC1000,CORP,LinkedIn Corp,INV35970,PO9941,GBP,30491.51,INPUT,Payment for consulting,API Import
TXN002610,01/07/2026,12/30/2025,2026-01,AUS01,5400,CC3200,SA,Amazon,INV76293,,AUD,42794.69,EXPORT,Payment for subscription,Manual Entry
TXN002611,14-03-2025,07-03-2025,2025-08,AUS01,5610,CC2100,CORP,ServiceNow Inc,INV99129,PO6067,GBP,41824.89,GST,Payment for goods,API Import
TXN002612,14-03-2026,08-03-2026,2026-08,AUS01,5800,CC1000,R&D,McKinsey,INV92996,PO8810,NZD,26109.73,INPUT,Payment for goods,Manual Entry
TXN002613,13-03-2026,09-03-2026,2026-08,AUS01,5900,CC1200,CORP,McKinsey,INV73942,,GBP,33074.95,GST-FREE,Payment for subscription,Manual Entry
TXN002614,18/11/2025,10/11/2025,2025-11,AUS01,5010,CC2100,VIC,LinkedIn Corp,INV43202,PO8052,USD,8740.42,GST-FREE,Payment for consulting,Manual Entry
TXN002615,2026-08-04,2026-01-29,2026-08,AUS01,5100,CC2100,CORP,Federal Express,INV77266,PO9227,AUD,24653.4,EXPORT,Payment for license,Manual Entry
TXN002616,25-03-2026,15-03-2026,2026-08,AUS01,5120,CC2100,OPS,Deloitte Touche,INV99152,PO6901,NZD,40038.27,GST-FREE,Payment for services,API Import
TXN002617,03/14/2026,03/07/2026,2026-08,AUS01,5900,CC1100,SA,ServiceNow Inc,INV95953,,NZD,12360.96,GST-FREE,Payment for services,API Import
TXN002618,2025-08-08,2025-08-06,2025-08,AUS01,5400,CC4100,QLD,SAP,INV27723,PO4333,NZD,21154.33,GST,Payment for consulting,Manual Entry
TXN002619,20/01/2026,10/01/2026,2026-01,AUS01,5520,CC1000,MKT,Google,INV20063,PO2569,USD,7281.44,GST,Payment for license,Workday
TXN002620,2025-08-06,2025-08-05,2025-08,AUS01,5620,CC1200,OPS,Accenture Pty,INV19593,PO4970,AUD,16435.18,GST-FREE,Payment for consulting,Oracle
TXN002621,2026-01-22,2026-01-17,2026-01,AUS01,5810,CC1000,HR,Oracle,INV34063,,AUD,7641.47,GST,Payment for license,API Import
TXN002622,14-01-2026,11-01-2026,2026-01,AUS01,5010,CC1100,NSW,Oracle,INV22803,PO8479,NZD,27237.34,GST-FREE,Payment for consulting,Workday
TXN002623,2026-08-13,2026-08-12,2026-08,AUS01,5710,CC1000,HR,GCP,INV54925,PO4482,AUD,42809.67,EXPORT,Payment for goods,Workday
TXN002624,08/28/2025,08/19/2025,2025-08,AUS01,5210,CC2100,IT,Workday,INV50975,,GBP,5206.59,GST,Payment for consulting,Workday
TXN002625,2026-01-14,2026-01-12,2026-01,AUS01,5420,CC1000,SA,Optus Pty,INV79866,PO1543,AUD,6088.51,GST-FREE,Payment for subscription,SAP
TXN002626,03/01/2026,24/12/2025,2026-01,AUS01,5000,CC4000,WA,SAP,INV33425,PO3748,NZD,28256.77,GST,Payment for services,Manual Entry
TXN002627,2026-08-22,2026-08-21,2026-08,AUS01,5320,CC4100,CORP,Workday,INV81615,,USD,12011.91,GST,Payment for subscription,Oracle
TXN002628,23-01-2026,16-01-2026,2026-01,AUS01,5120,CC3000,MKT,Zoom,INV38867,,AUD,39794.11,GST,Payment for consulting,Manual Entry
TXN002629,03/19/2026,03/14/2026,2026-08,AUS01,5120,CC4000,MKT,Workday,INV99080,,USD,40085.13,EXPORT,Payment for services,Manual Entry
TXN002630,2025-12-15,2025-12-13,2025-12,AUS01,5900,CC3100,ACT,LinkedIn Corp,INV33529,PO6457,GBP,33184.78,GST,Payment for goods,API Import
TXN002631,03/13/2026,03/10/2026,2026-08,AUS01,5410,CC3200,R&D,ServiceNow Inc,INV90581,PO2370,AUD,7761.38,GST,Payment for consulting,Workday
TXN002632,2026-08-07,2026-08-02,2026-08,AUS01,5700,CC1000,HR,Regus Australia,INV19733,,USD,3584.41,INPUT,Payment for subscription,SAP
TXN002633,03/15/2026,03/09/2026,2026-08,AUS01,5000,CC4000,VIC,Deloitte Touche,INV64114,PO8316,NZD,7455.37,INPUT,Payment for services,Oracle
TXN002634,26-03-2026,17-03-2026,2026-08,AUS01,5220,CC3100,CORP,Optus Pty,INV83286,PO4722,GBP,2323.05,GST,Payment for services,Manual Entry
TXN002635,01/13/2026,01/08/2026,2026-01,AUS01,5910,CC1000,QLD,BCG,INV21037,PO3677,USD,14554.69,GST,Payment for consulting,Oracle
TXN002636,15-03-2026,11-03-2026,2026-08,AUS01,5800,CC1200,FIN,Oracle,INV27096,,AUD,5389.44,GST-FREE,Payment for services,SAP
TXN002637,25/06/2025,23/06/2025,2025-08,AUS01,5910,CC2000,R&D,Deloitte Touche,INV60246,PO2195,AUD,19280.28,GST-FREE,Payment for license,API Import
TXN002638,01-03-2026,01/01/2026,2026-01,AUS01,5120,CC2100,IT,Microsoft,INV98396,PO5475,GBP,14234.43,GST,Payment for consulting,SAP
TXN002639,2026-08-24,2026-08-16,2026-08,AUS01,5010,CC3100,SA,PWC,INV84283,PO9359,NZD,42268.3,EXPORT,Payment for license,Manual Entry
TXN002640,2026-01-07,2026-01-04,2026-01,AUS01,5900,CC2100,CORP,MSFT,INV50357,PO9896,GBP,33248.6,GST,Payment for services,Oracle
TXN002641,2026-08-18,2026-08-08,2026-08,AUS01,5010,CC1100,QLD,GCP,INV63329,PO7588,NZD,36960.48,INPUT,Payment for consulting,Manual Entry
TXN002642,2025-12-14,2025-12-04,2025-12,AUS01,5920,CC3000,VIC,Slack,INV22639,PO3511,NZD,25445.8,GST,Payment for services,Manual Entry
TXN002643,11/14/2025,11/08/2025,2025-11,AUS01,5020,CC3200,WA,LinkedIn Corp,INV97225,,AUD,5889.24,GST-FREE,Payment for services,Workday
TXN002644,12/23/2025,12/19/2025,2025-12,AUS01,5300,CC3200,FIN,Robert Half International,INV52283,PO3437,USD,19875.21,GST-FREE,Payment for services,API Import
TXN002645,12/01/2026,03/01/2026,2026-01,AUS01,5220,CC4000,R&D,Seek Limited,INV32891,PO3808,USD,16298.16,EXPORT,Payment for license,API Import
TXN002646,07-03-2026,01-03-2026,2026-08,AUS01,5710,CC3200,HR,Amazon,INV13933,PO4976,USD,31531.25,INPUT,Payment for license,API Import
TXN002647,13-06-2025,09-06-2025,2025-08,AUS01,5710,CC4100,ACT,EY Australia,INV44939,,GBP,12949.56,INPUT,Payment for consulting,Oracle
TXN002648,19-03-2026,13-03-2026,2026-08,AUS01,5800,CC3100,WA,WeWork Australia,INV82492,PO7820,USD,31984.06,GST,Payment for consulting,Manual Entry
TXN002649,06-03-2026,29/01/2026,2026-08,AUS01,5210,CC3000,CORP,ServiceNow Inc,INV61174,PO1926,USD,38574.25,GST,Payment for services,Manual Entry
TXN002650,14/01/2026,10/01/2026,2026-01,AUS01,5220,CC1000,CORP,Atlassian Pty,INV22041,PO4215,NZD,31132.93,GST-FREE,Payment for subscription,Workday
TXN002651,06-12-2025,02-12-2025,2025-12,AUS01,5400,CC1200,QLD,AusPost,INV57767,PO5641,USD,39921.55,GST-FREE,Payment for subscription,Workday
TXN002652,03/12/2026,03/10/2026,2026-08,AUS01,5800,CC2100,TAS,Workday,INV21016,,NZD,39219.7,GST-FREE,Payment for consulting,Workday
TXN002653,03/09/2026,03/04/2026,2026-08,AUS01,5600,CC3000,ACT,Seek Limited,INV92808,PO5903,NZD,7584.86,GST,Payment for goods,Workday
TXN002654,13/01/2026,04/01/2026,2026-01,AUS01,5100,CC3000,TAS,Salesforce,INV63460,,USD,28119.42,GST,Payment for consulting,API Import
TXN002655,10/06/2025,09/29/2025,2025-10,AUS01,5300,CC1200,CORP,Robert Half International,INV36777,PO9655,GBP,7891.47,EXPORT,Payment for consulting,Workday
TXN002656,2026-01-25,2026-01-19,2026-01,AUS01,5210,CC1000,CORP,MSFT,INV44221,PO2233,GBP,14292.19,GST,Payment for license,Oracle
TXN002657,03/28/2026,03/20/2026,2026-08,AUS01,5600,CC1200,TAS,Accenture Pty,INV83099,,AUD,15348.24,EXPORT,Payment for subscription,Oracle
TXN002658,2026-08-03,2026-01-25,2026-08,AUS01,5020,CC1200,OPS,Deloitte Touche,INV72704,PO7290,GBP,44088.18,GST-FREE,Payment for goods,Workday
TXN002659,2026-01-07,2026-01-05,2026-01,AUS01,5220,CC3100,CORP,AWS,INV24972,PO7186,GBP,18990.25,EXPORT,Payment for license,Manual Entry
TXN002660,08-01-2026,03-01-2026,2026-01,AUS01,5610,CC1100,TAS,Zoom,INV88344,PO1605,AUD,23397.39,EXPORT,Payment for consulting,Workday
TXN002661,01-01-2026,30-12-2025,2026-01,AUS01,5920,CC2100,CORP,Optus Pty,INV23418,,AUD,15814.83,GST,Payment for goods,Workday
TXN002662,01/01/2026,28/12/2025,2026-01,AUS01,5020,CC3100,VIC,Microsoft,INV34542,PO8874,AUD,40948.86,GST,Payment for goods,API Import
TXN002663,26-07-2025,17-07-2025,2025-08,AUS01,5210,CC1200,IT,Atlassian Pty,INV20478,,USD,2797.5,EXPORT,Payment for license,API Import
TXN002664,10/01/2026,04/01/2026,2026-01,AUS01,5010,CC3200,VIC,DHL Express,INV76224,PO3685,GBP,27843.1,EXPORT,Payment for services,SAP
TXN002665,2026-01-21,2026-01-16,2026-01,AUS01,5020,CC2100,VIC,PWC,INV94100,PO9000,USD,11656.73,GST,Payment for goods,Oracle
TXN002666,23-03-2026,21-03-2026,2026-08,AUS01,5710,CC3000,HR,Regus Australia,INV88508,PO5477,USD,23394.97,INPUT,Payment for consulting,Workday
TXN002667,22-06-2025,15-06-2025,2025-08,AUS01,5200,CC3200,IT,Robert Half International,INV54566,PO8829,USD,26727.2,GST,Payment for license,Manual Entry
TXN002668,22/03/2025,15/03/2025,2025-08,AUS01,5420,CC3100,NSW,Amazon,INV15290,PO4578,GBP,14103.55,GST,Payment for license,Workday
TXN002669,2026-01-24,2026-01-18,2026-01,AUS01,5000,CC2100,HR,ServiceNow Inc,INV66839,PO3185,AUD,43888.31,INPUT,Payment for license,Workday
TXN002670,25-03-2026,15-03-2026,2026-08,AUS01,5620,CC3100,NT,Telstra Corp,INV37718,PO8667,AUD,38471.3,EXPORT,Payment for consulting,SAP
TXN002671,03/16/2026,03/14/2026,2026-08,AUS01,5900,CC1200,ACT,Google,INV26977,PO3240,AUD,4078.26,INPUT,Payment for consulting,Workday
TXN002672,03/27/2026,03/25/2026,2026-08,AUS01,5510,CC1000,MKT,Slack,INV17980,PO4836,NZD,15600.94,INPUT,Payment for subscription,Manual Entry
TXN002673,12-03-2026,06-03-2026,2026-08,AUS01,5120,CC2100,NSW,Accenture Pty,INV14989,PO7837,GBP,34802.42,INPUT,Payment for subscription,Workday
TXN002674,15/09/2025,08/09/2025,2025-09,AUS01,5920,CC2100,IT,WeWork Australia,INV32352,PO5758,USD,14928.58,GST-FREE,Payment for consulting,Manual Entry
TXN002675,2026-08-26,2026-08-24,2026-08,AUS01,5700,CC3200,HR,McKinsey,INV87199,PO3869,USD,38359.3,EXPORT,Payment for license,Workday
TXN002676,19-04-2025,13-04-2025,2025-08,AUS01,5120,CC2000,HR,DHL Express,INV28639,,GBP,11540.31,GST,Payment for goods,API Import
TXN002677,08/11/2025,08/10/2025,2025-08,AUS01,5420,CC1000,TAS,MSFT,INV84756,PO3111,NZD,34206.41,INPUT,Payment for subscription,Oracle
TXN002678,04/14/2025,04/06/2025,2025-08,AUS01,5310,CC2000,OPS,BCG,INV98567,PO8898,AUD,31851.75,GST-FREE,Payment for consulting,Oracle
TXN002679,11/01/2026,01/01/2026,2026-01,AUS01,5300,CC3100,FIN,Salesforce,INV31964,,NZD,5974.76,EXPORT,Payment for services,API Import
TXN002680,12/01/2026,11/01/2026,2026-01,AUS01,5400,CC2000,QLD,Workday,INV19037,PO9162,NZD,39842.96,GST,Payment for license,Manual Entry
TXN002681,07-01-2026,04-01-2026,2026-01,AUS01,5510,CC1200,MKT,Federal Express,INV96377,,NZD,44847.34,GST-FREE,Payment for license,SAP
TXN002682,2026-08-10,2026-01-31,2026-08,AUS01,5020,CC3200,,Google,INV36520,PO4791,GBP,2267.31,GST-FREE,Payment for services,API Import
TXN002683,01/27/2026,01/22/2026,2026-01,AUS01,5300,CC1100,CORP,EY Australia,INV17106,PO1260,USD,18941.8,EXPORT,Payment for license,Oracle
TXN002684,03-03-2026,26/01/2026,2026-08,AUS01,5520,CC4000,MKT,MSFT,INV14117,PO7807,USD,30818.49,GST,Payment for consulting,Manual Entry
TXN002685,16-12-2025,08-12-2025,2025-12,AUS01,5420,CC2000,OPS,AusPost,INV59476,PO6711,NZD,34459.49,EXPORT,Payment for subscription,Workday
TXN002686,2025-08-20,2025-08-16,2025-08,AUS01,5220,CC4000,IT,Atlassian Pty,INV36482,PO2819,NZD,36285.93,INPUT,Payment for services,SAP
TXN002687,05-03-2026,26-01-2026,2026-08,AUS01,5200,CC4100,IT,McKinsey,INV80432,PO3216,NZD,9323.52,GST,Payment for goods,Oracle
TXN002688,2026-08-07,2026-08-03,2026-08,AUS01,5320,CC1100,CORP,EY Australia,INV70884,,NZD,15202.62,GST,Payment for consulting,Workday
TXN002689,01-03-2026,29-01-2026,2026-08,AUS01,5900,CC3100,FIN,AWS,INV51920,PO3020,GBP,19856.74,GST,Payment for subscription,Workday
TXN002690,27-01-2026,20-01-2026,2026-01,AUS01,5120,CC1100,QLD,AusPost,INV43420,PO8424,NZD,25355.67,GST-FREE,Payment for license,Manual Entry
TXN002691,2026-01-08,2026-01-05,2026-01,AUS01,5600,CC2100,CORP,MSFT,INV32134,PO1550,GBP,25548.67,EXPORT,Payment for goods,Oracle
TXN002692,03/24/2026,03/15/2026,2026-08,AUS01,5610,CC2000,NSW,LinkedIn Corp,INV59052,PO9798,GBP,34601.63,GST-FREE,Payment for subscription,API Import
TXN002693,2026-01-25,2026-01-15,2026-01,AUS01,5700,CC4100,HR,EY Australia,INV98958,PO2101,NZD,42831.26,EXPORT,Payment for license,Workday
TXN002694,11-04-2025,06-04-2025,2025-08,AUS01,5300,CC3100,CORP,Deloitte Touche,INV13954,,NZD,6582.65,GST,Payment for subscription,Oracle
TXN002695,10/10/2025,01/10/2025,2025-10,AUS01,5400,CC3200,WA,Regus Australia,INV19060,PO8699,NZD,11578.5,GST,Payment for consulting,API Import
TXN002696,01/22/2026,01/21/2026,2026-01,AUS01,5100,CC2100,SA,Federal Express,INV65511,PO6631,GBP,42255.98,GST-FREE,Payment for services,Oracle
TXN002697,2025-01-17,2025-01-16,2025-01,AUS01,5900,CC2100,OPS,Salesforce,INV93262,PO5421,GBP,21811.75,GST,Payment for consulting,SAP
TXN002698,22/01/2026,20/01/2026,2026-01,AUS01,5410,CC1100,CORP,ServiceNow Inc,INV86992,PO2438,NZD,664.7,EXPORT,Payment for consulting,Workday
TXN002699,12-01-2026,06-01-2026,2026-01,AUS01,5910,CC1200,NSW,Hays,INV75907,PO4296,NZD,13057.3,GST-FREE,Payment for goods,API Import
TXN002700,25-06-2025,17-06-2025,2025-08,AUS01,5700,CC4000,,BCG,INV65430,PO7410,AUD,43180.29,GST,Payment for license,API Import
TXN002701,01/03/2026,12/28/2025,2026-01,AUS01,5800,CC3200,VIC,Atlassian Pty,INV98780,PO7903,NZD,16479.77,EXPORT,Payment for consulting,API Import
TXN002702,01/19/2026,01/18/2026,2026-01,AUS01,5600,CC2000,IT,AusPost,INV93784,,USD,17521.63,EXPORT,Payment for license,Workday
TXN002703,2025-08-11,2025-08-04,2025-08,AUS01,5100,CC1100,SA,ServiceNow Inc,INV34625,,USD,26456.86,EXPORT,Payment for subscription,Workday
TXN002704,03-03-2026,28/01/2026,2026-08,AUS01,5400,CC4100,SA,DHL Express,INV29047,PO8039,AUD,26746.3,GST,Payment for license,Manual Entry
TXN002705,03/28/2025,03/19/2025,2025-08,AUS01,5910,CC3100,FIN,Hays,INV35978,,NZD,23699.19,EXPORT,Payment for consulting,Oracle
TXN002706,01-03-2026,12/30/2025,2026-01,AUS01,5500,CC1000,MKT,Deloitte Touche,INV33649,PO2287,USD,17551.78,GST-FREE,Payment for consulting,Workday
TXN002707,05/01/2026,04/01/2026,2026-01,AUS01,5100,CC1200,TAS,Seek Limited,INV24496,PO4339,NZD,18300.96,GST,Payment for services,API Import
TXN002708,03-03-2026,30-01-2026,2026-08,AUS01,5420,CC1000,R&D,Regus Australia,INV10580,PO3456,NZD,10257.38,EXPORT,Payment for goods,Oracle
TXN002709,01-05-2025,27-04-2025,2025-08,AUS01,5320,CC3100,ACT,Seek Limited,INV74268,PO7415,USD,28888.68,INPUT,Payment for license,Workday
TXN002710,09/06/2025,09/04/2025,2025-09,AUS01,5000,CC2100,VIC,AWS,INV71443,,AUD,9847.25,GST-FREE,Payment for goods,Oracle
TXN002711,10-03-2026,02-03-2026,2026-08,AUS01,5300,CC3100,FIN,Workday,INV54766,PO2324,NZD,5816.88,GST-FREE,Payment for services,API Import
TXN002712,17-03-2026,16-03-2026,2026-08,AUS01,5210,CC4000,CORP,AWS,INV76266,PO7767,GBP,38576.95,INPUT,Payment for goods,SAP
TXN002713,03/18/2025,03/14/2025,2025-08,AUS01,5620,CC1100,CORP,GCP,INV75865,PO8645,AUD,29548.17,GST-FREE,Payment for consulting,API Import
TXN002714,01-03-2026,25/01/2026,2026-08,AUS01,5410,CC3100,NSW,DHL Express,INV72935,,USD,17713.5,INPUT,Payment for services,Oracle
TXN002715,06-09-2025,31-08-2025,2025-09,AUS01,5600,CC4000,QLD,PWC,INV99636,PO1806,NZD,556.67,GST-FREE,Payment for goods,API Import
TXN002716,2025-10-09,2025-10-05,2025-10,AUS01,5500,CC3000,MKT,Workday,INV97332,PO4291,NZD,28519.09,GST-FREE,Payment for goods,Workday
TXN002717,03/24/2026,03/21/2026,2026-08,AUS01,5920,CC3200,IT,BCG,INV86290,PO1777,GBP,20378.09,GST,Payment for goods,SAP
TXN002718,12-01-2026,03-01-2026,2026-01,AUS01,5420,CC4000,WA,MSFT,INV62168,PO5653,GBP,35556.92,GST-FREE,Payment for license,Workday
TXN002719,2025-08-26,2025-08-17,2025-08,AUS01,5320,CC1200,CORP,Robert Half International,INV10521,PO2209,USD,22894.76,GST-FREE,Payment for subscription,SAP
TXN002720,09-01-2026,01-01-2026,2026-01,AUS01,5500,CC3100,MKT,PWC,INV63504,PO8216,AUD,11149.53,GST,Payment for consulting,Workday
TXN002721,05-03-2026,02-03-2026,2026-08,AUS01,5710,CC3100,HR,GCP,INV27175,PO5317,NZD,29579.05,GST,Payment for license,Workday
TXN002722,03/07/2026,03/01/2026,2026-08,AUS01,5420,CC3200,HR,AusPost,INV81084,PO8158,GBP,3549.41,GST-FREE,Payment for subscription,Workday
TXN002723,2026-08-01,2026-01-22,2026-08,AUS01,5920,CC1100,OPS,Regus Australia,INV77576,,NZD,32439.81,EXPORT,Payment for goods,API Import
TXN002724,03/23/2026,03/13/2026,2026-08,AUS01,5810,CC2000,VIC,Federal Express,INV21398,,AUD,41573.34,INPUT,Payment for consulting,SAP
TXN002725,14-03-2026,12-03-2026,2026-08,AUS01,5520,CC3000,MKT,ServiceNow Inc,INV80111,,GBP,1641.76,EXPORT,Payment for consulting,Oracle
TXN002726,01-03-2026,31/01/2026,2026-08,AUS01,5920,CC2000,WA,Workday,INV11495,PO7994,AUD,42463.28,GST-FREE,Payment for consulting,Manual Entry
TXN002727,14/01/2026,08/01/2026,2026-01,AUS01,5120,CC1000,HR,SAP,INV75966,,GBP,10137.18,INPUT,Payment for consulting,Workday
TXN002728,14-01-2026,13-01-2026,2026-01,AUS01,5420,CC1100,NSW,AWS,INV74275,PO4175,NZD,18312.87,INPUT,Payment for license,Manual Entry
TXN002729,16-03-2025,15-03-2025,2025-08,AUS01,5310,CC2100,CORP,DHL Express,INV19947,PO1092,GBP,9135.08,GST-FREE,Payment for license,Workday
TXN002730,09-01-2025,31-12-2024,2025-01,AUS01,5620,CC4000,QLD,Hays,INV56371,PO9234,USD,32368.81,GST,Payment for consulting,API Import
TXN002731,2025-12-04,2025-12-01,2025-12,AUS01,5310,CC2000,FIN,GCP,INV65367,PO7874,USD,43545.79,GST-FREE,Payment for goods,Workday
TXN002732,09-01-2026,31-12-2025,2026-01,AUS01,5010,CC1000,SA,McKinsey,INV48519,PO6168,AUD,13832.89,GST,Payment for license,Manual Entry
TXN002733,2025-10-25,2025-10-24,2025-10,AUS01,5000,CC1100,ACT,MSFT,INV43768,PO4797,AUD,20338.44,INPUT,Payment for subscription,Manual Entry
TXN002734,10/01/2026,03/01/2026,2026-01,AUS01,5810,CC4100,QLD,ServiceNow Inc,INV23714,,AUD,24995.8,INPUT,Payment for license,API Import
TXN002735,11-03-2026,03-03-2026,2026-08,AUS01,5020,CC4000,WA,ServiceNow Inc,INV55895,,USD,5003.55,GST,Payment for license,Workday
TXN002736,21-03-2026,15-03-2026,2026-08,AUS01,5620,CC1100,FIN,GCP,INV35731,PO5918,AUD,43494.73,GST,Payment for services,API Import
TXN002737,10/05/2025,30/04/2025,2025-08,AUS01,5300,CC1100,OPS,Oracle,INV99553,,NZD,25455.79,GST,Payment for goods,Oracle
TXN002738,18-03-2025,11-03-2025,2025-08,AUS01,5420,CC3100,R&D,Telstra Corp,INV31668,PO9578,AUD,44719.13,EXPORT,Payment for license,Workday
TXN002739,2026-08-27,2026-08-23,2026-08,AUS01,5810,CC2100,VIC,Amazon,INV82104,,USD,25431.46,EXPORT,Payment for consulting,Workday
TXN002740,10-03-2026,09-03-2026,2026-08,AUS01,5510,CC1100,MKT,Robert Half International,INV84511,PO8335,USD,18395.27,GST-FREE,Payment for services,Oracle
TXN002741,13-03-2026,09-03-2026,2026-08,AUS01,5510,CC1200,MKT,AWS,INV83300,,GBP,5596.14,INPUT,Payment for subscription,SAP
TXN002742,08-03-2026,06-03-2026,2026-08,AUS01,5020,CC3200,WA,Robert Half International,INV68861,PO8410,GBP,2635.97,EXPORT,Payment for consulting,SAP
TXN002743,19-03-2026,10-03-2026,2026-08,AUS01,5520,CC4100,MKT,Slack,INV30458,PO8273,AUD,39368.28,GST,Payment for subscription,Manual Entry
TXN002744,2026-08-09,2026-08-03,2026-08,AUS01,5510,CC4100,MKT,Oracle,INV37422,PO7194,USD,30612.94,GST,Payment for consulting,Manual Entry
TXN002745,17-04-2025,15-04-2025,2025-08,AUS01,5610,CC1200,OPS,PWC,INV59545,PO8624,GBP,29841.32,GST-FREE,Payment for services,Oracle
TXN002746,01/13/2026,01/03/2026,2026-01,AUS01,5910,CC3100,OPS,Seek Limited,INV50524,PO8415,NZD,31440.81,GST,Payment for subscription,Oracle
TXN002747,12-01-2026,07-01-2026,2026-01,AUS01,5900,CC2100,HR,Zoom,INV95812,PO1795,NZD,6363.37,EXPORT,Payment for services,API Import
TXN002748,2026-01-12,2026-01-10,2026-01,AUS01,5910,CC1100,QLD,McKinsey,INV40437,PO6641,GBP,21486.91,GST-FREE,Payment for services,Workday
TXN002749,15-04-2025,10-04-2025,2025-08,AUS01,5800,CC3100,TAS,Hays,INV96641,PO9717,AUD,29240.52,GST,Payment for services,API Import
TXN002750,18-03-2026,09-03-2026,2026-08,AUS01,5800,CC2000,FIN,Salesforce,INV17934,,USD,11737.04,INPUT,Payment for consulting,Workday
TXN002751,17-01-2026,16-01-2026,2026-01,AUS01,5210,CC2100,IT,WeWork Australia,INV37075,PO3469,GBP,9203.5,GST-FREE,Payment for goods,Workday
TXN002752,01/20/2026,01/17/2026,2026-01,AUS01,5220,CC3000,IT,Optus Pty,INV54203,PO9691,AUD,15321.18,INPUT,Payment for goods,Manual Entry
TXN002753,2026-01-07,2026-01-03,2026-01,AUS01,5900,CC1200,MKT,PWC,INV24431,PO7384,USD,20933.03,EXPORT,Payment for goods,API Import
TXN002754,21-08-2025,11-08-2025,2025-08,AUS01,5420,CC2100,R&D,Seek Limited,INV38259,PO1402,GBP,32577.92,GST-FREE,Payment for goods,API Import
TXN002755,03/12/2026,03/04/2026,2026-08,AUS01,5520,CC3200,MKT,Oracle,INV26102,PO3539,GBP,23744.76,GST-FREE,Payment for goods,API Import
TXN002756,2026-08-09,2026-08-06,2026-08,AUS01,5710,CC2000,HR,Slack,INV34304,PO5107,AUD,39030.11,EXPORT,Payment for services,API Import
TXN002757,01/12/2026,01/06/2026,2026-01,AUS01,5320,CC2100,OPS,Salesforce,INV21211,,USD,14391.56,GST-FREE,Payment for services,SAP
TXN002758,03/08/2026,03/01/2026,2026-08,AUS01,5210,CC1000,NT,SAP,INV72238,,USD,22778.38,EXPORT,Payment for subscription,API Import
TXN002759,11/01/2025,10/24/2025,2025-11,AUS01,5600,CC4000,FIN,Federal Express,INV76026,PO8154,NZD,19991.99,EXPORT,Payment for goods,SAP
TXN002760,08/01/2026,01/01/2026,2026-01,AUS01,5010,CC4000,SA,AusPost,INV80286,PO5786,USD,38284.49,EXPORT,Payment for goods,Workday
TXN002761,15-11-2025,14-11-2025,2025-11,AUS01,5700,CC4000,HR,Oracle,INV57382,PO3901,USD,1010.78,GST-FREE,Payment for license,API Import
TXN002762,03/26/2025,03/19/2025,2025-08,AUS01,5420,CC2000,OPS,DHL Express,INV41992,,USD,3603.73,GST-FREE,Payment for license,Workday
TXN002763,2025-08-13,2025-08-11,2025-08,AUS01,5500,CC1200,MKT,DHL Express,INV40882,PO7639,USD,23185.31,GST,Payment for subscription,API Import
TXN002764,01-03-2025,12/25/2024,2025-01,AUS01,5300,CC4100,WA,Google,INV43308,PO4646,AUD,19546.51,GST-FREE,Payment for services,Oracle
TXN002765,2025-08-04,2025-08-02,2025-08,AUS01,5400,CC3100,R&D,Accenture Pty,INV78702,,GBP,19475.82,GST-FREE,Payment for subscription,Workday
TXN002766,03/03/2026,02-03-2026,2026-08,AUS01,5520,CC3000,CORP,LinkedIn Corp,INV19955,PO2705,GBP,6936.63,INPUT,Payment for services,API Import
TXN002767,10-08-2025,08-08-2025,2025-08,AUS01,5010,CC3100,HR,AusPost,INV33941,PO1100,AUD,33315.81,GST,Payment for subscription,Manual Entry
TXN002768,2026-08-19,2026-08-17,2026-08,AUS01,5420,CC2100,IT,BCG,INV59772,PO3197,USD,23048.95,GST,Payment for subscription,Workday
TXN002769,2026-08-03,2026-01-27,2026-08,AUS01,5400,CC3200,R&D,KPMG Australia,INV29333,PO8054,NZD,44405.13,GST-FREE,Payment for subscription,SAP
TXN002770,28/10/2025,23/10/2025,2025-10,AUS01,5110,CC2000,WA,SAP,INV11833,PO2108,NZD,12046.85,INPUT,Payment for services,Manual Entry
TXN002771,25/03/2025,15/03/2025,2025-08,AUS01,5510,CC3000,MKT,Amazon,INV55358,PO1498,USD,11050.34,GST,Payment for consulting,Manual Entry
TXN002772,2025-09-15,2025-09-10,2025-09,AUS01,5520,CC3000,MKT,ServiceNow Inc,INV75485,PO5173,USD,29601.91,GST,Payment for consulting,API Import
TXN002773,10/25/2025,10/19/2025,2025-10,AUS01,5220,CC1100,CORP,Adobe,INV30527,,USD,13242.54,GST-FREE,Payment for goods,API Import
TXN002774,2026-01-22,2026-01-16,2026-01,AUS01,5900,CC1200,OPS,MSFT,INV61442,PO2969,NZD,6327.26,EXPORT,Payment for goods,Manual Entry
TXN002775,20-06-2025,17-06-2025,2025-08,AUS01,5310,CC1000,OPS,McKinsey,INV27808,,AUD,21527.47,GST-FREE,Payment for license,SAP
TXN002776,03/08/2026,03/04/2026,2026-08,AUS01,5010,CC2000,WA,Adobe,INV73746,,NZD,2157.65,GST-FREE,Payment for consulting,Oracle
TXN002777,26/01/2026,17/01/2026,2026-01,AUS01,5210,CC4000,NSW,KPMG Australia,INV73154,PO6812,NZD,2222.55,GST-FREE,Payment for subscription,Oracle
TXN002778,03/20/2025,03/17/2025,2025-08,AUS01,5910,CC4000,WA,WeWork Australia,INV78516,PO5172,AUD,8679.37,GST,Payment for services,Workday
TXN002779,18-01-2026,14-01-2026,2026-01,AUS01,5910,CC1200,VIC,Microsoft,INV17500,PO5462,NZD,36565.01,INPUT,Payment for license,Manual Entry
TXN002780,2026-01-22,2026-01-16,2026-01,AUS01,5600,CC1000,IT,McKinsey,INV71161,PO2716,AUD,25113.51,GST-FREE,Payment for services,API Import
TXN002781,02-01-2026,28-12-2025,2026-01,AUS01,5300,CC2100,CORP,Seek Limited,INV71822,,USD,25603.2,GST,Payment for subscription,SAP
TXN002782,01/01/2026,27/12/2025,2026-01,AUS01,5320,CC3100,R&D,Robert Half International,INV53195,PO8975,NZD,41199.52,EXPORT,Payment for goods,Manual Entry
TXN002783,01/10/2026,12/31/2025,2026-01,AUS01,5400,CC3100,NSW,Federal Express,INV61610,PO1951,AUD,19967.5,GST-FREE,Payment for subscription,Manual Entry
TXN002784,2026-01-09,2026-01-06,2026-01,AUS01,5000,CC4000,NSW,GCP,INV75676,PO6825,AUD,8763.93,GST-FREE,Payment for goods,API Import
TXN002785,03/22/2026,03/21/2026,2026-08,AUS01,5300,CC2000,FIN,Accenture Pty,INV27921,PO6383,NZD,5351.81,GST,Payment for consulting,Manual Entry
TXN002786,12-03-2026,05-03-2026,2026-08,AUS01,5410,CC4000,MKT,KPMG Australia,INV66014,,AUD,9844.58,GST,Payment for consulting,API Import
TXN002787,03-05-2025,27-04-2025,2025-08,AUS01,5110,CC2100,ACT,Salesforce,INV60524,PO3567,USD,15289.81,EXPORT,Payment for license,API Import
TXN002788,08/01/2026,08/01/2026,2026-01,AUS01,5200,CC4100,IT,WeWork Australia,INV62052,,USD,27013.76,GST-FREE,Payment for license,Workday
TXN002789,08/03/2025,25-03-2025,2025-08,AUS01,5900,CC4000,FIN,LinkedIn Corp,INV22188,,USD,13133.56,GST,Payment for license,API Import
TXN002790,11/16/2025,11/08/2025,2025-11,AUS01,5310,CC2100,OPS,Hays,INV70714,,USD,30271.1,EXPORT,Payment for license,API Import
TXN002791,02-03-2026,25-01-2026,2026-08,AUS01,5520,CC1100,MKT,EY Australia,INV54091,PO8384,NZD,37047.34,EXPORT,Payment for goods,API Import
TXN002792,2026-01-13,2026-01-12,2026-01,AUS01,5700,CC2000,HR,Deloitte Touche,INV62620,PO2582,AUD,15506.23,GST-FREE,Payment for services,API Import
TXN002793,2026-08-31,2026-08-23,2026-08,AUS01,5900,CC1100,HR,Hays,INV38125,,NZD,19376.23,INPUT,Payment for goods,SAP
TXN002794,22-03-2026,14-03-2026,2026-08,AUS01,5900,CC1100,WA,Telstra Corp,INV33729,,AUD,17485.53,EXPORT,Payment for goods,Workday
TXN002795,2025-10-25,2025-10-23,2025-10,AUS01,5010,CC2100,SA,BCG,INV68884,PO2808,GBP,44853.11,EXPORT,Payment for goods,Manual Entry
TXN002796,11-03-2026,08-03-2026,2026-08,AUS01,5520,CC1100,MKT,Zoom,INV83690,PO9749,AUD,7564.46,EXPORT,Payment for license,Workday
TXN002797,21-03-2026,16-03-2026,2026-08,AUS01,5600,CC4100,IT,Salesforce,INV23096,PO6696,GBP,1259.9,INPUT,Payment for license,Workday
TXN002798,12/01/2026,04/01/2026,2026-01,AUS01,5710,CC2000,HR,MSFT,INV36634,,NZD,9731.25,EXPORT,Payment for subscription,Workday
TXN002799,19-03-2026,11-03-2026,2026-08,AUS01,5000,CC3200,SA,Atlassian Pty,INV43458,PO2564,GBP,33836.78,INPUT,Payment for subscription,Workday
TXN002800,2025-08-01,2025-08-30,2025-08,AUS01,5800,CC2100,MKT,Microsoft,INV29529,,GBP,16694.66,GST,Payment for services,SAP
TXN002801,24-03-2026,19-03-2026,2026-08,AUS01,5810,CC1000,QLD,Optus Pty,INV78688,PO3891,GBP,7234.92,EXPORT,Payment for license,API Import
TXN002802,03/22/2026,03/17/2026,2026-08,AUS01,5110,CC3200,HR,Workday,INV85461,PO3444,NZD,11712.18,EXPORT,Payment for subscription,SAP
TXN002803,26-03-2026,22-03-2026,2026-08,AUS01,5900,CC3100,FIN,AusPost,INV58001,PO8560,NZD,44631.27,EXPORT,Payment for license,Oracle
TXN002804,22-03-2026,20-03-2026,2026-08,AUS01,5010,CC3000,HR,SAP,INV66382,PO9119,USD,16021.82,GST,Payment for consulting,SAP
TXN002805,03/18/2026,03/14/2026,2026-08,AUS01,5710,CC3100,HR,AWS,INV12624,,AUD,21448.33,GST-FREE,Payment for goods,Workday
TXN002806,2026-01-13,2026-01-12,2026-01,AUS01,5300,CC1100,IT,SAP,INV74776,PO3419,AUD,18464.49,EXPORT,Payment for consulting,SAP
TXN002807,2026-08-15,2026-08-12,2026-08,AUS01,5420,CC4100,OPS,LinkedIn Corp,INV52702,,AUD,19814.63,GST-FREE,Payment for subscription,Oracle
TXN002808,23-05-2025,20-05-2025,2025-08,AUS01,5600,CC4100,IT,Amazon,INV73842,PO7671,NZD,9558.6,GST,Payment for consulting,Manual Entry
TXN002809,05/04/2025,28/03/2025,2025-08,AUS01,5010,CC1200,HR,WeWork Australia,INV61939,PO4803,NZD,11171.2,GST,Payment for license,SAP
TXN002810,01/11/2026,01/04/2026,2026-01,AUS01,5220,CC3200,IT,Slack,INV60325,PO9394,NZD,18892.52,INPUT,Payment for goods,SAP
TXN002811,22-03-2026,15-03-2026,2026-08,AUS01,5610,CC1000,HR,DHL Express,INV14301,PO4027,AUD,14480.23,INPUT,Payment for consulting,SAP
TXN002812,03/08/2025,03/07/2025,2025-08,AUS01,5710,CC4100,SA,Seek Limited,INV30280,PO1908,USD,4302.49,GST-FREE,Payment for consulting,Manual Entry
TXN002813,15-01-2026,08-01-2026,2026-01,AUS01,5310,CC2100,WA,AWS,INV46400,,NZD,10620.6,GST-FREE,Payment for services,Manual Entry
TXN002814,11/19/2025,11/15/2025,2025-11,AUS01,5310,CC2000,NSW,Adobe,INV82109,PO6991,GBP,41115.6,EXPORT,Payment for license,SAP
TXN002815,2026-08-08,2026-08-02,2026-08,AUS01,5420,CC2000,ACT,Oracle,INV83127,PO7305,AUD,10138.65,EXPORT,Payment for subscription,Workday
TXN002816,03/11/2026,03/08/2026,2026-08,AUS01,5410,CC1100,MKT,McKinsey,INV55584,PO9154,AUD,1454.74,GST,Payment for services,Workday
TXN002817,03/06/2026,03/05/2026,2026-08,AUS01,5520,CC3100,MKT,Hays,INV35028,PO9948,NZD,13089.29,GST-FREE,Payment for license,Manual Entry
TXN002818,21-03-2026,15-03-2026,2026-08,AUS01,5520,CC3100,MKT,Zoom,INV13270,,GBP,11168.26,EXPORT,Payment for goods,Workday
TXN002819,01/22/2026,01/20/2026,2026-01,AUS01,5320,CC1100,OPS,Seek Limited,INV19903,PO4289,GBP,31295.95,INPUT,Payment for consulting,API Import
TXN002820,03/09/2026,03/05/2026,2026-08,AUS01,5020,CC1200,WA,LinkedIn Corp,INV53808,PO1325,USD,12093.61,INPUT,Payment for services,API Import
TXN002821,16-03-2026,13-03-2026,2026-08,AUS01,5100,CC2000,IT,PWC,INV46337,PO2260,GBP,34371.91,EXPORT,Payment for subscription,Oracle
TXN002822,23-03-2026,17-03-2026,2026-08,AUS01,5210,CC1200,IT,Zoom,INV68936,,USD,38123.69,INPUT,Payment for license,SAP
TXN002823,2025-10-01,2025-09-26,2025-10,AUS01,5510,CC1100,MKT,Adobe,INV15709,PO5113,GBP,3346.35,INPUT,Payment for goods,Manual Entry
TXN002824,01/25/2026,01/16/2026,2026-01,AUS01,5700,CC1100,HR,Slack,INV88836,,GBP,23238.16,EXPORT,Payment for services,API Import
TXN002825,2025-11-28,2025-11-22,2025-11,AUS01,5510,CC4000,MKT,AWS,INV81631,,NZD,38389.09,GST,Payment for services,Oracle
TXN002826,03/07/2026,03/06/2026,2026-08,AUS01,5310,CC1000,CORP,Atlassian Pty,INV54731,PO9490,AUD,15325.73,GST-FREE,Payment for consulting,API Import
TXN002827,2026-01-19,2026-01-16,2026-01,AUS01,5100,CC2000,OPS,Salesforce,INV84500,PO1361,AUD,18550.85,EXPORT,Payment for goods,SAP
TXN002828,01/06/2026,12/30/2025,2026-01,AUS01,5420,CC3100,WA,Deloitte Touche,INV99839,PO6680,USD,22806.83,GST-FREE,Payment for license,API Import
TXN002829,28-03-2026,21-03-2026,2026-08,AUS01,5810,CC1200,OPS,MSFT,INV91512,PO5316,GBP,36839.26,INPUT,Payment for license,Workday
TXN002830,2026-01-20,2026-01-17,2026-01,AUS01,5400,CC1000,IT,Zoom,INV44041,PO7052,AUD,11086.65,GST,Payment for consulting,Workday
TXN002831,2026-08-16,2026-08-09,2026-08,AUS01,5400,CC3000,FIN,Hays,INV85327,PO1939,AUD,9577.57,INPUT,Payment for subscription,Oracle
TXN002832,17-01-2026,12-01-2026,2026-01,AUS01,5620,CC1100,NSW,DHL Express,INV28896,PO6291,NZD,15891.76,EXPORT,Payment for goods,Oracle
TXN002833,25-03-2026,21-03-2026,2026-08,AUS01,5000,CC3200,HR,Zoom,INV60534,,NZD,40211.22,EXPORT,Payment for goods,Manual Entry
TXN002834,04-03-2026,25/01/2026,2026-08,AUS01,5320,CC3000,R&D,Hays,INV25541,PO1218,NZD,14494.71,EXPORT,Payment for subscription,API Import
TXN002835,08/01/2026,03/01/2026,2026-01,AUS01,5010,CC4000,QLD,ServiceNow Inc,INV28449,PO8763,NZD,12281.16,INPUT,Payment for license,API Import
TXN002836,2026-08-12,2026-08-02,2026-08,AUS01,5120,CC1000,TAS,Telstra Corp,INV33301,PO7795,GBP,16842.75,GST-FREE,Payment for goods,Manual Entry
TXN002837,14/01/2026,11/01/2026,2026-01,AUS01,5210,CC3100,CORP,Accenture Pty,INV54624,,AUD,36298.4,EXPORT,Payment for subscription,SAP
TXN002838,18/01/2026,08/01/2026,2026-01,AUS01,5800,CC4100,IT,WeWork Australia,INV83534,PO1536,NZD,28601.65,EXPORT,Payment for goods,Oracle
TXN002839,2026-01-17,2026-01-15,2026-01,AUS01,5920,CC3200,SA,Hays,INV65115,,AUD,30539.68,GST,Payment for subscription,Workday
TXN002840,2026-08-31,2026-08-25,2026-08,AUS01,5800,CC3100,VIC,KPMG Australia,INV97417,,NZD,20521.93,INPUT,Payment for services,Workday
TXN002841,23/11/2025,13/11/2025,2025-11,AUS01,5020,CC1000,HR,Workday,INV79283,PO7995,USD,42745.15,GST,Payment for consulting,API Import
TXN002842,2026-08-21,2026-08-14,2026-08,AUS01,5410,CC3200,FIN,Deloitte Touche,INV16781,PO2598,GBP,21744.96,GST-FREE,Payment for services,SAP
TXN002843,2026-08-10,2026-08-01,2026-08,AUS01,5210,CC4000,CORP,Deloitte Touche,INV61679,,USD,33401.4,GST-FREE,Payment for services,API Import
TXN002844,15-12-2025,07-12-2025,2025-12,AUS01,5900,CC4100,WA,WeWork Australia,INV28673,,USD,8558.68,INPUT,Payment for goods,API Import
TXN002845,08/11/2025,05/11/2025,2025-11,AUS01,5220,CC1200,CORP,Regus Australia,INV69767,PO6932,GBP,21512.5,GST-FREE,Payment for consulting,Workday
TXN002846,03/11/2025,31/10/2025,2025-11,AUS01,5700,CC4000,HR,WeWork Australia,INV78987,PO1570,USD,4286.23,INPUT,Payment for goods,Manual Entry
TXN002847,08/01/2026,28/12/2025,2026-01,AUS01,5910,CC3100,ACT,Hays,INV97445,,NZD,8017.94,GST,Payment for subscription,API Import
TXN002848,25/01/2026,19/01/2026,2026-01,AUS01,5700,CC4000,HR,EY Australia,INV60242,PO5004,GBP,33901.46,GST,Payment for license,Oracle
TXN002849,03/17/2026,03/13/2026,2026-08,AUS01,5110,CC1000,IT,Zoom,INV65009,PO8769,NZD,14040.85,GST,Payment for license,Workday
TXN002850,14-01-2026,06-01-2026,2026-01,AUS01,5510,CC1100,MKT,Telstra Corp,INV39468,PO6334,USD,32319.31,GST,Payment for license,Workday
TXN002851,01/25/2026,01/15/2026,2026-01,AUS01,5110,CC1100,OPS,Atlassian Pty,INV40101,PO6442,NZD,33699.68,GST-FREE,Payment for services,SAP
TXN002852,12/20/2025,12/12/2025,2025-12,AUS01,5200,CC3200,CORP,Hays,INV76215,PO7210,GBP,6280.01,GST-FREE,Payment for subscription,Workday
TXN002853,25-10-2025,17-10-2025,2025-10,AUS01,5600,CC1100,R&D,Seek Limited,INV12664,,USD,36473.08,GST-FREE,Payment for services,SAP
TXN002854,2026-08-26,2026-08-24,2026-08,AUS01,5800,CC2100,SA,Oracle,INV61788,,GBP,30084.44,GST,Payment for services,Workday
TXN002855,03/16/2026,03/06/2026,2026-08,AUS01,5310,CC1100,FIN,Deloitte Touche,INV68366,,AUD,25471.3,EXPORT,Payment for services,API Import
TXN002856,2026-01-01,2025-12-27,2026-01,AUS01,5620,CC3000,OPS,Robert Half International,INV30529,PO8926,GBP,40519.47,INPUT,Payment for subscription,API Import
TXN002857,13-03-2026,07-03-2026,2026-08,AUS01,5710,CC1200,HR,EY Australia,INV25068,PO8614,USD,38421.29,INPUT,Payment for goods,Workday
TXN002858,03/01/2026,30/12/2025,2026-01,AUS01,5920,CC2100,OPS,Workday,INV70725,PO8331,USD,14806.84,EXPORT,Payment for consulting,Manual Entry
TXN002859,15/06/2025,10/06/2025,2025-08,AUS01,5800,CC1200,CORP,Federal Express,INV52293,,NZD,23988.26,EXPORT,Payment for services,SAP
TXN002860,10-03-2026,31-01-2026,2026-08,AUS01,5020,CC2100,NSW,AWS,INV92516,PO3987,GBP,41069.52,GST,Payment for license,SAP
TXN002861,26-03-2026,24-03-2026,2026-08,AUS01,5700,CC4100,HR,Microsoft,INV61516,PO7755,GBP,37922.37,EXPORT,Payment for license,Manual Entry
TXN002862,01/27/2026,01/19/2026,2026-01,AUS01,5110,CC1100,ACT,LinkedIn Corp,INV47988,PO7033,AUD,33806.37,GST-FREE,Payment for consulting,Manual Entry
TXN002863,17/01/2026,16/01/2026,2026-01,AUS01,5200,CC1200,IT,WeWork Australia,INV28927,PO6339,USD,17469.9,INPUT,Payment for license,Manual Entry
TXN002864,24-03-2026,16-03-2026,2026-08,AUS01,5200,CC3000,IT,AWS,INV17259,PO3881,GBP,43634.38,GST,Payment for license,Oracle
TXN002865,01/21/2026,01/13/2026,2026-01,AUS01,5910,CC3100,ACT,PWC,INV34040,PO2444,GBP,33737.48,GST,Payment for subscription,API Import
TXN002866,23/01/2026,16/01/2026,2026-01,AUS01,5700,CC2000,HR,GCP,INV53744,PO5884,GBP,8004.86,EXPORT,Payment for subscription,Oracle
TXN002867,2026-01-19,2026-01-09,2026-01,AUS01,5310,CC1100,CORP,BCG,INV38535,PO2010,GBP,40001.46,EXPORT,Payment for consulting,Oracle
TXN002868,13/01/2026,11/01/2026,2026-01,AUS01,5900,CC1000,SA,WeWork Australia,INV68370,PO1908,AUD,17558.95,GST,Payment for subscription,API Import
TXN002869,2026-08-04,2026-01-31,2026-08,AUS01,5800,CC3000,VIC,SAP,INV89213,PO3622,GBP,33713.25,GST-FREE,Payment for consulting,Oracle
TXN002870,03/25/2025,03/15/2025,2025-08,AUS01,5800,CC4000,MKT,DHL Express,INV53861,PO9467,GBP,20790.41,GST,Payment for license,API Import
TXN002871,2026-08-23,2026-08-15,2026-08,AUS01,5020,CC1200,NSW,Federal Express,INV72686,,AUD,14722.05,GST-FREE,Payment for goods,API Import
TXN002872,08-03-2026,06-03-2026,2026-08,AUS01,5200,CC1200,IT,DHL Express,INV65141,,USD,21246.33,INPUT,Payment for services,Oracle
TXN002873,03/14/2026,03/12/2026,2026-08,AUS01,5320,CC3200,FIN,Seek Limited,INV78983,,AUD,31224.17,GST,Payment for subscription,SAP
TXN002874,01/24/2026,01/17/2026,2026-01,AUS01,5810,CC1100,FIN,Seek Limited,INV54039,PO3564,GBP,30022.86,INPUT,Payment for goods,Oracle
TXN002875,10/23/2025,10/17/2025,2025-10,AUS01,5110,CC4000,MKT,McKinsey,INV35553,,GBP,30101.32,EXPORT,Payment for goods,Oracle
TXN002876,18/07/2025,08/07/2025,2025-08,AUS01,5210,CC2000,IT,WeWork Australia,INV79095,PO2701,USD,24488.24,EXPORT,Payment for subscription,Oracle
TXN002877,12-03-2026,07-03-2026,2026-08,AUS01,5500,CC1200,MKT,AusPost,INV44875,PO6897,NZD,38287.12,EXPORT,Payment for subscription,SAP
TXN002878,15/08/2025,08/08/2025,2025-08,AUS01,5210,CC1100,IT,AWS,INV99691,,AUD,44942.1,INPUT,Payment for license,SAP
TXN002879,18-01-2026,12-01-2026,2026-01,AUS01,5400,CC2100,WA,WeWork Australia,INV81163,,AUD,33648.11,INPUT,Payment for services,Workday
TXN002880,2025-09-17,2025-09-15,2025-09,AUS01,5000,CC4000,VIC,AusPost,INV43244,PO2300,GBP,26794.88,INPUT,Payment for license,Oracle
TXN002881,15-01-2026,08-01-2026,2026-01,AUS01,5200,CC3100,CORP,KPMG Australia,INV38738,,GBP,34349.44,GST-FREE,Payment for consulting,Manual Entry
TXN002882,09-01-2026,05-01-2026,2026-01,AUS01,5200,CC3200,IT,Zoom,INV32317,PO2216,USD,35715.3,EXPORT,Payment for subscription,SAP
TXN002883,08/01/2026,29/12/2025,2026-01,AUS01,5300,CC2000,OPS,Hays,INV16590,PO3696,USD,13044.64,INPUT,Payment for services,API Import
TXN002884,2026-08-10,2026-08-04,2026-08,AUS01,5620,CC1000,OPS,Deloitte Touche,INV13463,PO7997,GBP,5962.34,EXPORT,Payment for goods,API Import
TXN002885,03/03/2026,01/28/2026,2026-08,AUS01,5600,CC3200,CORP,Optus Pty,INV59499,,USD,43945.15,EXPORT,Payment for license,Workday
TXN002886,2025-12-19,2025-12-09,2025-12,AUS01,5520,CC1100,MKT,Optus Pty,INV60969,PO4358,NZD,21862.55,GST-FREE,Payment for license,Manual Entry
TXN002887,01/21/2026,01/12/2026,2026-01,AUS01,5420,CC2100,IT,Robert Half International,INV69334,,NZD,40651.8,INPUT,Payment for services,API Import
TXN002888,09/18/2025,09/13/2025,2025-09,AUS01,5220,CC4100,CORP,Federal Express,INV83988,PO6553,AUD,41354.97,GST-FREE,Payment for consulting,Workday
TXN002889,16-03-2026,08-03-2026,2026-08,AUS01,5220,CC2000,CORP,Optus Pty,INV76530,,USD,3663.21,GST-FREE,Payment for consulting,Manual Entry
TXN002890,12-03-2026,10-03-2026,2026-08,AUS01,5900,CC4100,FIN,Google,INV87676,PO9812,GBP,15011.74,EXPORT,Payment for goods,Oracle
TXN002891,24-03-2026,14-03-2026,2026-08,AUS01,5010,CC1000,WA,MSFT,INV47572,PO2856,NZD,26554.83,INPUT,Payment for consulting,Oracle
TXN002892,08/13/2025,08/04/2025,2025-08,AUS01,5320,CC2100,OPS,Microsoft,INV84927,,NZD,32848.13,GST,Payment for subscription,Oracle
TXN002893,10-03-2026,07-03-2026,2026-08,AUS01,5920,CC3200,WA,GCP,INV42369,PO1906,USD,8561.13,GST-FREE,Payment for consulting,Workday
TXN002894,08/01/2026,03/01/2026,2026-01,AUS01,5900,CC2000,QLD,Regus Australia,INV84753,PO3562,GBP,14188.21,GST,Payment for license,Oracle
TXN002895,2025-10-24,2025-10-14,2025-10,AUS01,5400,CC1000,NT,Hays,INV92954,PO3396,GBP,34399.43,INPUT,Payment for consulting,Oracle
TXN002896,15-01-2026,11-01-2026,2026-01,AUS01,5010,CC4100,WA,Seek Limited,INV67323,PO7748,GBP,9955.21,GST-FREE,Payment for services,API Import
TXN002897,16-01-2025,07-01-2025,2025-01,AUS01,5900,CC3000,NSW,BCG,INV99930,PO5545,AUD,35614.25,GST,Payment for subscription,SAP
TXN002898,15/06/2025,05/06/2025,2025-08,AUS01,5400,CC1200,ACT,Amazon,INV90236,,AUD,873.08,EXPORT,Payment for goods,Oracle
TXN002899,03/13/2026,03/10/2026,2026-08,AUS01,5420,CC4000,OPS,Adobe,INV12057,PO5985,NZD,13105.25,GST-FREE,Payment for services,Workday
TXN002900,14-11-2025,12-11-2025,2025-11,AUS01,5020,CC3200,NSW,Optus Pty,INV31573,,NZD,9228.02,EXPORT,Payment for subscription,API Import
TXN002901,03-03-2025,02-03-2025,2025-08,AUS01,5510,CC4000,MKT,EY Australia,INV36277,PO1036,AUD,22318.5,INPUT,Payment for subscription,Oracle
TXN002902,24-03-2026,18-03-2026,2026-08,AUS01,5610,CC3200,MKT,Zoom,INV14356,PO1393,GBP,23518.66,INPUT,Payment for subscription,SAP
TXN002903,26/01/2026,25/01/2026,2026-01,AUS01,5410,CC4100,NSW,AusPost,INV80088,,GBP,8257.1,GST-FREE,Payment for consulting,API Import
TXN002904,08-01-2026,07-01-2026,2026-01,AUS01,5910,CC1200,ACT,Seek Limited,INV24632,,NZD,10175.32,GST-FREE,Payment for license,Oracle
TXN002905,2026-08-10,2026-08-06,2026-08,AUS01,5500,CC1100,MKT,Seek Limited,INV35194,PO9670,USD,213.25,EXPORT,Payment for subscription,API Import
TXN002906,2025-08-07,2025-08-31,2025-08,AUS01,5520,CC2100,MKT,Robert Half International,INV77618,PO7936,USD,44002.21,EXPORT,Payment for consulting,Oracle
TXN002907,07-03-2026,31-01-2026,2026-08,AUS01,5310,CC3100,FIN,Microsoft,INV55861,PO8354,GBP,21418.67,INPUT,Payment for goods,Workday
TXN002908,2025-08-10,2025-08-09,2025-08,AUS01,5310,CC3200,FIN,Seek Limited,INV48491,,USD,15985.24,GST,Payment for subscription,API Import
TXN002909,2026-01-21,2026-01-20,2026-01,AUS01,5620,CC4000,CORP,McKinsey,INV37686,PO9255,NZD,23834.07,GST-FREE,Payment for subscription,Workday
TXN002910,26-01-2026,23-01-2026,2026-01,AUS01,5010,CC4000,QLD,Amazon,INV12151,PO2403,USD,13037.04,GST,Payment for subscription,SAP
TXN002911,26-01-2026,21-01-2026,2026-01,AUS01,5600,CC2000,CORP,Atlassian Pty,INV66114,PO2877,GBP,17115.98,GST,Payment for services,Workday
TXN002912,08/21/2025,08/14/2025,2025-08,AUS01,5410,CC1100,ACT,ServiceNow Inc,INV67730,PO6837,NZD,847.4,INPUT,Payment for services,SAP
TXN002913,02-03-2026,01/27/2026,2026-08,AUS01,5520,CC2100,MKT,Microsoft,INV13028,PO1608,USD,5942.53,EXPORT,Payment for consulting,Workday
TXN002914,03/20/2026,03/10/2026,2026-08,AUS01,5210,CC3000,CORP,Telstra Corp,INV98833,,NZD,33285.68,GST,Payment for consulting,Oracle
TXN002915,18-03-2025,11-03-2025,2025-08,AUS01,5300,CC3200,CORP,Slack,INV76845,PO2593,USD,13767.62,INPUT,Payment for consulting,SAP
TXN002916,17/08/2025,13/08/2025,2025-08,AUS01,5320,CC1100,OPS,KPMG Australia,INV62609,PO1577,USD,11802.5,EXPORT,Payment for services,SAP
TXN002917,01/09/2026,01/05/2026,2026-01,AUS01,5600,CC4000,R&D,Amazon,INV74987,PO6180,NZD,31596.26,EXPORT,Payment for services,Workday
TXN002918,01-03-2026,30-01-2026,2026-08,AUS01,5800,CC3200,SA,MSFT,INV11823,PO9209,GBP,9562.98,EXPORT,Payment for services,Manual Entry
TXN002919,2026-08-14,2026-08-10,2026-08,AUS01,5000,CC2000,VIC,KPMG Australia,INV82026,,GBP,27162.94,GST-FREE,Payment for services,SAP
TXN002920,01/13/2026,01/07/2026,2026-01,AUS01,5220,CC3100,CORP,Federal Express,INV24641,,USD,16699.19,GST-FREE,Payment for subscription,Oracle
TXN002921,2026-01-14,2026-01-11,2026-01,AUS01,5420,CC3100,OPS,Robert Half International,INV86546,PO9162,GBP,17820.33,GST-FREE,Payment for license,Workday
TXN002922,01/16/2026,01/10/2026,2026-01,AUS01,5010,CC4000,VIC,MSFT,INV95462,,GBP,5476.01,GST-FREE,Payment for subscription,Manual Entry
TXN002923,04-11-2025,03-11-2025,2025-11,AUS01,5220,CC1200,IT,Federal Express,INV68693,,AUD,12001.0,INPUT,Payment for consulting,Workday
TXN002924,02-03-2026,01/28/2026,2026-08,AUS01,5810,CC1100,CORP,Regus Australia,INV55220,PO9195,USD,19413.3,INPUT,Payment for goods,API Import
TXN002925,26-03-2026,16-03-2026,2026-08,AUS01,5300,CC3000,WA,Deloitte Touche,INV38730,PO8584,AUD,29727.7,GST,Payment for license,SAP
TXN002926,09-03-2026,02-03-2026,2026-08,AUS01,5110,CC1000,HR,SAP,INV52632,PO6119,USD,20046.55,EXPORT,Payment for goods,Manual Entry
TXN002927,22-03-2026,21-03-2026,2026-08,AUS01,5710,CC3200,HR,KPMG Australia,INV45423,,AUD,14063.58,INPUT,Payment for goods,Manual Entry
TXN002928,2026-01-23,2026-01-19,2026-01,AUS01,5320,CC2000,FIN,KPMG Australia,INV60513,,USD,14717.2,INPUT,Payment for goods,Oracle
TXN002929,27-10-2025,24-10-2025,2025-10,AUS01,5910,CC1100,IT,Workday,INV55177,,NZD,42254.55,INPUT,Payment for services,API Import
TXN002930,01/22/2026,01/17/2026,2026-01,AUS01,5110,CC3000,NSW,Zoom,INV62686,PO9246,GBP,15333.15,INPUT,Payment for services,API Import
TXN002931,09-03-2026,08-03-2026,2026-08,AUS01,5420,CC1200,MKT,Seek Limited,INV36938,PO4020,AUD,6893.24,GST-FREE,Payment for license,Oracle
TXN002932,2025-12-16,2025-12-12,2025-12,AUS01,5110,CC3100,WA,Seek Limited,INV30270,PO3054,USD,20363.46,GST-FREE,Payment for consulting,Manual Entry
TXN002933,24-06-2025,16-06-2025,2025-08,AUS01,5300,CC3100,FIN,BCG,INV60436,PO8312,AUD,26170.47,INPUT,Payment for consulting,Workday
TXN002934,19-03-2026,09-03-2026,2026-08,AUS01,5300,CC2100,CORP,SAP,INV55426,PO9108,AUD,9136.3,EXPORT,Payment for goods,Manual Entry
TXN002935,08/14/2025,08/04/2025,2025-08,AUS01,5000,CC3000,QLD,ServiceNow Inc,INV94694,PO4059,GBP,29246.17,EXPORT,Payment for services,Oracle
TXN002936,03-10-2025,01-10-2025,2025-10,AUS01,5710,CC2000,HR,GCP,INV54766,,GBP,20313.28,GST,Payment for services,Oracle
TXN002937,18/01/2026,14/01/2026,2026-01,AUS01,5200,CC1100,CORP,McKinsey,INV62168,PO9856,AUD,23092.88,GST,Payment for services,Oracle
TXN002938,08-08-2025,05-08-2025,2025-08,AUS01,5520,CC1000,MKT,Atlassian Pty,INV35421,,USD,22582.92,INPUT,Payment for subscription,Workday
TXN002939,25/01/2026,15/01/2026,2026-01,AUS01,5500,CC4000,MKT,GCP,INV21349,PO2383,NZD,21862.46,INPUT,Payment for services,Manual Entry
TXN002940,25-05-2025,24-05-2025,2025-08,AUS01,5510,CC3100,MKT,Oracle,INV17812,,USD,32236.03,INPUT,Payment for services,Oracle
TXN002941,14-03-2026,11-03-2026,2026-08,AUS01,5300,CC3200,OPS,Slack,INV23731,PO3398,USD,41996.2,INPUT,Payment for consulting,SAP
TXN002942,26-03-2026,20-03-2026,2026-08,AUS01,5010,CC3100,SA,Slack,INV14347,,AUD,2809.51,INPUT,Payment for consulting,API Import
TXN002943,19-03-2026,18-03-2026,2026-08,AUS01,5400,CC1200,IT,Salesforce,INV94222,PO7924,AUD,25438.47,EXPORT,Payment for license,Manual Entry
TXN002944,03/14/2026,03/13/2026,2026-08,AUS01,5520,CC2000,MKT,AusPost,INV24904,,AUD,34349.73,GST-FREE,Payment for consulting,Oracle
TXN002945,16/01/2026,15/01/2026,2026-01,AUS01,5510,CC3200,MKT,Google,INV35560,PO3540,NZD,33973.82,GST,Payment for services,SAP
TXN002946,11-01-2026,08-01-2026,2026-01,AUS01,5400,CC1000,HR,Seek Limited,INV74544,,AUD,28498.86,INPUT,Payment for subscription,Manual Entry
TXN002947,20/06/2025,18/06/2025,2025-08,AUS01,5210,CC1200,CORP,LinkedIn Corp,INV32821,,USD,24029.43,INPUT,Payment for goods,Oracle
TXN002948,05-03-2026,02-03-2026,2026-08,AUS01,5810,CC3000,ACT,Deloitte Touche,INV82177,PO5845,AUD,5134.8,GST-FREE,Payment for consulting,Workday
TXN002949,10-03-2026,08-03-2026,2026-08,AUS01,5510,CC4000,MKT,DHL Express,INV69575,PO1940,NZD,16309.24,INPUT,Payment for consulting,API Import
TXN002950,04/06/2025,03/30/2025,2025-08,AUS01,5200,CC3100,IT,AusPost,INV57117,PO6988,USD,21564.04,INPUT,Payment for services,Workday
TXN002951,01/27/2026,01/18/2026,2026-01,AUS01,5210,CC4000,CORP,Hays,INV70918,PO1888,NZD,1837.29,EXPORT,Payment for goods,SAP
TXN002952,15/01/2025,13/01/2025,2025-01,AUS01,5620,CC1100,FIN,ServiceNow Inc,INV47060,,NZD,44612.82,GST,Payment for goods,SAP
TXN002953,03/26/2026,03/19/2026,2026-08,AUS01,5600,CC3100,R&D,Deloitte Touche,INV50944,PO2484,AUD,5287.38,GST,Payment for license,Oracle
TXN002954,03/07/2026,03/04/2026,2026-08,AUS01,5000,CC3100,NSW,Adobe,INV17151,PO4392,USD,36444.41,EXPORT,Payment for services,Manual Entry
TXN002955,03/24/2026,03/21/2026,2026-08,AUS01,5810,CC3100,WA,DHL Express,INV22385,,USD,10476.51,EXPORT,Payment for license,Oracle
TXN002956,2025-08-07,2025-08-06,2025-08,AUS01,5020,CC3200,HR,Google,INV51475,PO5096,GBP,5536.31,INPUT,Payment for services,Workday
TXN002957,2026-01-25,2026-01-15,2026-01,AUS01,5700,CC4100,HR,Regus Australia,INV10744,PO6451,AUD,24978.18,GST,Payment for consulting,Manual Entry
TXN002958,26-03-2026,20-03-2026,2026-08,AUS01,5120,CC3100,HR,ServiceNow Inc,INV71845,PO4909,NZD,26954.73,GST,Payment for subscription,Oracle
TXN002959,2026-08-09,2026-08-05,2026-08,AUS01,5620,CC1000,CORP,Zoom,INV72775,PO1890,USD,36302.24,EXPORT,Payment for consulting,Manual Entry
TXN002960,11-06-2025,10-06-2025,2025-08,AUS01,5120,CC2100,TAS,Adobe,INV67711,PO2329,USD,16548.33,EXPORT,Payment for subscription,API Import
TXN002961,01-03-2026,12/25/2025,2026-01,AUS01,5020,CC3200,SA,BCG,INV99426,PO9080,USD,6887.03,EXPORT,Payment for subscription,Oracle
TXN002962,2026-01-13,2026-01-07,2026-01,AUS01,5510,CC3200,MKT,Atlassian Pty,INV22928,PO2734,GBP,36723.66,GST-FREE,Payment for subscription,SAP
TXN002963,2025-08-03,2025-08-28,2025-08,AUS01,5120,CC2100,QLD,Atlassian Pty,INV57744,PO7823,USD,13245.04,INPUT,Payment for consulting,Oracle
TXN002964,03/03/2025,23-03-2025,2025-08,AUS01,5020,CC3200,VIC,Deloitte Touche,INV99442,PO6262,AUD,25844.06,GST,Payment for subscription,Workday
TXN002965,2026-01-21,2026-01-12,2026-01,AUS01,5320,CC3200,OPS,AWS,INV95135,PO2487,USD,11512.07,GST,Payment for consulting,Manual Entry
TXN002966,03-03-2026,02-03-2026,2026-08,AUS01,5400,CC1100,MKT,Workday,INV69236,,AUD,5189.65,GST-FREE,Payment for goods,SAP
TXN002967,2026-01-22,2026-01-14,2026-01,AUS01,5120,CC1000,VIC,Accenture Pty,INV56878,PO7912,NZD,21208.77,EXPORT,Payment for subscription,SAP
TXN002968,2026-08-01,2026-01-22,2026-08,AUS01,5020,CC3000,WA,KPMG Australia,INV67368,PO3433,USD,35173.47,GST,Payment for subscription,SAP
TXN002969,04-01-2026,30-12-2025,2026-01,AUS01,5200,CC2100,NT,Oracle,INV26004,,NZD,43221.69,GST,Payment for consulting,Workday
TXN002970,10-03-2026,03-03-2026,2026-08,AUS01,5110,CC2100,VIC,Zoom,INV94439,PO5814,USD,10374.22,GST,Payment for goods,SAP
TXN002971,2025-08-26,2025-08-19,2025-08,AUS01,5510,CC2100,MKT,DHL Express,INV22818,PO6536,AUD,10171.78,INPUT,Payment for license,Oracle
TXN002972,03/08/2026,03/01/2026,2026-08,AUS01,5400,CC3000,NSW,Zoom,INV47568,PO6320,AUD,38063.0,EXPORT,Payment for goods,Oracle
TXN002973,04-01-2026,30-12-2025,2026-01,AUS01,5600,CC3000,IT,AWS,INV94616,PO2694,GBP,1614.6,INPUT,Payment for services,Oracle
TXN002974,2026-01-16,2026-01-12,2026-01,AUS01,5620,CC2100,VIC,Telstra Corp,INV75059,PO1745,USD,28509.87,GST,Payment for consulting,API Import
TXN002975,05/14/2025,05/06/2025,2025-08,AUS01,5800,CC3100,SA,MSFT,INV11794,,AUD,25128.52,GST-FREE,Payment for subscription,Workday
TXN002976,01/21/2026,01/13/2026,2026-01,AUS01,5300,CC3200,CORP,Accenture Pty,INV58643,PO8680,USD,12109.17,GST-FREE,Payment for goods,Manual Entry
TXN002977,25-03-2026,24-03-2026,2026-08,AUS01,5100,CC3100,ACT,Robert Half International,INV41643,,NZD,7115.03,INPUT,Payment for consulting,Workday
TXN002978,06-03-2025,08/01/2025,2025-08,AUS01,5900,CC4100,WA,Workday,INV77939,PO7518,GBP,932.5,GST,Payment for license,API Import
TXN002979,23-03-2026,18-03-2026,2026-08,AUS01,5620,CC1000,CORP,WeWork Australia,INV96140,PO1532,USD,25453.21,INPUT,Payment for license,Workday
TXN002980,16/11/2025,08/11/2025,2025-11,AUS01,5020,CC4000,VIC,PWC,INV62195,PO7499,GBP,32873.47,EXPORT,Payment for goods,API Import
TXN002981,20/01/2026,15/01/2026,2026-01,AUS01,5020,CC3100,VIC,GCP,INV14618,PO7246,AUD,26897.54,INPUT,Payment for goods,Manual Entry
TXN002982,2026-08-17,2026-08-08,2026-08,AUS01,5520,CC1000,VIC,DHL Express,INV29672,PO2929,USD,4097.44,GST,Payment for consulting,API Import
TXN002983,11-03-2026,02-03-2026,2026-08,AUS01,5110,CC1200,R&D,Workday,INV53165,PO9165,USD,43005.14,GST-FREE,Payment for goods,Workday
TXN002984,01/04/2025,23/03/2025,2025-08,AUS01,5920,CC3000,R&D,Telstra Corp,INV25221,PO5279,AUD,19165.36,EXPORT,Payment for services,Oracle
TXN002985,09/01/2026,01/01/2026,2026-01,AUS01,5620,CC3200,R&D,SAP,INV40477,PO5167,USD,9149.6,EXPORT,Payment for goods,SAP
TXN002986,05/22/2025,05/19/2025,2025-08,AUS01,5000,CC4100,QLD,Deloitte Touche,INV73065,,USD,1657.41,GST-FREE,Payment for subscription,API Import
TXN002987,2026-08-15,2026-08-05,2026-08,AUS01,5710,CC4100,HR,KPMG Australia,INV84262,,USD,15472.84,INPUT,Payment for subscription,Oracle
TXN002988,2025-08-28,2025-08-18,2025-08,AUS01,5320,CC3000,,Hays,INV61823,,GBP,27390.01,GST-FREE,Payment for goods,Manual Entry
TXN002989,07-03-2026,28-01-2026,2026-08,AUS01,5320,CC3200,OPS,Zoom,INV65348,PO2170,USD,23473.66,GST,Payment for goods,API Import
TXN002990,2026-01-05,2026-01-01,2026-01,AUS01,5310,CC1100,OPS,GCP,INV16648,,AUD,10848.15,GST-FREE,Payment for consulting,Workday
TXN002991,03/07/2026,03/06/2026,2026-08,AUS01,5120,CC2100,MKT,DHL Express,INV23577,,NZD,42965.07,INPUT,Payment for goods,Oracle
TXN002992,06-03-2026,03-03-2026,2026-08,AUS01,5010,CC4000,SA,Seek Limited,INV72195,,USD,23615.14,INPUT,Payment for license,Workday
TXN002993,2026-08-07,2026-08-03,2026-08,AUS01,5500,CC1000,MKT,WeWork Australia,INV72878,PO3029,GBP,43149.66,GST-FREE,Payment for goods,SAP
TXN002994,14/04/2025,11/04/2025,2025-08,AUS01,5400,CC1000,IT,AWS,INV23986,PO2220,USD,20142.16,INPUT,Payment for consulting,API Import
TXN002995,12/10/2025,11/30/2025,2025-12,AUS01,5520,CC4000,MKT,Accenture Pty,INV95199,PO4789,AUD,8960.67,INPUT,Payment for license,SAP
TXN002996,04/01/2026,31/12/2025,2026-01,AUS01,5420,CC1000,IT,Deloitte Touche,INV58004,PO1510,NZD,17866.41,INPUT,Payment for consulting,Manual Entry
TXN002997,2025-08-01,2025-08-26,2025-08,AUS01,5210,CC3000,IT,McKinsey,INV82321,PO3036,USD,38447.12,INPUT,Payment for license,SAP
TXN002998,22/11/2025,12/11/2025,2025-11,AUS01,5620,CC2000,TAS,McKinsey,INV80115,,AUD,36288.15,GST-FREE,Payment for consulting,API Import
TXN002999,18/03/2025,12/03/2025,2025-08,AUS01,5510,CC3200,MKT,WeWork Australia,INV65858,PO2643,USD,20955.9,INPUT,Payment for subscription,Oracle
TXN003000,2025-12-07,2025-11-29,2025-12,AUS01,5810,CC1000,NSW,Federal Express,INV17976,PO7579,GBP,18782.56,EXPORT,Payment for goods,Oracle
TXN003001,2026-01-03,2025-12-24,2026-01,AUS01,5900,CC1100,HR,Telstra Corp,INV54165,PO1418,AUD,44950.59,INPUT,Payment for license,Oracle
TXN003002,16/01/2026,14/01/2026,2026-01,AUS01,5910,CC2000,R&D,Deloitte Touche,INV91627,,AUD,10443.42,EXPORT,Payment for consulting,SAP
TXN003003,25/10/2025,17/10/2025,2025-10,AUS01,5600,CC2000,VIC,Amazon,INV16664,PO5698,GBP,4478.77,GST-FREE,Payment for subscription,API Import
TXN003004,2025-08-05,2025-08-28,2025-08,AUS01,5110,CC1100,IT,DHL Express,INV49134,,USD,37282.83,EXPORT,Payment for consulting,API Import
TXN003005,09-01-2026,05-01-2026,2026-01,AUS01,5110,CC3000,FIN,McKinsey,INV27616,PO1394,AUD,34572.92,INPUT,Payment for subscription,Oracle
TXN003006,13-01-2026,03-01-2026,2026-01,AUS01,5620,CC1100,OPS,Slack,INV14483,PO8810,AUD,36668.58,GST-FREE,Payment for license,API Import
TXN003007,01/06/2025,26/05/2025,2025-08,AUS01,5710,CC3000,HR,AWS,INV80727,PO5309,AUD,25619.82,EXPORT,Payment for subscription,Workday
TXN003008,11/14/2025,11/06/2025,2025-11,AUS01,5800,CC4000,NT,Google,INV14406,PO5264,GBP,11932.94,GST-FREE,Payment for services,Workday
TXN003009,01/03/2026,12/28/2025,2026-01,AUS01,5410,CC3200,SA,PWC,INV16357,,AUD,25422.55,GST-FREE,Payment for consulting,Manual Entry
TXN003010,01/26/2026,01/16/2026,2026-01,AUS01,5800,CC4100,OPS,Accenture Pty,INV19378,,AUD,41621.53,GST,Payment for subscription,SAP
TXN003011,2026-08-10,2026-08-04,2026-08,AUS01,5800,CC4000,ACT,MSFT,INV84830,,GBP,28390.52,GST,Payment for subscription,Workday
TXN003012,03/14/2026,03/09/2026,2026-08,AUS01,5510,CC2100,MKT,AWS,INV14903,,AUD,708.46,INPUT,Payment for consulting,Workday
TXN003013,01/28/2026,01/23/2026,2026-01,AUS01,5610,CC3200,IT,Federal Express,INV56007,,USD,13376.52,EXPORT,Payment for consulting,SAP
TXN003014,10-03-2026,05-03-2026,2026-08,AUS01,5400,CC3100,WA,Slack,INV20899,PO9689,NZD,20012.39,GST,Payment for services,Manual Entry
TXN003015,01/20/2026,01/18/2026,2026-01,AUS01,5020,CC4000,HR,Atlassian Pty,INV60339,PO7109,USD,30074.68,GST,Payment for services,API Import
TXN003016,2026-08-22,2026-08-16,2026-08,AUS01,5600,CC3000,R&D,Amazon,INV12822,PO2157,NZD,10887.88,INPUT,Payment for consulting,Workday
TXN003017,03-06-2025,29-05-2025,2025-08,AUS01,5500,CC3200,MKT,Federal Express,INV92030,,USD,36853.28,GST,Payment for goods,Oracle
TXN003018,23/12/2025,21/12/2025,2025-12,AUS01,5600,CC3200,ACT,DHL Express,INV50277,PO2632,GBP,2700.19,INPUT,Payment for consulting,API Import
TXN003019,01/09/2026,01/04/2026,2026-01,AUS01,5400,CC4100,IT,AusPost,INV42937,PO2376,NZD,16509.77,GST-FREE,Payment for license,Oracle
TXN003020,2026-01-06,2026-01-04,2026-01,AUS01,5920,CC2000,FIN,Optus Pty,INV74633,PO3574,USD,12306.34,INPUT,Payment for license,Manual Entry
TXN003021,03/24/2026,03/14/2026,2026-08,AUS01,5020,CC2100,HR,EY Australia,INV85292,PO7299,NZD,998.68,GST,Payment for subscription,API Import
TXN003022,09-01-2026,05-01-2026,2026-01,AUS01,5900,CC4100,HR,Zoom,INV83419,,NZD,25259.71,EXPORT,Payment for consulting,Oracle
TXN003023,16-01-2026,08-01-2026,2026-01,AUS01,5410,CC2100,OPS,Seek Limited,INV52156,,USD,20429.12,GST,Payment for goods,Workday
TXN003024,2025-08-04,2025-08-26,2025-08,AUS01,5420,CC1100,WA,Telstra Corp,INV50188,PO8499,USD,38115.95,EXPORT,Payment for consulting,Manual Entry
TXN003025,23-03-2026,22-03-2026,2026-08,AUS01,5710,CC4100,HR,Google,INV31454,PO5147,AUD,27102.33,INPUT,Payment for goods,Workday
TXN003026,19/01/2026,17/01/2026,2026-01,AUS01,5420,CC3100,SA,Hays,INV65110,PO8331,AUD,23939.53,INPUT,Payment for subscription,API Import
TXN003027,2025-08-04,2025-01-29,2025-08,AUS01,5920,CC3100,VIC,Workday,INV46368,PO8822,GBP,21873.66,INPUT,Payment for consulting,SAP
TXN003028,2026-08-09,2026-08-03,2026-08,AUS01,5900,CC3200,CORP,LinkedIn Corp,INV12394,PO6897,AUD,6151.14,INPUT,Payment for subscription,Workday
TXN003029,03/09/2026,03/08/2026,2026-08,AUS01,5620,CC4100,FIN,McKinsey,INV58523,PO4546,GBP,36569.69,GST-FREE,Payment for consulting,Workday
TXN003030,08/09/2025,08/03/2025,2025-08,AUS01,5310,CC3000,FIN,Seek Limited,INV37593,,GBP,42406.27,EXPORT,Payment for subscription,Workday
TXN003031,2026-08-06,2026-01-31,2026-08,AUS01,5000,CC4100,ACT,BCG,INV31043,PO8702,USD,35137.58,EXPORT,Payment for goods,API Import
TXN003032,21/01/2026,13/01/2026,2026-01,AUS01,5400,CC4100,HR,McKinsey,INV30655,PO7985,GBP,2802.59,INPUT,Payment for consulting,SAP
TXN003033,08-01-2026,01-01-2026,2026-01,AUS01,5900,CC4100,QLD,Amazon,INV99305,PO5328,USD,35026.28,EXPORT,Payment for license,Oracle
TXN003034,08/21/2025,08/17/2025,2025-08,AUS01,5710,CC3000,HR,Microsoft,INV23449,PO4668,AUD,43226.7,EXPORT,Payment for consulting,Manual Entry
TXN003035,28-03-2026,19-03-2026,2026-08,AUS01,5220,CC1200,IT,PWC,INV83957,PO2830,GBP,4867.07,INPUT,Payment for consulting,Oracle
TXN003036,22-04-2025,12-04-2025,2025-08,AUS01,5310,CC1000,OPS,Seek Limited,INV55123,,USD,15505.52,GST-FREE,Payment for consulting,API Import
TXN003037,12/03/2025,11/26/2025,2025-12,AUS01,5610,CC3200,MKT,MSFT,INV37283,,GBP,28157.22,GST-FREE,Payment for services,SAP
TXN003038,2026-01-17,2026-01-13,2026-01,AUS01,5200,CC2100,SA,Amazon,INV49275,,USD,9461.66,EXPORT,Payment for consulting,API Import
TXN003039,28-03-2025,23-03-2025,2025-08,AUS01,5610,CC2100,OPS,GCP,INV98177,PO6774,AUD,4153.88,EXPORT,Payment for license,API Import
TXN003040,2026-08-04,2026-08-01,2026-08,AUS01,5600,CC2100,ACT,AusPost,INV24021,PO8571,NZD,1870.25,GST,Payment for license,SAP
TXN003041,09-01-2026,03-01-2026,2026-01,AUS01,5600,CC3000,OPS,GCP,INV34715,PO1975,AUD,29443.25,GST,Payment for subscription,API Import
TXN003042,13-03-2026,06-03-2026,2026-08,AUS01,5620,CC4100,TAS,Deloitte Touche,INV34757,PO4404,USD,9836.24,INPUT,Payment for consulting,Workday
TXN003043,03/28/2026,03/25/2026,2026-08,AUS01,5510,CC4000,MKT,EY Australia,INV41630,PO6316,GBP,10980.91,EXPORT,Payment for services,Oracle
TXN003044,01/05/2025,23/04/2025,2025-08,AUS01,5500,CC1200,MKT,Google,INV62563,,GBP,25937.92,GST,Payment for services,Workday
TXN003045,12/10/2025,09/10/2025,2025-10,AUS01,5410,CC3200,R&D,Zoom,INV98548,PO9372,NZD,38799.99,INPUT,Payment for goods,Manual Entry
TXN003046,05-03-2026,27-01-2026,2026-08,AUS01,5710,CC3200,HR,Hays,INV87924,,USD,33047.7,INPUT,Payment for goods,API Import
TXN003047,14-03-2026,11-03-2026,2026-08,AUS01,5510,CC3200,WA,Seek Limited,INV90815,,NZD,22454.07,EXPORT,Payment for subscription,SAP
TXN003048,15-03-2026,12-03-2026,2026-08,AUS01,5610,CC3100,ACT,Federal Express,INV23150,PO8963,NZD,8300.58,INPUT,Payment for goods,SAP
TXN003049,2026-08-22,2026-08-19,2026-08,AUS01,5000,CC2100,CORP,Amazon,INV70318,PO2131,NZD,3579.44,GST,Payment for goods,API Import
TXN003050,01/25/2026,01/21/2026,2026-01,AUS01,5900,CC2000,WA,LinkedIn Corp,INV65356,PO9668,AUD,44478.2,GST-FREE,Payment for services,Workday
TXN003051,20-06-2025,16-06-2025,2025-08,AUS01,5900,CC3000,SA,McKinsey,INV58500,,AUD,3644.75,GST-FREE,Payment for services,SAP
TXN003052,2026-08-01,2026-01-26,2026-08,AUS01,5510,CC2100,MKT,Regus Australia,INV22009,PO8817,GBP,19987.12,GST-FREE,Payment for services,SAP
TXN003053,2026-08-24,2026-08-16,2026-08,AUS01,5220,CC4100,IT,SAP,INV57115,PO1454,AUD,40743.05,EXPORT,Payment for consulting,Oracle
TXN003054,01-03-2026,30/01/2026,2026-08,AUS01,5710,CC3200,HR,Workday,INV93049,PO2366,GBP,9667.05,EXPORT,Payment for services,SAP
TXN003055,04/22/2025,04/12/2025,2025-08,AUS01,5120,CC3100,ACT,Adobe,INV30878,PO5277,AUD,37236.17,GST-FREE,Payment for services,SAP
TXN003056,2025-11-14,2025-11-10,2025-11,AUS01,5510,CC3100,MKT,BCG,INV62803,,NZD,38106.77,EXPORT,Payment for subscription,SAP
TXN003057,09-03-2026,03-03-2026,2026-08,AUS01,5520,CC1000,MKT,PWC,INV14265,PO6553,GBP,3847.37,GST,Payment for services,SAP
TXN003058,11-03-2026,09-03-2026,2026-08,AUS01,5710,CC1100,HR,McKinsey,INV73166,PO4121,GBP,2709.5,GST-FREE,Payment for subscription,Manual Entry
TXN003059,16-03-2026,09-03-2026,2026-08,AUS01,5010,CC3000,HR,Deloitte Touche,INV71891,PO5478,NZD,16983.48,INPUT,Payment for goods,Oracle
TXN003060,10-07-2025,05-07-2025,2025-08,AUS01,5810,CC1000,OPS,Federal Express,INV24369,PO9061,NZD,29865.32,EXPORT,Payment for subscription,Workday
TXN003061,04-03-2026,27/01/2026,2026-08,AUS01,5810,CC3200,ACT,GCP,INV60158,,AUD,13574.91,GST,Payment for license,SAP
TXN003062,03-01-2026,28-12-2025,2026-01,AUS01,5320,CC3200,CORP,Microsoft,INV52742,PO5303,USD,18127.06,EXPORT,Payment for subscription,Workday
TXN003063,01/03/2026,12/29/2025,2026-01,AUS01,5800,CC1200,HR,Deloitte Touche,INV92464,,USD,33717.52,EXPORT,Payment for license,SAP
TXN003064,09/23/2025,09/22/2025,2025-09,AUS01,5020,CC3000,QLD,Atlassian Pty,INV33170,PO5129,USD,19777.65,EXPORT,Payment for license,Manual Entry
TXN003065,02-03-2026,01/30/2026,2026-08,AUS01,5220,CC1100,IT,AusPost,INV68364,PO9830,AUD,13337.1,GST,Payment for services,Manual Entry
TXN003066,2026-08-21,2026-08-20,2026-08,AUS01,5410,CC4000,IT,Salesforce,INV85599,PO4696,NZD,9976.35,INPUT,Payment for license,Manual Entry
TXN003067,13-09-2025,11-09-2025,2025-09,AUS01,5700,CC1000,HR,McKinsey,INV20949,PO1479,NZD,5555.3,EXPORT,Payment for consulting,Manual Entry
TXN003068,2026-08-01,2026-01-24,2026-08,AUS01,5320,CC1100,OPS,AWS,INV82561,,AUD,40470.59,EXPORT,Payment for license,Workday
TXN003069,03/12/2026,03/04/2026,2026-08,AUS01,5410,CC1100,TAS,Telstra Corp,INV66815,PO3150,GBP,21751.62,GST,Payment for services,API Import
TXN003070,24-03-2026,21-03-2026,2026-08,AUS01,5520,CC2000,MKT,EY Australia,INV93242,PO3474,AUD,11726.62,GST,Payment for services,Workday
TXN003071,06-03-2026,03-03-2026,2026-08,AUS01,5800,CC3000,WA,Hays,INV46751,PO1891,USD,8912.93,EXPORT,Payment for license,API Import
TXN003072,04/12/2025,03/12/2025,2025-12,AUS01,5320,CC4100,CORP,PWC,INV87450,PO9739,NZD,30994.51,EXPORT,Payment for license,SAP
TXN003073,03/09/2025,31/08/2025,2025-09,AUS01,5310,CC3100,FIN,Slack,INV22587,PO9842,AUD,23992.05,EXPORT,Payment for services,Oracle
TXN003074,12-01-2026,11-01-2026,2026-01,AUS01,5900,CC1100,FIN,DHL Express,INV41582,PO4710,USD,32323.99,EXPORT,Payment for subscription,Workday
TXN003075,01/20/2026,01/10/2026,2026-01,AUS01,5100,CC3000,FIN,Atlassian Pty,INV20077,PO7772,GBP,19771.21,EXPORT,Payment for goods,API Import
TXN003076,01/13/2026,01/04/2026,2026-01,AUS01,5920,CC3100,,SAP,INV27400,PO4989,GBP,38529.05,GST,Payment for consulting,API Import
TXN003077,16-03-2026,13-03-2026,2026-08,AUS01,5900,CC1000,NSW,Zoom,INV57131,,USD,14747.59,INPUT,Payment for license,SAP
TXN003078,01/13/2026,01/12/2026,2026-01,AUS01,5610,CC3200,FIN,LinkedIn Corp,INV22700,PO9778,USD,37023.82,EXPORT,Payment for goods,Workday
TXN003079,2026-01-04,2026-01-03,2026-01,AUS01,5620,CC1000,CORP,Telstra Corp,INV77538,,GBP,14585.33,INPUT,Payment for goods,API Import
TXN003080,2026-08-08,2026-08-07,2026-08,AUS01,5220,CC3100,IT,MSFT,INV95210,PO1021,USD,31600.17,INPUT,Payment for license,API Import
TXN003081,23-01-2025,22-01-2025,2025-01,AUS01,5400,CC2100,VIC,Accenture Pty,INV47306,,GBP,16846.04,GST,Payment for license,SAP
TXN003082,05/21/2025,05/12/2025,2025-08,AUS01,5910,CC2000,CORP,MSFT,INV74038,PO1386,NZD,21198.06,GST-FREE,Payment for goods,Manual Entry
TXN003083,03/14/2025,03/08/2025,2025-08,AUS01,5100,CC2000,ACT,AWS,INV25501,PO9936,AUD,14496.81,GST,Payment for subscription,Manual Entry
TXN003084,03/11/2026,03/03/2026,2026-08,AUS01,5200,CC4000,IT,Robert Half International,INV73532,PO7271,AUD,24433.07,GST-FREE,Payment for goods,API Import
TXN003085,01/06/2026,01/05/2026,2026-01,AUS01,5420,CC1200,WA,WeWork Australia,INV58555,PO9785,NZD,10143.94,GST,Payment for subscription,SAP
TXN003086,03/11/2026,03/10/2026,2026-08,AUS01,5100,CC2000,MKT,BCG,INV22041,PO9358,USD,11454.85,GST,Payment for consulting,Workday
TXN003087,01/01/2026,12/30/2025,2026-01,AUS01,5200,CC4100,IT,Atlassian Pty,INV57036,PO5743,NZD,4041.92,GST,Payment for services,Oracle
TXN003088,2026-08-01,2026-01-24,2026-08,AUS01,5220,CC1000,R&D,PWC,INV86084,PO4487,NZD,3141.77,EXPORT,Payment for goods,Oracle
TXN003089,16-03-2026,06-03-2026,2026-08,AUS01,5110,CC3100,IT,Deloitte Touche,INV90183,,GBP,10253.07,EXPORT,Payment for license,Oracle
TXN003090,03/22/2026,03/19/2026,2026-08,AUS01,5920,CC2000,OPS,MSFT,INV64103,,GBP,44046.33,INPUT,Payment for services,Manual Entry
TXN003091,03-03-2025,29/01/2025,2025-08,AUS01,5910,CC1100,CORP,Workday,INV90694,,GBP,9312.72,INPUT,Payment for subscription,API Import
TXN003092,2026-08-27,2026-08-17,2026-08,AUS01,5210,CC3100,IT,Federal Express,INV48991,,NZD,39146.57,EXPORT,Payment for consulting,Workday
TXN003093,22/08/2025,20/08/2025,2025-08,AUS01,5700,CC2100,HR,McKinsey,INV82341,PO7031,NZD,16840.18,EXPORT,Payment for services,API Import
TXN003094,01/19/2026,01/17/2026,2026-01,AUS01,5300,CC3100,CORP,ServiceNow Inc,INV63851,PO4929,AUD,24081.53,EXPORT,Payment for services,Oracle
TXN003095,2025-08-07,2025-08-02,2025-08,AUS01,5110,CC2000,NSW,Accenture Pty,INV23584,PO7333,USD,31148.43,GST-FREE,Payment for services,Oracle
TXN003096,2026-08-11,2026-08-01,2026-08,AUS01,5800,CC1200,CORP,Hays,INV50676,,AUD,11706.9,GST,Payment for license,Manual Entry
TXN003097,13-01-2026,04-01-2026,2026-01,AUS01,5300,CC3200,OPS,Microsoft,INV15613,PO8603,GBP,29389.04,EXPORT,Payment for subscription,Manual Entry
TXN003098,24-08-2025,17-08-2025,2025-08,AUS01,5200,CC3100,IT,Robert Half International,INV35366,PO9615,AUD,16125.86,EXPORT,Payment for goods,Oracle
TXN003099,2026-08-07,2026-01-28,2026-08,AUS01,5420,CC1000,IT,Google,INV16602,PO8646,USD,13327.75,EXPORT,Payment for subscription,SAP
TXN003100,17-12-2025,14-12-2025,2025-12,AUS01,5100,CC1000,MKT,Robert Half International,INV70344,PO3848,GBP,37793.34,EXPORT,Payment for license,SAP
TXN003101,14-01-2026,13-01-2026,2026-01,AUS01,5000,CC3100,SA,DHL Express,INV73746,PO6104,AUD,39398.44,GST-FREE,Payment for goods,Workday
TXN003102,01/06/2026,12/30/2025,2026-01,AUS01,5310,CC4000,OPS,Amazon,INV98816,PO3198,GBP,24612.33,GST,Payment for goods,Workday
TXN003103,04-03-2026,25-01-2026,2026-08,AUS01,5420,CC1000,IT,Workday,INV79621,,AUD,1953.82,GST,Payment for license,SAP
TXN003104,01/20/2026,01/15/2026,2026-01,AUS01,5220,CC4000,CORP,LinkedIn Corp,INV79990,,AUD,42491.12,INPUT,Payment for subscription,Manual Entry
TXN003105,01/26/2026,01/17/2026,2026-01,AUS01,5400,CC3200,IT,Slack,INV38383,,GBP,2788.6,GST,Payment for license,SAP
TXN003106,14-03-2026,07-03-2026,2026-08,AUS01,5300,CC1000,CORP,McKinsey,INV39172,PO9703,GBP,28630.09,INPUT,Payment for consulting,API Import
TXN003107,01-03-2026,24/01/2026,2026-08,AUS01,5510,CC1200,MKT,BCG,INV64823,PO9616,USD,19802.8,GST-FREE,Payment for license,Manual Entry
TXN003108,08/01/2025,08/29/2025,2025-08,AUS01,5310,CC3000,OPS,Hays,INV36251,PO5648,AUD,10648.58,EXPORT,Payment for goods,SAP
TXN003109,27-03-2026,21-03-2026,2026-08,AUS01,5400,CC1200,NSW,PWC,INV43034,,GBP,26779.6,INPUT,Payment for services,Manual Entry
TXN003110,18/01/2026,10/01/2026,2026-01,AUS01,5210,CC1000,CORP,WeWork Australia,INV14197,PO1229,GBP,18441.76,GST-FREE,Payment for consulting,API Import
TXN003111,09-06-2025,04-06-2025,2025-08,AUS01,5000,CC1100,VIC,BCG,INV60619,,GBP,20261.03,EXPORT,Payment for license,API Import
TXN003112,23-08-2025,14-08-2025,2025-08,AUS01,5700,CC3000,HR,Telstra Corp,INV55036,PO5926,NZD,28437.61,INPUT,Payment for goods,Workday
TXN003113,11-03-2026,04-03-2026,2026-08,AUS01,5420,CC1200,OPS,Oracle,INV27730,PO7881,AUD,44729.51,GST-FREE,Payment for consulting,API Import
TXN003114,2025-08-09,2025-08-02,2025-08,AUS01,5700,CC1000,HR,GCP,INV23659,,NZD,44508.64,INPUT,Payment for goods,Manual Entry
TXN003115,23/12/2025,14/12/2025,2025-12,AUS01,5410,CC4000,WA,Workday,INV80305,PO9597,USD,27765.05,GST-FREE,Payment for consulting,Oracle
TXN003116,03/05/2026,01/31/2026,2026-08,AUS01,5410,CC4000,CORP,AusPost,INV21387,,USD,25378.54,EXPORT,Payment for subscription,Manual Entry
TXN003117,12-11-2025,07-11-2025,2025-11,AUS01,5620,CC4000,QLD,MSFT,INV50030,PO3636,NZD,9114.63,GST,Payment for consulting,Oracle
TXN003118,16/05/2025,10/05/2025,2025-08,AUS01,5000,CC3100,QLD,Microsoft,INV66093,PO5675,AUD,32865.56,GST-FREE,Payment for consulting,SAP
TXN003119,19-07-2025,17-07-2025,2025-08,AUS01,5300,CC4100,FIN,Microsoft,INV66320,PO6293,AUD,385.33,GST,Payment for subscription,Workday
TXN003120,10-03-2025,09-03-2025,2025-08,AUS01,5010,CC1100,VIC,Seek Limited,INV95789,PO9043,NZD,38454.1,GST-FREE,Payment for subscription,Oracle
TXN003121,2026-08-26,2026-08-20,2026-08,AUS01,5120,CC1200,VIC,BCG,INV17405,PO4248,GBP,30924.68,GST-FREE,Payment for goods,SAP
TXN003122,14-01-2026,08-01-2026,2026-01,AUS01,5910,CC3100,MKT,GCP,INV92208,PO7619,AUD,33751.82,GST,Payment for services,SAP
TXN003123,27-10-2025,25-10-2025,2025-10,AUS01,5200,CC2100,IT,AWS,INV63365,,USD,16156.22,GST,Payment for goods,Manual Entry
TXN003124,01/14/2026,01/10/2026,2026-01,AUS01,5300,CC4100,CORP,EY Australia,INV98303,PO6834,GBP,15295.58,EXPORT,Payment for services,Workday
TXN003125,01/07/2026,12/30/2025,2026-01,AUS01,5500,CC2100,TAS,Google,INV30573,PO6773,AUD,44818.98,GST,Payment for goods,API Import
TXN003126,18-11-2025,12-11-2025,2025-11,AUS01,5320,CC4100,CORP,Hays,INV17777,,NZD,25413.72,GST-FREE,Payment for services,Workday
TXN003127,11/01/2026,03/01/2026,2026-01,AUS01,5800,CC1200,R&D,ServiceNow Inc,INV62345,PO5485,AUD,36281.48,GST,Payment for goods,SAP
TXN003128,22/01/2026,19/01/2026,2026-01,AUS01,5610,CC3200,CORP,LinkedIn Corp,INV39787,,NZD,13341.56,INPUT,Payment for goods,API Import
TXN003129,03/23/2026,03/17/2026,2026-08,AUS01,5700,CC3200,HR,Telstra Corp,INV17050,,GBP,31225.95,INPUT,Payment for consulting,Manual Entry
TXN003130,01/05/2026,12/29/2025,2026-01,AUS01,5800,CC2100,SA,Seek Limited,INV96703,PO2683,USD,35440.66,GST-FREE,Payment for license,SAP
TXN003131,14-01-2026,12-01-2026,2026-01,AUS01,5000,CC1000,NSW,Optus Pty,INV90426,PO5057,NZD,13191.37,GST-FREE,Payment for services,Manual Entry
TXN003132,03/21/2026,03/18/2026,2026-08,AUS01,5100,CC1200,MKT,Robert Half International,INV89225,PO1824,USD,19122.83,INPUT,Payment for goods,Workday
TXN003133,2026-01-17,2026-01-16,2026-01,AUS01,5310,CC3000,SA,Seek Limited,INV39962,,AUD,16338.56,INPUT,Payment for subscription,Manual Entry
TXN003134,2026-01-12,2026-01-09,2026-01,AUS01,5810,CC2000,WA,KPMG Australia,INV17323,PO8657,USD,41368.71,INPUT,Payment for services,API Import
TXN003135,2025-08-25,2025-08-18,2025-08,AUS01,5920,CC2000,R&D,Salesforce,INV41280,PO8369,USD,26632.36,INPUT,Payment for license,Workday
TXN003136,01/28/2026,01/18/2026,2026-01,AUS01,5000,CC3200,R&D,Workday,INV19610,PO2169,AUD,7106.5,GST-FREE,Payment for goods,Manual Entry
TXN003137,10-03-2026,08-03-2026,2026-08,AUS01,5700,CC4000,HR,Google,INV82564,PO4562,NZD,11595.64,EXPORT,Payment for consulting,Manual Entry
TXN003138,02-03-2026,01-03-2026,2026-08,AUS01,5320,CC1000,IT,Optus Pty,INV93684,PO3132,AUD,28015.05,GST,Payment for consulting,Oracle
TXN003139,06-01-2026,30-12-2025,2026-01,AUS01,5120,CC2100,ACT,SAP,INV30043,,USD,19290.82,EXPORT,Payment for consulting,API Import
TXN003140,2026-08-17,2026-08-12,2026-08,AUS01,5800,CC3200,OPS,Microsoft,INV67793,PO9472,GBP,23152.74,GST-FREE,Payment for consulting,Manual Entry
TXN003141,08/22/2025,08/19/2025,2025-08,AUS01,5710,CC2000,HR,Telstra Corp,INV78049,PO5540,USD,17557.26,GST,Payment for subscription,SAP
TXN003142,28-03-2026,19-03-2026,2026-08,AUS01,5320,CC3200,FIN,Zoom,INV89258,,USD,18049.69,GST-FREE,Payment for consulting,Workday
TXN003143,03/04/2026,01/25/2026,2026-08,AUS01,5800,CC4100,MKT,McKinsey,INV68501,PO9902,USD,21727.13,INPUT,Payment for consulting,SAP
TXN003144,03/12/2026,03/08/2026,2026-08,AUS01,5200,CC2000,WA,Salesforce,INV19336,PO4492,GBP,25878.53,GST-FREE,Payment for subscription,Manual Entry
TXN003145,11-01-2025,09-01-2025,2025-01,AUS01,5610,CC3100,WA,GCP,INV28677,,GBP,17137.75,GST,Payment for services,SAP
TXN003146,2026-01-26,2026-01-23,2026-01,AUS01,5500,CC4000,MKT,Telstra Corp,INV78393,PO8603,NZD,29864.74,INPUT,Payment for services,SAP
TXN003147,2026-01-12,2026-01-09,2026-01,AUS01,5310,CC2000,ACT,Robert Half International,INV35333,,AUD,39368.96,EXPORT,Payment for services,Workday
TXN003148,07-01-2026,31-12-2025,2026-01,AUS01,5610,CC2000,IT,Adobe,INV75265,,GBP,28552.99,GST-FREE,Payment for consulting,Oracle
TXN003149,06-01-2026,28-12-2025,2026-01,AUS01,5700,CC4100,HR,Seek Limited,INV55601,,NZD,8830.12,GST,Payment for subscription,Oracle
TXN003150,18-03-2026,15-03-2026,2026-08,AUS01,5920,CC1000,HR,Optus Pty,INV22717,PO5911,NZD,20128.36,GST-FREE,Payment for subscription,API Import
TXN003151,2026-01-09,2025-12-30,2026-01,AUS01,5710,CC4100,HR,Federal Express,INV33043,PO4317,NZD,14269.27,EXPORT,Payment for license,Workday
TXN003152,01/12/2025,23/11/2025,2025-12,AUS01,5420,CC1100,QLD,WeWork Australia,INV97262,PO9649,GBP,38432.15,GST-FREE,Payment for subscription,SAP
TXN003153,21-01-2026,20-01-2026,2026-01,AUS01,5310,CC1100,OPS,Zoom,INV14000,PO2468,NZD,4081.43,GST,Payment for license,Manual Entry
TXN003154,15/01/2026,14/01/2026,2026-01,AUS01,5500,CC3000,MKT,GCP,INV64296,PO2264,NZD,12574.25,INPUT,Payment for license,Manual Entry
TXN003155,26-09-2025,18-09-2025,2025-09,AUS01,5700,CC3100,FIN,AWS,INV45431,,AUD,32424.43,GST,Payment for services,SAP
TXN003156,01/06/2025,25/05/2025,2025-08,AUS01,5620,CC3000,TAS,BCG,INV70481,PO7468,GBP,17094.21,INPUT,Payment for subscription,Manual Entry
TXN003157,08/03/2025,25-03-2025,2025-08,AUS01,5620,CC3200,MKT,Seek Limited,INV54244,,NZD,3853.15,GST,Payment for license,Workday
TXN003158,2025-08-20,2025-08-17,2025-08,AUS01,5210,CC2000,IT,MSFT,INV34355,,NZD,40114.9,EXPORT,Payment for consulting,SAP
TXN003159,28-03-2026,26-03-2026,2026-08,AUS01,5910,CC3100,QLD,BCG,INV38800,PO1207,USD,38254.42,EXPORT,Payment for subscription,Oracle
TXN003160,05/25/2025,05/22/2025,2025-08,AUS01,5520,CC4100,MKT,AWS,INV93223,PO7846,GBP,31949.44,GST,Payment for goods,API Import
TXN003161,2026-01-07,2025-12-28,2026-01,AUS01,5900,CC3100,HR,Atlassian Pty,INV24621,PO1827,NZD,39057.74,EXPORT,Payment for consulting,Manual Entry
TXN003162,04-03-2025,22-03-2025,2025-08,AUS01,5010,CC2000,SA,Telstra Corp,INV45283,,GBP,2689.81,GST,Payment for consulting,API Import
TXN003163,21-04-2025,13-04-2025,2025-08,AUS01,5610,CC3100,TAS,SAP,INV64055,PO7344,AUD,26789.56,INPUT,Payment for services,API Import
TXN003164,01/15/2026,01/05/2026,2026-01,AUS01,5410,CC1100,IT,Zoom,INV12411,PO9029,USD,27268.37,GST-FREE,Payment for license,API Import
TXN003165,10-03-2026,02-03-2026,2026-08,AUS01,5920,CC4100,TAS,Robert Half International,INV69673,PO7607,USD,11592.84,GST-FREE,Payment for license,Manual Entry
TXN003166,18-03-2026,15-03-2026,2026-08,AUS01,5420,CC2100,ACT,Robert Half International,INV11600,PO1585,USD,42252.68,GST-FREE,Payment for license,Manual Entry
TXN003167,01/03/2026,12/29/2025,2026-01,AUS01,5500,CC3000,MKT,WeWork Australia,INV38322,PO3480,AUD,5293.16,GST-FREE,Payment for services,SAP
TXN003168,03/27/2026,03/20/2026,2026-08,AUS01,5420,CC4000,MKT,Salesforce,INV80085,,NZD,897.57,GST-FREE,Payment for subscription,Manual Entry
TXN003169,2026-01-10,2026-01-06,2026-01,AUS01,5420,CC1100,WA,AusPost,INV97832,PO4549,NZD,2611.55,INPUT,Payment for services,Workday
TXN003170,19-01-2026,15-01-2026,2026-01,AUS01,5500,CC4000,MKT,Google,INV57785,,USD,5405.48,GST,Payment for services,Oracle
TXN003171,2026-08-13,2026-08-12,2026-08,AUS01,5220,CC3200,CORP,MSFT,INV46886,PO1982,NZD,19506.18,INPUT,Payment for subscription,API Import
TXN003172,01/03/2026,01/01/2026,2026-01,AUS01,5610,CC2000,CORP,Deloitte Touche,INV92047,PO3630,USD,22303.67,GST,Payment for consulting,API Import
TXN003173,2026-01-20,2026-01-19,2026-01,AUS01,5610,CC4000,ACT,Telstra Corp,INV48207,PO2322,AUD,28858.09,GST,Payment for consulting,Manual Entry
TXN003174,28-01-2026,26-01-2026,2026-01,AUS01,5100,CC3200,CORP,LinkedIn Corp,INV31389,PO7704,USD,37603.16,INPUT,Payment for consulting,SAP
TXN003175,2026-01-18,2026-01-12,2026-01,AUS01,5800,CC4000,FIN,WeWork Australia,INV43416,PO8858,USD,12677.86,GST,Payment for consulting,API Import
TXN003176,01/23/2026,01/15/2026,2026-01,AUS01,5120,CC2100,NSW,AWS,INV20946,PO9518,AUD,10448.22,GST-FREE,Payment for consulting,SAP
TXN003177,03/15/2026,03/05/2026,2026-08,AUS01,5520,CC4100,MKT,Telstra Corp,INV90055,PO8671,USD,34815.59,INPUT,Payment for consulting,Workday
TXN003178,2026-08-21,2026-08-11,2026-08,AUS01,5220,CC4100,CORP,WeWork Australia,INV19867,PO1620,USD,8233.62,INPUT,Payment for services,SAP
TXN003179,05-11-2025,01-11-2025,2025-11,AUS01,5200,CC2100,R&D,Slack,INV72059,,USD,19993.69,EXPORT,Payment for subscription,API Import
TXN003180,10-03-2026,03-03-2026,2026-08,AUS01,5510,CC1200,MKT,Accenture Pty,INV36018,PO5195,NZD,33388.63,INPUT,Payment for license,Oracle
TXN003181,03-03-2026,25/01/2026,2026-08,AUS01,5620,CC1000,TAS,Atlassian Pty,INV72559,PO5529,AUD,14169.39,INPUT,Payment for services,Workday
TXN003182,2025-01-28,2025-01-24,2025-01,AUS01,5610,CC4000,SA,Regus Australia,INV30590,PO4355,NZD,36288.71,GST-FREE,Payment for consulting,Workday
TXN003183,01/08/2025,22/07/2025,2025-08,AUS01,5500,CC2000,MKT,Atlassian Pty,INV51913,,GBP,14450.78,GST-FREE,Payment for goods,Oracle
TXN003184,09-03-2026,04-03-2026,2026-08,AUS01,5710,CC1200,HR,GCP,INV85511,PO6339,USD,25645.33,EXPORT,Payment for consulting,Oracle
TXN003185,2026-01-18,2026-01-10,2026-01,AUS01,5200,CC2000,IT,Regus Australia,INV52689,PO9572,AUD,652.98,INPUT,Payment for services,Workday
TXN003186,26-03-2025,16-03-2025,2025-08,AUS01,5300,CC1000,OPS,Seek Limited,INV57882,PO9545,USD,23420.69,GST-FREE,Payment for consulting,Oracle
TXN003187,19/01/2026,11/01/2026,2026-01,AUS01,5000,CC3100,VIC,Adobe,INV38519,PO9578,NZD,39115.13,EXPORT,Payment for services,Workday
TXN003188,12-03-2026,09-03-2026,2026-08,AUS01,5410,CC1200,,SAP,INV58925,PO2040,AUD,43741.0,EXPORT,Payment for services,Workday
TXN003189,08/10/2025,29/09/2025,2025-10,AUS01,5800,CC1000,FIN,Workday,INV68173,PO6529,NZD,34537.29,INPUT,Payment for consulting,API Import
TXN003190,17-03-2026,13-03-2026,2026-08,AUS01,5800,CC3200,SA,Google,INV11035,PO6452,USD,44427.35,EXPORT,Payment for goods,API Import
TXN003191,2025-12-06,2025-12-03,2025-12,AUS01,5710,CC1200,HR,ServiceNow Inc,INV69362,PO6959,GBP,36067.23,INPUT,Payment for goods,Manual Entry
TXN003192,26-07-2025,21-07-2025,2025-08,AUS01,5900,CC2100,WA,BCG,INV60259,,AUD,7218.1,INPUT,Payment for goods,Oracle
TXN003193,01/01/2026,27/12/2025,2026-01,AUS01,5810,CC3100,WA,Deloitte Touche,INV87081,PO7334,NZD,36019.19,GST-FREE,Payment for services,Oracle
TXN003194,2026-01-17,2026-01-09,2026-01,AUS01,5020,CC4000,HR,Federal Express,INV84750,PO4316,AUD,41220.69,EXPORT,Payment for license,API Import
TXN003195,01/09/2026,01/07/2026,2026-01,AUS01,5010,CC3100,WA,SAP,INV59955,,USD,27774.24,GST,Payment for license,API Import
TXN003196,24-01-2026,23-01-2026,2026-01,AUS01,5300,CC1200,OPS,Hays,INV17501,,NZD,31579.33,GST,Payment for goods,SAP
TXN003197,12-01-2026,02-01-2026,2026-01,AUS01,5310,CC3100,CORP,Oracle,INV90412,PO3296,NZD,28232.05,EXPORT,Payment for goods,Workday
TXN003198,2026-08-06,2026-01-28,2026-08,AUS01,5510,CC4000,MKT,Federal Express,INV10475,PO5625,AUD,23685.29,GST,Payment for license,Oracle
TXN003199,07-03-2026,06-03-2026,2026-08,AUS01,5210,CC3100,CORP,Robert Half International,INV83184,PO5689,AUD,22890.94,INPUT,Payment for subscription,Workday
TXN003200,07-01-2025,04-01-2025,2025-01,AUS01,5810,CC1100,R&D,SAP,INV74983,PO4480,USD,19475.86,EXPORT,Payment for license,Oracle
TXN003201,2025-08-25,2025-08-15,2025-08,AUS01,5020,CC4000,FIN,MSFT,INV41547,,NZD,10558.78,INPUT,Payment for license,Manual Entry
TXN003202,19-03-2026,13-03-2026,2026-08,AUS01,5810,CC3100,TAS,Robert Half International,INV82894,PO1539,NZD,8028.29,GST,Payment for services,API Import
TXN003203,28-01-2026,23-01-2026,2026-01,AUS01,5420,CC1200,ACT,Google,INV60652,PO8221,USD,4805.38,GST-FREE,Payment for subscription,Manual Entry
TXN003204,01/01/2026,31/12/2025,2026-01,AUS01,5110,CC2000,R&D,GCP,INV68690,PO1277,USD,3340.27,GST,Payment for subscription,Oracle
TXN003205,23/11/2025,20/11/2025,2025-11,AUS01,5500,CC3000,WA,Google,INV13168,PO1398,AUD,24034.5,GST-FREE,Payment for subscription,SAP
TXN003206,12/13/2025,12/10/2025,2025-12,AUS01,5920,CC3200,MKT,Adobe,INV11269,PO4690,GBP,4115.44,GST,Payment for services,SAP
TXN003207,2025-08-01,2025-08-23,2025-08,AUS01,5610,CC1200,FIN,McKinsey,INV30460,,AUD,10225.06,GST-FREE,Payment for services,SAP
TXN003208,07-03-2026,06-03-2026,2026-08,AUS01,5120,CC1000,HR,Google,INV60877,PO2349,NZD,319.35,INPUT,Payment for goods,Manual Entry
TXN003209,02-03-2026,25-01-2026,2026-08,AUS01,5110,CC3200,ACT,Adobe,INV57770,,AUD,28511.31,INPUT,Payment for license,API Import
TXN003210,01-07-2025,27-06-2025,2025-08,AUS01,5710,CC3000,,ServiceNow Inc,INV13568,,USD,43230.54,INPUT,Payment for consulting,Oracle
TXN003211,14/01/2026,08/01/2026,2026-01,AUS01,5020,CC1000,QLD,EY Australia,INV73615,,NZD,17066.19,GST,Payment for subscription,SAP
TXN003212,05/26/2025,05/24/2025,2025-08,AUS01,5200,CC2000,IT,Slack,INV36609,,AUD,26666.53,EXPORT,Payment for license,Oracle
TXN003213,2026-08-10,2026-08-02,2026-08,AUS01,5300,CC1100,OPS,SAP,INV64378,PO4874,NZD,25561.14,EXPORT,Payment for license,SAP
TXN003214,08-08-2025,04-08-2025,2025-08,AUS01,5700,CC4000,HR,Regus Australia,INV89300,,GBP,12579.97,GST-FREE,Payment for subscription,API Import
TXN003215,2025-11-01,2025-10-31,2025-11,AUS01,5900,CC4000,ACT,EY Australia,INV73981,PO2515,AUD,17693.99,EXPORT,Payment for subscription,Manual Entry
TXN003216,17/01/2026,15/01/2026,2026-01,AUS01,5220,CC3100,CORP,Regus Australia,INV39510,PO7064,AUD,43432.47,GST,Payment for subscription,API Import
TXN003217,03/23/2026,03/16/2026,2026-08,AUS01,5920,CC2100,OPS,Adobe,INV94620,PO1348,AUD,4485.86,GST,Payment for goods,Oracle
TXN003218,2025-08-06,2025-08-04,2025-08,AUS01,5400,CC3000,IT,GCP,INV87835,,AUD,18327.95,GST,Payment for consulting,Workday
TXN003219,02-01-2026,27-12-2025,2026-01,AUS01,5100,CC4100,HR,Adobe,INV72018,PO1342,GBP,36682.5,EXPORT,Payment for subscription,Manual Entry
TXN003220,04-03-2026,01-03-2026,2026-08,AUS01,5700,CC1200,HR,Robert Half International,INV55321,PO9176,NZD,44623.02,EXPORT,Payment for goods,SAP
TXN003221,2026-01-05,2025-12-31,2026-01,AUS01,5920,CC4000,QLD,Hays,INV60260,PO6560,AUD,40050.51,GST-FREE,Payment for goods,Workday
TXN003222,16-07-2025,11-07-2025,2025-08,AUS01,5020,CC2100,OPS,KPMG Australia,INV25072,PO8173,USD,32543.94,EXPORT,Payment for subscription,Workday
TXN003223,2026-08-07,2026-08-02,2026-08,AUS01,5320,CC4100,SA,Regus Australia,INV16519,,NZD,788.12,GST,Payment for license,SAP
TXN003224,03/14/2026,03/09/2026,2026-08,AUS01,5500,CC2000,MKT,McKinsey,INV27725,PO3277,GBP,41016.08,INPUT,Payment for license,Workday
TXN003225,07-03-2026,05-03-2026,2026-08,AUS01,5010,CC4100,WA,Amazon,INV94538,PO5327,USD,11822.08,GST,Payment for consulting,Workday
TXN003226,2026-08-15,2026-08-12,2026-08,AUS01,5910,CC2000,VIC,AusPost,INV74485,,AUD,19842.09,GST,Payment for consulting,SAP
TXN003227,08/01/2026,31/12/2025,2026-01,AUS01,5120,CC3000,ACT,McKinsey,INV34668,,USD,29767.31,GST,Payment for services,Manual Entry
TXN003228,14-03-2026,11-03-2026,2026-08,AUS01,5520,CC1000,MKT,WeWork Australia,INV58493,,NZD,41682.12,EXPORT,Payment for services,SAP
TXN003229,13/01/2026,05/01/2026,2026-01,AUS01,5610,CC1000,HR,WeWork Australia,INV68407,,NZD,24995.59,GST,Payment for goods,Oracle
TXN003230,25-03-2026,15-03-2026,2026-08,AUS01,5620,CC1100,MKT,Amazon,INV95422,PO6799,USD,36080.74,EXPORT,Payment for consulting,SAP
TXN003231,2026-08-05,2026-01-29,2026-08,AUS01,5300,CC3100,FIN,PWC,INV59286,,GBP,37668.64,EXPORT,Payment for license,Workday
TXN003232,13/01/2026,08/01/2026,2026-01,AUS01,5010,CC4000,SA,Deloitte Touche,INV95035,PO6008,NZD,2702.8,GST,Payment for goods,API Import
TXN003233,19/01/2026,13/01/2026,2026-01,AUS01,5420,CC1000,FIN,Adobe,INV78284,PO6487,GBP,5479.29,GST-FREE,Payment for services,Workday
TXN003234,08-03-2026,02-03-2026,2026-08,AUS01,5700,CC3000,HR,Zoom,INV54216,PO2930,AUD,11150.56,EXPORT,Payment for license,SAP
TXN003235,2026-01-28,2026-01-22,2026-01,AUS01,5120,CC4000,WA,Workday,INV35527,,AUD,38274.02,INPUT,Payment for consulting,Manual Entry
TXN003236,2025-08-08,2025-08-30,2025-08,AUS01,5210,CC1000,R&D,ServiceNow Inc,INV93538,PO7583,NZD,933.37,EXPORT,Payment for license,Oracle
TXN003237,2026-01-23,2026-01-13,2026-01,AUS01,5920,CC1100,TAS,Amazon,INV23310,PO1573,NZD,670.32,EXPORT,Payment for license,Workday
TXN003238,03/16/2026,03/11/2026,2026-08,AUS01,5320,CC2100,OPS,Amazon,INV50554,,GBP,26640.28,GST,Payment for consulting,Manual Entry
TXN003239,16/09/2025,08/09/2025,2025-09,AUS01,5620,CC2100,NSW,Accenture Pty,INV58845,PO7956,AUD,34749.65,INPUT,Payment for license,Workday
TXN003240,20-01-2026,10-01-2026,2026-01,AUS01,5120,CC4100,ACT,Federal Express,INV31504,PO4578,USD,33185.1,GST-FREE,Payment for goods,Workday
TXN003241,08-03-2026,07-03-2026,2026-08,AUS01,5200,CC4100,IT,Google,INV52093,PO2789,AUD,14758.27,EXPORT,Payment for subscription,SAP
TXN003242,22/03/2025,17/03/2025,2025-08,AUS01,5200,CC1000,IT,Optus Pty,INV29701,PO9306,GBP,23374.52,GST-FREE,Payment for consulting,Manual Entry
TXN003243,2026-08-26,2026-08-19,2026-08,AUS01,5010,CC3000,VIC,Google,INV30990,PO4048,AUD,21238.53,GST,Payment for goods,Manual Entry
TXN003244,24-03-2026,16-03-2026,2026-08,AUS01,5220,CC2000,CORP,LinkedIn Corp,INV38554,PO9610,USD,24081.66,GST,Payment for subscription,Oracle
TXN003245,2026-08-10,2026-08-06,2026-08,AUS01,5320,CC3200,FIN,Atlassian Pty,INV64270,,GBP,33757.56,GST-FREE,Payment for services,Workday
TXN003246,15-03-2026,12-03-2026,2026-08,AUS01,5000,CC3200,NSW,Workday,INV40009,PO6112,NZD,20810.72,EXPORT,Payment for services,Workday
TXN003247,03/27/2026,03/21/2026,2026-08,AUS01,5900,CC3100,WA,EY Australia,INV18416,PO7495,GBP,40631.82,GST-FREE,Payment for license,API Import
TXN003248,11/01/2026,04/01/2026,2026-01,AUS01,5400,CC2000,QLD,Seek Limited,INV39306,PO1742,AUD,719.36,INPUT,Payment for services,Workday
TXN003249,03/18/2026,03/10/2026,2026-08,AUS01,5510,CC1100,MKT,DHL Express,INV78037,PO1773,NZD,40598.61,GST,Payment for subscription,SAP
TXN003250,2025-10-17,2025-10-14,2025-10,AUS01,5300,CC2100,CORP,DHL Express,INV66653,,USD,25053.02,GST-FREE,Payment for goods,Workday
TXN003251,23-03-2026,22-03-2026,2026-08,AUS01,5900,CC4000,WA,LinkedIn Corp,INV36426,,USD,34408.13,EXPORT,Payment for license,Oracle
TXN003252,2026-01-23,2026-01-14,2026-01,AUS01,5020,CC2000,VIC,Optus Pty,INV78170,PO1113,USD,34363.82,GST-FREE,Payment for subscription,Workday
TXN003253,01/05/2025,30/04/2025,2025-08,AUS01,5810,CC4000,R&D,ServiceNow Inc,INV62670,,NZD,25589.11,GST,Payment for consulting,Workday
TXN003254,19/04/2025,11/04/2025,2025-08,AUS01,5200,CC4000,CORP,AusPost,INV72267,PO3643,AUD,9235.57,GST-FREE,Payment for consulting,API Import
TXN003255,2026-01-04,2025-12-29,2026-01,AUS01,5320,CC2000,CORP,Oracle,INV14479,PO2447,NZD,31008.04,GST-FREE,Payment for goods,Manual Entry
TXN003256,2025-09-16,2025-09-09,2025-09,AUS01,5010,CC2000,WA,Accenture Pty,INV78302,PO1218,NZD,3362.89,EXPORT,Payment for goods,API Import
TXN003257,05/16/2025,05/06/2025,2025-08,AUS01,5000,CC3200,IT,Adobe,INV79566,PO1062,GBP,41109.58,INPUT,Payment for subscription,SAP
TXN003258,2025-10-08,2025-10-01,2025-10,AUS01,5500,CC4000,MKT,Salesforce,INV68226,PO4627,USD,23945.75,GST-FREE,Payment for license,API Import
TXN003259,11/03/2025,10/03/2025,2025-08,AUS01,5810,CC4000,WA,Zoom,INV45899,PO6707,USD,35442.91,GST,Payment for goods,API Import
TXN003260,11/01/2026,04/01/2026,2026-01,AUS01,5600,CC4000,OPS,Zoom,INV15601,PO5923,USD,42594.35,GST-FREE,Payment for license,Manual Entry
TXN003261,2025-08-04,2025-08-29,2025-08,AUS01,5410,CC1200,CORP,ServiceNow Inc,INV75312,PO2057,AUD,36810.16,EXPORT,Payment for license,Workday
TXN003262,13-06-2025,12-06-2025,2025-08,AUS01,5020,CC2100,VIC,Salesforce,INV43465,,USD,25305.05,GST,Payment for services,Oracle
TXN003263,03/01/2026,26/12/2025,2026-01,AUS01,5110,CC2100,HR,Optus Pty,INV34355,,NZD,22720.21,EXPORT,Payment for consulting,API Import
TXN003264,21-10-2025,19-10-2025,2025-10,AUS01,5500,CC2000,MKT,Slack,INV13320,PO4084,GBP,20717.72,EXPORT,Payment for license,Workday
TXN003265,2026-08-21,2026-08-17,2026-08,AUS01,5410,CC4000,HR,MSFT,INV48243,,GBP,16252.05,EXPORT,Payment for consulting,API Import
TXN003266,08/18/2025,08/14/2025,2025-08,AUS01,5410,CC3100,SA,Accenture Pty,INV64589,PO9309,USD,21455.67,INPUT,Payment for subscription,Workday
TXN003267,08/08/2025,08/31/2025,2025-08,AUS01,5420,CC3200,SA,Hays,INV54459,PO7782,NZD,25372.35,INPUT,Payment for services,API Import
TXN003268,22-03-2026,14-03-2026,2026-08,AUS01,5300,CC2100,OPS,Adobe,INV14919,,USD,34160.39,EXPORT,Payment for subscription,Workday
TXN003269,2026-08-11,2026-08-08,2026-08,AUS01,5320,CC3100,CORP,Hays,INV77768,,AUD,7077.72,EXPORT,Payment for subscription,API Import
TXN003270,2026-08-18,2026-08-11,2026-08,AUS01,5810,CC1100,NSW,AWS,INV37305,PO5780,USD,19773.31,EXPORT,Payment for services,Oracle
TXN003271,2025-08-27,2025-08-22,2025-08,AUS01,5200,CC3200,R&D,Deloitte Touche,INV90077,PO9993,AUD,28168.61,EXPORT,Payment for services,API Import
TXN003272,24-03-2025,18-03-2025,2025-08,AUS01,5310,CC1100,OPS,AWS,INV90572,PO8577,GBP,34973.78,GST,Payment for services,Manual Entry
TXN003273,28/06/2025,18/06/2025,2025-08,AUS01,5900,CC2000,HR,Google,INV14230,,USD,5842.94,INPUT,Payment for consulting,Workday
TXN003274,03/19/2026,03/16/2026,2026-08,AUS01,5320,CC1000,CORP,Salesforce,INV57826,PO5936,GBP,16869.26,INPUT,Payment for license,Manual Entry
TXN003275,07-03-2026,29/01/2026,2026-08,AUS01,5020,CC1000,OPS,Hays,INV17775,PO6527,AUD,35311.31,EXPORT,Payment for subscription,Manual Entry
TXN003276,03/07/2026,03/05/2026,2026-08,AUS01,5010,CC4100,HR,DHL Express,INV59745,PO7685,AUD,35068.63,EXPORT,Payment for services,Workday
TXN003277,2025-08-07,2025-08-30,2025-08,AUS01,5400,CC3100,ACT,Amazon,INV59362,PO2497,USD,13268.4,INPUT,Payment for license,SAP
TXN003278,10/01/2026,08/01/2026,2026-01,AUS01,5810,CC3100,MKT,Optus Pty,INV44453,PO1273,NZD,20671.87,INPUT,Payment for consulting,API Import
TXN003279,11/07/2025,11/04/2025,2025-11,AUS01,5410,CC1000,QLD,Regus Australia,INV92529,PO8130,USD,10672.47,GST-FREE,Payment for license,Manual Entry
TXN003280,2025-08-13,2025-08-04,2025-08,AUS01,5710,CC1100,HR,Robert Half International,INV47807,,GBP,34125.15,GST,Payment for services,Oracle
TXN003281,14-03-2026,09-03-2026,2026-08,AUS01,5510,CC3200,MKT,Deloitte Touche,INV25851,PO4950,NZD,4827.88,EXPORT,Payment for consulting,API Import
TXN003282,02-03-2026,30/01/2026,2026-08,AUS01,5620,CC4100,QLD,Workday,INV48575,,AUD,27069.66,INPUT,Payment for services,Oracle
TXN003283,03-03-2026,29/01/2026,2026-08,AUS01,5920,CC3000,CORP,BCG,INV15363,PO6613,GBP,27338.98,GST,Payment for consulting,Manual Entry
TXN003284,26-03-2026,23-03-2026,2026-08,AUS01,5210,CC1000,IT,Federal Express,INV68555,PO4245,USD,42357.65,INPUT,Payment for consulting,SAP
TXN003285,08/21/2025,08/19/2025,2025-08,AUS01,5900,CC1000,ACT,KPMG Australia,INV69694,PO7220,AUD,10702.83,EXPORT,Payment for consulting,API Import
TXN003286,12-03-2025,09-03-2025,2025-08,AUS01,5800,CC1200,SA,PWC,INV20428,PO8727,GBP,21626.86,EXPORT,Payment for subscription,Workday
TXN003287,25-03-2026,15-03-2026,2026-08,AUS01,5100,CC1200,ACT,Amazon,INV31395,PO5551,NZD,15118.28,GST,Payment for subscription,Oracle
TXN003288,18/01/2026,11/01/2026,2026-01,AUS01,5910,CC4100,NSW,Optus Pty,INV40873,PO7338,GBP,25756.93,GST,Payment for consulting,Workday
TXN003289,25-01-2026,16-01-2026,2026-01,AUS01,5610,CC4100,TAS,DHL Express,INV77923,PO2289,AUD,23419.36,EXPORT,Payment for subscription,SAP
TXN003290,18-03-2026,12-03-2026,2026-08,AUS01,5600,CC1000,SA,KPMG Australia,INV44132,PO4051,AUD,30946.24,INPUT,Payment for consulting,SAP
TXN003291,15-03-2026,09-03-2026,2026-08,AUS01,5300,CC2100,OPS,BCG,INV18355,,USD,21670.98,EXPORT,Payment for subscription,Workday
TXN003292,15-03-2026,06-03-2026,2026-08,AUS01,5500,CC2100,MKT,MSFT,INV90431,,GBP,14360.5,GST,Payment for services,Workday
TXN003293,2025-12-13,2025-12-09,2025-12,AUS01,5420,CC4000,NT,Adobe,INV78576,PO2886,AUD,10354.61,EXPORT,Payment for services,API Import
TXN003294,03/21/2026,03/12/2026,2026-08,AUS01,5500,CC3200,MKT,LinkedIn Corp,INV56953,,AUD,40090.02,EXPORT,Payment for goods,API Import
TXN003295,21/01/2026,11/01/2026,2026-01,AUS01,5620,CC1200,R&D,McKinsey,INV90210,PO8833,GBP,43581.58,EXPORT,Payment for subscription,Manual Entry
TXN003296,27-03-2026,25-03-2026,2026-08,AUS01,5810,CC3200,IT,Seek Limited,INV63258,PO8203,AUD,23392.94,GST-FREE,Payment for license,Manual Entry
TXN003297,03-11-2025,30-10-2025,2025-11,AUS01,5900,CC2000,WA,DHL Express,INV41691,,USD,35621.31,GST,Payment for goods,Oracle
TXN003298,24-09-2025,21-09-2025,2025-09,AUS01,5300,CC4100,FIN,AusPost,INV62743,PO5535,NZD,1322.44,INPUT,Payment for license,Manual Entry
TXN003299,2025-08-15,2025-08-09,2025-08,AUS01,5210,CC3100,IT,EY Australia,INV43647,PO6512,NZD,43373.85,GST-FREE,Payment for subscription,SAP
TXN003300,2026-01-05,2025-12-28,2026-01,AUS01,5400,CC1200,IT,MSFT,INV79604,PO5172,AUD,38168.19,GST-FREE,Payment for license,Oracle
TXN003301,2025-12-18,2025-12-17,2025-12,AUS01,5900,CC4100,FIN,Adobe,INV52119,,AUD,16055.23,EXPORT,Payment for subscription,Manual Entry
TXN003302,17-03-2026,07-03-2026,2026-08,AUS01,5410,CC4100,HR,Microsoft,INV38636,,AUD,41739.67,GST-FREE,Payment for subscription,Oracle
TXN003303,01/26/2026,01/25/2026,2026-01,AUS01,5220,CC1100,IT,McKinsey,INV29056,PO9474,GBP,14784.73,INPUT,Payment for consulting,SAP
TXN003304,21-03-2025,13-03-2025,2025-08,AUS01,5420,CC4100,ACT,SAP,INV67132,PO6090,USD,10256.39,INPUT,Payment for goods,SAP
TXN003305,01/03/2026,12/29/2025,2026-01,AUS01,5900,CC3000,FIN,Optus Pty,INV64285,PO3871,GBP,43345.7,GST,Payment for license,Workday
TXN003306,02-01-2026,28-12-2025,2026-01,AUS01,5020,CC1000,SA,Workday,INV93403,PO8976,AUD,24105.1,GST,Payment for goods,Oracle
TXN003307,21-01-2026,15-01-2026,2026-01,AUS01,5910,CC1200,QLD,Workday,INV58425,PO6931,NZD,28590.74,EXPORT,Payment for subscription,Manual Entry
TXN003308,2026-01-24,2026-01-21,2026-01,AUS01,5910,CC1000,FIN,ServiceNow Inc,INV69632,PO8136,NZD,33210.49,EXPORT,Payment for subscription,Workday
TXN003309,2025-08-22,2025-08-20,2025-08,AUS01,5920,CC4100,OPS,Robert Half International,INV49331,PO6471,USD,31770.7,GST,Payment for goods,Workday
TXN003310,10/27/2025,10/24/2025,2025-10,AUS01,5310,CC3100,CORP,Slack,INV75078,PO9375,GBP,36294.05,GST,Payment for services,Oracle
TXN003311,01/26/2026,01/18/2026,2026-01,AUS01,5900,CC3000,MKT,Salesforce,INV15684,PO5476,USD,33279.85,INPUT,Payment for license,SAP
TXN003312,08/17/2025,08/16/2025,2025-08,AUS01,5320,CC4000,CORP,Slack,INV98030,PO5414,NZD,2425.4,INPUT,Payment for consulting,Workday
TXN003313,03/08/2025,03/08/2025,2025-08,AUS01,5400,CC4100,OPS,Amazon,INV87577,PO8202,GBP,4978.37,INPUT,Payment for goods,Workday
TXN003314,2025-12-08,2025-12-04,2025-12,AUS01,5100,CC3000,SA,PWC,INV45581,PO3092,GBP,13990.97,INPUT,Payment for license,SAP
TXN003315,01/23/2026,01/18/2026,2026-01,AUS01,5700,CC1000,HR,MSFT,INV24085,PO1783,USD,35105.25,GST-FREE,Payment for consulting,API Import
TXN003316,16/01/2026,15/01/2026,2026-01,AUS01,5920,CC3000,TAS,SAP,INV45594,PO4427,AUD,38226.04,GST-FREE,Payment for goods,API Import
TXN003317,06-01-2026,03-01-2026,2026-01,AUS01,5000,CC3000,NSW,Regus Australia,INV29355,PO5940,NZD,31837.99,EXPORT,Payment for license,Manual Entry
TXN003318,12-09-2025,06-09-2025,2025-09,AUS01,5800,CC3200,MKT,ServiceNow Inc,INV37200,,USD,26784.0,INPUT,Payment for license,Workday
TXN003319,01/03/2026,12/26/2025,2026-01,AUS01,5520,CC3200,R&D,Oracle,INV73215,,AUD,30580.5,INPUT,Payment for license,Oracle
TXN003320,20-01-2026,11-01-2026,2026-01,AUS01,5200,CC1000,IT,Salesforce,INV62980,PO1290,GBP,36631.68,INPUT,Payment for consulting,Workday
TXN003321,11-01-2025,08-01-2025,2025-01,AUS01,5700,CC3000,HR,Federal Express,INV30518,PO9753,GBP,259.14,GST-FREE,Payment for license,Manual Entry
TXN003322,12-03-2026,06-03-2026,2026-08,AUS01,5010,CC4100,WA,Microsoft,INV96902,PO1747,USD,1651.58,INPUT,Payment for subscription,Manual Entry
TXN003323,2026-01-26,2026-01-18,2026-01,AUS01,5300,CC2000,FIN,Amazon,INV72915,PO4115,GBP,37182.13,INPUT,Payment for license,Oracle
TXN003324,03/10/2025,27/09/2025,2025-10,AUS01,5620,CC2100,R&D,PWC,INV93289,,AUD,30724.81,GST-FREE,Payment for consulting,SAP
TXN003325,2026-01-18,2026-01-16,2026-01,AUS01,5020,CC1200,HR,MSFT,INV33567,PO2179,USD,34103.43,EXPORT,Payment for consulting,API Import
TXN003326,01/26/2026,01/23/2026,2026-01,AUS01,5410,CC1100,OPS,DHL Express,INV73362,,GBP,29836.7,INPUT,Payment for services,Manual Entry
TXN003327,23/01/2026,17/01/2026,2026-01,AUS01,5120,CC3200,QLD,BCG,INV81264,,GBP,16563.44,GST,Payment for goods,SAP
TXN003328,2026-01-21,2026-01-19,2026-01,AUS01,5800,CC3100,OPS,Google,INV30753,PO1765,USD,8113.46,INPUT,Payment for services,Manual Entry
TXN003329,2026-08-10,2026-08-03,2026-08,AUS01,5400,CC2100,FIN,Workday,INV48897,,AUD,24787.81,GST,Payment for goods,SAP
TXN003330,13-03-2026,10-03-2026,2026-08,AUS01,5200,CC1200,IT,EY Australia,INV46801,PO1624,GBP,37671.25,INPUT,Payment for consulting,SAP
TXN003331,26-03-2026,25-03-2026,2026-08,AUS01,5410,CC3200,WA,Accenture Pty,INV19489,,GBP,40864.13,GST-FREE,Payment for license,SAP
TXN003332,2026-01-02,2025-12-25,2026-01,AUS01,5120,CC4100,TAS,Amazon,INV23727,PO8472,NZD,21244.48,GST,Payment for services,Workday
TXN003333,25-06-2025,20-06-2025,2025-08,AUS01,5420,CC3100,WA,BCG,INV68964,PO4690,NZD,20508.97,INPUT,Payment for goods,Manual Entry
TXN003334,21-01-2026,15-01-2026,2026-01,AUS01,5620,CC4100,QLD,PWC,INV12717,PO4562,GBP,41931.81,GST,Payment for consulting,API Import
TXN003335,10-03-2026,04-03-2026,2026-08,AUS01,5120,CC2000,FIN,Microsoft,INV35375,,AUD,13076.66,GST-FREE,Payment for goods,SAP
TXN003336,09/01/2026,08/01/2026,2026-01,AUS01,5900,CC3200,HR,Microsoft,INV71421,PO5290,AUD,1153.14,EXPORT,Payment for consulting,Workday
TXN003337,07-09-2025,02-09-2025,2025-09,AUS01,5900,CC1100,R&D,Telstra Corp,INV20573,,USD,23852.26,INPUT,Payment for goods,Oracle
TXN003338,03/01/2026,27/12/2025,2026-01,AUS01,5510,CC1200,MKT,Google,INV60893,PO5066,GBP,36087.69,GST-FREE,Payment for services,API Import
TXN003339,2026-01-25,2026-01-20,2026-01,AUS01,5520,CC1000,MKT,Robert Half International,INV24065,,GBP,39636.37,GST,Payment for subscription,API Import
TXN003340,01/01/2026,12/27/2025,2026-01,AUS01,5710,CC2000,HR,MSFT,INV73400,,GBP,44172.62,EXPORT,Payment for services,Oracle
TXN003341,2025-08-15,2025-08-08,2025-08,AUS01,5510,CC1100,MKT,AWS,INV64469,PO4817,AUD,43408.48,EXPORT,Payment for subscription,Oracle
TXN003342,03/03/2025,01/31/2025,2025-08,AUS01,5410,CC3200,NSW,SAP,INV69244,PO7470,GBP,5243.11,GST,Payment for license,Manual Entry
TXN003343,17-03-2025,12-03-2025,2025-08,AUS01,5410,CC2100,ACT,GCP,INV55864,PO6093,NZD,21322.4,GST-FREE,Payment for consulting,API Import
TXN003344,03/19/2026,03/15/2026,2026-08,AUS01,5620,CC3200,HR,KPMG Australia,INV70210,PO7223,USD,15491.37,INPUT,Payment for license,API Import
TXN003345,27-05-2025,19-05-2025,2025-08,AUS01,5900,CC2000,OPS,Regus Australia,INV14457,,AUD,17522.51,EXPORT,Payment for goods,Oracle
TXN003346,22-03-2026,21-03-2026,2026-08,AUS01,5100,CC2100,QLD,Amazon,INV98982,PO2256,NZD,32090.49,GST,Payment for subscription,SAP
TXN003347,20-07-2025,16-07-2025,2025-08,AUS01,5110,CC2000,CORP,MSFT,INV29784,PO7857,NZD,21996.12,EXPORT,Payment for services,SAP
TXN003348,03/12/2026,03/08/2026,2026-08,AUS01,5210,CC4000,CORP,KPMG Australia,INV66938,,AUD,17770.23,GST,Payment for license,SAP
TXN003349,11-01-2026,04-01-2026,2026-01,AUS01,5010,CC2000,WA,Amazon,INV93742,PO5309,AUD,15876.03,GST,Payment for goods,Workday
TXN003350,27/09/2025,20/09/2025,2025-09,AUS01,5210,CC3000,CORP,Telstra Corp,INV68055,PO5076,AUD,31188.02,EXPORT,Payment for subscription,Manual Entry
TXN003351,01/05/2026,12/31/2025,2026-01,AUS01,5100,CC3100,NSW,LinkedIn Corp,INV48041,,GBP,6576.63,EXPORT,Payment for license,Manual Entry
TXN003352,10-01-2026,05-01-2026,2026-01,AUS01,5110,CC4100,R&D,SAP,INV49562,PO1396,USD,17648.69,GST-FREE,Payment for license,Oracle
TXN003353,03/19/2026,03/17/2026,2026-08,AUS01,5410,CC1200,TAS,Microsoft,INV59496,,NZD,15745.38,GST-FREE,Payment for consulting,Oracle
TXN003354,2025-08-08,2025-08-05,2025-08,AUS01,5310,CC4000,OPS,GCP,INV61557,PO4652,USD,30201.14,EXPORT,Payment for subscription,SAP
TXN003355,2026-08-09,2026-01-30,2026-08,AUS01,5420,CC2100,IT,Deloitte Touche,INV26915,PO7571,GBP,19197.12,GST-FREE,Payment for license,Workday
TXN003356,2025-08-25,2025-08-18,2025-08,AUS01,5600,CC1200,MKT,Salesforce,INV23672,,GBP,16744.73,EXPORT,Payment for goods,API Import
TXN003357,01/10/2026,01/05/2026,2026-01,AUS01,5620,CC3200,IT,Amazon,INV56458,PO8202,NZD,419.02,GST,Payment for subscription,Workday
TXN003358,2026-01-23,2026-01-15,2026-01,AUS01,5410,CC3100,ACT,EY Australia,INV39601,PO5091,GBP,23342.8,GST,Payment for services,Oracle
TXN003359,15-03-2026,14-03-2026,2026-08,AUS01,5500,CC4000,MKT,Accenture Pty,INV80865,,USD,15821.62,INPUT,Payment for goods,Workday
TXN003360,12-03-2026,07-03-2026,2026-08,AUS01,5910,CC4000,WA,Atlassian Pty,INV57787,PO6066,GBP,39282.05,GST-FREE,Payment for services,Manual Entry
TXN003361,01/14/2026,01/09/2026,2026-01,AUS01,5410,CC1100,ACT,Deloitte Touche,INV14273,PO5798,AUD,4733.75,GST,Payment for consulting,Oracle
TXN003362,2026-01-19,2026-01-16,2026-01,AUS01,5910,CC4100,NSW,Robert Half International,INV78128,,USD,42335.39,INPUT,Payment for license,SAP
TXN003363,2026-08-22,2026-08-19,2026-08,AUS01,5420,CC3200,IT,Salesforce,INV23777,PO7310,USD,39910.26,EXPORT,Payment for license,Workday
TXN003364,2026-08-07,2026-01-28,2026-08,AUS01,5100,CC3200,NSW,KPMG Australia,INV11836,PO1032,NZD,21986.66,INPUT,Payment for goods,SAP
TXN003365,26/01/2026,23/01/2026,2026-01,AUS01,5600,CC1000,CORP,DHL Express,INV52702,PO5840,NZD,37282.47,EXPORT,Payment for services,Oracle
TXN003366,23/01/2026,15/01/2026,2026-01,AUS01,5410,CC2100,SA,McKinsey,INV82757,PO3121,USD,36982.08,INPUT,Payment for license,SAP
TXN003367,08/01/2026,28/12/2025,2026-01,AUS01,5400,CC3000,SA,AusPost,INV11753,PO6981,USD,44582.06,GST,Payment for license,API Import
TXN003368,2025-08-01,2025-08-20,2025-08,AUS01,5810,CC4000,ACT,Robert Half International,INV10006,,AUD,411.02,GST-FREE,Payment for goods,Manual Entry
TXN003369,18-03-2026,09-03-2026,2026-08,AUS01,5400,CC4000,NSW,Seek Limited,INV16699,PO4123,USD,35390.35,GST-FREE,Payment for services,Manual Entry
TXN003370,2026-01-03,2025-12-25,2026-01,AUS01,5020,CC3100,VIC,Adobe,INV59605,PO7415,USD,9307.58,EXPORT,Payment for goods,SAP
TXN003371,04/12/2025,04/10/2025,2025-08,AUS01,5320,CC1100,OPS,MSFT,INV69551,PO3730,GBP,217.12,GST-FREE,Payment for license,Workday
TXN003372,28-03-2026,19-03-2026,2026-08,AUS01,5410,CC2000,MKT,BCG,INV61176,,USD,13855.18,GST-FREE,Payment for license,API Import
TXN003373,08/16/2025,08/06/2025,2025-08,AUS01,5310,CC3000,CORP,Google,INV41425,PO9592,AUD,27460.94,GST-FREE,Payment for license,Workday
TXN003374,15/06/2025,08/06/2025,2025-08,AUS01,5620,CC2000,MKT,Deloitte Touche,INV66973,,GBP,29500.28,GST,Payment for license,SAP
TXN003375,01/12/2026,01/03/2026,2026-01,AUS01,5500,CC3000,MKT,Workday,INV86941,PO5454,AUD,31449.2,GST-FREE,Payment for license,API Import
TXN003376,2026-01-22,2026-01-12,2026-01,AUS01,5300,CC1100,FIN,Telstra Corp,INV95469,,GBP,25526.96,GST-FREE,Payment for consulting,API Import
TXN003377,2025-11-25,2025-11-20,2025-11,AUS01,5310,CC2100,CORP,Google,INV72024,PO9410,AUD,25352.85,GST,Payment for subscription,Workday
TXN003378,12/26/2025,12/17/2025,2025-12,AUS01,5800,CC3200,MKT,PWC,INV85539,PO7895,NZD,2027.41,GST,Payment for goods,API Import
TXN003379,25-01-2025,19-01-2025,2025-01,AUS01,5800,CC4000,CORP,Amazon,INV17314,PO1368,GBP,29589.7,GST,Payment for subscription,Manual Entry
TXN003380,2026-08-26,2026-08-24,2026-08,AUS01,5600,CC3200,ACT,KPMG Australia,INV68505,PO3406,USD,43402.55,INPUT,Payment for license,Oracle
TXN003381,03/11/2026,03/05/2026,2026-08,AUS01,5920,CC3100,HR,Robert Half International,INV65620,PO1217,AUD,31628.9,INPUT,Payment for services,SAP
TXN003382,2025-09-11,2025-09-08,2025-09,AUS01,5810,CC2000,OPS,Federal Express,INV48456,PO5676,USD,12366.61,GST-FREE,Payment for consulting,SAP
TXN003383,01/12/2025,25/11/2025,2025-12,AUS01,5100,CC4100,MKT,Microsoft,INV28216,PO5412,GBP,40342.73,EXPORT,Payment for consulting,SAP
TXN003384,08/20/2025,08/12/2025,2025-08,AUS01,5710,CC3200,HR,Adobe,INV47859,PO4978,NZD,24016.35,EXPORT,Payment for services,API Import
TXN003385,01/07/2026,12/30/2025,2026-01,AUS01,5110,CC4000,ACT,Amazon,INV14843,PO7841,AUD,38653.59,GST,Payment for goods,Workday
TXN003386,21-03-2026,16-03-2026,2026-08,AUS01,5620,CC1100,TAS,Robert Half International,INV15971,PO3570,AUD,36916.74,GST-FREE,Payment for goods,SAP
TXN003387,11-03-2026,05-03-2026,2026-08,AUS01,5420,CC2000,VIC,Workday,INV75699,PO7195,GBP,44670.25,GST-FREE,Payment for subscription,Manual Entry
TXN003388,10/12/2025,10/06/2025,2025-10,AUS01,5110,CC3000,MKT,Robert Half International,INV80858,PO7982,GBP,25129.45,EXPORT,Payment for consulting,Workday
TXN003389,17-03-2026,08-03-2026,2026-08,AUS01,5120,CC3100,IT,EY Australia,INV16720,,GBP,5109.35,GST,Payment for subscription,Workday
TXN003390,09-03-2026,04-03-2026,2026-08,AUS01,5310,CC2000,CORP,Accenture Pty,INV27856,PO9334,NZD,20068.1,INPUT,Payment for subscription,Workday
TXN003391,2025-08-15,2025-08-10,2025-08,AUS01,5910,CC1100,ACT,EY Australia,INV37788,PO8903,NZD,1681.66,EXPORT,Payment for services,Manual Entry
TXN003392,09/20/2025,09/18/2025,2025-09,AUS01,5920,CC1100,IT,GCP,INV80099,PO6963,GBP,29210.12,GST-FREE,Payment for license,Workday
TXN003393,03/11/2026,03/08/2026,2026-08,AUS01,5120,CC4100,TAS,GCP,INV47855,,USD,11152.18,GST-FREE,Payment for license,Manual Entry
TXN003394,28-01-2026,26-01-2026,2026-01,AUS01,5020,CC4000,HR,AWS,INV67866,PO8549,AUD,32150.89,EXPORT,Payment for subscription,Oracle
TXN003395,2025-08-13,2025-08-08,2025-08,AUS01,5520,CC4100,MKT,AWS,INV23023,PO4659,NZD,27202.3,EXPORT,Payment for consulting,API Import
TXN003396,04/25/2025,04/17/2025,2025-08,AUS01,5220,CC4100,IT,Workday,INV77735,PO4477,NZD,34922.18,EXPORT,Payment for license,Manual Entry
TXN003397,03-10-2025,01-10-2025,2025-10,AUS01,5710,CC4000,HR,Seek Limited,INV78616,PO9841,GBP,17301.16,INPUT,Payment for subscription,Oracle
TXN003398,03-09-2025,28-08-2025,2025-09,AUS01,5120,CC1100,ACT,Optus Pty,INV52111,,AUD,28844.69,GST,Payment for services,Oracle
TXN003399,2026-01-14,2026-01-08,2026-01,AUS01,5310,CC3200,OPS,EY Australia,INV54041,PO9810,AUD,6383.38,INPUT,Payment for consulting,Manual Entry
TXN003400,08/19/2025,08/13/2025,2025-08,AUS01,5600,CC1100,CORP,Adobe,INV14553,PO4961,GBP,23261.68,GST-FREE,Payment for consulting,Oracle
TXN003401,04-03-2026,29/01/2026,2026-08,AUS01,5600,CC2100,QLD,GCP,INV52963,PO3825,USD,33172.31,INPUT,Payment for goods,Oracle
TXN003402,09/26/2025,09/17/2025,2025-09,AUS01,5010,CC1200,TAS,KPMG Australia,INV20166,PO7278,NZD,14434.54,EXPORT,Payment for goods,Manual Entry
TXN003403,09-03-2026,03-03-2026,2026-08,AUS01,5100,CC2100,WA,Slack,INV17170,,GBP,9132.16,EXPORT,Payment for services,Manual Entry
TXN003404,2026-01-09,2026-01-06,2026-01,AUS01,5510,CC1100,MKT,Microsoft,INV60838,,GBP,229.25,EXPORT,Payment for subscription,Workday
TXN003405,08/05/2025,03/05/2025,2025-08,AUS01,5700,CC3100,HR,AWS,INV37270,,USD,29264.92,EXPORT,Payment for subscription,Manual Entry
TXN003406,2025-08-09,2025-08-02,2025-08,AUS01,5620,CC1200,CORP,Hays,INV29758,,AUD,36537.72,INPUT,Payment for services,Workday
TXN003407,22/01/2026,16/01/2026,2026-01,AUS01,5920,CC1100,CORP,Seek Limited,INV76497,PO5312,USD,29267.97,EXPORT,Payment for subscription,API Import
TXN003408,12/01/2026,05/01/2026,2026-01,AUS01,5010,CC1200,NSW,Accenture Pty,INV30154,PO5202,NZD,12999.98,EXPORT,Payment for services,Workday
TXN003409,03/24/2025,03/20/2025,2025-08,AUS01,5010,CC3100,WA,Salesforce,INV10559,,AUD,44704.22,GST,Payment for license,API Import
TXN003410,05-01-2026,30-12-2025,2026-01,AUS01,5920,CC1200,FIN,SAP,INV14687,PO7862,NZD,2412.52,EXPORT,Payment for license,Oracle
TXN003411,03/08/2026,02-03-2026,2026-08,AUS01,5320,CC3100,FIN,Accenture Pty,INV78919,PO5270,NZD,26593.97,GST,Payment for goods,API Import
TXN003412,19-04-2025,14-04-2025,2025-08,AUS01,5510,CC3100,MKT,Microsoft,INV74006,PO4416,AUD,39352.93,INPUT,Payment for goods,API Import
TXN003413,01-03-2025,19-03-2025,2025-08,AUS01,5800,CC1200,TAS,DHL Express,INV11316,PO8470,GBP,143.52,INPUT,Payment for subscription,SAP
TXN003414,04-03-2026,29-01-2026,2026-08,AUS01,5000,CC3000,VIC,AusPost,INV77610,PO1637,GBP,15680.75,INPUT,Payment for consulting,Workday
TXN003415,18-01-2026,08-01-2026,2026-01,AUS01,5500,CC1200,MKT,Adobe,INV15522,,USD,7698.88,GST-FREE,Payment for services,SAP
TXN003416,13-03-2026,11-03-2026,2026-08,AUS01,5600,CC1100,HR,Microsoft,INV23202,PO5034,GBP,38380.69,EXPORT,Payment for consulting,Oracle
TXN003417,2026-08-11,2026-08-09,2026-08,AUS01,5920,CC2100,R&D,Zoom,INV81773,PO3188,AUD,43918.48,GST-FREE,Payment for goods,Oracle
TXN003418,06-01-2026,04-01-2026,2026-01,AUS01,5220,CC1000,IT,Slack,INV27873,,NZD,41852.18,INPUT,Payment for license,Oracle
TXN003419,05/06/2025,05-03-2025,2025-08,AUS01,5000,CC1200,OPS,ServiceNow Inc,INV11976,,USD,34852.5,GST,Payment for goods,Oracle
TXN003420,15/01/2026,08/01/2026,2026-01,AUS01,5700,CC1200,HR,Deloitte Touche,INV84340,,USD,15047.7,EXPORT,Payment for goods,Workday
TXN003421,08-03-2026,29/01/2026,2026-08,AUS01,5310,CC3100,FIN,Atlassian Pty,INV87120,,GBP,44884.22,GST-FREE,Payment for license,Workday
TXN003422,14-01-2025,07-01-2025,2025-01,AUS01,5300,CC1000,OPS,LinkedIn Corp,INV38250,PO5506,GBP,26142.97,INPUT,Payment for services,API Import
TXN003423,2026-01-07,2025-12-30,2026-01,AUS01,5010,CC4100,SA,MSFT,INV59377,,GBP,11144.67,GST-FREE,Payment for consulting,Oracle
TXN003424,01/04/2026,12/28/2025,2026-01,AUS01,5500,CC1200,MKT,AusPost,INV66272,,AUD,22095.75,GST-FREE,Payment for goods,Workday
TXN003425,11-03-2026,03-03-2026,2026-08,AUS01,5920,CC3200,NSW,SAP,INV75857,,USD,31135.29,GST-FREE,Payment for subscription,Manual Entry
TXN003426,06-03-2026,03-03-2026,2026-08,AUS01,5120,CC1200,,ServiceNow Inc,INV35801,PO6331,USD,23539.77,GST,Payment for goods,Oracle
TXN003427,01/07/2026,12/28/2025,2026-01,AUS01,5000,CC3100,VIC,Zoom,INV15553,PO2571,GBP,30705.34,INPUT,Payment for subscription,Workday
TXN003428,03-03-2026,29/01/2026,2026-08,AUS01,5310,CC1200,OPS,Oracle,INV60838,PO1430,USD,11398.64,INPUT,Payment for license,API Import
TXN003429,08/09/2025,03/09/2025,2025-09,AUS01,5010,CC2100,HR,AusPost,INV35770,PO8521,USD,31266.79,GST-FREE,Payment for subscription,SAP
TXN003430,12-03-2026,06-03-2026,2026-08,AUS01,5520,CC2000,MKT,Workday,INV91807,,GBP,22930.05,INPUT,Payment for license,SAP
TXN003431,11/01/2026,10/01/2026,2026-01,AUS01,5600,CC2100,QLD,BCG,INV17758,PO4033,GBP,16327.24,INPUT,Payment for subscription,Manual Entry
TXN003432,05-03-2026,02-03-2026,2026-08,AUS01,5800,CC2000,MKT,AWS,INV19180,PO5972,AUD,21744.22,EXPORT,Payment for license,Workday
TXN003433,13-03-2026,08-03-2026,2026-08,AUS01,5420,CC3000,NSW,Adobe,INV58068,PO7239,AUD,12172.59,GST-FREE,Payment for subscription,SAP
TXN003434,18-03-2026,08-03-2026,2026-08,AUS01,5110,CC1200,WA,LinkedIn Corp,INV27063,PO7045,AUD,33607.97,INPUT,Payment for subscription,SAP
TXN003435,2026-01-26,2026-01-25,2026-01,AUS01,5810,CC3000,TAS,WeWork Australia,INV19398,,GBP,8089.48,INPUT,Payment for consulting,Manual Entry
TXN003436,2026-01-14,2026-01-04,2026-01,AUS01,5910,CC2100,R&D,MSFT,INV73422,,NZD,25622.25,INPUT,Payment for goods,Manual Entry
TXN003437,03/27/2026,03/24/2026,2026-08,AUS01,5910,CC2100,FIN,McKinsey,INV13075,PO5434,USD,44030.74,GST-FREE,Payment for goods,Oracle
TXN003438,2026-01-14,2026-01-09,2026-01,AUS01,5210,CC2100,IT,MSFT,INV29576,PO5366,USD,21582.66,INPUT,Payment for goods,SAP
TXN003439,2026-08-02,2026-01-27,2026-08,AUS01,5700,CC3100,HR,Accenture Pty,INV41558,PO2278,AUD,27897.41,INPUT,Payment for goods,Oracle
TXN003440,12/01/2026,05/01/2026,2026-01,AUS01,5220,CC4100,QLD,Optus Pty,INV18092,PO7247,NZD,19767.43,EXPORT,Payment for subscription,Workday
TXN003441,06-10-2025,02-10-2025,2025-10,AUS01,5010,CC3200,QLD,Amazon,INV19068,PO2788,GBP,23636.61,GST,Payment for goods,Workday
TXN003442,08/27/2025,08/18/2025,2025-08,AUS01,5810,CC1000,ACT,Regus Australia,INV26887,,GBP,27309.45,INPUT,Payment for license,Manual Entry
TXN003443,2026-08-10,2026-08-09,2026-08,AUS01,5220,CC2100,IT,Salesforce,INV67582,,AUD,29639.44,GST,Payment for goods,SAP
TXN003444,12/24/2025,12/14/2025,2025-12,AUS01,5120,CC1000,VIC,KPMG Australia,INV47901,,USD,830.81,EXPORT,Payment for subscription,SAP
TXN003445,2025-10-05,2025-10-04,2025-10,AUS01,5420,CC1000,HR,PWC,INV58558,PO4555,USD,3469.29,INPUT,Payment for services,Workday
TXN003446,24-06-2025,15-06-2025,2025-08,AUS01,5310,CC1000,CORP,Federal Express,INV68310,PO6860,GBP,792.32,EXPORT,Payment for services,Workday
TXN003447,03/04/2026,01/26/2026,2026-08,AUS01,5210,CC3000,CORP,Salesforce,INV25786,,NZD,18200.88,INPUT,Payment for goods,Manual Entry
TXN003448,2025-09-16,2025-09-13,2025-09,AUS01,5020,CC3000,QLD,ServiceNow Inc,INV26012,,GBP,5257.14,INPUT,Payment for consulting,Oracle
TXN003449,28-01-2026,26-01-2026,2026-01,AUS01,5220,CC2000,CORP,Regus Australia,INV61496,,USD,11919.69,GST,Payment for consulting,Workday
TXN003450,01/01/2026,12/24/2025,2026-01,AUS01,5120,CC3000,FIN,WeWork Australia,INV75113,,USD,5554.74,GST,Payment for services,Oracle
TXN003451,2025-12-05,2025-11-27,2025-12,AUS01,5110,CC3000,IT,Microsoft,INV49405,PO9991,NZD,14507.55,GST-FREE,Payment for license,Manual Entry
TXN003452,2026-01-24,2026-01-14,2026-01,AUS01,5410,CC4100,CORP,Slack,INV40774,PO2624,NZD,34482.24,GST-FREE,Payment for services,API Import
TXN003453,24/01/2026,22/01/2026,2026-01,AUS01,5910,CC4100,QLD,GCP,INV87998,PO9275,NZD,34789.42,GST,Payment for services,Oracle
TXN003454,27-03-2026,25-03-2026,2026-08,AUS01,5900,CC4100,WA,Slack,INV50095,PO6495,USD,23284.03,EXPORT,Payment for license,Workday
TXN003455,20-03-2026,14-03-2026,2026-08,AUS01,5220,CC2000,IT,EY Australia,INV63107,PO3846,NZD,36955.19,GST-FREE,Payment for consulting,Oracle
TXN003456,18-01-2026,08-01-2026,2026-01,AUS01,5920,CC3100,FIN,Telstra Corp,INV14918,PO3802,NZD,24736.84,GST,Payment for license,Oracle
TXN003457,23-11-2025,20-11-2025,2025-11,AUS01,5910,CC2100,SA,SAP,INV71701,PO9464,AUD,33143.15,EXPORT,Payment for goods,Manual Entry
TXN003458,15-01-2026,06-01-2026,2026-01,AUS01,5020,CC1000,NSW,Hays,INV42957,PO9246,AUD,23029.56,GST-FREE,Payment for license,Oracle
TXN003459,01/21/2026,01/19/2026,2026-01,AUS01,5710,CC2000,HR,SAP,INV85541,,AUD,44702.1,EXPORT,Payment for license,Oracle
TXN003460,22-03-2026,15-03-2026,2026-08,AUS01,5400,CC1100,FIN,Federal Express,INV29795,PO6331,USD,825.2,EXPORT,Payment for services,Oracle
TXN003461,13-03-2026,12-03-2026,2026-08,AUS01,5700,CC4000,HR,AusPost,INV12608,PO1026,GBP,34937.23,GST,Payment for goods,API Import
TXN003462,01/01/2026,24/12/2025,2026-01,AUS01,5400,CC3200,TAS,Workday,INV39953,PO4387,GBP,1026.67,EXPORT,Payment for goods,API Import
TXN003463,03/20/2026,03/19/2026,2026-08,AUS01,5400,CC3100,OPS,DHL Express,INV56428,,GBP,19326.56,INPUT,Payment for services,SAP
TXN003464,2026-01-11,2026-01-01,2026-01,AUS01,5010,CC4000,NSW,Workday,INV57278,,AUD,18782.42,GST-FREE,Payment for license,API Import
TXN003465,2025-10-27,2025-10-21,2025-10,AUS01,5320,CC3100,OPS,KPMG Australia,INV18851,PO5280,NZD,36019.33,INPUT,Payment for goods,Manual Entry
TXN003466,03-01-2026,02-01-2026,2026-01,AUS01,5320,CC1000,CORP,Oracle,INV86187,,AUD,19865.78,GST,Payment for license,SAP
TXN003467,12/24/2025,12/14/2025,2025-12,AUS01,5520,CC2000,MKT,AusPost,INV41065,,GBP,23532.27,GST,Payment for services,Manual Entry
TXN003468,03/15/2026,03/05/2026,2026-08,AUS01,5910,CC1100,TAS,Atlassian Pty,INV58673,,GBP,19651.86,INPUT,Payment for services,Workday
TXN003469,07-12-2025,01-12-2025,2025-12,AUS01,5620,CC2000,VIC,GCP,INV94492,PO3167,NZD,36851.77,INPUT,Payment for goods,API Import
TXN003470,2026-08-11,2026-08-02,2026-08,AUS01,5210,CC4000,CORP,DHL Express,INV37906,PO5769,AUD,40832.94,GST,Payment for license,Manual Entry
TXN003471,03/15/2026,03/08/2026,2026-08,AUS01,5500,CC3000,MKT,Workday,INV42549,,NZD,42418.21,INPUT,Payment for consulting,Workday
TXN003472,08/07/2025,29/06/2025,2025-08,AUS01,5000,CC4000,NSW,GCP,INV13377,,USD,2646.78,GST,Payment for license,SAP
TXN003473,2025-10-28,2025-10-26,2025-10,AUS01,5000,CC2000,VIC,Zoom,INV43696,PO7635,AUD,22674.73,GST-FREE,Payment for services,API Import
TXN003474,2025-11-22,2025-11-12,2025-11,AUS01,5420,CC3000,TAS,Hays,INV62243,,NZD,5208.31,EXPORT,Payment for services,Manual Entry
TXN003475,01/13/2026,01/08/2026,2026-01,AUS01,5220,CC4100,CORP,MSFT,INV98000,PO7531,NZD,10129.99,INPUT,Payment for services,Manual Entry
TXN003476,21/01/2025,18/01/2025,2025-01,AUS01,5710,CC1200,HR,LinkedIn Corp,INV12445,PO1616,GBP,6037.29,GST,Payment for goods,Manual Entry
TXN003477,01/03/2025,20-03-2025,2025-08,AUS01,5620,CC2100,HR,AusPost,INV21930,PO6194,NZD,32474.28,GST-FREE,Payment for consulting,API Import
TXN003478,17-03-2026,12-03-2026,2026-08,AUS01,5920,CC4100,QLD,Workday,INV45969,PO2038,USD,30123.53,EXPORT,Payment for license,SAP
TXN003479,08/01/2026,28/12/2025,2026-01,AUS01,5300,CC4000,FIN,Optus Pty,INV49801,,GBP,3883.21,INPUT,Payment for goods,Manual Entry
TXN003480,08-01-2026,07-01-2026,2026-01,AUS01,5610,CC1000,IT,Robert Half International,INV71321,PO8254,NZD,19782.21,GST-FREE,Payment for consulting,Oracle
TXN003481,04/04/2025,30/03/2025,2025-08,AUS01,5120,CC4100,CORP,Amazon,INV94185,PO6601,AUD,7214.31,GST-FREE,Payment for goods,Oracle
TXN003482,10-06-2025,08-06-2025,2025-08,AUS01,5310,CC1100,FIN,Adobe,INV74479,PO1074,AUD,34021.68,EXPORT,Payment for license,API Import
TXN003483,2025-08-14,2025-08-12,2025-08,AUS01,5000,CC3100,NSW,Telstra Corp,INV75803,PO6086,NZD,22804.78,EXPORT,Payment for goods,Workday
TXN003484,28-07-2025,22-07-2025,2025-08,AUS01,5520,CC1200,MKT,Workday,INV92307,PO5826,NZD,11349.38,GST,Payment for subscription,SAP
TXN003485,23-03-2026,13-03-2026,2026-08,AUS01,5520,CC3100,MKT,SAP,INV61125,PO1371,USD,33617.99,EXPORT,Payment for license,SAP
TXN003486,10/09/2025,09/29/2025,2025-10,AUS01,5510,CC3100,MKT,Microsoft,INV53350,PO4003,USD,27265.43,EXPORT,Payment for license,Oracle
TXN003487,2026-01-28,2026-01-22,2026-01,AUS01,5700,CC2000,HR,Amazon,INV90998,,GBP,847.79,GST,Payment for subscription,API Import
TXN003488,23-08-2025,14-08-2025,2025-08,AUS01,5410,CC1000,WA,Salesforce,INV41293,PO5540,NZD,2888.96,GST-FREE,Payment for subscription,SAP
TXN003489,08/07/2025,26/06/2025,2025-08,AUS01,5620,CC2100,TAS,WeWork Australia,INV36122,PO9534,NZD,33935.4,GST-FREE,Payment for services,Workday
TXN003490,21-01-2026,16-01-2026,2026-01,AUS01,5110,CC3000,OPS,Amazon,INV39146,PO3177,GBP,36144.45,INPUT,Payment for services,Oracle
TXN003491,10/20/2025,10/19/2025,2025-10,AUS01,5620,CC1000,QLD,Optus Pty,INV53784,,GBP,20180.97,INPUT,Payment for subscription,Oracle
TXN003492,12/24/2025,12/16/2025,2025-12,AUS01,5900,CC3100,NSW,MSFT,INV37391,,USD,17721.49,EXPORT,Payment for consulting,SAP
TXN003493,09/08/2025,04/08/2025,2025-08,AUS01,5500,CC2100,MKT,Google,INV66957,PO3454,NZD,34425.19,GST,Payment for license,Workday
TXN003494,14-01-2026,12-01-2026,2026-01,AUS01,5620,CC2100,IT,Robert Half International,INV95535,,USD,43237.2,INPUT,Payment for subscription,API Import
TXN003495,2026-08-11,2026-08-03,2026-08,AUS01,5510,CC1200,MKT,Optus Pty,INV36603,,NZD,33531.65,EXPORT,Payment for consulting,SAP
TXN003496,09-01-2026,08-01-2026,2026-01,AUS01,5020,CC3200,WA,Deloitte Touche,INV13362,PO1986,AUD,26836.44,INPUT,Payment for services,API Import
TXN003497,05/05/2025,04/28/2025,2025-08,AUS01,5700,CC4000,HR,SAP,INV26568,PO5086,NZD,41732.07,EXPORT,Payment for license,Manual Entry
TXN003498,16-01-2026,09-01-2026,2026-01,AUS01,5310,CC2100,NT,AWS,INV25913,,USD,10176.07,EXPORT,Payment for services,Oracle
TXN003499,01/15/2026,01/14/2026,2026-01,AUS01,5810,CC1200,SA,Adobe,INV54804,,GBP,36848.4,EXPORT,Payment for goods,Manual Entry
TXN003500,01/16/2026,01/09/2026,2026-01,AUS01,5120,CC3200,TAS,Regus Australia,INV11818,,NZD,15413.12,INPUT,Payment for subscription,API Import
TXN003501,21/03/2025,11/03/2025,2025-08,AUS01,5420,CC3000,SA,WeWork Australia,INV92363,PO3968,NZD,10735.13,INPUT,Payment for services,API Import
TXN003502,09-01-2026,08-01-2026,2026-01,AUS01,5310,CC2100,FIN,Deloitte Touche,INV76103,PO4291,GBP,38965.65,INPUT,Payment for license,SAP
TXN003503,03-01-2026,27-12-2025,2026-01,AUS01,5810,CC4100,TAS,Adobe,INV77035,PO3404,GBP,2903.41,GST-FREE,Payment for license,Manual Entry
TXN003504,03/03/2026,01/25/2026,2026-08,AUS01,5210,CC2100,CORP,PWC,INV41465,PO6091,USD,1206.9,EXPORT,Payment for subscription,Oracle
TXN003505,01/26/2026,01/25/2026,2026-01,AUS01,5110,CC4100,SA,Deloitte Touche,INV77575,PO1766,AUD,13639.29,EXPORT,Payment for license,Manual Entry
TXN003506,13/01/2026,08/01/2026,2026-01,AUS01,5700,CC1200,HR,Hays,INV23579,,USD,13899.66,EXPORT,Payment for consulting,API Import
TXN003507,15-03-2026,07-03-2026,2026-08,AUS01,5900,CC4000,NSW,Google,INV62908,,NZD,40027.09,GST,Payment for consulting,Oracle
TXN003508,13-12-2025,11-12-2025,2025-12,AUS01,5210,CC4000,IT,Hays,INV93860,PO2234,USD,2931.24,GST,Payment for license,SAP
TXN003509,13-03-2026,06-03-2026,2026-08,AUS01,5920,CC1100,NSW,Telstra Corp,INV90914,PO9564,USD,14051.09,EXPORT,Payment for license,Manual Entry
TXN003510,16-03-2026,13-03-2026,2026-08,AUS01,5800,CC1100,IT,Robert Half International,INV84645,PO3971,USD,8189.04,EXPORT,Payment for goods,Workday
TXN003511,16-01-2026,07-01-2026,2026-01,AUS01,5410,CC3200,TAS,Microsoft,INV22058,PO9500,GBP,4702.25,EXPORT,Payment for license,Workday
TXN003512,15/01/2026,09/01/2026,2026-01,AUS01,5420,CC4000,MKT,Regus Australia,INV29835,PO1903,USD,8733.43,INPUT,Payment for services,API Import
TXN003513,08/07/2025,08/05/2025,2025-08,AUS01,5210,CC3200,CORP,Accenture Pty,INV47480,PO2570,NZD,15416.21,GST-FREE,Payment for services,Workday
TXN003514,11/01/2026,08/01/2026,2026-01,AUS01,5020,CC4000,VIC,Atlassian Pty,INV89123,PO8388,NZD,3882.61,GST,Payment for services,Manual Entry
TXN003515,15-01-2025,08-01-2025,2025-01,AUS01,5700,CC4100,HR,SAP,INV49024,PO4218,AUD,9508.01,EXPORT,Payment for goods,Manual Entry
TXN003516,10/01/2026,04/01/2026,2026-01,AUS01,5310,CC1000,CORP,ServiceNow Inc,INV21605,,NZD,11092.74,GST-FREE,Payment for goods,Workday
TXN003517,10-03-2026,02-03-2026,2026-08,AUS01,5310,CC4100,OPS,Salesforce,INV84821,PO8356,NZD,26111.64,INPUT,Payment for consulting,SAP
TXN003518,2025-08-08,2025-08-31,2025-08,AUS01,5000,CC3000,VIC,Telstra Corp,INV34459,,USD,16699.12,GST-FREE,Payment for subscription,Oracle
TXN003519,01/11/2026,01/05/2026,2026-01,AUS01,5400,CC2000,NSW,DHL Express,INV67271,PO4854,GBP,27761.9,GST-FREE,Payment for consulting,Workday
TXN003520,03/22/2025,03/17/2025,2025-08,AUS01,5600,CC4000,MKT,Atlassian Pty,INV27339,PO8347,AUD,29810.21,GST-FREE,Payment for goods,API Import
TXN003521,2026-01-05,2025-12-29,2026-01,AUS01,5910,CC1000,VIC,PWC,INV29244,PO3296,USD,39052.92,INPUT,Payment for services,SAP
TXN003522,20-03-2026,15-03-2026,2026-08,AUS01,5420,CC2100,WA,Workday,INV80974,PO1979,NZD,2351.03,EXPORT,Payment for license,API Import
TXN003523,24/01/2026,15/01/2026,2026-01,AUS01,5500,CC1200,MKT,Atlassian Pty,INV38250,PO9278,AUD,6314.36,GST,Payment for goods,API Import
TXN003524,2026-08-25,2026-08-23,2026-08,AUS01,5320,CC1000,OPS,Regus Australia,INV65811,,NZD,42316.46,EXPORT,Payment for license,SAP
TXN003525,24-01-2026,15-01-2026,2026-01,AUS01,5010,CC2000,QLD,Microsoft,INV10803,PO6353,NZD,32759.97,GST,Payment for subscription,Manual Entry
TXN003526,2026-01-17,2026-01-15,2026-01,AUS01,5900,CC2000,NSW,Atlassian Pty,INV64563,,NZD,9583.94,GST-FREE,Payment for subscription,Manual Entry
TXN003527,09-03-2026,06-03-2026,2026-08,AUS01,5100,CC1100,NT,Atlassian Pty,INV91192,PO3130,NZD,12046.29,INPUT,Payment for license,SAP
TXN003528,25-01-2026,15-01-2026,2026-01,AUS01,5800,CC1100,MKT,Federal Express,INV40794,PO2077,AUD,27141.81,GST,Payment for consulting,Manual Entry
TXN003529,11/08/2025,10/08/2025,2025-08,AUS01,5910,CC3000,FIN,EY Australia,INV84713,PO2221,USD,35399.31,GST,Payment for consulting,API Import
TXN003530,2026-08-01,2026-01-30,2026-08,AUS01,5310,CC2000,OPS,AusPost,INV37552,PO6962,AUD,28120.64,INPUT,Payment for goods,Workday
TXN003531,20-03-2026,16-03-2026,2026-08,AUS01,5110,CC1000,TAS,AWS,INV58708,,GBP,1598.41,GST,Payment for goods,SAP
TXN003532,12-03-2026,09-03-2026,2026-08,AUS01,5900,CC3000,SA,Telstra Corp,INV49378,PO9117,USD,41725.29,GST,Payment for services,Workday
TXN003533,01/14/2026,01/05/2026,2026-01,AUS01,5710,CC3000,HR,McKinsey,INV99542,PO4445,NZD,44172.92,GST,Payment for goods,Workday
TXN003534,01-03-2026,12/25/2025,2026-01,AUS01,5810,CC2100,CORP,GCP,INV58444,,AUD,41033.53,GST-FREE,Payment for services,SAP
TXN003535,2026-08-08,2026-08-01,2026-08,AUS01,5910,CC3100,SA,Hays,INV30338,,GBP,30956.25,INPUT,Payment for license,Workday
TXN003536,22-01-2026,13-01-2026,2026-01,AUS01,5710,CC1000,SA,Deloitte Touche,INV87321,,USD,27314.21,GST-FREE,Payment for license,API Import
TXN003537,19/01/2026,13/01/2026,2026-01,AUS01,5810,CC4000,NSW,McKinsey,INV89788,PO9918,GBP,23175.09,GST-FREE,Payment for services,Oracle
TXN003538,2025-08-16,2025-08-12,2025-08,AUS01,5420,CC3200,IT,Workday,INV82322,PO7709,AUD,6987.86,INPUT,Payment for license,Workday
TXN003539,03/17/2026,03/13/2026,2026-08,AUS01,5710,CC1000,HR,LinkedIn Corp,INV34755,,NZD,23470.53,GST,Payment for services,API Import
TXN003540,2025-08-12,2025-08-07,2025-08,AUS01,5000,CC3000,QLD,MSFT,INV60631,,AUD,24954.5,GST-FREE,Payment for services,SAP
TXN003541,01-03-2026,12/24/2025,2026-01,AUS01,5910,CC3000,SA,EY Australia,INV99393,,AUD,32595.66,GST-FREE,Payment for subscription,API Import
TXN003542,2025-01-04,2024-12-25,2025-01,AUS01,5300,CC3000,ACT,Adobe,INV84997,PO6295,NZD,14774.6,GST-FREE,Payment for subscription,Manual Entry
TXN003543,01/03/2026,12/29/2025,2026-01,AUS01,5100,CC1200,SA,Optus Pty,INV90236,,AUD,2913.55,GST,Payment for goods,SAP
TXN003544,11-03-2026,01-03-2026,2026-08,AUS01,5220,CC1100,IT,Hays,INV50357,PO4836,GBP,5020.58,GST,Payment for goods,Workday
TXN003545,2025-08-25,2025-08-15,2025-08,AUS01,5400,CC3000,FIN,Slack,INV26180,PO7765,GBP,36620.25,GST-FREE,Payment for license,Workday
TXN003546,2025-11-17,2025-11-16,2025-11,AUS01,5000,CC1100,QLD,Salesforce,INV13005,,USD,31961.39,GST-FREE,Payment for consulting,API Import
TXN003547,27-03-2026,21-03-2026,2026-08,AUS01,5320,CC3100,CORP,LinkedIn Corp,INV60886,PO2629,USD,8485.52,GST-FREE,Payment for subscription,Oracle
TXN003548,08/10/2025,08/03/2025,2025-08,AUS01,5120,CC1200,CORP,Robert Half International,INV96829,PO1913,AUD,33773.52,INPUT,Payment for subscription,Oracle
TXN003549,2026-01-17,2026-01-11,2026-01,AUS01,5800,CC4100,HR,Regus Australia,INV31208,PO2125,AUD,27702.76,INPUT,Payment for consulting,API Import
TXN003550,08-03-2026,05-03-2026,2026-08,AUS01,5310,CC3200,OPS,Hays,INV34251,PO3003,USD,3951.72,EXPORT,Payment for services,Workday
TXN003551,2026-01-19,2026-01-13,2026-01,AUS01,5800,CC3200,VIC,Robert Half International,INV21937,PO6853,AUD,16853.36,INPUT,Payment for subscription,Oracle
TXN003552,20-01-2025,15-01-2025,2025-01,AUS01,5210,CC3000,IT,Slack,INV26805,PO3319,USD,4411.66,GST-FREE,Payment for subscription,API Import
TXN003553,16/07/2025,08/07/2025,2025-08,AUS01,5520,CC1000,MKT,Adobe,INV94351,PO3823,AUD,40111.33,GST,Payment for consulting,Workday
TXN003554,2026-08-25,2026-08-21,2026-08,AUS01,5800,CC2100,HR,Zoom,INV74309,PO2822,AUD,14125.34,INPUT,Payment for goods,SAP
TXN003555,03/10/2026,03/03/2026,2026-08,AUS01,5110,CC3000,MKT,ServiceNow Inc,INV46782,PO4598,AUD,9918.73,GST-FREE,Payment for services,SAP
TXN003556,2026-01-04,2025-12-31,2026-01,AUS01,5020,CC2100,QLD,Telstra Corp,INV20964,,NZD,37494.43,GST-FREE,Payment for consulting,Manual Entry
TXN003557,2026-08-17,2026-08-11,2026-08,AUS01,5310,CC4100,CORP,Slack,INV13085,PO3078,USD,40131.24,EXPORT,Payment for consulting,SAP
TXN003558,03/24/2026,03/14/2026,2026-08,AUS01,5420,CC3100,HR,Seek Limited,INV62801,PO8144,GBP,31342.83,INPUT,Payment for subscription,SAP
TXN003559,03/01/2026,28/12/2025,2026-01,AUS01,5000,CC3200,NSW,Telstra Corp,INV69205,,NZD,27853.92,EXPORT,Payment for consulting,Manual Entry
TXN003560,08/10/2025,27/09/2025,2025-10,AUS01,5410,CC4000,OPS,Amazon,INV90734,PO9177,AUD,19985.88,GST,Payment for subscription,SAP
TXN003561,01/22/2025,01/19/2025,2025-01,AUS01,5110,CC1000,FIN,GCP,INV11076,PO3332,AUD,6567.1,EXPORT,Payment for goods,Workday
TXN003562,19-03-2026,15-03-2026,2026-08,AUS01,5620,CC1200,MKT,Workday,INV37812,,AUD,36388.03,GST-FREE,Payment for services,Manual Entry
TXN003563,13-01-2026,08-01-2026,2026-01,AUS01,5700,CC2100,HR,AusPost,INV24680,PO9635,GBP,1881.11,GST,Payment for license,Workday
TXN003564,2025-08-03,2025-08-01,2025-08,AUS01,5320,CC3200,FIN,LinkedIn Corp,INV35854,PO6275,USD,10870.46,GST,Payment for subscription,API Import
TXN003565,2025-08-13,2025-08-10,2025-08,AUS01,5400,CC2100,OPS,Slack,INV49627,PO9347,USD,18203.99,GST-FREE,Payment for license,Workday
TXN003566,23-03-2026,13-03-2026,2026-08,AUS01,5920,CC2000,HR,Optus Pty,INV94797,PO6675,AUD,36578.75,EXPORT,Payment for services,API Import
TXN003567,2025-08-22,2025-08-16,2025-08,AUS01,5620,CC3200,CORP,Salesforce,INV79286,,AUD,40014.83,EXPORT,Payment for subscription,Workday
TXN003568,2025-08-02,2025-08-30,2025-08,AUS01,5800,CC3200,WA,Deloitte Touche,INV40285,PO4356,NZD,7732.33,INPUT,Payment for consulting,Manual Entry
TXN003569,2026-01-14,2026-01-09,2026-01,AUS01,5300,CC4000,QLD,DHL Express,INV63361,,GBP,5341.08,GST,Payment for goods,Manual Entry
TXN003570,23-12-2025,19-12-2025,2025-12,AUS01,5300,CC3200,FIN,LinkedIn Corp,INV77879,PO7142,NZD,26506.62,EXPORT,Payment for goods,Manual Entry
TXN003571,08/12/2025,08/12/2025,2025-12,AUS01,5620,CC4000,ACT,GCP,INV47342,,NZD,18751.21,INPUT,Payment for goods,Workday
TXN003572,01/09/2026,01/03/2026,2026-01,AUS01,5700,CC3200,HR,LinkedIn Corp,INV72414,PO1905,AUD,32602.24,GST,Payment for subscription,Workday
TXN003573,11/08/2025,10/08/2025,2025-08,AUS01,5000,CC1100,QLD,Hays,INV23674,,USD,4764.22,INPUT,Payment for goods,Workday
TXN003574,19-03-2026,17-03-2026,2026-08,AUS01,5620,CC1200,TAS,WeWork Australia,INV43860,,GBP,20206.12,GST-FREE,Payment for subscription,Workday
TXN003575,26-03-2026,20-03-2026,2026-08,AUS01,5920,CC1100,NSW,Hays,INV66501,PO7611,GBP,13063.42,INPUT,Payment for subscription,Oracle
TXN003576,03/25/2026,03/21/2026,2026-08,AUS01,5420,CC2100,,Zoom,INV34226,,USD,35216.65,GST,Payment for subscription,SAP
TXN003577,01-01-2026,27-12-2025,2026-01,AUS01,5600,CC3100,HR,Microsoft,INV30497,PO2750,GBP,7370.76,INPUT,Payment for subscription,API Import
TXN003578,15-03-2026,14-03-2026,2026-08,AUS01,5610,CC3100,R&D,Optus Pty,INV14397,,USD,19816.54,INPUT,Payment for goods,Oracle
TXN003579,03/04/2026,01/28/2026,2026-08,AUS01,5800,CC4100,OPS,SAP,INV65374,PO1682,USD,2758.48,GST,Payment for consulting,API Import
TXN003580,2026-01-13,2026-01-07,2026-01,AUS01,5520,CC4000,MKT,Deloitte Touche,INV38497,PO5331,NZD,30157.94,GST-FREE,Payment for services,SAP
TXN003581,2026-01-24,2026-01-23,2026-01,AUS01,5900,CC1200,IT,Microsoft,INV48990,,GBP,22176.2,GST,Payment for consulting,Oracle
TXN003582,08/01/2026,08/01/2026,2026-01,AUS01,5910,CC3000,NSW,Atlassian Pty,INV71967,PO3929,GBP,14245.54,EXPORT,Payment for license,Manual Entry
TXN003583,05/01/2025,04/22/2025,2025-08,AUS01,5410,CC3000,OPS,ServiceNow Inc,INV45452,PO3940,AUD,42724.46,GST-FREE,Payment for services,Manual Entry
TXN003584,2026-01-27,2026-01-22,2026-01,AUS01,5200,CC1100,FIN,Microsoft,INV28796,PO5158,GBP,20637.85,GST-FREE,Payment for license,API Import
TXN003585,01/28/2026,01/19/2026,2026-01,AUS01,5600,CC2000,VIC,DHL Express,INV80875,PO1540,GBP,41964.72,GST-FREE,Payment for services,Manual Entry
TXN003586,25-04-2025,17-04-2025,2025-08,AUS01,5700,CC4000,HR,Optus Pty,INV25477,,USD,40759.59,GST,Payment for goods,SAP
TXN003587,01/21/2026,01/18/2026,2026-01,AUS01,5700,CC4100,HR,Zoom,INV31548,,USD,23880.42,INPUT,Payment for consulting,Manual Entry
TXN003588,2026-01-11,2026-01-06,2026-01,AUS01,5300,CC4000,FIN,Amazon,INV44595,,GBP,29419.08,GST-FREE,Payment for license,Manual Entry
TXN003589,09/18/2025,09/11/2025,2025-09,AUS01,5010,CC2100,VIC,Atlassian Pty,INV58028,PO6095,USD,18873.62,EXPORT,Payment for goods,Manual Entry
TXN003590,19/12/2025,15/12/2025,2025-12,AUS01,5700,CC4100,HR,Seek Limited,INV97862,PO7316,AUD,6039.13,INPUT,Payment for license,SAP
TXN003591,10-03-2026,03-03-2026,2026-08,AUS01,5020,CC1000,WA,Zoom,INV44542,,GBP,29823.62,INPUT,Payment for license,SAP
TXN003592,01/25/2026,01/21/2026,2026-01,AUS01,5500,CC3200,SA,Microsoft,INV70083,PO1538,USD,27845.73,EXPORT,Payment for subscription,SAP
TXN003593,03/07/2026,01/31/2026,2026-08,AUS01,5810,CC1200,MKT,Accenture Pty,INV62034,PO6332,GBP,36806.72,INPUT,Payment for consulting,SAP
TXN003594,09/10/2025,09/08/2025,2025-09,AUS01,5020,CC4100,WA,Microsoft,INV40843,,GBP,14478.14,EXPORT,Payment for goods,Manual Entry
TXN003595,2025-08-16,2025-08-14,2025-08,AUS01,5020,CC3200,QLD,Robert Half International,INV89007,PO8440,NZD,5221.01,INPUT,Payment for goods,API Import
TXN003596,03-12-2025,23-11-2025,2025-12,AUS01,5300,CC1200,CORP,Zoom,INV55632,,USD,39627.18,GST-FREE,Payment for subscription,SAP
TXN003597,18-08-2025,12-08-2025,2025-08,AUS01,5900,CC3200,HR,Federal Express,INV99081,PO3619,AUD,22099.18,INPUT,Payment for subscription,Workday
TXN003598,27-03-2026,20-03-2026,2026-08,AUS01,5410,CC1000,R&D,Hays,INV16245,PO4186,USD,10647.0,INPUT,Payment for consulting,API Import
TXN003599,07-07-2025,05-07-2025,2025-08,AUS01,5320,CC4100,OPS,Oracle,INV60140,PO1386,GBP,18717.7,EXPORT,Payment for license,SAP
TXN003600,12/16/2025,12/09/2025,2025-12,AUS01,5310,CC2000,CORP,MSFT,INV73509,PO1221,AUD,2320.82,GST-FREE,Payment for license,Oracle
TXN003601,23-03-2026,22-03-2026,2026-08,AUS01,5220,CC3200,CORP,AWS,INV39113,PO2425,USD,25258.12,GST-FREE,Payment for subscription,Oracle
TXN003602,2026-01-22,2026-01-18,2026-01,AUS01,5900,CC3200,VIC,KPMG Australia,INV84545,,GBP,37098.41,EXPORT,Payment for goods,Oracle
TXN003603,22-08-2025,13-08-2025,2025-08,AUS01,5610,CC2100,QLD,McKinsey,INV26510,PO5039,NZD,7185.35,EXPORT,Payment for consulting,API Import
TXN003604,28/05/2025,25/05/2025,2025-08,AUS01,5810,CC2100,ACT,Amazon,INV90879,PO9230,GBP,7906.37,GST,Payment for services,Manual Entry
TXN003605,2026-01-03,2025-12-24,2026-01,AUS01,5900,CC4000,,Amazon,INV40293,PO3899,AUD,11898.53,GST-FREE,Payment for consulting,Oracle
TXN003606,08/09/2025,08/03/2025,2025-08,AUS01,5910,CC1200,NSW,Oracle,INV27837,PO4810,GBP,16236.74,INPUT,Payment for goods,Manual Entry
TXN003607,08/04/2025,03/04/2025,2025-08,AUS01,5100,CC3000,OPS,WeWork Australia,INV22626,PO4073,USD,6655.67,GST,Payment for goods,API Import
TXN003608,03/15/2025,03/09/2025,2025-08,AUS01,5100,CC1100,TAS,DHL Express,INV65323,,NZD,36685.1,GST,Payment for consulting,Oracle
TXN003609,03/25/2026,03/15/2026,2026-08,AUS01,5900,CC3000,HR,GCP,INV65849,PO1076,USD,9048.33,EXPORT,Payment for subscription,Manual Entry
TXN003610,11/01/2026,01/01/2026,2026-01,AUS01,5400,CC3100,CORP,EY Australia,INV77113,,GBP,3049.8,GST,Payment for goods,SAP
TXN003611,15-03-2026,11-03-2026,2026-08,AUS01,5800,CC4100,QLD,Atlassian Pty,INV53203,PO1888,AUD,24226.47,EXPORT,Payment for consulting,Oracle
TXN003612,12/14/2025,12/12/2025,2025-12,AUS01,5400,CC3200,OPS,AusPost,INV88242,PO7757,NZD,16048.23,GST,Payment for license,Manual Entry
TXN003613,2025-10-13,2025-10-10,2025-10,AUS01,5110,CC2000,NSW,Federal Express,INV99952,,NZD,44256.52,INPUT,Payment for subscription,Oracle
TXN003614,2025-08-15,2025-08-10,2025-08,AUS01,5200,CC2100,IT,Zoom,INV30359,PO2960,NZD,27358.69,EXPORT,Payment for consulting,Manual Entry
TXN003615,01/16/2026,01/11/2026,2026-01,AUS01,5110,CC1200,SA,Zoom,INV27195,PO2764,AUD,38617.28,INPUT,Payment for license,Manual Entry
TXN003616,2026-01-07,2025-12-28,2026-01,AUS01,5000,CC2000,SA,Deloitte Touche,INV52816,,GBP,9259.71,EXPORT,Payment for goods,API Import
TXN003617,12-03-2026,03-03-2026,2026-08,AUS01,5310,CC1000,CORP,Robert Half International,INV23254,,USD,10658.24,EXPORT,Payment for subscription,Oracle
TXN003618,01/24/2026,01/22/2026,2026-01,AUS01,5200,CC3000,CORP,Telstra Corp,INV39513,,USD,44313.19,INPUT,Payment for consulting,SAP
TXN003619,2025-08-20,2025-08-13,2025-08,AUS01,5210,CC2000,CORP,WeWork Australia,INV56991,PO4459,NZD,20136.15,GST,Payment for goods,API Import
TXN003620,01/06/2026,01/01/2026,2026-01,AUS01,5100,CC3200,ACT,AusPost,INV14273,PO9837,USD,31051.26,GST-FREE,Payment for goods,API Import
TXN003621,01/21/2026,01/15/2026,2026-01,AUS01,5810,CC4000,TAS,Microsoft,INV55425,PO7842,USD,41823.28,INPUT,Payment for license,SAP
TXN003622,2026-01-25,2026-01-18,2026-01,AUS01,5800,CC1200,FIN,Regus Australia,INV23995,PO6279,NZD,26901.8,GST-FREE,Payment for goods,Manual Entry
TXN003623,2025-08-11,2025-08-07,2025-08,AUS01,5200,CC4000,OPS,Telstra Corp,INV71072,PO7324,AUD,35422.48,EXPORT,Payment for services,Manual Entry
TXN003624,04-06-2025,03-06-2025,2025-08,AUS01,5310,CC2100,FIN,Accenture Pty,INV73451,PO4881,USD,20425.12,GST,Payment for consulting,Manual Entry
TXN003625,03-03-2026,26/01/2026,2026-08,AUS01,5710,CC2100,HR,Seek Limited,INV41370,PO3852,AUD,18850.43,INPUT,Payment for services,Manual Entry
TXN003626,09/26/2025,09/25/2025,2025-09,AUS01,5700,CC3100,HR,Optus Pty,INV68498,PO1862,USD,44428.7,EXPORT,Payment for subscription,SAP
TXN003627,18-04-2025,15-04-2025,2025-08,AUS01,5610,CC2000,,Salesforce,INV82345,PO8409,AUD,29054.32,EXPORT,Payment for subscription,API Import
TXN003628,01/13/2026,01/05/2026,2026-01,AUS01,5220,CC1000,IT,Atlassian Pty,INV42343,PO8422,USD,28754.6,INPUT,Payment for subscription,Workday
TXN003629,2026-08-26,2026-08-21,2026-08,AUS01,5400,CC1100,HR,Telstra Corp,INV80975,PO5454,AUD,13343.71,GST-FREE,Payment for services,Oracle
TXN003630,20-01-2026,17-01-2026,2026-01,AUS01,5920,CC3100,TAS,Seek Limited,INV64809,PO1940,NZD,12732.24,EXPORT,Payment for license,Workday
TXN003631,03/03/2026,01/31/2026,2026-08,AUS01,5320,CC1000,R&D,WeWork Australia,INV38582,PO6277,GBP,8928.29,GST,Payment for goods,API Import
TXN003632,25/06/2025,21/06/2025,2025-08,AUS01,5100,CC2000,NSW,Zoom,INV50459,,GBP,21930.02,GST-FREE,Payment for subscription,API Import
TXN003633,11/23/2025,11/13/2025,2025-11,AUS01,5600,CC1100,MKT,LinkedIn Corp,INV77084,PO3425,GBP,18477.27,INPUT,Payment for goods,Workday
TXN003634,03/23/2026,03/19/2026,2026-08,AUS01,5500,CC3100,MKT,SAP,INV22707,,GBP,18295.55,EXPORT,Payment for services,Manual Entry
TXN003635,12-03-2026,06-03-2026,2026-08,AUS01,5610,CC3000,MKT,WeWork Australia,INV16246,PO9542,USD,27286.73,INPUT,Payment for license,Workday
TXN003636,17-03-2026,07-03-2026,2026-08,AUS01,5220,CC4000,CORP,AusPost,INV89526,PO8564,USD,35202.62,GST,Payment for goods,API Import
TXN003637,10/11/2025,10/06/2025,2025-10,AUS01,5100,CC3200,WA,Workday,INV50924,PO2944,NZD,41065.54,GST,Payment for subscription,Oracle
TXN003638,10/03/2025,09/28/2025,2025-10,AUS01,5300,CC1000,FIN,DHL Express,INV50800,PO6910,GBP,37934.29,GST-FREE,Payment for consulting,Workday
TXN003639,02-03-2025,03/01/2025,2025-08,AUS01,5810,CC3000,NT,Adobe,INV12586,,GBP,28684.19,EXPORT,Payment for subscription,Manual Entry
TXN003640,14-03-2026,10-03-2026,2026-08,AUS01,5010,CC3200,QLD,Optus Pty,INV86385,,GBP,14489.17,GST,Payment for subscription,SAP
TXN003641,03/20/2026,03/19/2026,2026-08,AUS01,5500,CC1200,MKT,ServiceNow Inc,INV23440,PO1684,NZD,42782.45,EXPORT,Payment for subscription,SAP
TXN003642,2025-08-23,2025-08-15,2025-08,AUS01,5010,CC4000,HR,Zoom,INV51642,,USD,6348.21,GST-FREE,Payment for goods,API Import
TXN003643,2026-08-01,2026-01-29,2026-08,AUS01,5600,CC3000,TAS,Microsoft,INV49826,PO8303,AUD,35258.83,GST,Payment for goods,API Import
TXN003644,2026-01-19,2026-01-13,2026-01,AUS01,5320,CC3000,IT,Slack,INV91006,,USD,21723.1,GST-FREE,Payment for license,Manual Entry
TXN003645,12-01-2026,07-01-2026,2026-01,AUS01,5310,CC3100,CORP,KPMG Australia,INV40394,,NZD,6224.48,EXPORT,Payment for goods,API Import
TXN003646,03/18/2026,03/11/2026,2026-08,AUS01,5310,CC1100,FIN,Microsoft,INV16955,PO5826,USD,32111.21,GST-FREE,Payment for services,Oracle
TXN003647,2026-01-02,2025-12-26,2026-01,AUS01,5900,CC1000,QLD,DHL Express,INV86238,,NZD,29800.5,INPUT,Payment for subscription,API Import
TXN003648,01/08/2026,01/06/2026,2026-01,AUS01,5500,CC3200,MKT,SAP,INV92638,,USD,12883.27,GST-FREE,Payment for consulting,SAP
TXN003649,18-03-2025,16-03-2025,2025-08,AUS01,5620,CC4000,ACT,Adobe,INV66863,PO3702,AUD,36057.74,GST,Payment for goods,SAP
TXN003650,17-03-2026,09-03-2026,2026-08,AUS01,5620,CC4000,OPS,Atlassian Pty,INV81306,PO1995,AUD,29797.62,GST,Payment for goods,Oracle
TXN003651,18-03-2026,11-03-2026,2026-08,AUS01,5600,CC3200,ACT,AWS,INV68947,PO6184,USD,35918.89,INPUT,Payment for goods,Workday
TXN003652,03/14/2025,03/09/2025,2025-08,AUS01,5700,CC1100,HR,Salesforce,INV34224,PO5079,USD,15755.71,EXPORT,Payment for license,API Import
TXN003653,23-03-2026,20-03-2026,2026-08,AUS01,5300,CC1000,FIN,Adobe,INV91658,,USD,22648.74,INPUT,Payment for goods,SAP
TXN003654,11/16/2025,11/06/2025,2025-11,AUS01,5020,CC2100,WA,McKinsey,INV95838,,AUD,27363.49,GST,Payment for subscription,Manual Entry
TXN003655,05-06-2025,26-05-2025,2025-08,AUS01,5210,CC4100,IT,BCG,INV13218,PO8877,USD,25976.67,GST,Payment for goods,Oracle
TXN003656,08/01/2026,30/12/2025,2026-01,AUS01,5400,CC3000,FIN,Workday,INV33331,PO7376,NZD,24356.8,GST,Payment for consulting,API Import
TXN003657,20/01/2026,16/01/2026,2026-01,AUS01,5520,CC3000,,WeWork Australia,INV19624,,NZD,33284.64,GST,Payment for services,Workday
TXN003658,08/22/2025,08/17/2025,2025-08,AUS01,5810,CC2100,MKT,EY Australia,INV68534,,GBP,26799.06,GST,Payment for subscription,SAP
TXN003659,26-03-2026,25-03-2026,2026-08,AUS01,5200,CC1200,CORP,Adobe,INV69803,PO1895,AUD,32543.6,EXPORT,Payment for goods,Workday
TXN003660,03/25/2026,03/15/2026,2026-08,AUS01,5510,CC2000,MKT,Salesforce,INV33061,,AUD,43256.22,GST-FREE,Payment for subscription,SAP
TXN003661,2026-01-24,2026-01-20,2026-01,AUS01,5620,CC3200,TAS,Slack,INV88308,PO6596,AUD,2560.08,GST-FREE,Payment for consulting,Workday
TXN003662,2025-09-12,2025-09-09,2025-09,AUS01,5410,CC2000,ACT,LinkedIn Corp,INV89593,PO4466,AUD,28997.34,EXPORT,Payment for goods,SAP
TXN003663,26-03-2026,23-03-2026,2026-08,AUS01,5320,CC1100,VIC,LinkedIn Corp,INV25476,PO9013,GBP,19380.81,GST-FREE,Payment for subscription,Manual Entry
TXN003664,2025-12-06,2025-12-02,2025-12,AUS01,5200,CC2100,CORP,Regus Australia,INV62148,PO7516,NZD,25321.11,INPUT,Payment for goods,SAP
TXN003665,19-03-2026,09-03-2026,2026-08,AUS01,5800,CC3000,MKT,Microsoft,INV49131,PO4408,NZD,39378.94,GST,Payment for consulting,Manual Entry
TXN003666,28/04/2025,20/04/2025,2025-08,AUS01,5810,CC4000,MKT,Oracle,INV76591,PO8019,NZD,43263.23,INPUT,Payment for subscription,Manual Entry
TXN003667,14-03-2026,04-03-2026,2026-08,AUS01,5320,CC3000,ACT,Hays,INV25415,PO6985,GBP,32558.81,INPUT,Payment for services,Manual Entry
TXN003668,15-01-2026,10-01-2026,2026-01,AUS01,5920,CC3000,IT,Salesforce,INV51027,PO6429,AUD,16895.12,GST,Payment for consulting,API Import
TXN003669,2026-01-15,2026-01-10,2026-01,AUS01,5920,CC1200,OPS,Telstra Corp,INV90914,PO9936,NZD,17067.89,EXPORT,Payment for services,Workday
TXN003670,23-03-2026,16-03-2026,2026-08,AUS01,5910,CC1000,CORP,Federal Express,INV76129,PO5845,USD,22874.09,GST-FREE,Payment for services,Manual Entry
TXN003671,05-03-2026,30-01-2026,2026-08,AUS01,5000,CC1200,SA,Amazon,INV24405,,USD,8205.13,GST-FREE,Payment for goods,API Import
TXN003672,01-03-2026,22/01/2026,2026-08,AUS01,5910,CC2100,VIC,Deloitte Touche,INV74567,PO6311,GBP,44059.97,GST-FREE,Payment for services,Workday
TXN003673,17-01-2026,12-01-2026,2026-01,AUS01,5600,CC3200,HR,Google,INV98201,PO6387,NZD,30199.67,GST-FREE,Payment for subscription,Workday
TXN003674,25-03-2026,16-03-2026,2026-08,AUS01,5310,CC2000,OPS,ServiceNow Inc,INV84774,PO2090,NZD,22560.01,INPUT,Payment for consulting,API Import
TXN003675,12-03-2026,06-03-2026,2026-08,AUS01,5810,CC4100,HR,BCG,INV95495,PO2297,USD,6092.82,EXPORT,Payment for goods,SAP
TXN003676,2026-08-19,2026-08-17,2026-08,AUS01,5520,CC1100,MKT,Hays,INV42693,PO3007,NZD,33957.48,EXPORT,Payment for services,Workday
TXN003677,20-01-2026,16-01-2026,2026-01,AUS01,5200,CC3100,CORP,Amazon,INV51223,PO5617,AUD,41826.44,GST,Payment for subscription,API Import
TXN003678,25-03-2026,23-03-2026,2026-08,AUS01,5610,CC3200,TAS,PWC,INV90872,PO9516,AUD,1357.14,INPUT,Payment for goods,Workday
TXN003679,01/22/2026,01/16/2026,2026-01,AUS01,5610,CC2100,NSW,Adobe,INV31352,,AUD,839.89,INPUT,Payment for license,Workday
TXN003680,2026-08-27,2026-08-18,2026-08,AUS01,5120,CC4000,IT,AusPost,INV70976,PO3851,NZD,12287.36,GST,Payment for subscription,Workday
TXN003681,02-03-2026,01/28/2026,2026-08,AUS01,5100,CC3000,FIN,Atlassian Pty,INV58453,PO8632,AUD,25862.08,EXPORT,Payment for services,Manual Entry
TXN003682,27-01-2026,26-01-2026,2026-01,AUS01,5920,CC3100,ACT,Google,INV37689,PO2647,GBP,26454.54,GST,Payment for goods,API Import
TXN003683,09/01/2026,03/01/2026,2026-01,AUS01,5920,CC4100,OPS,McKinsey,INV80529,PO8936,NZD,26499.74,INPUT,Payment for consulting,SAP
TXN003684,23-01-2026,13-01-2026,2026-01,AUS01,5610,CC1200,QLD,Slack,INV59098,PO5125,GBP,26997.34,GST,Payment for license,SAP
TXN003685,2026-08-14,2026-08-05,2026-08,AUS01,5620,CC1200,HR,Hays,INV32244,PO6801,GBP,5686.38,GST,Payment for services,Oracle
TXN003686,03/01/2026,01/26/2026,2026-08,AUS01,5600,CC3100,MKT,Atlassian Pty,INV36934,PO5282,NZD,42821.51,EXPORT,Payment for goods,API Import
TXN003687,12-03-2026,08-03-2026,2026-08,AUS01,5200,CC3200,CORP,WeWork Australia,INV41816,PO8758,NZD,26692.33,GST,Payment for license,Manual Entry
TXN003688,2025-10-28,2025-10-26,2025-10,AUS01,5520,CC4000,NSW,Google,INV40624,PO6337,AUD,5487.38,GST-FREE,Payment for goods,Oracle
TXN003689,2026-01-07,2026-01-02,2026-01,AUS01,5210,CC1200,IT,PWC,INV11632,PO2610,AUD,28364.5,EXPORT,Payment for goods,Manual Entry
TXN003690,17-03-2026,07-03-2026,2026-08,AUS01,5410,CC2000,HR,Accenture Pty,INV77196,PO4145,GBP,34199.87,GST,Payment for goods,Oracle
TXN003691,2025-08-24,2025-08-15,2025-08,AUS01,5110,CC1200,OPS,MSFT,INV96351,PO4919,NZD,12758.45,INPUT,Payment for subscription,SAP
TXN003692,20-01-2025,11-01-2025,2025-01,AUS01,5810,CC4000,NSW,GCP,INV72365,,GBP,39643.76,INPUT,Payment for services,Workday
TXN003693,01/05/2026,12/26/2025,2026-01,AUS01,5600,CC1000,VIC,AWS,INV27447,,USD,23053.35,GST-FREE,Payment for services,Manual Entry
TXN003694,2026-01-02,2025-12-24,2026-01,AUS01,5900,CC2000,SA,GCP,INV37474,,USD,22299.65,INPUT,Payment for goods,SAP
TXN003695,01/27/2026,01/19/2026,2026-01,AUS01,5600,CC1200,TAS,BCG,INV42234,PO9528,AUD,22460.88,GST-FREE,Payment for services,Oracle
TXN003696,14-03-2026,11-03-2026,2026-08,AUS01,5010,CC1100,QLD,BCG,INV90775,PO7029,USD,27632.63,EXPORT,Payment for subscription,Manual Entry
TXN003697,2026-01-06,2026-01-04,2026-01,AUS01,5400,CC3200,NT,AWS,INV77391,,AUD,18826.09,GST,Payment for services,Oracle
TXN003698,2026-01-09,2026-01-01,2026-01,AUS01,5910,CC3100,R&D,Telstra Corp,INV97532,PO7371,NZD,32384.64,INPUT,Payment for goods,API Import
TXN003699,2026-01-05,2026-01-01,2026-01,AUS01,5800,CC3000,MKT,Microsoft,INV43592,PO7176,AUD,4808.79,INPUT,Payment for license,API Import
TXN003700,2026-01-11,2026-01-01,2026-01,AUS01,5110,CC4100,QLD,Google,INV56657,,NZD,22942.17,INPUT,Payment for license,Workday
TXN003701,24-03-2026,21-03-2026,2026-08,AUS01,5320,CC2100,OPS,LinkedIn Corp,INV47859,PO6023,USD,29676.22,GST,Payment for goods,SAP
TXN003702,01/15/2026,01/08/2026,2026-01,AUS01,5210,CC4100,CORP,Deloitte Touche,INV52672,,AUD,42365.26,EXPORT,Payment for subscription,Workday
TXN003703,01/09/2026,01-03-2026,2026-01,AUS01,5710,CC3000,HR,Hays,INV51707,,NZD,23304.83,INPUT,Payment for goods,API Import
TXN003704,25-03-2026,20-03-2026,2026-08,AUS01,5400,CC3000,OPS,Amazon,INV41225,PO8793,USD,40288.55,INPUT,Payment for license,Workday
TXN003705,2026-01-05,2026-01-01,2026-01,AUS01,5610,CC1100,CORP,ServiceNow Inc,INV54595,,GBP,31660.43,EXPORT,Payment for goods,API Import
TXN003706,07-01-2026,30-12-2025,2026-01,AUS01,5500,CC1200,MKT,Optus Pty,INV29871,,AUD,44938.8,INPUT,Payment for services,Oracle
TXN003707,2026-01-11,2026-01-07,2026-01,AUS01,5920,CC4000,NSW,Workday,INV47745,PO3956,NZD,34101.43,GST-FREE,Payment for goods,Manual Entry
TXN003708,2026-08-05,2026-01-28,2026-08,AUS01,5300,CC1100,CORP,Seek Limited,INV16461,PO1851,NZD,9822.41,EXPORT,Payment for consulting,Oracle
TXN003709,08/06/2025,27/05/2025,2025-08,AUS01,5610,CC4000,FIN,Hays,INV30879,,GBP,9517.2,INPUT,Payment for services,API Import
TXN003710,11/01/2026,03/01/2026,2026-01,AUS01,5320,CC3000,CORP,Oracle,INV21483,PO5606,GBP,42494.0,GST-FREE,Payment for subscription,SAP
TXN003711,2025-10-24,2025-10-15,2025-10,AUS01,5510,CC3000,MKT,Robert Half International,INV88858,PO3971,AUD,23796.85,GST,Payment for license,SAP
TXN003712,16/01/2026,11/01/2026,2026-01,AUS01,5110,CC1000,ACT,AusPost,INV54486,,NZD,8617.52,INPUT,Payment for subscription,Oracle
TXN003713,12/07/2025,11/27/2025,2025-12,AUS01,5700,CC3200,HR,GCP,INV45440,,GBP,5830.06,GST,Payment for license,Oracle
TXN003714,03/06/2026,03/03/2026,2026-08,AUS01,5220,CC2000,CORP,Microsoft,INV99219,PO8529,AUD,27619.6,GST,Payment for goods,SAP
TXN003715,13-03-2025,09-03-2025,2025-08,AUS01,5110,CC2100,QLD,ServiceNow Inc,INV32374,PO8866,AUD,29628.91,EXPORT,Payment for license,Oracle
TXN003716,2026-01-27,2026-01-19,2026-01,AUS01,5100,CC1200,MKT,Google,INV88660,PO1816,USD,16524.61,EXPORT,Payment for goods,Workday
TXN003717,2026-08-31,2026-08-18,2026-08,AUS01,5510,CC1200,MKT,Seek Limited,INV95387,PO3891,USD,44838.01,INPUT,Payment for services,Manual Entry
TXN003718,2025-10-13,2025-10-07,2025-10,AUS01,5110,CC4000,QLD,Workday,INV74619,PO6846,AUD,4142.08,EXPORT,Payment for services,Manual Entry
TXN003719,03/13/2026,03/12/2026,2026-08,AUS01,5100,CC4000,R&D,MSFT,INV12731,PO8647,AUD,16822.31,INPUT,Payment for consulting,Manual Entry
TXN003720,2026-08-02,2026-01-30,2026-08,AUS01,5210,CC1100,,Federal Express,INV58220,,USD,15343.77,EXPORT,Payment for services,SAP
TXN003721,07-01-2026,31-12-2025,2026-01,AUS01,5810,CC4000,ACT,WeWork Australia,INV86753,PO8778,GBP,38756.26,GST-FREE,Payment for goods,API Import
TXN003722,09-03-2026,07-03-2026,2026-08,AUS01,5800,CC4000,CORP,PWC,INV39736,PO3889,NZD,22681.1,EXPORT,Payment for services,Oracle
TXN003723,2026-08-19,2026-08-10,2026-08,AUS01,5120,CC2000,OPS,AusPost,INV27576,PO2854,USD,44206.56,EXPORT,Payment for services,Oracle
TXN003724,2026-01-20,2026-01-16,2026-01,AUS01,5810,CC1100,WA,MSFT,INV67758,,USD,17191.17,GST-FREE,Payment for services,Manual Entry
TXN003725,26-03-2026,21-03-2026,2026-08,AUS01,5520,CC1200,MKT,WeWork Australia,INV85465,,USD,38883.29,GST-FREE,Payment for subscription,Manual Entry
TXN003726,01/11/2026,01/03/2026,2026-01,AUS01,5400,CC2000,CORP,Salesforce,INV58573,PO1877,GBP,27125.78,INPUT,Payment for goods,Manual Entry
TXN003727,11/09/2025,05/09/2025,2025-09,AUS01,5800,CC2100,IT,Adobe,INV67276,PO7291,USD,19899.47,INPUT,Payment for goods,Oracle
TXN003728,14-03-2026,07-03-2026,2026-08,AUS01,5020,CC3200,NSW,EY Australia,INV56617,PO6494,GBP,26503.01,INPUT,Payment for goods,Oracle
TXN003729,10/01/2026,09/01/2026,2026-01,AUS01,5320,CC4100,FIN,Telstra Corp,INV58001,,NZD,43657.02,GST-FREE,Payment for consulting,API Import
TXN003730,02-10-2025,27-09-2025,2025-10,AUS01,5210,CC3200,CORP,Google,INV48017,PO9381,GBP,1896.08,GST-FREE,Payment for license,Manual Entry
TXN003731,2026-08-08,2026-08-06,2026-08,AUS01,5410,CC1000,HR,Atlassian Pty,INV40743,PO7070,NZD,17165.4,INPUT,Payment for goods,SAP
TXN003732,11/04/2025,10/30/2025,2025-11,AUS01,5900,CC1200,VIC,Deloitte Touche,INV98682,PO4500,AUD,4293.13,GST,Payment for consulting,API Import
TXN003733,2026-01-26,2026-01-17,2026-01,AUS01,5410,CC4000,HR,Amazon,INV56175,PO4676,USD,15294.27,INPUT,Payment for consulting,Workday
TXN003734,08/11/2025,06-03-2025,2025-08,AUS01,5420,CC3000,R&D,Optus Pty,INV48331,PO1947,GBP,11771.36,INPUT,Payment for subscription,Oracle
TXN003735,13/09/2025,05/09/2025,2025-09,AUS01,5310,CC3100,OPS,Robert Half International,INV98066,PO2011,NZD,26375.12,EXPORT,Payment for consulting,API Import
TXN003736,28-03-2026,20-03-2026,2026-08,AUS01,5120,CC3000,TAS,ServiceNow Inc,INV53719,PO9901,AUD,34195.79,GST,Payment for consulting,Manual Entry
TXN003737,08/17/2025,08/11/2025,2025-08,AUS01,5100,CC1100,OPS,ServiceNow Inc,INV73220,,USD,36175.37,EXPORT,Payment for license,API Import
TXN003738,19/01/2026,11/01/2026,2026-01,AUS01,5310,CC1200,NT,Workday,INV11106,PO7031,GBP,40498.55,GST,Payment for license,Manual Entry
TXN003739,03/07/2026,03/05/2026,2026-08,AUS01,5900,CC4000,ACT,Hays,INV36726,PO1680,NZD,20412.59,INPUT,Payment for license,Oracle
TXN003740,2026-08-13,2026-08-09,2026-08,AUS01,5700,CC1000,HR,Salesforce,INV45860,PO2775,NZD,14098.2,EXPORT,Payment for license,Manual Entry
TXN003741,03/06/2026,03/04/2026,2026-08,AUS01,5700,CC1000,HR,Workday,INV60804,PO4639,GBP,22238.71,GST,Payment for goods,API Import
TXN003742,03/19/2026,03/18/2026,2026-08,AUS01,5020,CC1100,HR,LinkedIn Corp,INV42561,PO8938,AUD,37478.11,GST,Payment for services,API Import
TXN003743,2025-08-15,2025-08-06,2025-08,AUS01,5220,CC3100,IT,LinkedIn Corp,INV40687,PO2729,AUD,24879.82,EXPORT,Payment for consulting,API Import
TXN003744,26-03-2026,18-03-2026,2026-08,AUS01,5320,CC4100,OPS,Adobe,INV21054,,GBP,13997.81,GST,Payment for consulting,API Import
TXN003745,21-01-2026,13-01-2026,2026-01,AUS01,5300,CC1000,CORP,AWS,INV27336,PO7524,GBP,2571.58,GST-FREE,Payment for consulting,SAP
TXN003746,2025-11-18,2025-11-11,2025-11,AUS01,5100,CC1000,NSW,BCG,INV10848,PO1338,USD,36503.7,GST,Payment for services,SAP
TXN003747,05/10/2025,03/10/2025,2025-10,AUS01,5800,CC1100,R&D,Adobe,INV90484,,GBP,25226.17,GST-FREE,Payment for services,SAP
TXN003748,2026-01-04,2025-12-26,2026-01,AUS01,5020,CC3100,NT,SAP,INV10680,PO8589,NZD,32710.02,GST,Payment for consulting,API Import
TXN003749,17-03-2026,15-03-2026,2026-08,AUS01,5010,CC1100,SA,KPMG Australia,INV40064,PO3454,NZD,3663.11,EXPORT,Payment for goods,Workday
TXN003750,04-03-2025,27-03-2025,2025-08,AUS01,5810,CC1200,VIC,BCG,INV29117,,GBP,5557.28,EXPORT,Payment for consulting,SAP
TXN003751,28/05/2025,22/05/2025,2025-08,AUS01,5220,CC2100,IT,Federal Express,INV46099,PO3567,NZD,14775.09,GST-FREE,Payment for services,API Import
TXN003752,22/03/2025,16/03/2025,2025-08,AUS01,5910,CC2100,SA,MSFT,INV90961,PO6385,NZD,31319.69,INPUT,Payment for services,Oracle
TXN003753,10/09/2025,05/09/2025,2025-09,AUS01,5620,CC1200,NSW,AusPost,INV33519,,USD,11105.34,INPUT,Payment for consulting,Workday
TXN003754,10-03-2026,02-03-2026,2026-08,AUS01,5100,CC2000,NSW,Zoom,INV21809,PO3134,AUD,7040.26,EXPORT,Payment for services,Oracle
TXN003755,04-09-2025,27-08-2025,2025-09,AUS01,5410,CC3200,HR,PWC,INV33315,PO9014,NZD,23361.01,GST-FREE,Payment for license,SAP
TXN003756,16/01/2026,08/01/2026,2026-01,AUS01,5010,CC1000,VIC,EY Australia,INV64711,PO8358,GBP,10444.57,EXPORT,Payment for consulting,Oracle
TXN003757,19-03-2026,18-03-2026,2026-08,AUS01,5620,CC1200,HR,Telstra Corp,INV93550,,NZD,38010.98,GST,Payment for consulting,SAP
TXN003758,01/14/2026,01/04/2026,2026-01,AUS01,5310,CC2100,VIC,McKinsey,INV55111,PO2933,NZD,33007.6,EXPORT,Payment for goods,Manual Entry
TXN003759,10/04/2025,09/30/2025,2025-10,AUS01,5220,CC1200,IT,LinkedIn Corp,INV78304,PO8606,USD,28638.99,GST-FREE,Payment for goods,Oracle
TXN003760,26-03-2026,18-03-2026,2026-08,AUS01,5810,CC3100,QLD,Telstra Corp,INV26789,PO5999,NZD,11641.93,INPUT,Payment for license,Workday
TXN003761,01/14/2026,01/08/2026,2026-01,AUS01,5620,CC2100,OPS,MSFT,INV13658,,USD,40161.22,GST,Payment for services,Workday
TXN003762,08-01-2026,01-01-2026,2026-01,AUS01,5310,CC4100,OPS,KPMG Australia,INV82630,PO3821,NZD,40470.52,GST-FREE,Payment for goods,Oracle
TXN003763,04/08/2025,04-03-2025,2025-08,AUS01,5800,CC2000,QLD,Workday,INV27367,PO9582,NZD,17503.12,GST-FREE,Payment for license,Manual Entry
TXN003764,03/27/2026,03/19/2026,2026-08,AUS01,5700,CC3000,HR,EY Australia,INV90576,PO2852,USD,29937.8,GST-FREE,Payment for goods,Oracle
TXN003765,26-03-2026,19-03-2026,2026-08,AUS01,5020,CC4100,QLD,Salesforce,INV11052,,NZD,30272.38,EXPORT,Payment for subscription,SAP
TXN003766,2025-08-04,2025-08-29,2025-08,AUS01,5800,CC4000,HR,GCP,INV19061,PO5478,GBP,37714.01,GST-FREE,Payment for goods,API Import
TXN003767,2026-08-03,2026-01-28,2026-08,AUS01,5520,CC3200,MKT,DHL Express,INV59331,,NZD,1853.45,GST,Payment for license,Manual Entry
TXN003768,12/21/2025,12/20/2025,2025-12,AUS01,5320,CC3200,FIN,Slack,INV18435,,AUD,39241.72,INPUT,Payment for license,API Import
TXN003769,2025-08-27,2025-08-26,2025-08,AUS01,5000,CC4100,HR,Deloitte Touche,INV28237,PO4691,NZD,10021.1,GST,Payment for goods,SAP
TXN003770,22-01-2026,16-01-2026,2026-01,AUS01,5400,CC4100,OPS,KPMG Australia,INV92379,,USD,20146.45,EXPORT,Payment for services,API Import
TXN003771,06-03-2026,02-03-2026,2026-08,AUS01,5120,CC3100,SA,Optus Pty,INV21497,PO2296,GBP,33172.84,GST,Payment for services,Manual Entry
TXN003772,11/01/2026,01/01/2026,2026-01,AUS01,5510,CC3200,MKT,Google,INV66606,PO5781,NZD,4984.15,GST-FREE,Payment for goods,API Import
TXN003773,2026-08-08,2026-08-01,2026-08,AUS01,5700,CC2100,HR,Federal Express,INV76350,PO9294,AUD,12729.81,GST-FREE,Payment for services,Manual Entry
TXN003774,03/16/2026,03/13/2026,2026-08,AUS01,5710,CC4000,HR,McKinsey,INV79769,,NZD,39256.06,INPUT,Payment for consulting,Workday
TXN003775,03/08/2026,01/31/2026,2026-08,AUS01,5310,CC1200,FIN,Robert Half International,INV95418,PO8507,GBP,36070.62,GST-FREE,Payment for license,API Import
TXN003776,19-03-2026,16-03-2026,2026-08,AUS01,5900,CC2100,SA,BCG,INV95357,PO3480,NZD,31167.85,GST,Payment for services,SAP
TXN003777,2026-01-01,2025-12-27,2026-01,AUS01,5620,CC4100,SA,DHL Express,INV68395,PO5583,AUD,5017.26,EXPORT,Payment for subscription,Oracle
TXN003778,2025-08-19,2025-08-13,2025-08,AUS01,5420,CC4100,VIC,Federal Express,INV87929,,GBP,42014.71,EXPORT,Payment for goods,Oracle
TXN003779,03/19/2026,03/15/2026,2026-08,AUS01,5800,CC1000,WA,Microsoft,INV35602,PO4003,USD,29480.5,INPUT,Payment for subscription,Manual Entry
TXN003780,23/01/2026,15/01/2026,2026-01,AUS01,5910,CC3200,QLD,Workday,INV30724,PO9697,AUD,7989.42,INPUT,Payment for consulting,SAP
TXN003781,04-03-2026,02-03-2026,2026-08,AUS01,5800,CC1100,VIC,Salesforce,INV41144,PO6977,GBP,15862.39,EXPORT,Payment for license,Oracle
TXN003782,14/01/2026,09/01/2026,2026-01,AUS01,5910,CC4100,TAS,Oracle,INV66195,PO6103,AUD,15226.91,INPUT,Payment for goods,API Import
TXN003783,16-03-2026,14-03-2026,2026-08,AUS01,5420,CC1100,WA,ServiceNow Inc,INV55683,PO9413,NZD,42796.39,GST-FREE,Payment for license,SAP
TXN003784,01-03-2026,12/28/2025,2026-01,AUS01,5520,CC1200,MKT,BCG,INV37908,PO5597,GBP,7241.31,EXPORT,Payment for goods,Oracle
TXN003785,2026-08-31,2026-08-21,2026-08,AUS01,5020,CC1200,HR,AWS,INV96630,PO8792,USD,42006.8,EXPORT,Payment for license,Workday
TXN003786,05-01-2026,28-12-2025,2026-01,AUS01,5310,CC1100,FIN,McKinsey,INV27926,,USD,17926.07,EXPORT,Payment for license,Manual Entry
TXN003787,01/28/2026,01/27/2026,2026-01,AUS01,5910,CC3100,IT,Federal Express,INV81633,PO7484,AUD,30814.63,GST-FREE,Payment for license,Workday
TXN003788,01/19/2026,01/14/2026,2026-01,AUS01,5020,CC3100,TAS,KPMG Australia,INV21423,PO9878,USD,9325.19,GST,Payment for subscription,Workday
TXN003789,01/07/2025,24/06/2025,2025-08,AUS01,5800,CC1200,SA,GCP,INV42181,PO7698,AUD,17753.8,GST,Payment for goods,Oracle
TXN003790,03/08/2026,03/06/2026,2026-08,AUS01,5520,CC3000,MKT,Adobe,INV66038,PO7536,USD,26801.78,GST,Payment for services,Oracle
TXN003791,2025-08-23,2025-08-15,2025-08,AUS01,5800,CC2000,FIN,Robert Half International,INV76999,,GBP,3626.19,INPUT,Payment for subscription,Workday
TXN003792,10-03-2026,09-03-2026,2026-08,AUS01,5000,CC3200,HR,KPMG Australia,INV74048,PO5767,NZD,36687.84,EXPORT,Payment for services,Workday
TXN003793,12/14/2025,12/12/2025,2025-12,AUS01,5510,CC2000,MKT,GCP,INV58088,,GBP,11077.4,GST-FREE,Payment for goods,Manual Entry
TXN003794,2026-01-07,2026-01-01,2026-01,AUS01,5420,CC3000,HR,LinkedIn Corp,INV69403,PO4061,GBP,18233.5,GST,Payment for subscription,SAP
TXN003795,15-03-2026,08-03-2026,2026-08,AUS01,5410,CC1000,QLD,Federal Express,INV29396,PO1774,NZD,965.71,INPUT,Payment for consulting,API Import
TXN003796,20-07-2025,14-07-2025,2025-08,AUS01,5320,CC2000,FIN,Slack,INV75071,,GBP,34369.65,INPUT,Payment for services,Workday
TXN003797,03/01/2026,29/12/2025,2026-01,AUS01,5000,CC2100,SA,SAP,INV51727,PO7353,GBP,23465.34,GST-FREE,Payment for services,SAP
TXN003798,2026-08-01,2026-01-23,2026-08,AUS01,5700,CC1200,HR,AWS,INV79620,PO2994,GBP,4844.8,GST-FREE,Payment for license,Oracle
TXN003799,23/09/2025,15/09/2025,2025-09,AUS01,5020,CC4100,WA,GCP,INV90000,PO3106,USD,25200.53,GST,Payment for services,Manual Entry
TXN003800,2026-08-11,2026-08-09,2026-08,AUS01,5920,CC4000,R&D,Salesforce,INV65179,PO2680,GBP,33192.27,EXPORT,Payment for license,SAP
TXN003801,17-01-2026,09-01-2026,2026-01,AUS01,5700,CC3000,HR,Slack,INV88263,PO6468,USD,18576.21,INPUT,Payment for goods,API Import
TXN003802,20/11/2025,17/11/2025,2025-11,AUS01,5510,CC1100,MKT,DHL Express,INV73896,PO4291,GBP,15231.11,GST,Payment for services,Oracle
TXN003803,03-01-2026,29-12-2025,2026-01,AUS01,5600,CC2000,HR,Atlassian Pty,INV98652,PO3987,USD,14744.41,EXPORT,Payment for subscription,Workday
TXN003804,20/08/2025,12/08/2025,2025-08,AUS01,5410,CC3000,ACT,Salesforce,INV52007,PO7944,AUD,38775.37,GST-FREE,Payment for subscription,SAP
TXN003805,13/07/2025,03/07/2025,2025-08,AUS01,5100,CC3200,R&D,Adobe,INV43008,PO4183,GBP,4394.2,INPUT,Payment for consulting,Oracle
TXN003806,2026-01-18,2026-01-14,2026-01,AUS01,5300,CC1100,CORP,ServiceNow Inc,INV47126,PO8756,NZD,1154.81,GST-FREE,Payment for subscription,API Import
TXN003807,14-01-2026,08-01-2026,2026-01,AUS01,5420,CC2100,TAS,KPMG Australia,INV43154,PO2882,GBP,31523.11,INPUT,Payment for license,Manual Entry
TXN003808,07-03-2026,05-03-2026,2026-08,AUS01,5810,CC1200,SA,BCG,INV71744,,NZD,23003.65,EXPORT,Payment for services,Workday
TXN003809,02-03-2026,31/01/2026,2026-08,AUS01,5310,CC1100,OPS,Workday,INV58944,,NZD,34410.21,EXPORT,Payment for consulting,Workday
TXN003810,23-03-2026,13-03-2026,2026-08,AUS01,5600,CC3100,HR,ServiceNow Inc,INV72825,PO2281,GBP,35535.21,INPUT,Payment for goods,Workday
TXN003811,03/07/2025,27/06/2025,2025-08,AUS01,5800,CC2000,NT,Accenture Pty,INV13343,PO8515,NZD,38889.99,GST,Payment for goods,API Import
TXN003812,24-03-2026,17-03-2026,2026-08,AUS01,5910,CC3100,TAS,Regus Australia,INV65180,PO1807,GBP,34423.07,GST,Payment for goods,API Import
TXN003813,08/01/2026,01/01/2026,2026-01,AUS01,5420,CC3200,TAS,LinkedIn Corp,INV14387,PO5127,NZD,14081.56,GST,Payment for goods,API Import
TXN003814,2025-08-16,2025-08-14,2025-08,AUS01,5510,CC1200,MKT,MSFT,INV14610,PO5022,AUD,9880.83,INPUT,Payment for subscription,API Import
TXN003815,06-03-2026,04-03-2026,2026-08,AUS01,5500,CC2000,MKT,Slack,INV67297,PO5611,AUD,9581.32,GST,Payment for consulting,Workday
TXN003816,01/04/2025,12/27/2024,2025-01,AUS01,5510,CC4000,MKT,Hays,INV55830,PO9054,GBP,23715.29,INPUT,Payment for license,Workday
TXN003817,15-12-2025,13-12-2025,2025-12,AUS01,5100,CC2100,NSW,Google,INV64622,,GBP,41290.44,INPUT,Payment for license,SAP
TXN003818,13/01/2026,09/01/2026,2026-01,AUS01,5620,CC4100,HR,WeWork Australia,INV27419,PO9466,AUD,1031.73,GST-FREE,Payment for consulting,Manual Entry
TXN003819,17-01-2026,08-01-2026,2026-01,AUS01,5700,CC4100,HR,EY Australia,INV34547,PO6422,USD,896.54,GST-FREE,Payment for services,Oracle
TXN003820,02-03-2026,01/30/2026,2026-08,AUS01,5220,CC1100,IT,GCP,INV68062,PO7126,NZD,33995.28,GST,Payment for services,Oracle
TXN003821,08/07/2025,08/04/2025,2025-08,AUS01,5910,CC4100,TAS,KPMG Australia,INV42598,PO7841,NZD,21489.77,GST,Payment for services,SAP
TXN003822,03/18/2026,03/08/2026,2026-08,AUS01,5120,CC4100,HR,Seek Limited,INV37001,PO7949,AUD,13615.95,INPUT,Payment for license,Manual Entry
TXN003823,2026-08-13,2026-08-10,2026-08,AUS01,5710,CC4100,HR,Optus Pty,INV24881,PO4213,GBP,22142.04,GST-FREE,Payment for subscription,Workday
TXN003824,12/21/2025,12/14/2025,2025-12,AUS01,5810,CC1100,NSW,PWC,INV55147,PO9390,USD,44422.73,GST,Payment for goods,Workday
TXN003825,12/18/2025,12/14/2025,2025-12,AUS01,5020,CC1200,HR,MSFT,INV85625,PO6108,AUD,23439.18,INPUT,Payment for services,SAP
TXN003826,28/01/2026,23/01/2026,2026-01,AUS01,5100,CC3200,WA,Microsoft,INV34028,PO9043,USD,18259.95,INPUT,Payment for goods,Oracle
TXN003827,03/04/2025,29/03/2025,2025-08,AUS01,5910,CC1200,VIC,EY Australia,INV26241,PO8902,AUD,13226.75,EXPORT,Payment for consulting,Oracle
TXN003828,2025-01-28,2025-01-20,2025-01,AUS01,5900,CC3200,HR,KPMG Australia,INV22916,,USD,43285.72,GST-FREE,Payment for services,Manual Entry
TXN003829,05-01-2026,31-12-2025,2026-01,AUS01,5520,CC1200,MKT,Google,INV54182,PO9033,NZD,40212.83,EXPORT,Payment for license,Manual Entry
TXN003830,2026-01-08,2026-01-04,2026-01,AUS01,5110,CC2100,R&D,MSFT,INV91568,PO6226,NZD,26446.5,GST,Payment for services,API Import
TXN003831,13-03-2026,10-03-2026,2026-08,AUS01,5500,CC1100,MKT,PWC,INV51473,PO9704,NZD,21842.19,EXPORT,Payment for consulting,API Import
TXN003832,14/01/2026,10/01/2026,2026-01,AUS01,5420,CC4000,NSW,Regus Australia,INV26118,,GBP,20865.79,EXPORT,Payment for license,API Import
TXN003833,19-03-2025,09-03-2025,2025-08,AUS01,5900,CC1100,OPS,Hays,INV10136,PO9019,GBP,32486.94,EXPORT,Payment for services,SAP
TXN003834,05-03-2026,28/01/2026,2026-08,AUS01,5600,CC3100,NSW,Adobe,INV67993,PO5754,NZD,13843.18,GST-FREE,Payment for goods,SAP
TXN003835,2026-08-23,2026-08-19,2026-08,AUS01,5610,CC4000,NSW,Hays,INV65526,PO6578,AUD,18960.0,INPUT,Payment for license,Workday
TXN003836,2026-01-24,2026-01-15,2026-01,AUS01,5410,CC4000,WA,EY Australia,INV33385,,GBP,31393.26,GST-FREE,Payment for license,Oracle
TXN003837,06-01-2026,28-12-2025,2026-01,AUS01,5920,CC3100,HR,Robert Half International,INV71661,PO9046,GBP,1250.96,GST-FREE,Payment for license,Workday
TXN003838,08/26/2025,08/20/2025,2025-08,AUS01,5500,CC3100,MKT,McKinsey,INV44165,PO7857,USD,291.12,GST-FREE,Payment for subscription,Oracle
TXN003839,2026-08-01,2026-01-28,2026-08,AUS01,5110,CC1200,R&D,Oracle,INV12498,,NZD,44033.06,INPUT,Payment for goods,Oracle
TXN003840,14-07-2025,09-07-2025,2025-08,AUS01,5810,CC2000,QLD,Regus Australia,INV58479,PO8266,AUD,25782.58,INPUT,Payment for goods,SAP
TXN003841,10/03/2025,03/03/2025,2025-08,AUS01,5410,CC1200,WA,Zoom,INV10319,,NZD,22159.92,EXPORT,Payment for license,Oracle
TXN003842,2026-01-26,2026-01-18,2026-01,AUS01,5020,CC1000,NSW,MSFT,INV45761,,USD,11552.54,EXPORT,Payment for consulting,API Import
TXN003843,08-03-2025,26-03-2025,2025-08,AUS01,5500,CC4100,MKT,Accenture Pty,INV42213,PO4209,USD,34037.83,GST-FREE,Payment for license,Manual Entry
TXN003844,27-01-2026,18-01-2026,2026-01,AUS01,5510,CC2000,MKT,DHL Express,INV68643,,USD,15612.86,GST,Payment for consulting,API Import
TXN003845,04-11-2025,29-10-2025,2025-11,AUS01,5120,CC1200,FIN,Accenture Pty,INV72904,PO9036,NZD,1767.81,GST-FREE,Payment for goods,Workday
TXN003846,2026-08-05,2026-01-26,2026-08,AUS01,5610,CC4000,FIN,Amazon,INV88227,PO4227,GBP,42395.53,INPUT,Payment for goods,Workday
TXN003847,01/06/2026,01/05/2026,2026-01,AUS01,5520,CC3100,SA,LinkedIn Corp,INV63520,PO8109,USD,44891.98,GST-FREE,Payment for goods,API Import
TXN003848,2025-08-03,2025-08-26,2025-08,AUS01,5400,CC3200,QLD,LinkedIn Corp,INV68083,PO4750,GBP,36313.54,EXPORT,Payment for license,Manual Entry
TXN003849,2025-08-03,2025-01-24,2025-08,AUS01,5010,CC3000,VIC,Optus Pty,INV38469,,NZD,40841.34,GST-FREE,Payment for goods,Manual Entry
TXN003850,2026-08-09,2026-08-02,2026-08,AUS01,5120,CC2100,SA,Slack,INV41668,,GBP,5368.96,GST-FREE,Payment for license,Manual Entry
TXN003851,16-03-2026,09-03-2026,2026-08,AUS01,5320,CC1100,CORP,PWC,INV61570,,AUD,27673.6,EXPORT,Payment for goods,API Import
TXN003852,2026-08-10,2026-08-03,2026-08,AUS01,5210,CC3000,IT,Seek Limited,INV36724,PO6705,USD,11971.95,EXPORT,Payment for consulting,Oracle
TXN003853,26-03-2026,17-03-2026,2026-08,AUS01,5310,CC1000,CORP,AWS,INV39703,PO6814,GBP,6380.22,INPUT,Payment for license,SAP
TXN003854,01-03-2026,25-01-2026,2026-08,AUS01,5700,CC4100,HR,Adobe,INV12151,PO2061,NZD,29054.79,INPUT,Payment for subscription,API Import
TXN003855,01/01/2026,12/23/2025,2026-01,AUS01,5810,CC3200,R&D,ServiceNow Inc,INV59113,,NZD,32465.49,EXPORT,Payment for subscription,Workday
TXN003856,08-03-2026,03-03-2026,2026-08,AUS01,5610,CC4100,OPS,DHL Express,INV75466,PO8284,AUD,32240.11,EXPORT,Payment for consulting,Oracle
TXN003857,05-03-2026,02-03-2026,2026-08,AUS01,5710,CC3100,HR,EY Australia,INV52434,PO4882,GBP,32897.73,GST,Payment for services,SAP
TXN003858,05-01-2026,04-01-2026,2026-01,AUS01,5110,CC3200,,Regus Australia,INV64981,PO8706,AUD,38537.42,EXPORT,Payment for consulting,API Import
TXN003859,2025-08-08,2025-08-02,2025-08,AUS01,5100,CC2100,TAS,WeWork Australia,INV95076,PO1160,USD,39200.69,EXPORT,Payment for services,Manual Entry
TXN003860,2026-08-17,2026-08-14,2026-08,AUS01,5810,CC1000,MKT,Hays,INV13315,PO2325,NZD,39268.72,GST,Payment for subscription,Workday
TXN003861,09/17/2025,09/07/2025,2025-09,AUS01,5210,CC4100,CORP,Adobe,INV51788,PO8145,USD,39011.69,INPUT,Payment for subscription,Oracle
TXN003862,07-03-2026,04-03-2026,2026-08,AUS01,5100,CC2100,ACT,EY Australia,INV91513,PO7121,NZD,34528.83,GST-FREE,Payment for services,Manual Entry
TXN003863,13/01/2026,09/01/2026,2026-01,AUS01,5010,CC2000,SA,Google,INV86972,PO8890,NZD,19584.43,INPUT,Payment for services,Workday
TXN003864,24-01-2026,14-01-2026,2026-01,AUS01,5320,CC1100,ACT,AWS,INV63897,PO2043,GBP,37017.78,GST-FREE,Payment for goods,API Import
TXN003865,28-03-2026,23-03-2026,2026-08,AUS01,5010,CC4000,VIC,Atlassian Pty,INV13259,PO4755,AUD,20456.66,GST-FREE,Payment for license,Oracle
TXN003866,01/03/2026,12/28/2025,2026-01,AUS01,5110,CC4000,FIN,Optus Pty,INV10975,PO4065,GBP,6159.55,GST-FREE,Payment for license,Workday
TXN003867,12-03-2025,11/29/2025,2025-12,AUS01,5020,CC4000,NSW,WeWork Australia,INV83352,PO2750,AUD,14486.79,GST,Payment for license,SAP
TXN003868,05-03-2025,04-03-2025,2025-08,AUS01,5220,CC4000,FIN,WeWork Australia,INV81818,PO5462,GBP,14735.11,GST,Payment for services,API Import
TXN003869,28/01/2026,19/01/2026,2026-01,AUS01,5910,CC3100,SA,WeWork Australia,INV75480,PO1842,NZD,20711.6,GST-FREE,Payment for subscription,Workday
TXN003870,17-01-2026,12-01-2026,2026-01,AUS01,5510,CC3200,MKT,Microsoft,INV39496,,NZD,18020.07,GST-FREE,Payment for services,Workday
TXN003871,2025-11-13,2025-11-03,2025-11,AUS01,5620,CC2100,IT,PWC,INV11377,PO3269,GBP,39235.07,INPUT,Payment for goods,Workday
TXN003872,02-03-2026,26-01-2026,2026-08,AUS01,5620,CC3000,WA,Federal Express,INV13813,PO1341,GBP,37651.37,INPUT,Payment for license,Workday
TXN003873,08/21/2025,08/13/2025,2025-08,AUS01,5410,CC3000,NSW,Hays,INV85095,PO5073,USD,37190.99,EXPORT,Payment for license,SAP
TXN003874,10/20/2025,10/12/2025,2025-10,AUS01,5220,CC2000,CORP,LinkedIn Corp,INV34994,PO3497,USD,39447.73,GST,Payment for services,API Import
TXN003875,24-01-2026,23-01-2026,2026-01,AUS01,5600,CC1100,HR,Amazon,INV75154,,USD,20555.05,INPUT,Payment for subscription,Oracle
TXN003876,09/01/2026,08/01/2026,2026-01,AUS01,5020,CC1100,VIC,Salesforce,INV98308,,AUD,5971.55,EXPORT,Payment for consulting,Manual Entry
TXN003877,2026-01-07,2026-01-03,2026-01,AUS01,5920,CC2000,CORP,AWS,INV58495,PO5094,USD,4488.47,INPUT,Payment for consulting,API Import
TXN003878,2025-11-25,2025-11-21,2025-11,AUS01,5300,CC3100,CORP,Workday,INV77498,PO3513,USD,33227.51,GST-FREE,Payment for subscription,Manual Entry
TXN003879,11-06-2025,02-06-2025,2025-08,AUS01,5400,CC3100,,Microsoft,INV14112,,NZD,41415.33,GST,Payment for subscription,API Import
TXN003880,01/19/2026,01/15/2026,2026-01,AUS01,5520,CC1100,MKT,McKinsey,INV22128,PO5416,GBP,37464.58,GST,Payment for goods,API Import
TXN003881,03/23/2026,03/15/2026,2026-08,AUS01,5520,CC1100,MKT,MSFT,INV91162,PO2746,GBP,20488.83,INPUT,Payment for subscription,API Import
TXN003882,2025-09-17,2025-09-11,2025-09,AUS01,5700,CC1100,HR,KPMG Australia,INV88200,PO6588,NZD,19303.1,GST,Payment for subscription,SAP
TXN003883,2026-08-15,2026-08-14,2026-08,AUS01,5000,CC3100,HR,Regus Australia,INV61234,PO6931,GBP,37969.34,EXPORT,Payment for subscription,Workday
TXN003884,01/22/2026,01/18/2026,2026-01,AUS01,5810,CC3100,OPS,ServiceNow Inc,INV65778,PO6770,GBP,41909.12,EXPORT,Payment for license,API Import
TXN003885,03/01/2026,29/12/2025,2026-01,AUS01,5220,CC2100,IT,Slack,INV66083,,USD,40243.49,GST,Payment for consulting,Manual Entry
TXN003886,01/09/2026,12/30/2025,2026-01,AUS01,5620,CC1100,HR,DHL Express,INV81914,PO7617,AUD,14111.19,GST-FREE,Payment for goods,Workday
TXN003887,2025-08-18,2025-08-12,2025-08,AUS01,5810,CC2000,CORP,SAP,INV92568,,AUD,29655.9,GST,Payment for goods,Workday
TXN003888,2025-08-14,2025-08-12,2025-08,AUS01,5420,CC1000,QLD,Adobe,INV34596,,GBP,22853.33,EXPORT,Payment for consulting,API Import
TXN003889,26/04/2025,18/04/2025,2025-08,AUS01,5120,CC1200,NSW,ServiceNow Inc,INV19980,PO7673,AUD,21768.11,EXPORT,Payment for license,Oracle
TXN003890,01/06/2026,12/28/2025,2026-01,AUS01,5520,CC3000,MKT,PWC,INV99322,PO5987,USD,5493.39,INPUT,Payment for services,API Import
TXN003891,01/15/2026,01/07/2026,2026-01,AUS01,5220,CC1000,IT,Optus Pty,INV85327,PO2709,USD,27492.6,GST-FREE,Payment for consulting,Workday
TXN003892,01/14/2026,01/06/2026,2026-01,AUS01,5500,CC4100,MKT,MSFT,INV47901,,GBP,5699.27,GST-FREE,Payment for subscription,SAP
TXN003893,2026-01-03,2025-12-24,2026-01,AUS01,5310,CC2100,FIN,BCG,INV47931,,NZD,3598.97,GST-FREE,Payment for goods,API Import
TXN003894,14/01/2026,09/01/2026,2026-01,AUS01,5520,CC2100,MKT,AWS,INV97928,PO7236,AUD,43329.75,GST,Payment for subscription,API Import
TXN003895,08/04/2025,08/30/2025,2025-08,AUS01,5310,CC2000,CORP,Accenture Pty,INV33490,,GBP,31040.37,INPUT,Payment for subscription,Manual Entry
TXN003896,2025-08-20,2025-08-15,2025-08,AUS01,5410,CC1100,NSW,Federal Express,INV72132,,NZD,44718.52,INPUT,Payment for consulting,Manual Entry
TXN003897,03/17/2026,03/16/2026,2026-08,AUS01,5800,CC4100,VIC,Google,INV76431,,USD,12094.12,EXPORT,Payment for license,SAP
TXN003898,2026-08-16,2026-08-06,2026-08,AUS01,5320,CC3200,OPS,GCP,INV50845,PO2616,NZD,40672.3,GST,Payment for subscription,API Import
TXN003899,09/28/2025,09/22/2025,2025-09,AUS01,5520,CC2000,MKT,Hays,INV71210,,USD,17326.35,GST,Payment for consulting,Manual Entry
TXN003900,2026-01-24,2026-01-15,2026-01,AUS01,5010,CC4000,HR,Deloitte Touche,INV60150,PO6094,USD,40276.3,GST,Payment for license,Oracle
TXN003901,28-10-2025,25-10-2025,2025-10,AUS01,5200,CC1000,CORP,Microsoft,INV60484,,GBP,41769.52,INPUT,Payment for subscription,SAP
TXN003902,2026-01-08,2026-01-07,2026-01,AUS01,5400,CC1000,MKT,Deloitte Touche,INV98352,PO1779,NZD,32122.99,GST,Payment for license,SAP
TXN003903,27-01-2026,23-01-2026,2026-01,AUS01,5200,CC1000,VIC,Amazon,INV41347,PO3272,USD,22234.83,EXPORT,Payment for consulting,Oracle
TXN003904,08/03/2025,26-03-2025,2025-08,AUS01,5210,CC3100,OPS,McKinsey,INV29155,PO7321,AUD,11851.22,GST-FREE,Payment for services,Workday
TXN003905,2026-01-19,2026-01-14,2026-01,AUS01,5420,CC2000,CORP,WeWork Australia,INV31535,PO6997,USD,14798.97,GST-FREE,Payment for subscription,API Import
TXN003906,2026-08-07,2026-08-01,2026-08,AUS01,5920,CC2000,QLD,LinkedIn Corp,INV22654,,USD,34622.15,INPUT,Payment for subscription,API Import
TXN003907,19-03-2025,14-03-2025,2025-08,AUS01,5110,CC3100,NSW,MSFT,INV89962,PO8510,GBP,37096.19,GST,Payment for goods,Manual Entry
TXN003908,2025-08-09,2025-08-03,2025-08,AUS01,5020,CC2100,FIN,Accenture Pty,INV48136,,AUD,41267.13,EXPORT,Payment for services,API Import
TXN003909,2026-08-20,2026-08-16,2026-08,AUS01,5410,CC3000,WA,AusPost,INV57278,PO3839,NZD,32301.62,GST-FREE,Payment for consulting,SAP
TXN003910,02-03-2026,30-01-2026,2026-08,AUS01,5520,CC4100,MKT,Oracle,INV36692,PO8577,USD,8601.33,INPUT,Payment for license,API Import
TXN003911,01/07/2025,12/28/2024,2025-01,AUS01,5300,CC3000,FIN,Adobe,INV46533,PO6276,USD,14739.14,EXPORT,Payment for goods,API Import
TXN003912,09-11-2025,01-11-2025,2025-11,AUS01,5320,CC3100,TAS,Regus Australia,INV67100,,NZD,4685.83,INPUT,Payment for goods,Manual Entry
TXN003913,16-06-2025,09-06-2025,2025-08,AUS01,5320,CC3200,OPS,MSFT,INV20259,,USD,3704.77,GST,Payment for services,Oracle
TXN003914,08-03-2026,02-03-2026,2026-08,AUS01,5900,CC2000,OPS,Deloitte Touche,INV77020,,USD,3409.01,INPUT,Payment for subscription,Workday
TXN003915,12/22/2025,12/14/2025,2025-12,AUS01,5300,CC4100,,Robert Half International,INV83652,PO6931,USD,27867.58,GST-FREE,Payment for goods,Workday
TXN003916,03/28/2026,03/24/2026,2026-08,AUS01,5010,CC4100,NSW,SAP,INV32659,PO6766,NZD,31047.27,INPUT,Payment for services,Manual Entry
TXN003917,11/07/2025,10/31/2025,2025-11,AUS01,5410,CC1000,MKT,Telstra Corp,INV71632,,USD,43748.35,INPUT,Payment for subscription,Manual Entry
TXN003918,08/25/2025,08/18/2025,2025-08,AUS01,5100,CC1000,FIN,Microsoft,INV12655,,AUD,1846.43,GST-FREE,Payment for services,Oracle
TXN003919,08/07/2025,08/01/2025,2025-08,AUS01,5100,CC1200,WA,GCP,INV27877,,GBP,26874.4,GST-FREE,Payment for license,Workday
TXN003920,2026-08-09,2026-08-04,2026-08,AUS01,5110,CC1200,TAS,AusPost,INV26726,,USD,28293.12,EXPORT,Payment for subscription,Workday
TXN003921,07-03-2026,05-03-2026,2026-08,AUS01,5310,CC1000,CORP,PWC,INV74028,PO8218,NZD,5696.17,EXPORT,Payment for consulting,API Import
TXN003922,2025-08-17,2025-08-15,2025-08,AUS01,5700,CC1100,HR,WeWork Australia,INV80350,,AUD,9441.63,EXPORT,Payment for goods,Oracle
TXN003923,23-01-2026,19-01-2026,2026-01,AUS01,5310,CC3000,TAS,PWC,INV37213,,GBP,27526.24,GST,Payment for consulting,API Import
TXN003924,23/01/2026,21/01/2026,2026-01,AUS01,5010,CC3000,VIC,Optus Pty,INV33067,,AUD,25583.99,GST-FREE,Payment for license,SAP
TXN003925,01/12/2026,01/06/2026,2026-01,AUS01,5310,CC1200,CORP,LinkedIn Corp,INV92575,PO3984,GBP,19723.09,GST-FREE,Payment for goods,Workday
TXN003926,08/14/2025,08/13/2025,2025-08,AUS01,5700,CC4100,FIN,ServiceNow Inc,INV76693,PO2282,AUD,28051.77,EXPORT,Payment for license,Workday
TXN003927,01-11-2025,23-10-2025,2025-11,AUS01,5410,CC3200,NSW,DHL Express,INV84644,PO3020,USD,30087.89,GST,Payment for license,Workday
TXN003928,18-03-2025,13-03-2025,2025-08,AUS01,5400,CC1100,QLD,Oracle,INV88462,PO1143,USD,43348.5,GST,Payment for services,Oracle
TXN003929,2025-08-10,2025-08-04,2025-08,AUS01,5310,CC1100,OPS,Hays,INV38540,PO8423,NZD,23435.08,EXPORT,Payment for goods,Workday
TXN003930,08/04/2025,04/04/2025,2025-08,AUS01,5500,CC1000,MKT,Slack,INV75748,PO9733,GBP,18437.2,EXPORT,Payment for subscription,API Import
TXN003931,03/27/2026,03/23/2026,2026-08,AUS01,5020,CC1100,VIC,Federal Express,INV97981,PO6808,USD,41128.7,GST,Payment for services,Workday
TXN003932,01/23/2026,01/15/2026,2026-01,AUS01,5200,CC4100,IT,DHL Express,INV36339,,NZD,30830.03,INPUT,Payment for subscription,Workday
TXN003933,15-03-2026,13-03-2026,2026-08,AUS01,5700,CC1000,HR,Workday,INV70417,PO7788,AUD,44923.11,GST-FREE,Payment for services,API Import
TXN003934,03/21/2025,03/12/2025,2025-08,AUS01,5400,CC4100,WA,Optus Pty,INV36713,,USD,44490.71,INPUT,Payment for goods,Oracle
TXN003935,01/04/2026,12/25/2025,2026-01,AUS01,5220,CC3000,IT,Adobe,INV15947,PO1080,AUD,7680.15,EXPORT,Payment for license,API Import
TXN003936,2026-01-04,2025-12-30,2026-01,AUS01,5010,CC4100,NSW,Atlassian Pty,INV23608,,NZD,5673.43,INPUT,Payment for subscription,SAP
TXN003937,03/18/2026,03/17/2026,2026-08,AUS01,5700,CC1100,HR,Accenture Pty,INV31174,PO7578,NZD,21616.03,INPUT,Payment for goods,Manual Entry
TXN003938,2026-01-09,2026-01-06,2026-01,AUS01,5120,CC3100,,EY Australia,INV38732,PO3921,GBP,6191.0,INPUT,Payment for subscription,Workday
TXN003939,07-03-2026,06-03-2026,2026-08,AUS01,5920,CC2100,ACT,Slack,INV69447,,NZD,1274.92,GST,Payment for subscription,Oracle
TXN003940,12-03-2026,02-03-2026,2026-08,AUS01,5710,CC3100,HR,BCG,INV75944,PO1313,USD,20403.97,EXPORT,Payment for license,SAP
TXN003941,2026-08-18,2026-08-15,2026-08,AUS01,5110,CC2100,SA,Federal Express,INV30914,PO9796,GBP,5619.54,INPUT,Payment for services,API Import
TXN003942,26-01-2026,25-01-2026,2026-01,AUS01,5120,CC1000,OPS,LinkedIn Corp,INV56917,PO2663,AUD,27372.04,GST-FREE,Payment for subscription,API Import
TXN003943,2026-01-03,2025-12-26,2026-01,AUS01,5310,CC2000,OPS,Accenture Pty,INV97911,PO4339,AUD,19849.8,GST-FREE,Payment for goods,Manual Entry
TXN003944,20-03-2026,19-03-2026,2026-08,AUS01,5520,CC3100,MKT,MSFT,INV71303,PO6662,NZD,40425.62,GST-FREE,Payment for license,Manual Entry
TXN003945,01/06/2026,01-03-2026,2026-01,AUS01,5420,CC1100,IT,Hays,INV52379,,USD,1693.02,GST,Payment for goods,SAP
TXN003946,01-03-2026,29/01/2026,2026-08,AUS01,5310,CC3100,CORP,AusPost,INV18801,,NZD,20082.27,INPUT,Payment for goods,SAP
TXN003947,03/04/2025,03-03-2025,2025-08,AUS01,5610,CC3100,IT,Robert Half International,INV30694,,USD,27497.45,INPUT,Payment for consulting,Oracle
TXN003948,03/03/2026,01/29/2026,2026-08,AUS01,5200,CC1000,IT,Amazon,INV84500,,USD,28927.19,INPUT,Payment for services,Workday
TXN003949,27-01-2026,21-01-2026,2026-01,AUS01,5200,CC3100,CORP,Telstra Corp,INV50124,PO4207,GBP,4049.33,EXPORT,Payment for subscription,SAP
TXN003950,03/24/2026,03/18/2026,2026-08,AUS01,5120,CC1200,MKT,Robert Half International,INV38355,PO9380,USD,9643.2,INPUT,Payment for subscription,Oracle
TXN003951,27-09-2025,17-09-2025,2025-09,AUS01,5600,CC2000,R&D,Deloitte Touche,INV69778,PO4930,GBP,16052.35,EXPORT,Payment for goods,Workday
TXN003952,2026-01-06,2025-12-27,2026-01,AUS01,5500,CC1000,MKT,Federal Express,INV47804,,NZD,392.56,EXPORT,Payment for goods,SAP
TXN003953,08/11/2025,08/10/2025,2025-08,AUS01,5110,CC2100,FIN,Deloitte Touche,INV69316,PO1238,GBP,22686.34,GST,Payment for services,Manual Entry
TXN003954,08/01/2026,30/12/2025,2026-01,AUS01,5620,CC1000,FIN,SAP,INV23396,PO6672,NZD,25743.43,INPUT,Payment for goods,Manual Entry
TXN003955,20-01-2026,16-01-2026,2026-01,AUS01,5910,CC3100,FIN,EY Australia,INV19717,,USD,20954.21,GST-FREE,Payment for consulting,Workday
TXN003956,03/22/2026,03/17/2026,2026-08,AUS01,5200,CC3100,CORP,Hays,INV90111,PO8844,GBP,22984.19,EXPORT,Payment for subscription,Manual Entry
TXN003957,16/01/2026,09/01/2026,2026-01,AUS01,5610,CC4000,NSW,AusPost,INV40469,,USD,314.01,GST,Payment for goods,Manual Entry
TXN003958,20/11/2025,18/11/2025,2025-11,AUS01,5910,CC3200,MKT,AWS,INV97331,PO2976,USD,28880.07,EXPORT,Payment for license,API Import
TXN003959,2025-11-13,2025-11-08,2025-11,AUS01,5920,CC4100,NSW,KPMG Australia,INV25679,PO8531,AUD,38584.13,INPUT,Payment for subscription,Manual Entry
TXN003960,04-05-2025,03-05-2025,2025-08,AUS01,5900,CC2000,ACT,KPMG Australia,INV62209,,NZD,43863.3,GST-FREE,Payment for consulting,API Import
TXN003961,08/08/2025,28/07/2025,2025-08,AUS01,5420,CC4100,OPS,McKinsey,INV11412,PO7231,GBP,3316.25,GST,Payment for consulting,SAP
TXN003962,05/22/2025,05/12/2025,2025-08,AUS01,5120,CC4100,VIC,SAP,INV79183,PO9964,USD,32954.14,EXPORT,Payment for license,Workday
TXN003963,2025-01-26,2025-01-19,2025-01,AUS01,5600,CC1000,WA,SAP,INV47434,PO8907,AUD,36646.61,GST-FREE,Payment for services,SAP
TXN003964,2025-08-06,2025-08-03,2025-08,AUS01,5500,CC2000,MKT,Amazon,INV93680,PO6415,USD,40687.53,INPUT,Payment for services,Oracle
TXN003965,19-03-2026,18-03-2026,2026-08,AUS01,5420,CC1200,MKT,Zoom,INV41787,PO3459,USD,2152.37,GST-FREE,Payment for goods,Oracle
TXN003966,03/19/2026,03/17/2026,2026-08,AUS01,5100,CC1100,WA,Accenture Pty,INV41935,PO8499,GBP,34363.12,EXPORT,Payment for license,Oracle
TXN003967,15-05-2025,08-05-2025,2025-08,AUS01,5420,CC4000,FIN,Adobe,INV33900,,USD,17678.39,INPUT,Payment for consulting,Manual Entry
TXN003968,2026-08-11,2026-08-06,2026-08,AUS01,5220,CC2100,IT,Robert Half International,INV35946,,GBP,15312.47,INPUT,Payment for consulting,Oracle
TXN003969,2025-08-27,2025-08-20,2025-08,AUS01,5510,CC1100,HR,EY Australia,INV87018,PO8193,NZD,36446.02,GST,Payment for goods,SAP
TXN003970,2026-08-06,2026-08-04,2026-08,AUS01,5200,CC1000,IT,AWS,INV86678,,NZD,10768.97,GST-FREE,Payment for subscription,SAP
TXN003971,2026-01-19,2026-01-17,2026-01,AUS01,5710,CC3200,HR,AusPost,INV92005,PO1021,USD,40187.76,GST,Payment for consulting,Workday
TXN003972,01/19/2026,01/18/2026,2026-01,AUS01,5920,CC2100,MKT,KPMG Australia,INV67805,,USD,38126.12,GST-FREE,Payment for license,Oracle
TXN003973,2026-08-19,2026-08-16,2026-08,AUS01,5710,CC4000,HR,PWC,INV63655,,NZD,34322.21,GST,Payment for consulting,API Import
TXN003974,07-03-2026,04-03-2026,2026-08,AUS01,5220,CC1000,CORP,BCG,INV40493,,AUD,42505.52,EXPORT,Payment for license,SAP
TXN003975,07-03-2026,06-03-2026,2026-08,AUS01,5800,CC3000,R&D,Seek Limited,INV72368,PO3600,NZD,3532.96,GST-FREE,Payment for goods,Manual Entry
TXN003976,12/28/2025,12/18/2025,2025-12,AUS01,5220,CC1100,IT,McKinsey,INV78994,PO8071,USD,16269.59,GST-FREE,Payment for goods,Workday
TXN003977,2026-01-16,2026-01-14,2026-01,AUS01,5410,CC2100,TAS,PWC,INV72765,,GBP,18533.34,INPUT,Payment for goods,Oracle
TXN003978,2026-08-22,2026-08-20,2026-08,AUS01,5810,CC1000,MKT,Oracle,INV99803,,AUD,42301.59,INPUT,Payment for services,API Import
TXN003979,2026-08-12,2026-08-10,2026-08,AUS01,5910,CC1000,R&D,GCP,INV35076,PO7073,NZD,17340.78,GST-FREE,Payment for goods,Workday
TXN003980,21-03-2026,12-03-2026,2026-08,AUS01,5120,CC4000,ACT,AWS,INV80497,,AUD,35328.14,GST,Payment for goods,Oracle
TXN003981,11-01-2026,07-01-2026,2026-01,AUS01,5900,CC1100,TAS,DHL Express,INV16431,,GBP,36781.05,EXPORT,Payment for services,Manual Entry
TXN003982,18-03-2026,10-03-2026,2026-08,AUS01,5510,CC4000,MKT,PWC,INV21748,PO4256,GBP,23115.03,EXPORT,Payment for license,Oracle
TXN003983,10-03-2025,02-03-2025,2025-08,AUS01,5800,CC1000,OPS,WeWork Australia,INV72170,,AUD,666.8,INPUT,Payment for services,API Import
TXN003984,01-03-2026,23/01/2026,2026-08,AUS01,5120,CC1100,FIN,Workday,INV77000,,AUD,31723.27,INPUT,Payment for services,Workday
TXN003985,24/08/2025,23/08/2025,2025-08,AUS01,5220,CC2100,IT,EY Australia,INV29226,PO7761,GBP,25562.13,INPUT,Payment for goods,Workday
TXN003986,2026-08-19,2026-08-18,2026-08,AUS01,5020,CC4100,NSW,Optus Pty,INV42341,,GBP,23715.34,GST-FREE,Payment for services,SAP
TXN003987,2025-12-09,2025-11-29,2025-12,AUS01,5320,CC1100,FIN,Google,INV13450,PO7372,USD,28370.13,GST-FREE,Payment for consulting,SAP
TXN003988,2026-01-16,2026-01-09,2026-01,AUS01,5710,CC1100,HR,Federal Express,INV64232,PO9822,GBP,25080.5,INPUT,Payment for goods,SAP
TXN003989,20-05-2025,17-05-2025,2025-08,AUS01,5510,CC2100,NT,Salesforce,INV89215,,AUD,24101.45,EXPORT,Payment for subscription,Workday
TXN003990,2025-09-09,2025-09-03,2025-09,AUS01,5320,CC3200,OPS,Zoom,INV32430,,NZD,22481.04,EXPORT,Payment for goods,API Import
TXN003991,14/01/2026,08/01/2026,2026-01,AUS01,5110,CC1000,NSW,Salesforce,INV86574,PO5825,GBP,441.64,INPUT,Payment for services,Manual Entry
TXN003992,24/09/2025,20/09/2025,2025-09,AUS01,5020,CC4100,QLD,Amazon,INV65506,PO9634,AUD,19805.75,EXPORT,Payment for consulting,Oracle
TXN003993,27-01-2026,24-01-2026,2026-01,AUS01,5100,CC4000,FIN,Regus Australia,INV95880,,USD,37919.48,INPUT,Payment for subscription,Manual Entry
TXN003994,02-03-2026,01/25/2026,2026-08,AUS01,5020,CC1200,QLD,AusPost,INV60344,PO5559,NZD,17533.54,INPUT,Payment for services,Manual Entry
TXN003995,11-05-2025,04-05-2025,2025-08,AUS01,5410,CC3200,HR,GCP,INV20897,PO3299,NZD,20681.52,GST,Payment for services,Manual Entry
TXN003996,2026-08-01,2026-01-23,2026-08,AUS01,5710,CC1000,HR,BCG,INV74295,PO4043,USD,34457.63,EXPORT,Payment for consulting,Oracle
TXN003997,04/12/2025,04/09/2025,2025-08,AUS01,5320,CC3200,FIN,AusPost,INV34580,PO9409,AUD,15789.82,GST-FREE,Payment for subscription,API Import
TXN003998,02-01-2026,31-12-2025,2026-01,AUS01,5510,CC3100,MKT,SAP,INV46734,PO3638,AUD,36878.69,GST-FREE,Payment for license,API Import
TXN003999,28-09-2025,19-09-2025,2025-09,AUS01,5320,CC2000,FIN,Slack,INV18460,PO4588,AUD,31123.2,GST,Payment for license,API Import
TXN004000,19-03-2026,18-03-2026,2026-08,AUS01,5600,CC1000,VIC,PWC,INV65098,PO6067,AUD,2230.03,EXPORT,Payment for license,SAP
TXN004001,03/12/2026,03/09/2026,2026-08,AUS01,5110,CC1100,MKT,Federal Express,INV99797,PO7266,USD,17022.1,INPUT,Payment for goods,Oracle
TXN004003,07-01-2026,06-01-2026,2026-01,AUS01,5420,CC1200,FIN,Slack,INV95746,PO1046,USD,14568.52,GST-FREE,Payment for goods,Workday
TXN004005,04-05-2025,25-04-2025,2025-08,AUS01,5200,CC1100,IT,Google,INV13340,,USD,36662.69,INPUT,Payment for services,Manual Entry
TXN004007,25-03-2026,18-03-2026,2026-08,AUS01,5500,CC4100,MKT,MSFT,INV12559,,GBP,29996.41,EXPORT,Payment for consulting,Workday
TXN004009,03/19/2026,03/14/2026,2026-08,AUS01,5120,CC4000,TAS,Workday,INV99080,,USD,40085.13,EXPORT,Payment for services,Manual Entry
TXN004011,18/08/2025,12/08/2025,2025-08,AUS01,5520,CC3000,MKT,PWC,INV37731,PO2873,NZD,14304.79,GST,Payment for license,Manual Entry
TXN004013,17-01-2026,12-01-2026,2026-01,AUS01,5510,CC3200,MKT,Microsoft,INV39496,,NZD,18020.07,GST-FREE,Payment for services,Workday
TXN004015,03/24/2026,03/20/2026,2026-08,AUS01,5600,CC2100,SA,Regus Australia,INV84297,PO5134,GBP,2541.1,GST-FREE,Payment for goods,API Import
TXN004017,11-03-2025,10/28/2025,2025-11,AUS01,5520,CC4100,TAS,Microsoft,INV55678,PO5051,USD,7883.54,GST-FREE,Payment for goods,Oracle
TXN004019,03-03-2026,02-03-2026,2026-08,AUS01,5910,CC2000,CORP,Telstra Corp,INV45924,PO1218,AUD,23397.12,EXPORT,Payment for subscription,Workday
TXN004021,25-06-2025,17-06-2025,2025-08,AUS01,5700,CC4000,HR,BCG,INV65430,PO7410,AUD,43180.29,GST,Payment for license,API Import
TXN004023,01/06/2026,12/30/2025,2026-01,AUS01,5310,CC4000,CORP,Amazon,INV98816,PO3198,GBP,24612.33,GST,Payment for goods,Workday
TXN004025,13-03-2026,07-03-2026,2026-08,AUS01,5710,CC1200,HR,EY Australia,INV25068,PO8614,USD,38421.29,INPUT,Payment for goods,Workday
TXN004027,11-12-2025,09-12-2025,2025-12,AUS01,5520,CC1200,MKT,AWS,INV71901,PO9148,USD,31009.01,INPUT,Payment for subscription,Workday
TXN004029,15-03-2026,11-03-2026,2026-08,AUS01,5800,CC4100,SA,Atlassian Pty,INV53203,PO1888,AUD,24226.47,EXPORT,Payment for consulting,Oracle
TXN004031,03/01/2026,29/12/2025,2026-01,AUS01,5220,CC2100,CORP,Slack,INV66083,,USD,40243.49,GST,Payment for consulting,Manual Entry
TXN004033,01/03/2026,12/29/2025,2026-01,AUS01,5900,CC3000,MKT,Optus Pty,INV64285,PO3871,GBP,43345.7,GST,Payment for license,Workday
TXN004035,01/18/2026,01/14/2026,2026-01,AUS01,5410,CC4100,VIC,KPMG Australia,INV14952,PO1555,AUD,42893.6,GST-FREE,Payment for license,Oracle
TXN004037,2026-01-23,2026-01-15,2026-01,AUS01,5410,CC3100,CORP,EY Australia,INV39601,PO5091,GBP,23342.8,GST,Payment for services,Oracle
TXN004039,08-03-2026,05-03-2026,2026-08,AUS01,5520,CC3000,NT,Optus Pty,INV43367,,AUD,14116.54,GST-FREE,Payment for goods,Workday
TXN004041,01/10/2026,01/05/2026,2026-01,AUS01,5620,CC3200,QLD,Amazon,INV56458,PO8202,NZD,419.02,GST,Payment for subscription,Workday
TXN004043,07-03-2026,05-03-2026,2026-08,AUS01,5920,CC3200,VIC,AusPost,INV17012,,GBP,33894.43,GST-FREE,Payment for services,SAP
TXN004045,03/16/2026,03/11/2026,2026-08,AUS01,5210,CC4000,ACT,Amazon,INV19554,PO9245,USD,40001.16,INPUT,Payment for subscription,Manual Entry
TXN004047,18-03-2026,11-03-2026,2026-08,AUS01,5600,CC3200,MKT,AWS,INV68947,PO6184,USD,35918.89,INPUT,Payment for goods,Workday
TXN004049,17-04-2025,15-04-2025,2025-08,AUS01,5610,CC1200,TAS,PWC,INV59545,PO8624,GBP,29841.32,GST-FREE,Payment for services,Oracle
TXN004051,28/01/2026,19/01/2026,2026-01,AUS01,5910,CC3100,WA,WeWork Australia,INV75480,PO1842,NZD,20711.6,GST-FREE,Payment for subscription,Workday
TXN004053,12-03-2026,06-03-2026,2026-08,AUS01,5010,CC4100,HR,Microsoft,INV96902,PO1747,USD,1651.58,INPUT,Payment for subscription,Manual Entry
TXN004055,10-03-2026,02-03-2026,2026-08,AUS01,5920,CC4100,ACT,Robert Half International,INV69673,PO7607,USD,11592.84,GST-FREE,Payment for license,Manual Entry
TXN004057,19-05-2025,17-05-2025,2025-08,AUS01,5520,CC1000,MKT,ServiceNow Inc,INV61211,,USD,6717.69,GST-FREE,Payment for services,API Import
TXN004059,2026-08-21,2026-08-17,2026-08,AUS01,5300,CC1200,CORP,BCG,INV99479,,AUD,31762.02,EXPORT,Payment for license,SAP
TXN004061,01/22/2026,01/18/2026,2026-01,AUS01,5220,CC3100,CORP,Federal Express,INV43972,PO1812,AUD,41332.86,INPUT,Payment for services,Manual Entry
TXN004063,2026-08-03,2026-01-29,2026-08,AUS01,5710,CC4100,HR,LinkedIn Corp,INV38004,,GBP,26575.08,INPUT,Payment for services,Workday
TXN004065,01/26/2026,01/24/2026,2026-01,AUS01,5000,CC4100,QLD,Hays,INV28031,PO3995,USD,12836.21,EXPORT,Payment for consulting,Workday
TXN004067,25-06-2025,20-06-2025,2025-08,AUS01,5420,CC3100,NSW,BCG,INV68964,PO4690,NZD,20508.97,INPUT,Payment for goods,Manual Entry
TXN004069,2026-01-01,2025-12-31,2026-01,AUS01,5610,CC4100,WA,EY Australia,INV33452,,USD,13512.23,INPUT,Payment for consulting,Manual Entry
TXN004071,2025-12-13,2025-12-09,2025-12,AUS01,5420,CC4000,IT,Adobe,INV78576,PO2886,AUD,10354.61,EXPORT,Payment for services,API Import
TXN004073,11-01-2026,07-01-2026,2026-01,AUS01,5900,CC1100,ACT,DHL Express,INV16431,,GBP,36781.05,EXPORT,Payment for services,Manual Entry
TXN004075,2026-08-10,2026-08-02,2026-08,AUS01,5300,CC1100,OPS,SAP,INV64378,PO4874,NZD,25561.14,EXPORT,Payment for license,SAP
TXN004077,26/01/2026,22/01/2026,2026-01,AUS01,5210,CC4100,CORP,Zoom,INV55787,PO8554,AUD,30318.91,GST-FREE,Payment for license,SAP
TXN004079,2025-08-26,2025-08-19,2025-08,AUS01,5510,CC2100,MKT,DHL Express,INV22818,PO6536,AUD,10171.78,INPUT,Payment for license,Oracle
TXN004081,2025-09-09,2025-09-03,2025-09,AUS01,5320,CC3200,OPS,Zoom,INV32430,,NZD,22481.04,EXPORT,Payment for goods,API Import
TXN004083,2026-08-07,2026-08-03,2026-08,AUS01,5500,CC1000,MKT,WeWork Australia,INV72878,PO3029,GBP,43149.66,GST-FREE,Payment for goods,SAP
TXN004085,03-03-2026,24-01-2026,2026-08,AUS01,5520,CC2000,MKT,Robert Half International,INV96079,,GBP,32096.6,GST,Payment for subscription,Manual Entry
TXN004087,26/08/2025,17/08/2025,2025-08,AUS01,5810,CC4100,QLD,Telstra Corp,INV56260,PO8019,GBP,18141.01,GST-FREE,Payment for consulting,Oracle
TXN004089,08/09/2025,08/03/2025,2025-08,AUS01,5310,CC3000,FIN,Seek Limited,INV37593,,GBP,42406.27,EXPORT,Payment for subscription,Workday
TXN004091,01-03-2026,29/01/2026,2026-08,AUS01,5310,CC3100,FIN,AusPost,INV18801,,NZD,20082.27,INPUT,Payment for goods,SAP
TXN004093,04/12/2025,03/12/2025,2025-12,AUS01,5320,CC4100,FIN,PWC,INV87450,PO9739,NZD,30994.51,EXPORT,Payment for license,SAP
TXN004095,2026-01-21,2026-01-18,2026-01,AUS01,5210,CC3000,IT,MSFT,INV24920,PO7447,USD,18086.78,EXPORT,Payment for license,API Import
TXN004097,13-03-2026,08-03-2026,2026-08,AUS01,5310,CC2000,,LinkedIn Corp,INV41353,PO3539,AUD,12784.98,EXPORT,Payment for services,Workday
TXN004099,2026-08-21,2026-08-18,2026-08,AUS01,5710,CC4000,HR,Google,INV77284,PO5734,USD,41437.21,GST-FREE,Payment for services,Oracle
TXN004101,09-03-2026,04-03-2026,2026-08,AUS01,5310,CC2100,OPS,WeWork Australia,INV32714,PO4162,NZD,37938.28,GST,Payment for services,Manual Entry
TXN004103,11/01/2026,04/01/2026,2026-01,AUS01,5600,CC4000,MKT,Zoom,INV15601,PO5923,USD,42594.35,GST-FREE,Payment for license,Manual Entry
TXN004105,2026-08-05,2026-08-01,2026-08,AUS01,5700,CC1200,HR,Seek Limited,INV25441,,USD,43379.11,EXPORT,Payment for consulting,Manual Entry
TXN004107,05-01-2026,01-01-2026,2026-01,AUS01,5900,CC2100,QLD,Google,INV14655,,USD,40586.17,GST,Payment for services,Oracle
TXN004109,08/14/2025,08/12/2025,2025-08,AUS01,5520,CC1100,MKT,KPMG Australia,INV95367,PO6307,USD,1867.27,GST-FREE,Payment for services,Workday
TXN004111,01/11/2026,01/03/2026,2026-01,AUS01,5400,CC2000,HR,Salesforce,INV58573,PO1877,GBP,27125.78,INPUT,Payment for goods,Manual Entry
TXN004113,2025-08-04,2025-08-25,2025-08,AUS01,5700,CC3100,HR,McKinsey,INV69525,PO7660,GBP,13623.53,INPUT,Payment for license,SAP
TXN004115,10/21/2025,10/17/2025,2025-10,AUS01,5320,CC2000,CORP,Robert Half International,INV74874,PO3305,AUD,3185.06,INPUT,Payment for consulting,Oracle
TXN004117,12/01/2026,11/01/2026,2026-01,AUS01,5400,CC2000,TAS,Workday,INV19037,PO9162,NZD,39842.96,GST,Payment for license,Manual Entry
TXN004119,03/15/2025,03/09/2025,2025-08,AUS01,5100,CC1100,QLD,DHL Express,INV65323,,NZD,36685.1,GST,Payment for consulting,Oracle
TXN004121,03/22/2026,03/17/2026,2026-08,AUS01,5110,CC3200,TAS,Workday,INV85461,PO3444,NZD,11712.18,EXPORT,Payment for subscription,SAP
TXN004123,25/01/2026,20/01/2026,2026-01,AUS01,5610,CC4000,IT,Microsoft,INV82240,,AUD,38996.81,EXPORT,Payment for subscription,SAP
TXN004125,03/07/2026,03/01/2026,2026-08,AUS01,5420,CC3200,HR,AusPost,INV81084,PO8158,GBP,3549.41,GST-FREE,Payment for subscription,Workday
TXN004127,08-01-2026,01-01-2026,2026-01,AUS01,5310,CC4100,FIN,KPMG Australia,INV82630,PO3821,NZD,40470.52,GST-FREE,Payment for goods,Oracle
TXN004129,2025-12-04,2025-12-01,2025-12,AUS01,5310,CC2000,SA,GCP,INV65367,PO7874,USD,43545.79,GST-FREE,Payment for goods,Workday
TXN004131,25-03-2026,17-03-2026,2026-08,AUS01,5900,CC3100,QLD,DHL Express,INV98612,PO1078,GBP,17131.49,GST,Payment for license,Workday
TXN004133,14-03-2026,08-03-2026,2026-08,AUS01,5310,CC2000,CORP,Salesforce,INV70656,PO6779,AUD,37950.38,GST-FREE,Payment for license,SAP
TXN004135,20-03-2026,16-03-2026,2026-08,AUS01,5420,CC3200,ACT,ServiceNow Inc,INV35266,PO5508,AUD,44210.0,EXPORT,Payment for services,Workday
TXN004137,01/07/2025,24/06/2025,2025-08,AUS01,5800,CC1200,OPS,GCP,INV42181,PO7698,AUD,17753.8,GST,Payment for goods,Oracle
TXN004139,03/18/2026,03/11/2026,2026-08,AUS01,5310,CC1100,WA,Microsoft,INV16955,PO5826,USD,32111.21,GST-FREE,Payment for services,Oracle
TXN004141,01/01/2026,27/12/2025,2026-01,AUS01,5810,CC3100,TAS,Deloitte Touche,INV87081,PO7334,NZD,36019.19,GST-FREE,Payment for services,Oracle
TXN004143,28/05/2025,22/05/2025,2025-08,AUS01,5220,CC2100,CORP,Federal Express,INV46099,PO3567,NZD,14775.09,GST-FREE,Payment for services,API Import
TXN004145,2025-11-27,2025-11-18,2025-11,AUS01,5920,CC3100,SA,Seek Limited,INV19643,,USD,8929.23,GST-FREE,Payment for subscription,API Import
TXN004147,2025-08-15,2025-08-10,2025-08,AUS01,5200,CC2100,CORP,Zoom,INV30359,PO2960,NZD,27358.69,EXPORT,Payment for consulting,Manual Entry
TXN004149,01/21/2026,01/14/2026,2026-01,AUS01,5300,CC3200,OPS,PWC,INV77543,PO8271,GBP,1200.11,INPUT,Payment for license,Workday
TXN004151,25-03-2026,23-03-2026,2026-08,AUS01,5610,CC3200,OPS,PWC,INV90872,PO9516,AUD,1357.14,INPUT,Payment for goods,Workday
TXN004153,03/27/2026,03/19/2026,2026-08,AUS01,5000,CC3200,WA,Federal Express,INV61374,,NZD,401.12,INPUT,Payment for services,Manual Entry
TXN004155,22/01/2026,16/01/2026,2026-01,AUS01,5920,CC1100,VIC,Seek Limited,INV76497,PO5312,USD,29267.97,EXPORT,Payment for subscription,API Import
TXN004157,23-10-2025,19-10-2025,2025-10,AUS01,5310,CC2000,CORP,MSFT,INV33494,PO2804,NZD,26751.04,GST,Payment for goods,API Import
TXN004159,03/27/2026,03/25/2026,2026-08,AUS01,5220,CC2100,VIC,ServiceNow Inc,INV11995,PO2337,AUD,28637.11,GST,Payment for subscription,Workday
TXN004081,2026-08-09,2026-08-08,2026-08,AUS01,4000,CC2000,QLD,Customer C Inc,INV23434,SO9935,AUD,1265738.46,EXPORT,Revenue recognition,Manual Entry
TXN004082,2026-08-03,2026-08-02,2026-08,AUS01,4000,CC2000,FIN,Customer J Partners,INV88907,,USD,1272931.25,EXPORT,Revenue recognition,Manual Entry
TXN004083,2026-08-19,2026-08-17,2026-08,AUS01,4000,CC1000,VIC,Customer C Inc,INV65392,SO3547,USD,1473314.01,GST-FREE,Revenue recognition,SAP
TXN004084,2026-08-04,2026-08-02,2026-08,AUS01,4000,CC3000,NSW,Customer K Industries,INV44671,SO8527,AUD,1337683.19,GST-FREE,Revenue recognition,SAP
TXN004085,2026-08-27,2026-08-22,2026-08,AUS01,4000,CC3000,MKT,Customer K Industries,INV35203,SO1750,USD,1825522.48,GST-FREE,Revenue recognition,SAP
TXN004086,2026-08-31,2026-08-31,2026-08,AUS01,4000,CC4000,MKT,Customer E Group,INV69429,SO6977,USD,2147647.81,GST-FREE,Revenue recognition,Salesforce
TXN004087,2026-08-09,2026-08-04,2026-08,AUS01,4000,CC1000,QLD,Customer K Industries,INV93227,,USD,1461700.91,GST,Revenue recognition,Manual Entry
TXN004088,2026-08-21,2026-08-16,2026-08,AUS01,4000,CC2000,NSW,Customer F Holdings,INV17331,,AUD,1642211.37,GST-FREE,Revenue recognition,Manual Entry
TXN004089,2026-08-07,2026-08-03,2026-08,AUS01,4000,CC3000,WA,Customer D Ltd,INV95909,SO8517,USD,1523553.91,GST-FREE,Revenue recognition,Oracle
TXN004090,2026-08-18,2026-08-14,2026-08,AUS01,4000,CC3000,NSW,Customer K Industries,INV66155,SO7543,NZD,1501128.37,GST,Revenue recognition,Oracle
TXN004091,2026-08-03,2026-08-03,2026-08,AUS01,4000,CC1000,WA,Customer C Inc,INV92240,,GBP,1780365.94,EXPORT,Revenue recognition,SAP
TXN004092,2026-08-20,2026-08-17,2026-08,AUS01,4000,CC3000,QLD,Customer J Partners,INV11504,SO2876,NZD,1647853.37,EXPORT,Revenue recognition,Salesforce
TXN004093,2026-08-14,2026-08-13,2026-08,AUS01,4000,CC4000,MKT,Customer A Pty Ltd,INV44522,SO3927,AUD,1357658.3,EXPORT,Revenue recognition,Salesforce
TXN004094,2026-08-17,2026-08-13,2026-08,AUS01,4000,CC2000,QLD,Customer C Inc,INV59009,SO9837,AUD,2133151.21,EXPORT,Revenue recognition,Salesforce
TXN004095,2026-08-04,2026-08-02,2026-08,AUS01,4000,CC3000,WA,Customer D Ltd,INV17592,,AUD,1758145.17,GST,Revenue recognition,Manual Entry
TXN004096,2026-08-25,2026-08-21,2026-08,AUS01,4000,CC2000,QLD,Customer C Inc,INV96474,SO3705,NZD,2105911.25,EXPORT,Revenue recognition,Manual Entry
TXN004097,2026-08-18,2026-08-13,2026-08,AUS01,4000,CC2000,QLD,Customer E Group,INV62296,SO7118,GBP,2263469.99,EXPORT,Revenue recognition,Manual Entry
TXN004098,2026-08-08,2026-08-08,2026-08,AUS01,4000,CC3000,QLD,Customer A Pty Ltd,INV87110,SO4608,AUD,1367697.75,GST,Revenue recognition,SAP
TXN004099,2026-08-02,2026-08-01,2026-08,AUS01,4010,CC1000,MKT,Customer J Partners,INV41195,,GBP,214488.41,GST,Revenue recognition,Oracle
TXN004100,2026-08-19,2026-08-15,2026-08,AUS01,4010,CC4000,TAS,Customer D Ltd,INV71993,SO4119,AUD,328496.93,GST,Revenue recognition,Manual Entry
TXN004101,2026-08-14,2026-08-11,2026-08,AUS01,4010,CC1000,WA,Customer B Corp,INV17944,SO6559,AUD,264352.9,GST,Revenue recognition,Oracle
TXN004102,2026-08-15,2026-08-14,2026-08,AUS01,4010,CC4000,WA,Customer C Inc,INV46509,SO2235,GBP,235833.29,EXPORT,Revenue recognition,SAP
TXN004103,2026-08-18,2026-08-18,2026-08,AUS01,4010,CC1000,QLD,Customer D Ltd,INV31798,SO8886,USD,211566.38,GST-FREE,Revenue recognition,SAP
TXN004104,2026-08-01,2026-08-01,2026-08,AUS01,4010,CC3000,WA,Customer H Solutions,INV47388,SO8973,USD,231388.76,GST,Revenue recognition,Salesforce
TXN004105,2026-08-02,2026-08-01,2026-08,AUS01,4010,CC1000,WA,Customer F Holdings,INV17492,,GBP,240611.57,EXPORT,Revenue recognition,Oracle
TXN004106,2026-08-17,2026-08-17,2026-08,AUS01,4010,CC2000,,Customer B Corp,INV87992,,USD,212659.84,GST-FREE,Revenue recognition,SAP
TXN004107,2026-08-19,2026-08-18,2026-08,AUS01,4010,CC1000,NSW,Customer K Industries,INV20745,SO9565,NZD,366428.99,GST-FREE,Revenue recognition,Oracle
TXN004108,2026-08-11,2026-08-10,2026-08,AUS01,4010,CC3000,MKT,Customer G Enterprises,INV27154,SO5915,GBP,319176.29,GST-FREE,Revenue recognition,SAP
TXN004109,2026-08-20,2026-08-16,2026-08,AUS01,4010,CC1000,MKT,Customer B Corp,INV80468,,NZD,204392.9,GST,Revenue recognition,Salesforce
TXN004110,2026-08-08,2026-08-06,2026-08,AUS01,4010,CC3000,NSW,Customer C Inc,INV67433,SO5956,AUD,355873.41,EXPORT,Revenue recognition,Salesforce
TXN004111,2026-08-04,2026-08-03,2026-08,AUS01,4010,CC3000,MKT,Customer B Corp,INV24029,SO3546,NZD,364718.73,GST-FREE,Revenue recognition,Oracle
TXN004112,2026-08-07,2026-08-02,2026-08,AUS01,4010,CC3000,NSW,Customer J Partners,INV74032,,AUD,327499.21,GST,Revenue recognition,Manual Entry
TXN004113,2026-08-02,2026-08-02,2026-08,AUS01,4010,CC3000,CORP,Customer C Inc,INV93507,SO3647,GBP,346919.6,EXPORT,Revenue recognition,Manual Entry
TXN004114,2026-08-04,2026-08-04,2026-08,AUS01,4010,CC2000,QLD,Customer J Partners,INV14722,SO3426,GBP,300262.87,GST,Revenue recognition,SAP
TXN004115,2026-08-26,2026-08-26,2026-08,AUS01,4010,CC3000,MKT,Customer D Ltd,INV99399,,AUD,256351.01,GST-FREE,Revenue recognition,Manual Entry
TXN004116,2026-08-24,2026-08-23,2026-08,AUS01,4010,CC2000,MKT,Customer C Inc,INV33206,SO1406,USD,372032.66,EXPORT,Revenue recognition,Salesforce
TXN004117,2026-08-14,2026-08-09,2026-08,AUS01,4010,CC2000,VIC,Customer E Group,INV30866,SO2771,GBP,338757.38,GST,Revenue recognition,Manual Entry
TXN004118,2026-08-27,2026-08-24,2026-08,AUS01,4010,CC3000,WA,Customer E Group,INV39831,,USD,241434.16,GST-FREE,Revenue recognition,Salesforce
TXN004119,2026-08-03,2026-08-01,2026-08,AUS01,4010,CC3000,WA,Customer J Partners,INV62386,SO9785,NZD,251196.74,GST,Revenue recognition,SAP
TXN004120,2026-08-09,2026-08-08,2026-08,AUS01,4010,CC3000,IT,Customer A Pty Ltd,INV24208,SO6663,NZD,355208.47,GST-FREE,Revenue recognition,SAP
TXN004121,2026-08-07,2026-08-05,2026-08,AUS01,4020,CC1000,MKT,Customer G Enterprises,INV10221,SO9821,USD,156059.09,GST-FREE,Revenue recognition,Manual Entry
TXN004122,2026-08-22,2026-08-20,2026-08,AUS01,4020,CC3000,MKT,Customer B Corp,INV49363,SO7691,NZD,93404.15,GST-FREE,Revenue recognition,Salesforce
TXN004123,2026-08-07,2026-08-04,2026-08,AUS01,4020,CC4000,VIC,Customer C Inc,INV90676,SO7653,AUD,129994.08,GST-FREE,Revenue recognition,Salesforce
TXN004124,2026-08-26,2026-08-22,2026-08,AUS01,4020,CC3000,R&D,Customer H Solutions,INV67905,SO4501,GBP,103994.21,EXPORT,Revenue recognition,Oracle
TXN004125,2026-08-10,2026-08-06,2026-08,AUS01,4020,CC3000,ACT,Customer B Corp,INV40784,SO4680,USD,137882.36,GST,Revenue recognition,SAP
TXN004126,2026-08-16,2026-08-12,2026-08,AUS01,4020,CC1000,WA,Customer H Solutions,INV64321,SO4185,GBP,91609.54,GST-FREE,Revenue recognition,Manual Entry
TXN004127,2026-08-21,2026-08-16,2026-08,AUS01,4020,CC1000,HR,Customer B Corp,INV65724,,GBP,106547.27,GST,Revenue recognition,Oracle
TXN004128,2026-08-04,2026-08-01,2026-08,AUS01,4020,CC2000,QLD,Customer H Solutions,INV97500,SO6198,GBP,157416.02,EXPORT,Revenue recognition,Manual Entry
TXN004129,2026-08-18,2026-08-15,2026-08,AUS01,4020,CC2000,WA,Customer H Solutions,INV68991,,USD,150852.35,EXPORT,Revenue recognition,Salesforce
TXN004130,2026-08-17,2026-08-14,2026-08,AUS01,4020,CC2000,VIC,Customer E Group,INV67654,,NZD,145961.33,GST,Revenue recognition,Salesforce
TXN004131,2026-08-18,2026-08-18,2026-08,AUS01,4020,CC2000,VIC,Customer C Inc,INV40311,SO3503,USD,113485.75,GST,Revenue recognition,Manual Entry
TXN004132,2026-08-18,2026-08-15,2026-08,AUS01,4020,CC4000,WA,Customer A Pty Ltd,INV37110,SO7381,AUD,118905.2,EXPORT,Revenue recognition,Manual Entry
TXN004133,2026-08-12,2026-08-10,2026-08,AUS01,4020,CC4000,NSW,Customer G Enterprises,INV80545,SO9947,USD,124145.54,GST-FREE,Revenue recognition,Oracle
TXN004134,2026-08-16,2026-08-16,2026-08,AUS01,4020,CC4000,QLD,Customer F Holdings,INV97670,SO7624,USD,108733.95,GST-FREE,Revenue recognition,Oracle
TXN004135,2026-08-18,2026-08-18,2026-08,AUS01,4020,CC4000,MKT,Customer K Industries,INV83975,SO2375,GBP,162193.48,GST,Revenue recognition,Manual Entry
TXN004136,2026-08-09,2026-08-06,2026-08,AUS01,4020,CC3000,QLD,Customer D Ltd,INV69598,SO7211,NZD,101845.09,GST-FREE,Revenue recognition,Salesforce
TXN004137,2026-08-16,2026-08-16,2026-08,AUS01,4020,CC1000,WA,Customer F Holdings,INV39389,SO1659,AUD,151180.28,GST,Revenue recognition,Oracle
TXN004138,2026-08-20,2026-08-19,2026-08,AUS01,4020,CC2000,NSW,Customer C Inc,INV72070,SO4571,GBP,151506.42,EXPORT,Revenue recognition,Salesforce
TXN004139,2026-08-06,2026-08-02,2026-08,AUS01,4020,CC1000,MKT,Customer C Inc,INV50768,,AUD,146043.24,GST-FREE,Revenue recognition,Manual Entry
TXN004140,2026-08-23,2026-08-22,2026-08,AUS01,4020,CC1000,HR,Customer K Industries,INV92213,,NZD,118078.53,EXPORT,Revenue recognition,SAP
TXN004141,2026-08-19,2026-08-19,2026-08,AUS01,4020,CC3000,MKT,Customer J Partners,INV66148,SO2129,NZD,148258.48,GST,Revenue recognition,Manual Entry
TXN004142,2026-08-04,2026-08-01,2026-08,AUS01,4020,CC3000,IT,Customer H Solutions,INV30052,SO9548,NZD,150230.11,EXPORT,Revenue recognition,Manual Entry
TXN004143,2026-08-27,2026-08-22,2026-08,AUS01,4020,CC3000,VIC,Customer F Holdings,INV42177,SO2419,NZD,123231.17,GST-FREE,Revenue recognition,Oracle
TXN004144,2026-08-19,2026-08-15,2026-08,AUS01,4020,CC4000,NSW,Customer F Holdings,INV13761,SO6325,USD,144802.89,GST-FREE,Revenue recognition,Oracle
TXN004145,2026-08-09,2026-08-07,2026-08,AUS01,4020,CC3000,WA,Customer K Industries,INV46211,SO9464,USD,114919.12,GST,Revenue recognition,Oracle
TXN004146,2026-08-16,2026-08-12,2026-08,AUS01,4020,CC2000,QLD,Customer H Solutions,INV94659,SO8342,AUD,142506.64,GST,Revenue recognition,Salesforce
TXN004147,2026-08-23,2026-08-22,2026-08,AUS01,4020,CC3000,,Customer K Industries,INV58368,SO9698,NZD,104856.29,GST-FREE,Revenue recognition,Salesforce
TXN004148,2026-08-09,2026-08-07,2026-08,AUS01,4100,CC3000,NSW,Customer D Ltd,INV25814,SO6169,AUD,27494.44,EXPORT,Revenue recognition,Oracle
TXN004149,2026-08-24,2026-08-21,2026-08,AUS01,4100,CC3000,VIC,Customer K Industries,INV78765,SO2647,USD,19974.71,GST-FREE,Revenue recognition,Oracle
TXN004150,2026-08-10,2026-08-10,2026-08,AUS01,4100,CC2000,MKT,Customer E Group,INV15965,SO5786,USD,22465.14,EXPORT,Revenue recognition,Manual Entry
TXN004151,2026-08-01,2026-08-01,2026-08,AUS01,4100,CC3000,MKT,Customer H Solutions,INV72746,SO4020,AUD,18666.51,GST-FREE,Revenue recognition,Manual Entry
TXN004152,2026-08-03,2026-08-01,2026-08,AUS01,4100,CC4000,QLD,Customer B Corp,INV85631,SO1878,USD,18835.63,GST,Revenue recognition,Salesforce
TXN004153,2026-08-08,2026-08-08,2026-08,AUS01,4100,CC4000,QLD,Customer K Industries,INV88135,SO4697,GBP,18410.51,GST-FREE,Revenue recognition,Manual Entry
TXN004154,2026-08-19,2026-08-16,2026-08,AUS01,4100,CC3000,QLD,Customer K Industries,INV91399,,AUD,21530.86,GST,Revenue recognition,Oracle
TXN004155,2026-08-03,2026-08-02,2026-08,AUS01,4100,CC2000,ACT,Customer C Inc,INV82350,,AUD,21049.85,GST-FREE,Revenue recognition,Manual Entry
TXN004156,2026-08-16,2026-08-14,2026-08,AUS01,4100,CC1000,VIC,Customer D Ltd,INV47762,SO8438,AUD,27296.14,EXPORT,Revenue recognition,Oracle
TXN004157,2026-08-26,2026-08-21,2026-08,AUS01,4100,CC2000,ACT,Customer G Enterprises,INV25043,SO3441,NZD,30745.44,GST,Revenue recognition,SAP
TXN004158,2026-08-26,2026-08-24,2026-08,AUS01,4100,CC3000,QLD,Customer H Solutions,INV26299,SO5982,GBP,18034.86,GST-FREE,Revenue recognition,Manual Entry
TXN004159,2026-08-20,2026-08-20,2026-08,AUS01,4100,CC4000,WA,Customer F Holdings,INV89129,,AUD,23595.76,GST,Revenue recognition,SAP
TXN004160,2026-08-22,2026-08-20,2026-08,AUS01,4100,CC1000,VIC,Customer C Inc,INV71669,SO8245,NZD,31858.17,GST,Revenue recognition,Manual Entry
TXN004161,2026-08-16,2026-08-16,2026-08,AUS01,4100,CC4000,WA,Customer F Holdings,INV63523,SO2713,USD,26493.36,GST-FREE,Revenue recognition,Manual Entry
TXN004162,2026-08-10,2026-08-05,2026-08,AUS01,4100,CC4000,VIC,Customer J Partners,INV14809,SO6153,NZD,27359.42,GST-FREE,Revenue recognition,SAP
TXN004163,2026-08-13,2026-08-09,2026-08,AUS01,4100,CC1000,MKT,Customer J Partners,INV70552,SO4073,NZD,31425.97,EXPORT,Revenue recognition,Manual Entry
TXN004164,2026-08-25,2026-08-25,2026-08,AUS01,4100,CC2000,MKT,Customer E Group,INV81987,,NZD,26355.47,GST-FREE,Revenue recognition,Manual Entry
TXN004165,2026-08-21,2026-08-17,2026-08,AUS01,4100,CC2000,MKT,Customer C Inc,INV50730,SO7684,AUD,18943.56,GST,Revenue recognition,SAP
TXN004166,2026-08-04,2026-08-01,2026-08,AUS01,4100,CC2000,NSW,Customer H Solutions,INV48254,SO5479,GBP,23944.15,GST-FREE,Revenue recognition,Manual Entry
TXN004167,2026-08-18,2026-08-17,2026-08,AUS01,4100,CC4000,NSW,Customer D Ltd,INV88561,SO3236,AUD,20742.26,GST-FREE,Revenue recognition,Manual Entry
TXN004168,2026-08-26,2026-08-22,2026-08,AUS01,4100,CC3000,,Customer A Pty Ltd,INV47072,SO9022,USD,22156.22,GST-FREE,Revenue recognition,Manual Entry
TXN004169,2026-08-18,2026-08-14,2026-08,AUS01,4100,CC4000,VIC,Customer H Solutions,INV52176,SO4912,GBP,22233.41,GST,Revenue recognition,Manual Entry
TXN004170,2026-08-24,2026-08-21,2026-08,AUS01,4100,CC4000,IT,Customer G Enterprises,INV96991,SO3492,GBP,17799.69,GST,Revenue recognition,Oracle
TXN004171,2026-08-19,2026-08-17,2026-08,AUS01,4100,CC1000,QLD,Customer H Solutions,INV23069,SO8486,AUD,24544.82,EXPORT,Revenue recognition,Oracle
TXN004172,2026-08-21,2026-08-20,2026-08,AUS01,4100,CC1000,WA,Customer H Solutions,INV44737,SO7512,AUD,23187.21,GST-FREE,Revenue recognition,Manual Entry
TXN004173,2026-08-21,2026-08-16,2026-08,AUS01,4100,CC4000,MKT,Customer J Partners,INV14705,SO4846,NZD,31190.0,GST,Revenue recognition,SAP
TXN004174,2026-08-25,2026-08-20,2026-08,AUS01,4200,CC1000,QLD,Customer H Solutions,INV31805,SO1474,AUD,9764.2,GST-FREE,Revenue recognition,SAP
TXN004175,2026-08-12,2026-08-09,2026-08,AUS01,4200,CC2000,QLD,Customer D Ltd,INV79621,SO3950,USD,6646.17,GST,Revenue recognition,SAP
TXN004176,2026-08-13,2026-08-09,2026-08,AUS01,4200,CC2000,NT,Customer H Solutions,INV86435,,GBP,8085.19,EXPORT,Revenue recognition,Salesforce
TXN004177,2026-08-22,2026-08-22,2026-08,AUS01,4200,CC4000,VIC,Customer E Group,INV98815,SO2210,GBP,7402.74,GST-FREE,Revenue recognition,Salesforce
TXN004178,2026-08-14,2026-08-09,2026-08,AUS01,4200,CC3000,TAS,Customer H Solutions,INV49599,,GBP,8219.23,GST-FREE,Revenue recognition,SAP
TXN004179,2026-08-19,2026-08-17,2026-08,AUS01,4200,CC3000,VIC,Customer E Group,INV12875,SO7484,NZD,6390.52,GST,Revenue recognition,SAP
TXN004180,2026-08-24,2026-08-21,2026-08,AUS01,4200,CC3000,VIC,Customer D Ltd,INV89569,SO4588,USD,9455.93,EXPORT,Revenue recognition,Salesforce
TXN004181,2026-08-24,2026-08-19,2026-08,AUS01,4200,CC2000,IT,Customer B Corp,INV92242,SO6061,GBP,8395.97,GST,Revenue recognition,Salesforce
TXN004182,2026-08-03,2026-08-01,2026-08,AUS01,4200,CC3000,R&D,Customer G Enterprises,INV33021,,NZD,8644.49,EXPORT,Revenue recognition,Salesforce
TXN004183,2026-08-09,2026-08-06,2026-08,AUS01,4200,CC3000,NSW,Customer F Holdings,INV25095,SO2233,USD,9091.11,GST,Revenue recognition,Manual Entry
TXN004184,2026-08-26,2026-08-22,2026-08,AUS01,4200,CC3000,QLD,Customer B Corp,INV61717,,AUD,9713.82,GST-FREE,Revenue recognition,Salesforce
TXN004185,2026-08-22,2026-08-20,2026-08,AUS01,4200,CC4000,WA,Customer F Holdings,INV24201,SO8724,AUD,8373.5,EXPORT,Revenue recognition,Salesforce
TXN004186,2026-08-08,2026-08-03,2026-08,AUS01,4200,CC1000,NT,Customer H Solutions,INV49608,SO2911,USD,9477.05,GST,Revenue recognition,SAP
TXN004187,2026-08-16,2026-08-16,2026-08,AUS01,4200,CC1000,,Customer D Ltd,INV80457,,GBP,6696.23,GST-FREE,Revenue recognition,Manual Entry
TXN004188,2026-08-24,2026-08-23,2026-08,AUS01,4200,CC4000,MKT,Customer B Corp,INV74139,SO5583,AUD,7984.35,EXPORT,Revenue recognition,Salesforce
TXN004189,2026-08-15,2026-08-14,2026-08,AUS01,4200,CC3000,WA,Customer B Corp,INV99873,SO6876,AUD,6299.77,GST-FREE,Revenue recognition,Salesforce
TXN004190,2026-08-04,2026-08-01,2026-08,AUS01,4200,CC1000,WA,Customer D Ltd,INV94109,SO1349,AUD,6174.76,GST-FREE,Revenue recognition,Oracle
TXN004191,2026-08-26,2026-08-22,2026-08,AUS01,4200,CC2000,NSW,Customer B Corp,INV82641,,USD,9811.92,GST,Revenue recognition,Salesforce
TXN004192,2026-08-26,2026-08-22,2026-08,AUS01,4200,CC1000,NSW,Customer E Group,INV28964,SO9850,NZD,8835.72,GST,Revenue recognition,SAP
TXN004193,2026-08-01,2026-08-01,2026-08,AUS01,4200,CC1000,NSW,Customer F Holdings,INV41186,SO1258,USD,8319.92,GST-FREE,Revenue recognition,SAP
TXN004194,2026-08-14,2026-08-10,2026-08,AUS01,4200,CC1000,VIC,Customer B Corp,INV72422,SO6931,AUD,5887.76,GST-FREE,Revenue recognition,Oracle
TXN004195,2026-08-02,2026-08-01,2026-08,AUS01,4200,CC3000,VIC,Customer H Solutions,INV94323,SO1996,GBP,9614.34,GST-FREE,Revenue recognition,Manual Entry
TXN004196,2026-08-16,2026-08-11,2026-08,AUS01,4200,CC4000,QLD,Customer B Corp,INV20589,SO3430,AUD,8433.9,GST,Revenue recognition,Salesforce
TXN004197,2026-08-19,2026-08-15,2026-08,AUS01,4200,CC3000,QLD,Customer G Enterprises,INV88301,SO8433,GBP,8152.68,GST,Revenue recognition,SAP
TXN004198,2026-08-21,2026-08-17,2026-08,AUS01,4200,CC2000,OPS,Customer G Enterprises,INV69186,SO7779,NZD,9192.71,GST-FREE,Revenue recognition,Manual Entry
TXN004199,2026-08-04,2026-08-02,2026-08,AUS01,4200,CC4000,QLD,Customer F Holdings,INV97177,,USD,7204.35,EXPORT,Revenue recognition,Manual Entry
TXN004200,2026-08-27,2026-08-27,2026-08,AUS01,4200,CC1000,QLD,Customer G Enterprises,INV22656,SO7105,USD,5616.34,EXPORT,Revenue recognition,SAP
TXN004201,2026-08-18,2026-08-14,2026-08,AUS01,4200,CC3000,MKT,Customer B Corp,INV63845,SO7929,AUD,7980.37,GST-FREE,Revenue recognition,Salesforce
TXN004202,2026-08-31,2026-08-31,2026-08,AUS01,1000,,CORP,Month End Adjustment,ME-FEB2026-CASH,,AUD,9075107.94,,Net cash movement from operations,Manual Entry
TXN004203,2026-08-31,2026-08-31,2026-08,AUS01,1100,,CORP,Month End Adjustment,ME-FEB2026-AR,,AUD,10136544.11,,Accounts receivable increase,Manual Entry
TXN004204,2026-08-31,2026-08-31,2026-08,AUS01,2000,,R&D,Month End Adjustment,ME-FEB2026-AP,,AUD,-9441320.54,,Accounts payable increase,Manual Entry
TXN004205,2026-08-31,2026-08-31,2026-08,AUS01,1510,,CORP,Month End Adjustment,ME-FEB2026-DEP,,AUD,-1330907.62,,Accumulated depreciation,Manual Entry
TXN004206,2026-08-31,2026-08-31,2026-08,AUS01,1610,,CORP,Month End Adjustment,ME-FEB2026-AMORT,,AUD,-884697.36,,Accumulated amortization,Manual Entry
TXN004207,2026-08-31,2026-08-31,2026-08,AUS01,3300,,CORP,Month End Adjustment,ME-FEB2026-PL,,AUD,-9075107.94,,Current year profit,Manual Entry
TXN004208,2026-08-31,2026-08-31,2026-08,AUS01,3100,,CORP,Month End Adjustment,ME-FEB2026-BAL,,AUD,1520381.41,,Balancing entry for month-end close,Manual Entry
JE-TEST-001-DR,2026-08-31,,2026-08,,1000,,CORP,Journal Entry,,,,1000.0,,Test Journal Entry,
JE-TEST-001-CR,2026-08-31,,2026-08,,4000,,CORP,Journal Entry,,,,-1000.0,,Test Journal Entry,
JE-TEST-001-DR,2026-08-31,,2026-08,,1000,,CORP,Journal Entry,,,,1000.0,,Test Journal Entry,
JE-TEST-001-CR,2026-08-31,,2026-08,,4000,,CORP,Journal Entry,,,,-1000.0,,Test Journal Entry,
JE-TEST-001-DR,2026-08-31,,2026-08,,1000,,CORP,Journal Entry,,,,1000.0,,Test Journal Entry,
JE-TEST-001-CR,2026-08-31,,2026-08,,4000,,CORP,Journal Entry,,,,-1000.0,,Test Journal Entry,
JE-TEST-001-DR,2026-08-31,,2026-08,,1000,,CORP,Journal Entry,,,,1000.0,,Test Journal Entry,
JE-TEST-001-CR,2026-08-31,,2026-08,,4000,,CORP,Journal Entry,,,,-1000.0,,Test Journal Entry,
JE-TEST-001-DR,2026-08-31,,2026-08,,1000,,CORP,Journal Entry,,,,1000.0,,Test Journal Entry,
JE-TEST-001-CR,2026-08-31,,2026-08,,4000,,CORP,Journal Entry,,,,-1000.0,,Test Journal Entry,
JE-TEST-001-DR,2026-08-31,,2026-08,,1000,,CORP,Journal Entry,,,,1000.0,,Test Journal Entry,
JE-TEST-001-CR,2026-08-31,,2026-08,,4000,,CORP,Journal Entry,,,,-1000.0,,Test Journal Entry,
